run,case,case_label,biomass_share_world_pct,efficiency_gain_pct_per_yr,carbon_budget_share_world_pct,objective_kind,constraint,constraint_name,component,year,g_value,g_bound,slack,active,ineq_tolerance,ineq_tolerance_is_default,lambda_raw,objective_scale,f_opt_scaled,kkt_residual,kkt_residual_relative,objective_grad_norm,max_constraint_violation,run_feasible,termination_message,x_eval_distance_from_x_opt,n_database_entries,min_residual_kerosene_fraction,blend_degenerate,n_gradient_points,lambda_eur_discounted2020_per_unit_g,f_opt_eur_discounted2020,budget_adjusted_gtco2,shadow_price_eur_per_tco2_discounted2020,undiscount_factor_to_year,shadow_price_eur_per_tco2_undiscounted_year,allocated_resource_mj,allocated_resource_ej,shadow_price_eur_per_gj_discounted2020,shadow_price_eur_per_ej_discounted2020,shadow_price_eur_per_gj_undiscounted_year,shadow_price_eur_per_ej_undiscounted_year,ramp_branch_active,ramp_rate_cap_mj,ramp_volume_cap_mj,ramp_previous_consumption_mj,shadow_price_eur_per_gj_of_cap_discounted2020,d_obj_d_volume_bound_eur_per_ej_per_yr_discounted2020,d_obj_d_rate_bound_eur_per_unit_tau_discounted2020,shadow_price_eur_per_gj_of_cap_undiscounted_year,d_obj_d_volume_bound_eur_per_ej_per_yr_undiscounted_year,d_obj_d_rate_bound_eur_per_unit_tau_undiscounted_year,lambda_gtco2_per_unit_g
opt_B15_2_0,B15,15 % biomass,15.0,1.35,2.0,min_surplus_loss,G1,aviation_carbon_budget_constraint,0,,0.07288883546287739,0.0,0.07288883546287739,False,0.0001,True,408.31523546141347,1e-10,26.97009661287524,3.37945056016079e-14,6.073245329831918e-14,0.5564488797382929,0.07278883546291397,False,Positive directional derivative for linesearch,0.0,62,9.999999979691624e-06,False,13,4083152354614.1343,269700966128.75238,1.7478766537399129,2336.0643589337137,,,,,,,,,,,,,,,,,,,
opt_B15_2_0,B15,15 % biomass,15.0,1.35,2.0,min_surplus_loss,G2,blend_completeness_constraint,0,2030.0,-0.8241125803574392,0.0,0.8241125803574392,False,0.0001,True,0.0,1e-10,26.97009661287524,3.37945056016079e-14,6.073245329831918e-14,0.5564488797382929,0.07278883546291397,False,Positive directional derivative for linesearch,0.0,62,9.999999979691624e-06,False,13,0.0,269700966128.75238,,,1.552969421732896,,,,,,,,,,,,,,,,,,
opt_B15_2_0,B15,15 % biomass,15.0,1.35,2.0,min_surplus_loss,G2,blend_completeness_constraint,1,2035.0,-0.5386720698826669,0.0,0.5386720698826669,False,0.0001,True,0.0,1e-10,26.97009661287524,3.37945056016079e-14,6.073245329831918e-14,0.5564488797382929,0.07278883546291397,False,Positive directional derivative for linesearch,0.0,62,9.999999979691624e-06,False,13,0.0,269700966128.75238,,,1.9352824430911528,,,,,,,,,,,,,,,,,,
opt_B15_2_0,B15,15 % biomass,15.0,1.35,2.0,min_surplus_loss,G2,blend_completeness_constraint,2,2040.0,2.6432189770275728e-14,0.0,2.6432189770275728e-14,True,0.0001,True,122.46640187772566,1e-10,26.97009661287524,3.37945056016079e-14,6.073245329831918e-14,0.5564488797382929,0.07278883546291397,False,Positive directional derivative for linesearch,0.0,62,9.999999979691624e-06,False,13,1224664018777.2566,269700966128.75238,,,2.411714024837406,,,,,,,,,,,,,,,,,,
opt_B15_2_0,B15,15 % biomass,15.0,1.35,2.0,min_surplus_loss,G2,blend_completeness_constraint,3,2045.0,7.815970093361103e-15,0.0,7.815970093361103e-15,True,0.0001,True,124.86538430976125,1e-10,26.97009661287524,3.37945056016079e-14,6.073245329831918e-14,0.5564488797382929,0.07278883546291397,False,Positive directional derivative for linesearch,0.0,62,9.999999979691624e-06,False,13,1248653843097.6125,269700966128.75238,,,3.005434456537094,,,,,,,,,,,,,,,,,,
opt_B15_2_0,B15,15 % biomass,15.0,1.35,2.0,min_surplus_loss,G2,blend_completeness_constraint,4,2050.0,6.8212102632969615e-15,0.0,6.8212102632969615e-15,True,0.0001,True,78.55117720400445,1e-10,26.97009661287524,3.37945056016079e-14,6.073245329831918e-14,0.5564488797382929,0.07278883546291397,False,Positive directional derivative for linesearch,0.0,62,9.999999979691624e-06,False,13,785511772040.0444,269700966128.75238,,,3.7453181345368614,,,,,,,,,,,,,,,,,,
opt_B15_2_0,B15,15 % biomass,15.0,1.35,2.0,min_surplus_loss,G3,biomass_trajectory_constraint,0,2030.0,-0.8054152513697326,0.0,0.8054152513697326,False,0.0001,True,0.0,1e-10,26.97009661287524,3.37945056016079e-14,6.073245329831918e-14,0.5564488797382929,0.07278883546291397,False,Positive directional derivative for linesearch,0.0,62,9.999999979691624e-06,False,13,0.0,269700966128.75238,,,1.552969421732896,,1675243500000.0,1.6752435,0.0,0.0,0.0,0.0,,,,,,,,,,,
opt_B15_2_0,B15,15 % biomass,15.0,1.35,2.0,min_surplus_loss,G3,biomass_trajectory_constraint,1,2035.0,-0.5889843534100053,0.0,0.5889843534100053,False,0.0001,True,0.0,1e-10,26.97009661287524,3.37945056016079e-14,6.073245329831918e-14,0.5564488797382929,0.07278883546291397,False,Positive directional derivative for linesearch,0.0,62,9.999999979691624e-06,False,13,0.0,269700966128.75238,,,1.9352824430911528,,1973813250000.0,1.97381325,0.0,0.0,0.0,0.0,,,,,,,,,,,
opt_B15_2_0,B15,15 % biomass,15.0,1.35,2.0,min_surplus_loss,G3,biomass_trajectory_constraint,2,2040.0,-0.2539974613728377,0.0,0.2539974613728377,False,0.0001,True,0.0,1e-10,26.97009661287524,3.37945056016079e-14,6.073245329831918e-14,0.5564488797382929,0.07278883546291397,False,Positive directional derivative for linesearch,0.0,62,9.999999979691624e-06,False,13,0.0,269700966128.75238,,,2.411714024837406,,2272383000000.0,2.272383,0.0,0.0,0.0,0.0,,,,,,,,,,,
opt_B15_2_0,B15,15 % biomass,15.0,1.35,2.0,min_surplus_loss,G3,biomass_trajectory_constraint,3,2045.0,-0.3100351409167271,0.0,0.3100351409167271,False,0.0001,True,0.0,1e-10,26.97009661287524,3.37945056016079e-14,6.073245329831918e-14,0.5564488797382929,0.07278883546291397,False,Positive directional derivative for linesearch,0.0,62,9.999999979691624e-06,False,13,0.0,269700966128.75238,,,3.005434456537094,,2318853000000.0,2.318853,0.0,0.0,0.0,0.0,,,,,,,,,,,
opt_B15_2_0,B15,15 % biomass,15.0,1.35,2.0,min_surplus_loss,G3,biomass_trajectory_constraint,4,2050.0,-0.33269331453196854,0.0,0.33269331453196854,False,0.0001,True,0.0,1e-10,26.97009661287524,3.37945056016079e-14,6.073245329831918e-14,0.5564488797382929,0.07278883546291397,False,Positive directional derivative for linesearch,0.0,62,9.999999979691624e-06,False,13,0.0,269700966128.75238,,,3.7453181345368614,,2365323000000.0,2.365323,0.0,0.0,0.0,0.0,,,,,,,,,,,
opt_B15_2_0,B15,15 % biomass,15.0,1.35,2.0,min_surplus_loss,G4,electricity_trajectory_constraint,0,2030.0,-0.6669566077201005,0.0,0.6669566077201005,False,0.0001,True,0.0,1e-10,26.97009661287524,3.37945056016079e-14,6.073245329831918e-14,0.5564488797382929,0.07278883546291397,False,Positive directional derivative for linesearch,0.0,62,9.999999979691624e-06,False,13,0.0,269700966128.75238,,,1.552969421732896,,1065287574000.0001,1.065287574,0.0,0.0,0.0,0.0,,,,,,,,,,,
opt_B15_2_0,B15,15 % biomass,15.0,1.35,2.0,min_surplus_loss,G4,electricity_trajectory_constraint,1,2035.0,-0.3492910042551259,0.0,0.3492910042551259,False,0.0001,True,0.0,1e-10,26.97009661287524,3.37945056016079e-14,6.073245329831918e-14,0.5564488797382929,0.07278883546291397,False,Positive directional derivative for linesearch,0.0,62,9.999999979691624e-06,False,13,0.0,269700966128.75238,,,1.9352824430911528,,1356710238000.0002,1.3567102380000002,0.0,0.0,0.0,0.0,,,,,,,,,,,
opt_B15_2_0,B15,15 % biomass,15.0,1.35,2.0,min_surplus_loss,G4,electricity_trajectory_constraint,2,2040.0,2.467004378559068e-13,0.0,2.467004378559068e-13,True,0.0001,True,0.0,1e-10,26.97009661287524,3.37945056016079e-14,6.073245329831918e-14,0.5564488797382929,0.07278883546291397,False,Positive directional derivative for linesearch,0.0,62,9.999999979691624e-06,False,13,0.0,269700966128.75238,,,2.411714024837406,,1648132902000.0002,1.6481329020000002,0.0,0.0,0.0,0.0,,,,,,,,,,,
opt_B15_2_0,B15,15 % biomass,15.0,1.35,2.0,min_surplus_loss,G4,electricity_trajectory_constraint,3,2045.0,9.605116702005035e-13,0.0,9.605116702005035e-13,True,0.0001,True,6.9420451524249245,1e-10,26.97009661287524,3.37945056016079e-14,6.073245329831918e-14,0.5564488797382929,0.07278883546291397,False,Positive directional derivative for linesearch,0.0,62,9.999999979691624e-06,False,13,69420451524.24924,269700966128.75238,,,3.005434456537094,,1895265009000.0002,1.8952650090000003,36.62836130809886,36628361308.098854,110.08413916185042,110084139161.8504,,,,,,,,,,,
opt_B15_2_0,B15,15 % biomass,15.0,1.35,2.0,min_surplus_loss,G4,electricity_trajectory_constraint,4,2050.0,1.4365753031597706e-12,0.0,1.4365753031597706e-12,True,0.0001,True,7.45363610420678,1e-10,26.97009661287524,3.37945056016079e-14,6.073245329831918e-14,0.5564488797382929,0.07278883546291397,False,Positive directional derivative for linesearch,0.0,62,9.999999979691624e-06,False,13,74536361042.0678,269700966128.75238,,,3.7453181345368614,,2142397116000.0002,2.142397116,34.79110407935584,34791104079.355835,130.3037530289708,130303753028.97078,,,,,,,,,,,
opt_B15_2_0,B15,15 % biomass,15.0,1.35,2.0,min_surplus_loss,G5,biofuel_use_growth_constraint,0,2030.0,3.756801738603566e-05,0.0,3.756801738603566e-05,True,0.0001,True,48.72153483715785,1e-10,26.97009661287524,3.37945056016079e-14,6.073245329831918e-14,0.5564488797382929,0.07278883546291397,False,Positive directional derivative for linesearch,0.0,62,9.999999979691624e-06,False,13,487215348371.5784,269700966128.75238,,,1.552969421732896,,,,,,,,volume,89799803521.1634,154900000000.0,36088527006.640396,3145.354088906252,15726770444531.258,0.0,4884.638720593942,24423193602969.707,0.0,
opt_B15_2_0,B15,15 % biomass,15.0,1.35,2.0,min_surplus_loss,G5,biofuel_use_growth_constraint,1,2035.0,0.0004094011465676728,0.0,0.0004094011465676728,False,0.0001,True,13.916254441010285,1e-10,26.97009661287524,3.37945056016079e-14,6.073245329831918e-14,0.5564488797382929,0.07278883546291397,False,Positive directional derivative for linesearch,0.0,62,9.999999979691624e-06,False,13,139162544410.10284,269700966128.75238,,,1.9352824430911528,,,,,,,,rate,385455248245.4722,154900000000.0,154905819285.8926,898.4024816662547,0.0,1442891464979.2273,1738.6625495982241,0.0,2792402519460.3716,
opt_B15_2_0,B15,15 % biomass,15.0,1.35,2.0,min_surplus_loss,G5,biofuel_use_growth_constraint,2,2040.0,-0.9924121666392838,0.0,0.9924121666392838,False,0.0001,True,0.0,1e-10,26.97009661287524,3.37945056016079e-14,6.073245329831918e-14,0.5564488797382929,0.07278883546291397,False,Positive directional derivative for linesearch,0.0,62,9.999999979691624e-06,False,13,0.0,269700966128.75238,,,2.411714024837406,,,,,,,,rate,959293803206.5349,154900000000.0,385518664483.079,0.0,0.0,0.0,0.0,0.0,0.0,
opt_B15_2_0,B15,15 % biomass,15.0,1.35,2.0,min_surplus_loss,G5,biofuel_use_growth_constraint,3,2045.0,-8.032411314198491,0.0,8.032411314198491,False,0.0001,True,0.0,1e-10,26.97009661287524,3.37945056016079e-14,6.073245329831918e-14,0.5564488797382929,0.07278883546291397,False,Positive directional derivative for linesearch,0.0,62,9.999999979691624e-06,False,13,0.0,269700966128.75238,,,3.005434456537094,,,,,,,,rate,2004513848712.8823,154900000000.0,805569158594.1047,0.0,0.0,0.0,0.0,0.0,0.0,
opt_B15_2_0,B15,15 % biomass,15.0,1.35,2.0,min_surplus_loss,G5,biofuel_use_growth_constraint,4,2050.0,-7.3711525310476045,0.0,7.3711525310476045,False,0.0001,True,0.0,1e-10,26.97009661287524,3.37945056016079e-14,6.073245329831918e-14,0.5564488797382929,0.07278883546291397,False,Positive directional derivative for linesearch,0.0,62,9.999999979691624e-06,False,13,0.0,269700966128.75238,,,3.7453181345368614,,,,,,,,rate,1891853114192.6743,154900000000.0,760293336143.5325,0.0,0.0,0.0,0.0,0.0,0.0,
opt_B15_2_0,B15,15 % biomass,15.0,1.35,2.0,min_surplus_loss,G6,electrofuel_use_growth_constraint,0,2030.0,2.3247735434151063e-13,0.0,2.3247735434151063e-13,True,0.0001,True,47.794056158820126,1e-10,26.97009661287524,3.37945056016079e-14,6.073245329831918e-14,0.5564488797382929,0.07278883546291397,False,Positive directional derivative for linesearch,0.0,62,9.999999979691624e-06,False,13,477940561588.20123,269700966128.75238,,,1.552969421732896,,,,,,,,volume,0.0,154900000000.0,0.0,3085.4781251659215,15427390625829.605,0.0,4791.653179808422,23958265899042.1,0.0,
opt_B15_2_0,B15,15 % biomass,15.0,1.35,2.0,min_surplus_loss,G6,electrofuel_use_growth_constraint,1,2035.0,4.980531794706263e-13,0.0,4.980531794706263e-13,True,0.0001,True,14.940356048406258,1e-10,26.97009661287524,3.37945056016079e-14,6.073245329831918e-14,0.5564488797382929,0.07278883546291397,False,Positive directional derivative for linesearch,0.0,62,9.999999979691624e-06,False,13,149403560484.06256,269700966128.75238,,,1.9352824430911528,,,,,,,,rate,385440768000.1126,154900000000.0,154900000000.0453,964.5162071275827,0.0,1549016115099.2134,1866.6112817308806,0.0,2997783691616.772,
opt_B15_2_0,B15,15 % biomass,15.0,1.35,2.0,min_surplus_loss,G6,electrofuel_use_growth_constraint,2,2040.0,-1.5463211153797956,0.0,1.5463211153797956,False,0.0001,True,0.0,1e-10,26.97009661287524,3.37945056016079e-14,6.073245329831918e-14,0.5564488797382929,0.07278883546291397,False,Positive directional derivative for linesearch,0.0,62,9.999999979691624e-06,False,13,0.0,269700966128.75238,,,2.411714024837406,,,,,,,,rate,959099971830.1583,154900000000.0,385440768000.16016,0.0,0.0,0.0,0.0,0.0,0.0,
opt_B15_2_0,B15,15 % biomass,15.0,1.35,2.0,min_surplus_loss,G6,electrofuel_use_growth_constraint,3,2045.0,-6.217299765891721,0.0,6.217299765891721,False,0.0001,True,0.0,1e-10,26.97009661287524,3.37945056016079e-14,6.073245329831918e-14,0.5564488797382929,0.07278883546291397,False,Positive directional derivative for linesearch,0.0,62,9.999999979691624e-06,False,13,0.0,269700966128.75238,,,3.005434456537094,,,,,,,,rate,1790532443617.838,154900000000.0,719574831057.8375,0.0,0.0,0.0,0.0,0.0,0.0,
opt_B15_2_0,B15,15 % biomass,15.0,1.35,2.0,min_surplus_loss,G6,electrofuel_use_growth_constraint,4,2050.0,-7.25401100546876,0.0,7.25401100546876,False,0.0001,True,0.0,1e-10,26.97009661287524,3.37945056016079e-14,6.073245329831918e-14,0.5564488797382929,0.07278883546291397,False,Positive directional derivative for linesearch,0.0,62,9.999999979691624e-06,False,13,0.0,269700966128.75238,,,3.7453181345368614,,,,,,,,rate,2059016893451.648,154900000000.0,827472709881.2245,0.0,0.0,0.0,0.0,0.0,0.0,
opt_B15_2_2,B15,15 % biomass,15.0,1.35,2.2,min_surplus_loss,G1,aviation_carbon_budget_constraint,0,,8.346377648353573e-10,0.0,8.346377648353573e-10,True,0.0001,True,82.95186541192567,1e-10,19.818657009497738,1.6837973477216914e-15,2.9341053440620636e-15,0.5738707886304422,0.0,True,The KKT residual norm is smaller than the tolerance kkt_tol_abs or kkt_tol_rel. GEMSEO stopped the driver.,0.0,24,9.990000000147857e-06,False,22,829518654119.2566,198186570094.97736,1.9954654899519684,415.7018291201936,,,,,,,,,,,,,,,,,,,
opt_B15_2_2,B15,15 % biomass,15.0,1.35,2.2,min_surplus_loss,G2,blend_completeness_constraint,0,2030.0,-0.8558728970651466,0.0,0.8558728970651466,False,0.0001,True,0.0,1e-10,19.818657009497738,1.6837973477216914e-15,2.9341053440620636e-15,0.5738707886304422,0.0,True,The KKT residual norm is smaller than the tolerance kkt_tol_abs or kkt_tol_rel. GEMSEO stopped the driver.,0.0,24,9.990000000147857e-06,False,22,0.0,198186570094.97736,,,1.552969421732896,,,,,,,,,,,,,,,,,,
opt_B15_2_2,B15,15 % biomass,15.0,1.35,2.2,min_surplus_loss,G2,blend_completeness_constraint,1,2035.0,-0.6296777614596712,0.0,0.6296777614596712,False,0.0001,True,0.0,1e-10,19.818657009497738,1.6837973477216914e-15,2.9341053440620636e-15,0.5738707886304422,0.0,True,The KKT residual norm is smaller than the tolerance kkt_tol_abs or kkt_tol_rel. GEMSEO stopped the driver.,0.0,24,9.990000000147857e-06,False,22,0.0,198186570094.97736,,,1.9352824430911528,,,,,,,,,,,,,,,,,,
opt_B15_2_2,B15,15 % biomass,15.0,1.35,2.2,min_surplus_loss,G2,blend_completeness_constraint,2,2040.0,-1.7053025658242404e-15,0.0,1.7053025658242404e-15,True,0.0001,True,8.77180565861997,1e-10,19.818657009497738,1.6837973477216914e-15,2.9341053440620636e-15,0.5738707886304422,0.0,True,The KKT residual norm is smaller than the tolerance kkt_tol_abs or kkt_tol_rel. GEMSEO stopped the driver.,0.0,24,9.990000000147857e-06,False,22,87718056586.19969,198186570094.97736,,,2.411714024837406,,,,,,,,,,,,,,,,,,
opt_B15_2_2,B15,15 % biomass,15.0,1.35,2.2,min_surplus_loss,G2,blend_completeness_constraint,3,2045.0,0.0,0.0,0.0,True,0.0001,True,13.880069658436353,1e-10,19.818657009497738,1.6837973477216914e-15,2.9341053440620636e-15,0.5738707886304422,0.0,True,The KKT residual norm is smaller than the tolerance kkt_tol_abs or kkt_tol_rel. GEMSEO stopped the driver.,0.0,24,9.990000000147857e-06,False,22,138800696584.36353,198186570094.97736,,,3.005434456537094,,,,,,,,,,,,,,,,,,
opt_B15_2_2,B15,15 % biomass,15.0,1.35,2.2,min_surplus_loss,G2,blend_completeness_constraint,4,2050.0,0.0,0.0,0.0,True,0.0001,True,10.708419722089875,1e-10,19.818657009497738,1.6837973477216914e-15,2.9341053440620636e-15,0.5738707886304422,0.0,True,The KKT residual norm is smaller than the tolerance kkt_tol_abs or kkt_tol_rel. GEMSEO stopped the driver.,0.0,24,9.990000000147857e-06,False,22,107084197220.89874,198186570094.97736,,,3.7453181345368614,,,,,,,,,,,,,,,,,,
opt_B15_2_2,B15,15 % biomass,15.0,1.35,2.2,min_surplus_loss,G3,biomass_trajectory_constraint,0,2030.0,-0.8054225612601891,0.0,0.8054225612601891,False,0.0001,True,0.0,1e-10,19.818657009497738,1.6837973477216914e-15,2.9341053440620636e-15,0.5738707886304422,0.0,True,The KKT residual norm is smaller than the tolerance kkt_tol_abs or kkt_tol_rel. GEMSEO stopped the driver.,0.0,24,9.990000000147857e-06,False,22,0.0,198186570094.97736,,,1.552969421732896,,1675243500000.0,1.6752435,0.0,0.0,0.0,0.0,,,,,,,,,,,
opt_B15_2_2,B15,15 % biomass,15.0,1.35,2.2,min_surplus_loss,G3,biomass_trajectory_constraint,1,2035.0,-0.5890674017207314,0.0,0.5890674017207314,False,0.0001,True,0.0,1e-10,19.818657009497738,1.6837973477216914e-15,2.9341053440620636e-15,0.5738707886304422,0.0,True,The KKT residual norm is smaller than the tolerance kkt_tol_abs or kkt_tol_rel. GEMSEO stopped the driver.,0.0,24,9.990000000147857e-06,False,22,0.0,198186570094.97736,,,1.9352824430911528,,1973813250000.0,1.97381325,0.0,0.0,0.0,0.0,,,,,,,,,,,
opt_B15_2_2,B15,15 % biomass,15.0,1.35,2.2,min_surplus_loss,G3,biomass_trajectory_constraint,2,2040.0,-0.11181925704492343,0.0,0.11181925704492343,False,0.0001,True,0.0,1e-10,19.818657009497738,1.6837973477216914e-15,2.9341053440620636e-15,0.5738707886304422,0.0,True,The KKT residual norm is smaller than the tolerance kkt_tol_abs or kkt_tol_rel. GEMSEO stopped the driver.,0.0,24,9.990000000147857e-06,False,22,0.0,198186570094.97736,,,2.411714024837406,,2272383000000.0,2.272383,0.0,0.0,0.0,0.0,,,,,,,,,,,
opt_B15_2_2,B15,15 % biomass,15.0,1.35,2.2,min_surplus_loss,G3,biomass_trajectory_constraint,3,2045.0,-4.6895820560166614e-15,0.0,4.6895820560166614e-15,True,0.0001,True,3.1218400548026253,1e-10,19.818657009497738,1.6837973477216914e-15,2.9341053440620636e-15,0.5738707886304422,0.0,True,The KKT residual norm is smaller than the tolerance kkt_tol_abs or kkt_tol_rel. GEMSEO stopped the driver.,0.0,24,9.990000000147857e-06,False,22,31218400548.026253,198186570094.97736,,,3.005434456537094,,2318853000000.0,2.318853,13.462863125875705,13462863125.875704,40.461752722149534,40461752722.14953,,,,,,,,,,,
opt_B15_2_2,B15,15 % biomass,15.0,1.35,2.2,min_surplus_loss,G3,biomass_trajectory_constraint,4,2050.0,4.6619051516927355e-08,0.0,4.6619051516927355e-08,True,0.0001,True,0.7865855286455077,1e-10,19.818657009497738,1.6837973477216914e-15,2.9341053440620636e-15,0.5738707886304422,0.0,True,The KKT residual norm is smaller than the tolerance kkt_tol_abs or kkt_tol_rel. GEMSEO stopped the driver.,0.0,24,9.990000000147857e-06,False,22,7865855286.455076,198186570094.97736,,,3.7453181345368614,,2365323000000.0,2.365323,3.3254888598534222,3325488859.853422,12.455013733009334,12455013733.009333,,,,,,,,,,,
opt_B15_2_2,B15,15 % biomass,15.0,1.35,2.2,min_surplus_loss,G4,electricity_trajectory_constraint,0,2030.0,-0.7777867327254822,0.0,0.7777867327254822,False,0.0001,True,0.0,1e-10,19.818657009497738,1.6837973477216914e-15,2.9341053440620636e-15,0.5738707886304422,0.0,True,The KKT residual norm is smaller than the tolerance kkt_tol_abs or kkt_tol_rel. GEMSEO stopped the driver.,0.0,24,9.990000000147857e-06,False,22,0.0,198186570094.97736,,,1.552969421732896,,1065287574000.0001,1.065287574,0.0,0.0,0.0,0.0,,,,,,,,,,,
opt_B15_2_2,B15,15 % biomass,15.0,1.35,2.2,min_surplus_loss,G4,electricity_trajectory_constraint,1,2035.0,-0.5658338362353958,0.0,0.5658338362353958,False,0.0001,True,0.0,1e-10,19.818657009497738,1.6837973477216914e-15,2.9341053440620636e-15,0.5738707886304422,0.0,True,The KKT residual norm is smaller than the tolerance kkt_tol_abs or kkt_tol_rel. GEMSEO stopped the driver.,0.0,24,9.990000000147857e-06,False,22,0.0,198186570094.97736,,,1.9352824430911528,,1356710238000.0002,1.3567102380000002,0.0,0.0,0.0,0.0,,,,,,,,,,,
opt_B15_2_2,B15,15 % biomass,15.0,1.35,2.2,min_surplus_loss,G4,electricity_trajectory_constraint,2,2040.0,-0.17389894570260567,0.0,0.17389894570260567,False,0.0001,True,0.0,1e-10,19.818657009497738,1.6837973477216914e-15,2.9341053440620636e-15,0.5738707886304422,0.0,True,The KKT residual norm is smaller than the tolerance kkt_tol_abs or kkt_tol_rel. GEMSEO stopped the driver.,0.0,24,9.990000000147857e-06,False,22,0.0,198186570094.97736,,,2.411714024837406,,1648132902000.0002,1.6481329020000002,0.0,0.0,0.0,0.0,,,,,,,,,,,
opt_B15_2_2,B15,15 % biomass,15.0,1.35,2.2,min_surplus_loss,G4,electricity_trajectory_constraint,3,2045.0,-0.3437282081474015,0.0,0.3437282081474015,False,0.0001,True,0.0,1e-10,19.818657009497738,1.6837973477216914e-15,2.9341053440620636e-15,0.5738707886304422,0.0,True,The KKT residual norm is smaller than the tolerance kkt_tol_abs or kkt_tol_rel. GEMSEO stopped the driver.,0.0,24,9.990000000147857e-06,False,22,0.0,198186570094.97736,,,3.005434456537094,,1895265009000.0002,1.8952650090000003,0.0,0.0,0.0,0.0,,,,,,,,,,,
opt_B15_2_2,B15,15 % biomass,15.0,1.35,2.2,min_surplus_loss,G4,electricity_trajectory_constraint,4,2050.0,-0.34261787413777073,0.0,0.34261787413777073,False,0.0001,True,0.0,1e-10,19.818657009497738,1.6837973477216914e-15,2.9341053440620636e-15,0.5738707886304422,0.0,True,The KKT residual norm is smaller than the tolerance kkt_tol_abs or kkt_tol_rel. GEMSEO stopped the driver.,0.0,24,9.990000000147857e-06,False,22,0.0,198186570094.97736,,,3.7453181345368614,,2142397116000.0002,2.142397116,0.0,0.0,0.0,0.0,,,,,,,,,,,
opt_B15_2_2,B15,15 % biomass,15.0,1.35,2.2,min_surplus_loss,G5,biofuel_use_growth_constraint,0,2030.0,1.2608941252420918e-13,0.0,1.2608941252420918e-13,True,0.0001,True,11.067234061953307,1e-10,19.818657009497738,1.6837973477216914e-15,2.9341053440620636e-15,0.5738707886304422,0.0,True,The KKT residual norm is smaller than the tolerance kkt_tol_abs or kkt_tol_rel. GEMSEO stopped the driver.,0.0,24,9.990000000147857e-06,False,22,110672340619.53307,198186570094.97736,,,1.552969421732896,,,,,,,,volume,89799803521.1634,154900000000.0,36088527006.640396,714.4760530634801,3572380265317.4,0.0,1109.5594629679945,5547797314839.972,0.0,
opt_B15_2_2,B15,15 % biomass,15.0,1.35,2.2,min_surplus_loss,G5,biofuel_use_growth_constraint,1,2035.0,-6.379336214896707e-13,0.0,6.379336214896707e-13,True,0.0001,True,3.813998583040029,1e-10,19.818657009497738,1.6837973477216914e-15,2.9341053440620636e-15,0.5738707886304422,0.0,True,The KKT residual norm is smaller than the tolerance kkt_tol_abs or kkt_tol_rel. GEMSEO stopped the driver.,0.0,24,9.990000000147857e-06,False,22,38139985830.40029,198186570094.97736,,,1.9352824430911528,,,,,,,,rate,385440768000.0485,154900000000.0,154900000000.01953,246.22327844028592,0.0,395435373089.6401,476.5115878458297,0.0,765279134917.5802,
opt_B15_2_2,B15,15 % biomass,15.0,1.35,2.2,min_surplus_loss,G5,biofuel_use_growth_constraint,2,2040.0,8.243095343770174e-13,0.0,8.243095343770174e-13,True,0.0001,True,0.8568374061603392,1e-10,19.818657009497738,1.6837973477216914e-15,2.9341053440620636e-15,0.5738707886304422,0.0,True,The KKT residual norm is smaller than the tolerance kkt_tol_abs or kkt_tol_rel. GEMSEO stopped the driver.,0.0,24,9.990000000147857e-06,False,22,8568374061.603392,198186570094.97736,,,2.411714024837406,,,,,,,,rate,959099971829.6346,154900000000.0,385440767999.9497,55.315520087820474,0.0,221054640658.20923,133.40521558697188,0.0,533120577130.7962,
opt_B15_2_2,B15,15 % biomass,15.0,1.35,2.2,min_surplus_loss,G5,biofuel_use_growth_constraint,3,2045.0,-8.293202851036192,0.0,8.293202851036192,False,0.0001,True,0.0,1e-10,19.818657009497738,1.6837973477216914e-15,2.9341053440620636e-15,0.5738707886304422,0.0,True,The KKT residual norm is smaller than the tolerance kkt_tol_abs or kkt_tol_rel. GEMSEO stopped the driver.,0.0,24,9.990000000147857e-06,False,22,0.0,198186570094.97736,,,3.005434456537094,,,,,,,,rate,2386547641903.4336,154900000000.0,959099971829.7623,0.0,0.0,0.0,0.0,0.0,0.0,
opt_B15_2_2,B15,15 % biomass,15.0,1.35,2.2,min_surplus_loss,G5,biofuel_use_growth_constraint,4,2050.0,-10.445076846883444,0.0,10.445076846883444,False,0.0001,True,0.0,1e-10,19.818657009497738,1.6837973477216914e-15,2.9341053440620636e-15,0.5738707886304422,0.0,True,The KKT residual norm is smaller than the tolerance kkt_tol_abs or kkt_tol_rel. GEMSEO stopped the driver.,0.0,24,9.990000000147857e-06,False,22,0.0,198186570094.97736,,,3.7453181345368614,,,,,,,,rate,2741955752217.9717,154900000000.0,1101930520277.9275,0.0,0.0,0.0,0.0,0.0,0.0,
opt_B15_2_2,B15,15 % biomass,15.0,1.35,2.2,min_surplus_loss,G6,electrofuel_use_growth_constraint,0,2030.0,-0.33277983461698185,0.0,0.33277983461698185,False,0.0001,True,0.0,1e-10,19.818657009497738,1.6837973477216914e-15,2.9341053440620636e-15,0.5738707886304422,0.0,True,The KKT residual norm is smaller than the tolerance kkt_tol_abs or kkt_tol_rel. GEMSEO stopped the driver.,0.0,24,9.990000000147857e-06,False,22,0.0,198186570094.97736,,,1.552969421732896,,,,,,,,volume,0.0,154900000000.0,0.0,0.0,0.0,0.0,0.0,0.0,0.0,
opt_B15_2_2,B15,15 % biomass,15.0,1.35,2.2,min_surplus_loss,G6,electrofuel_use_growth_constraint,1,2035.0,3.417771735292931e-11,0.0,3.417771735292931e-11,True,0.0001,True,0.4188490524199604,1e-10,19.818657009497738,1.6837973477216914e-15,2.9341053440620636e-15,0.5738707886304422,0.0,True,The KKT residual norm is smaller than the tolerance kkt_tol_abs or kkt_tol_rel. GEMSEO stopped the driver.,0.0,24,9.990000000147857e-06,False,22,4188490524.199604,198186570094.97736,,,1.9352824430911528,,,,,,,,rate,257173852970.31747,154900000000.0,103352403617.82951,27.039964649448702,0.0,28974882887.83293,52.32996884788349,0.0,56074582143.44535,
opt_B15_2_2,B15,15 % biomass,15.0,1.35,2.2,min_surplus_loss,G6,electrofuel_use_growth_constraint,2,2040.0,-0.2936689170645865,0.0,0.2936689170645865,False,0.0001,True,0.0,1e-10,19.818657009497738,1.6837973477216914e-15,2.9341053440620636e-15,0.5738707886304422,0.0,True,The KKT residual norm is smaller than the tolerance kkt_tol_abs or kkt_tol_rel. GEMSEO stopped the driver.,0.0,24,9.990000000147857e-06,False,22,0.0,198186570094.97736,,,2.411714024837406,,,,,,,,rate,639930841836.2737,154900000000.0,257173852975.6116,0.0,0.0,0.0,0.0,0.0,0.0,
opt_B15_2_2,B15,15 % biomass,15.0,1.35,2.2,min_surplus_loss,G6,electrofuel_use_growth_constraint,3,2045.0,-6.04334242353049,0.0,6.04334242353049,False,0.0001,True,0.0,1e-10,19.818657009497738,1.6837973477216914e-15,2.9341053440620636e-15,0.5738707886304422,0.0,True,The KKT residual norm is smaller than the tolerance kkt_tol_abs or kkt_tol_rel. GEMSEO stopped the driver.,0.0,24,9.990000000147857e-06,False,22,0.0,198186570094.97736,,,3.005434456537094,,,,,,,,rate,1479160739426.9336,154900000000.0,594441526582.9692,0.0,0.0,0.0,0.0,0.0,0.0,
opt_B15_2_2,B15,15 % biomass,15.0,1.35,2.2,min_surplus_loss,G6,electrofuel_use_growth_constraint,4,2050.0,-4.7538979990191255,0.0,4.7538979990191255,False,0.0001,True,0.0,1e-10,19.818657009497738,1.6837973477216914e-15,2.9341053440620636e-15,0.5738707886304422,0.0,True,The KKT residual norm is smaller than the tolerance kkt_tol_abs or kkt_tol_rel. GEMSEO stopped the driver.,0.0,24,9.990000000147857e-06,False,22,0.0,198186570094.97736,,,3.7453181345368614,,,,,,,,rate,1351274706118.254,154900000000.0,543046998022.0608,0.0,0.0,0.0,0.0,0.0,0.0,
opt_B15_2_4,B15,15 % biomass,15.0,1.35,2.4,min_surplus_loss,G1,aviation_carbon_budget_constraint,0,,1.752064717519885e-10,0.0,1.752064717519885e-10,True,0.0001,True,63.91720599045698,1e-10,11.402500921374573,2.2087192520652393e-15,3.683332168733498e-15,0.5996524752272615,0.0,True,The KKT residual norm is smaller than the tolerance kkt_tol_abs or kkt_tol_rel. GEMSEO stopped the driver.,0.0,24,9.99000000018051e-06,False,22,639172059904.5697,114025009213.74573,2.2430543261640237,284.9561209681687,,,,,,,,,,,,,,,,,,,
opt_B15_2_4,B15,15 % biomass,15.0,1.35,2.4,min_surplus_loss,G2,blend_completeness_constraint,0,2030.0,-0.9164204355590297,0.0,0.9164204355590297,False,0.0001,True,0.0,1e-10,11.402500921374573,2.2087192520652393e-15,3.683332168733498e-15,0.5996524752272615,0.0,True,The KKT residual norm is smaller than the tolerance kkt_tol_abs or kkt_tol_rel. GEMSEO stopped the driver.,0.0,24,9.99000000018051e-06,False,22,0.0,114025009213.74573,,,1.552969421732896,,,,,,,,,,,,,,,,,,
opt_B15_2_4,B15,15 % biomass,15.0,1.35,2.4,min_surplus_loss,G2,blend_completeness_constraint,1,2035.0,-0.7116698286551607,0.0,0.7116698286551607,False,0.0001,True,0.0,1e-10,11.402500921374573,2.2087192520652393e-15,3.683332168733498e-15,0.5996524752272615,0.0,True,The KKT residual norm is smaller than the tolerance kkt_tol_abs or kkt_tol_rel. GEMSEO stopped the driver.,0.0,24,9.99000000018051e-06,False,22,0.0,114025009213.74573,,,1.9352824430911528,,,,,,,,,,,,,,,,,,
opt_B15_2_4,B15,15 % biomass,15.0,1.35,2.4,min_surplus_loss,G2,blend_completeness_constraint,2,2040.0,-0.2251179943958661,0.0,0.2251179943958661,False,0.0001,True,0.0,1e-10,11.402500921374573,2.2087192520652393e-15,3.683332168733498e-15,0.5996524752272615,0.0,True,The KKT residual norm is smaller than the tolerance kkt_tol_abs or kkt_tol_rel. GEMSEO stopped the driver.,0.0,24,9.99000000018051e-06,False,22,0.0,114025009213.74573,,,2.411714024837406,,,,,,,,,,,,,,,,,,
opt_B15_2_4,B15,15 % biomass,15.0,1.35,2.4,min_surplus_loss,G2,blend_completeness_constraint,3,2045.0,1.2278178473934532e-12,0.0,1.2278178473934532e-12,True,0.0001,True,5.513075376429425,1e-10,11.402500921374573,2.2087192520652393e-15,3.683332168733498e-15,0.5996524752272615,0.0,True,The KKT residual norm is smaller than the tolerance kkt_tol_abs or kkt_tol_rel. GEMSEO stopped the driver.,0.0,24,9.99000000018051e-06,False,22,55130753764.29425,114025009213.74573,,,3.005434456537094,,,,,,,,,,,,,,,,,,
opt_B15_2_4,B15,15 % biomass,15.0,1.35,2.4,min_surplus_loss,G2,blend_completeness_constraint,4,2050.0,0.0,0.0,0.0,True,0.0001,True,5.185017180514711,1e-10,11.402500921374573,2.2087192520652393e-15,3.683332168733498e-15,0.5996524752272615,0.0,True,The KKT residual norm is smaller than the tolerance kkt_tol_abs or kkt_tol_rel. GEMSEO stopped the driver.,0.0,24,9.99000000018051e-06,False,22,51850171805.14711,114025009213.74573,,,3.7453181345368614,,,,,,,,,,,,,,,,,,
opt_B15_2_4,B15,15 % biomass,15.0,1.35,2.4,min_surplus_loss,G3,biomass_trajectory_constraint,0,2030.0,-0.805422561257959,0.0,0.805422561257959,False,0.0001,True,0.0,1e-10,11.402500921374573,2.2087192520652393e-15,3.683332168733498e-15,0.5996524752272615,0.0,True,The KKT residual norm is smaller than the tolerance kkt_tol_abs or kkt_tol_rel. GEMSEO stopped the driver.,0.0,24,9.99000000018051e-06,False,22,0.0,114025009213.74573,,,1.552969421732896,,1675243500000.0,1.6752435,0.0,0.0,0.0,0.0,,,,,,,,,,,
opt_B15_2_4,B15,15 % biomass,15.0,1.35,2.4,min_surplus_loss,G3,biomass_trajectory_constraint,1,2035.0,-0.5890674017237116,0.0,0.5890674017237116,False,0.0001,True,0.0,1e-10,11.402500921374573,2.2087192520652393e-15,3.683332168733498e-15,0.5996524752272615,0.0,True,The KKT residual norm is smaller than the tolerance kkt_tol_abs or kkt_tol_rel. GEMSEO stopped the driver.,0.0,24,9.99000000018051e-06,False,22,0.0,114025009213.74573,,,1.9352824430911528,,1973813250000.0,1.97381325,0.0,0.0,0.0,0.0,,,,,,,,,,,
opt_B15_2_4,B15,15 % biomass,15.0,1.35,2.4,min_surplus_loss,G3,biomass_trajectory_constraint,2,2040.0,-0.11181925704629833,0.0,0.11181925704629833,False,0.0001,True,0.0,1e-10,11.402500921374573,2.2087192520652393e-15,3.683332168733498e-15,0.5996524752272615,0.0,True,The KKT residual norm is smaller than the tolerance kkt_tol_abs or kkt_tol_rel. GEMSEO stopped the driver.,0.0,24,9.99000000018051e-06,False,22,0.0,114025009213.74573,,,2.411714024837406,,2272383000000.0,2.272383,0.0,0.0,0.0,0.0,,,,,,,,,,,
opt_B15_2_4,B15,15 % biomass,15.0,1.35,2.4,min_surplus_loss,G3,biomass_trajectory_constraint,3,2045.0,-7.105427357601002e-16,0.0,7.105427357601002e-16,True,0.0001,True,3.858958326602802,1e-10,11.402500921374573,2.2087192520652393e-15,3.683332168733498e-15,0.5996524752272615,0.0,True,The KKT residual norm is smaller than the tolerance kkt_tol_abs or kkt_tol_rel. GEMSEO stopped the driver.,0.0,24,9.99000000018051e-06,False,22,38589583266.028015,114025009213.74573,,,3.005434456537094,,2318853000000.0,2.318853,16.641668646536893,16641668646.536892,50.015444364575,50015444364.575005,,,,,,,,,,,
opt_B15_2_4,B15,15 % biomass,15.0,1.35,2.4,min_surplus_loss,G3,biomass_trajectory_constraint,4,2050.0,1.0910749210779613e-08,0.0,1.0910749210779613e-08,True,0.0001,True,1.3693235089075084,1e-10,11.402500921374573,2.2087192520652393e-15,3.683332168733498e-15,0.5996524752272615,0.0,True,The KKT residual norm is smaller than the tolerance kkt_tol_abs or kkt_tol_rel. GEMSEO stopped the driver.,0.0,24,9.99000000018051e-06,False,22,13693235089.075085,114025009213.74573,,,3.7453181345368614,,2365323000000.0,2.365323,5.789160756934713,5789160756.934712,21.682248766696723,21682248766.69672,,,,,,,,,,,
opt_B15_2_4,B15,15 % biomass,15.0,1.35,2.4,min_surplus_loss,G4,electricity_trajectory_constraint,0,2030.0,-0.9999999601477602,0.0,0.9999999601477602,False,0.0001,True,0.0,1e-10,11.402500921374573,2.2087192520652393e-15,3.683332168733498e-15,0.5996524752272615,0.0,True,The KKT residual norm is smaller than the tolerance kkt_tol_abs or kkt_tol_rel. GEMSEO stopped the driver.,0.0,24,9.99000000018051e-06,False,22,0.0,114025009213.74573,,,1.552969421732896,,1065287574000.0001,1.065287574,0.0,0.0,0.0,0.0,,,,,,,,,,,
opt_B15_2_4,B15,15 % biomass,15.0,1.35,2.4,min_surplus_loss,G4,electricity_trajectory_constraint,1,2035.0,-0.7754107707738025,0.0,0.7754107707738025,False,0.0001,True,0.0,1e-10,11.402500921374573,2.2087192520652393e-15,3.683332168733498e-15,0.5996524752272615,0.0,True,The KKT residual norm is smaller than the tolerance kkt_tol_abs or kkt_tol_rel. GEMSEO stopped the driver.,0.0,24,9.99000000018051e-06,False,22,0.0,114025009213.74573,,,1.9352824430911528,,1356710238000.0002,1.3567102380000002,0.0,0.0,0.0,0.0,,,,,,,,,,,
opt_B15_2_4,B15,15 % biomass,15.0,1.35,2.4,min_surplus_loss,G4,electricity_trajectory_constraint,2,2040.0,-0.5399658969159837,0.0,0.5399658969159837,False,0.0001,True,0.0,1e-10,11.402500921374573,2.2087192520652393e-15,3.683332168733498e-15,0.5996524752272615,0.0,True,The KKT residual norm is smaller than the tolerance kkt_tol_abs or kkt_tol_rel. GEMSEO stopped the driver.,0.0,24,9.99000000018051e-06,False,22,0.0,114025009213.74573,,,2.411714024837406,,1648132902000.0002,1.6481329020000002,0.0,0.0,0.0,0.0,,,,,,,,,,,
opt_B15_2_4,B15,15 % biomass,15.0,1.35,2.4,min_surplus_loss,G4,electricity_trajectory_constraint,3,2045.0,-0.34372820814730487,0.0,0.34372820814730487,False,0.0001,True,0.0,1e-10,11.402500921374573,2.2087192520652393e-15,3.683332168733498e-15,0.5996524752272615,0.0,True,The KKT residual norm is smaller than the tolerance kkt_tol_abs or kkt_tol_rel. GEMSEO stopped the driver.,0.0,24,9.99000000018051e-06,False,22,0.0,114025009213.74573,,,3.005434456537094,,1895265009000.0002,1.8952650090000003,0.0,0.0,0.0,0.0,,,,,,,,,,,
opt_B15_2_4,B15,15 % biomass,15.0,1.35,2.4,min_surplus_loss,G4,electricity_trajectory_constraint,4,2050.0,-0.3426178373999312,0.0,0.3426178373999312,False,0.0001,True,0.0,1e-10,11.402500921374573,2.2087192520652393e-15,3.683332168733498e-15,0.5996524752272615,0.0,True,The KKT residual norm is smaller than the tolerance kkt_tol_abs or kkt_tol_rel. GEMSEO stopped the driver.,0.0,24,9.99000000018051e-06,False,22,0.0,114025009213.74573,,,3.7453181345368614,,2142397116000.0002,2.142397116,0.0,0.0,0.0,0.0,,,,,,,,,,,
opt_B15_2_4,B15,15 % biomass,15.0,1.35,2.4,min_surplus_loss,G5,biofuel_use_growth_constraint,0,2030.0,-3.0813100185603617e-13,0.0,3.0813100185603617e-13,True,0.0001,True,9.294511422254887,1e-10,11.402500921374573,2.2087192520652393e-15,3.683332168733498e-15,0.5996524752272615,0.0,True,The KKT residual norm is smaller than the tolerance kkt_tol_abs or kkt_tol_rel. GEMSEO stopped the driver.,0.0,24,9.99000000018051e-06,False,22,92945114222.54887,114025009213.74573,,,1.552969421732896,,,,,,,,volume,89799803521.1634,154900000000.0,36088527006.640396,600.0330162850154,3000165081425.076,0.0,931.8329263207856,4659164631603.928,0.0,
opt_B15_2_4,B15,15 % biomass,15.0,1.35,2.4,min_surplus_loss,G5,biofuel_use_growth_constraint,1,2035.0,8.396766815284055e-13,0.0,8.396766815284055e-13,True,0.0001,True,3.4347565968788953,1e-10,11.402500921374573,2.2087192520652393e-15,3.683332168733498e-15,0.5996524752272615,0.0,True,The KKT residual norm is smaller than the tolerance kkt_tol_abs or kkt_tol_rel. GEMSEO stopped the driver.,0.0,24,9.99000000018051e-06,False,22,34347565968.78895,114025009213.74573,,,1.9352824430911528,,,,,,,,rate,385440767999.88116,154900000000.0,154899999999.95227,221.74025802962524,0.0,356115563964.2941,429.13002829123576,0.0,689184198651.6029,
opt_B15_2_4,B15,15 % biomass,15.0,1.35,2.4,min_surplus_loss,G5,biofuel_use_growth_constraint,2,2040.0,-4.1609506132989026e-13,0.0,4.1609506132989026e-13,True,0.0001,True,1.0230790966242727,1e-10,11.402500921374573,2.2087192520652393e-15,3.683332168733498e-15,0.5996524752272615,0.0,True,The KKT residual norm is smaller than the tolerance kkt_tol_abs or kkt_tol_rel. GEMSEO stopped the driver.,0.0,24,9.99000000018051e-06,False,22,10230790966.242725,114025009213.74573,,,2.411714024837406,,,,,,,,rate,959099971829.7877,154900000000.0,385440768000.0112,66.04771443668642,0.0,263943171065.19925,159.28819921541265,0.0,636555447417.9996,
opt_B15_2_4,B15,15 % biomass,15.0,1.35,2.4,min_surplus_loss,G5,biofuel_use_growth_constraint,3,2045.0,-8.293202851028335,0.0,8.293202851028335,False,0.0001,True,0.0,1e-10,11.402500921374573,2.2087192520652393e-15,3.683332168733498e-15,0.5996524752272615,0.0,True,The KKT residual norm is smaller than the tolerance kkt_tol_abs or kkt_tol_rel. GEMSEO stopped the driver.,0.0,24,9.99000000018051e-06,False,22,0.0,114025009213.74573,,,3.005434456537094,,,,,,,,rate,2386547641903.3364,154900000000.0,959099971829.7233,0.0,0.0,0.0,0.0,0.0,0.0,
opt_B15_2_4,B15,15 % biomass,15.0,1.35,2.4,min_surplus_loss,G5,biofuel_use_growth_constraint,4,2050.0,-10.445077106014455,0.0,10.445077106014455,False,0.0001,True,0.0,1e-10,11.402500921374573,2.2087192520652393e-15,3.683332168733498e-15,0.5996524752272615,0.0,True,The KKT residual norm is smaller than the tolerance kkt_tol_abs or kkt_tol_rel. GEMSEO stopped the driver.,0.0,24,9.99000000018051e-06,False,22,0.0,114025009213.74573,,,3.7453181345368614,,,,,,,,rate,2741955752220.7583,154900000000.0,1101930520279.0474,0.0,0.0,0.0,0.0,0.0,0.0,
opt_B15_2_4,B15,15 % biomass,15.0,1.35,2.4,min_surplus_loss,G6,electrofuel_use_growth_constraint,0,2030.0,-0.9999998803391968,0.0,0.9999998803391968,False,0.0001,True,0.0,1e-10,11.402500921374573,2.2087192520652393e-15,3.683332168733498e-15,0.5996524752272615,0.0,True,The KKT residual norm is smaller than the tolerance kkt_tol_abs or kkt_tol_rel. GEMSEO stopped the driver.,0.0,24,9.99000000018051e-06,False,22,0.0,114025009213.74573,,,1.552969421732896,,,,,,,,volume,0.0,154900000000.0,0.0,0.0,0.0,0.0,0.0,0.0,0.0,
opt_B15_2_4,B15,15 % biomass,15.0,1.35,2.4,min_surplus_loss,G6,electrofuel_use_growth_constraint,1,2035.0,-0.14116775005636237,0.0,0.14116775005636237,False,0.0001,True,0.0,1e-10,11.402500921374573,2.2087192520652393e-15,3.683332168733498e-15,0.5996524752272615,0.0,True,The KKT residual norm is smaller than the tolerance kkt_tol_abs or kkt_tol_rel. GEMSEO stopped the driver.,0.0,24,9.99000000018051e-06,False,22,0.0,114025009213.74573,,,1.9352824430911528,,,,,,,,volume,46122.15185042525,154900000000.0,18535.458401823424,0.0,0.0,0.0,0.0,0.0,0.0,
opt_B15_2_4,B15,15 % biomass,15.0,1.35,2.4,min_surplus_loss,G6,electrofuel_use_growth_constraint,2,2040.0,4.327270429006617e-11,0.0,4.327270429006617e-11,True,0.0001,True,0.19396524590997166,1e-10,11.402500921374573,2.2087192520652393e-15,3.683332168733498e-15,0.5996524752272615,0.0,True,The KKT residual norm is smaller than the tolerance kkt_tol_abs or kkt_tol_rel. GEMSEO stopped the driver.,0.0,24,9.99000000018051e-06,False,22,1939652459.0997167,114025009213.74573,,,2.411714024837406,,,,,,,,rate,331028962001.44354,154900000000.0,133033115516.26947,12.521965520333872,0.0,17271388535.058285,30.199399863919623,0.0,41653649958.416046,
opt_B15_2_4,B15,15 % biomass,15.0,1.35,2.4,min_surplus_loss,G6,electrofuel_use_growth_constraint,3,2045.0,-1.8118721027851548,0.0,1.8118721027851548,False,0.0001,True,0.0,1e-10,11.402500921374573,2.2087192520652393e-15,3.683332168733498e-15,0.5996524752272615,0.0,True,The KKT residual norm is smaller than the tolerance kkt_tol_abs or kkt_tol_rel. GEMSEO stopped the driver.,0.0,24,9.99000000018051e-06,False,22,0.0,114025009213.74573,,,3.005434456537094,,,,,,,,rate,823705986744.1108,154900000000.0,331028962008.1465,0.0,0.0,0.0,0.0,0.0,0.0,
opt_B15_2_4,B15,15 % biomass,15.0,1.35,2.4,min_surplus_loss,G6,electrofuel_use_growth_constraint,4,2050.0,-4.753897777186151,0.0,4.753897777186151,False,0.0001,True,0.0,1e-10,11.402500921374573,2.2087192520652393e-15,3.683332168733498e-15,0.5996524752272615,0.0,True,The KKT residual norm is smaller than the tolerance kkt_tol_abs or kkt_tol_rel. GEMSEO stopped the driver.,0.0,24,9.99000000018051e-06,False,22,0.0,114025009213.74573,,,3.7453181345368614,,,,,,,,rate,1351274706119.8206,154900000000.0,543046998022.69037,0.0,0.0,0.0,0.0,0.0,0.0,
opt_B15_2_6,B15,15 % biomass,15.0,1.35,2.6,min_surplus_loss,G1,aviation_carbon_budget_constraint,0,,4.351136843481932e-06,0.0,4.351136843481932e-06,True,0.0001,True,84.31916543269882,1e-10,4.9817884846724185,4.487876816564983e-15,7.2958364601209e-15,0.615128483361127,0.0,True,The KKT residual norm is smaller than the tolerance kkt_tol_abs or kkt_tol_rel. GEMSEO stopped the driver.,0.0,17,9.989978304655168e-06,False,17,843191654326.9882,49817884846.72418,2.4906431623760783,338.54374125701,,,,,,,,,,,,,,,,,,,
opt_B15_2_6,B15,15 % biomass,15.0,1.35,2.6,min_surplus_loss,G2,blend_completeness_constraint,0,2030.0,-0.9164204355589853,0.0,0.9164204355589853,False,0.0001,True,0.0,1e-10,4.9817884846724185,4.487876816564983e-15,7.2958364601209e-15,0.615128483361127,0.0,True,The KKT residual norm is smaller than the tolerance kkt_tol_abs or kkt_tol_rel. GEMSEO stopped the driver.,0.0,17,9.989978304655168e-06,False,17,0.0,49817884846.72418,,,1.552969421732896,,,,,,,,,,,,,,,,,,
opt_B15_2_6,B15,15 % biomass,15.0,1.35,2.6,min_surplus_loss,G2,blend_completeness_constraint,1,2035.0,-0.7908284069220664,0.0,0.7908284069220664,False,0.0001,True,0.0,1e-10,4.9817884846724185,4.487876816564983e-15,7.2958364601209e-15,0.615128483361127,0.0,True,The KKT residual norm is smaller than the tolerance kkt_tol_abs or kkt_tol_rel. GEMSEO stopped the driver.,0.0,17,9.989978304655168e-06,False,17,0.0,49817884846.72418,,,1.9352824430911528,,,,,,,,,,,,,,,,,,
opt_B15_2_6,B15,15 % biomass,15.0,1.35,2.6,min_surplus_loss,G2,blend_completeness_constraint,2,2040.0,-0.3602961005865268,0.0,0.3602961005865268,False,0.0001,True,0.0,1e-10,4.9817884846724185,4.487876816564983e-15,7.2958364601209e-15,0.615128483361127,0.0,True,The KKT residual norm is smaller than the tolerance kkt_tol_abs or kkt_tol_rel. GEMSEO stopped the driver.,0.0,17,9.989978304655168e-06,False,17,0.0,49817884846.72418,,,2.411714024837406,,,,,,,,,,,,,,,,,,
opt_B15_2_6,B15,15 % biomass,15.0,1.35,2.6,min_surplus_loss,G2,blend_completeness_constraint,3,2045.0,-0.12742862385960108,0.0,0.12742862385960108,False,0.0001,True,0.0,1e-10,4.9817884846724185,4.487876816564983e-15,7.2958364601209e-15,0.615128483361127,0.0,True,The KKT residual norm is smaller than the tolerance kkt_tol_abs or kkt_tol_rel. GEMSEO stopped the driver.,0.0,17,9.989978304655168e-06,False,17,0.0,49817884846.72418,,,3.005434456537094,,,,,,,,,,,,,,,,,,
opt_B15_2_6,B15,15 % biomass,15.0,1.35,2.6,min_surplus_loss,G2,blend_completeness_constraint,4,2050.0,2.1695427676604596e-11,0.0,2.1695427676604596e-11,True,0.0001,True,7.618663931507307,1e-10,4.9817884846724185,4.487876816564983e-15,7.2958364601209e-15,0.615128483361127,0.0,True,The KKT residual norm is smaller than the tolerance kkt_tol_abs or kkt_tol_rel. GEMSEO stopped the driver.,0.0,17,9.989978304655168e-06,False,17,76186639315.07306,49817884846.72418,,,3.7453181345368614,,,,,,,,,,,,,,,,,,
opt_B15_2_6,B15,15 % biomass,15.0,1.35,2.6,min_surplus_loss,G3,biomass_trajectory_constraint,0,2030.0,-0.8054225612578992,0.0,0.8054225612578992,False,0.0001,True,0.0,1e-10,4.9817884846724185,4.487876816564983e-15,7.2958364601209e-15,0.615128483361127,0.0,True,The KKT residual norm is smaller than the tolerance kkt_tol_abs or kkt_tol_rel. GEMSEO stopped the driver.,0.0,17,9.989978304655168e-06,False,17,0.0,49817884846.72418,,,1.552969421732896,,1675243500000.0,1.6752435,0.0,0.0,0.0,0.0,,,,,,,,,,,
opt_B15_2_6,B15,15 % biomass,15.0,1.35,2.6,min_surplus_loss,G3,biomass_trajectory_constraint,1,2035.0,-0.5890671713895593,0.0,0.5890671713895593,False,0.0001,True,0.0,1e-10,4.9817884846724185,4.487876816564983e-15,7.2958364601209e-15,0.615128483361127,0.0,True,The KKT residual norm is smaller than the tolerance kkt_tol_abs or kkt_tol_rel. GEMSEO stopped the driver.,0.0,17,9.989978304655168e-06,False,17,0.0,49817884846.72418,,,1.9352824430911528,,1973813250000.0,1.97381325,0.0,0.0,0.0,0.0,,,,,,,,,,,
opt_B15_2_6,B15,15 % biomass,15.0,1.35,2.6,min_surplus_loss,G3,biomass_trajectory_constraint,2,2040.0,-0.1118192570547609,0.0,0.1118192570547609,False,0.0001,True,0.0,1e-10,4.9817884846724185,4.487876816564983e-15,7.2958364601209e-15,0.615128483361127,0.0,True,The KKT residual norm is smaller than the tolerance kkt_tol_abs or kkt_tol_rel. GEMSEO stopped the driver.,0.0,17,9.989978304655168e-06,False,17,0.0,49817884846.72418,,,2.411714024837406,,2272383000000.0,2.272383,0.0,0.0,0.0,0.0,,,,,,,,,,,
opt_B15_2_6,B15,15 % biomass,15.0,1.35,2.6,min_surplus_loss,G3,biomass_trajectory_constraint,3,2045.0,0.0,0.0,0.0,True,0.0001,True,10.548595883358153,1e-10,4.9817884846724185,4.487876816564983e-15,7.2958364601209e-15,0.615128483361127,0.0,True,The KKT residual norm is smaller than the tolerance kkt_tol_abs or kkt_tol_rel. GEMSEO stopped the driver.,0.0,17,9.989978304655168e-06,False,17,105485958833.58153,49817884846.72418,,,3.005434456537094,,2318853000000.0,2.318853,45.49057608808386,45490576088.08386,136.71894482284966,136718944822.84966,,,,,,,,,,,
opt_B15_2_6,B15,15 % biomass,15.0,1.35,2.6,min_surplus_loss,G3,biomass_trajectory_constraint,4,2050.0,8.41651044822811e-07,0.0,8.41651044822811e-07,True,0.0001,True,1.1003393639150707,1e-10,4.9817884846724185,4.487876816564983e-15,7.2958364601209e-15,0.615128483361127,0.0,True,The KKT residual norm is smaller than the tolerance kkt_tol_abs or kkt_tol_rel. GEMSEO stopped the driver.,0.0,17,9.989978304655168e-06,False,17,11003393639.150707,49817884846.72418,,,3.7453181345368614,,2365323000000.0,2.365323,4.651962391246653,4651962391.246653,17.42307910511955,17423079105.11955,,,,,,,,,,,
opt_B15_2_6,B15,15 % biomass,15.0,1.35,2.6,min_surplus_loss,G4,electricity_trajectory_constraint,0,2030.0,-0.9999999601476911,0.0,0.9999999601476911,False,0.0001,True,0.0,1e-10,4.9817884846724185,4.487876816564983e-15,7.2958364601209e-15,0.615128483361127,0.0,True,The KKT residual norm is smaller than the tolerance kkt_tol_abs or kkt_tol_rel. GEMSEO stopped the driver.,0.0,17,9.989978304655168e-06,False,17,0.0,49817884846.72418,,,1.552969421732896,,1065287574000.0001,1.065287574,0.0,0.0,0.0,0.0,,,,,,,,,,,
opt_B15_2_6,B15,15 % biomass,15.0,1.35,2.6,min_surplus_loss,G4,electricity_trajectory_constraint,1,2035.0,-0.9924371717645544,0.0,0.9924371717645544,False,0.0001,True,0.0,1e-10,4.9817884846724185,4.487876816564983e-15,7.2958364601209e-15,0.615128483361127,0.0,True,The KKT residual norm is smaller than the tolerance kkt_tol_abs or kkt_tol_rel. GEMSEO stopped the driver.,0.0,17,9.989978304655168e-06,False,17,0.0,49817884846.72418,,,1.9352824430911528,,1356710238000.0002,1.3567102380000002,0.0,0.0,0.0,0.0,,,,,,,,,,,
opt_B15_2_6,B15,15 % biomass,15.0,1.35,2.6,min_surplus_loss,G4,electricity_trajectory_constraint,2,2040.0,-0.784733993861344,0.0,0.784733993861344,False,0.0001,True,0.0,1e-10,4.9817884846724185,4.487876816564983e-15,7.2958364601209e-15,0.615128483361127,0.0,True,The KKT residual norm is smaller than the tolerance kkt_tol_abs or kkt_tol_rel. GEMSEO stopped the driver.,0.0,17,9.989978304655168e-06,False,17,0.0,49817884846.72418,,,2.411714024837406,,1648132902000.0002,1.6481329020000002,0.0,0.0,0.0,0.0,,,,,,,,,,,
opt_B15_2_6,B15,15 % biomass,15.0,1.35,2.6,min_surplus_loss,G4,electricity_trajectory_constraint,3,2045.0,-0.5341951904920677,0.0,0.5341951904920677,False,0.0001,True,0.0,1e-10,4.9817884846724185,4.487876816564983e-15,7.2958364601209e-15,0.615128483361127,0.0,True,The KKT residual norm is smaller than the tolerance kkt_tol_abs or kkt_tol_rel. GEMSEO stopped the driver.,0.0,17,9.989978304655168e-06,False,17,0.0,49817884846.72418,,,3.005434456537094,,1895265009000.0002,1.8952650090000003,0.0,0.0,0.0,0.0,,,,,,,,,,,
opt_B15_2_6,B15,15 % biomass,15.0,1.35,2.6,min_surplus_loss,G4,electricity_trajectory_constraint,4,2050.0,-0.3426186920646151,0.0,0.3426186920646151,False,0.0001,True,0.0,1e-10,4.9817884846724185,4.487876816564983e-15,7.2958364601209e-15,0.615128483361127,0.0,True,The KKT residual norm is smaller than the tolerance kkt_tol_abs or kkt_tol_rel. GEMSEO stopped the driver.,0.0,17,9.989978304655168e-06,False,17,0.0,49817884846.72418,,,3.7453181345368614,,2142397116000.0002,2.142397116,0.0,0.0,0.0,0.0,,,,,,,,,,,
opt_B15_2_6,B15,15 % biomass,15.0,1.35,2.6,min_surplus_loss,G5,biofuel_use_growth_constraint,0,2030.0,-3.9402941413815366e-16,0.0,3.9402941413815366e-16,True,0.0001,True,12.83752057391447,1e-10,4.9817884846724185,4.487876816564983e-15,7.2958364601209e-15,0.615128483361127,0.0,True,The KKT residual norm is smaller than the tolerance kkt_tol_abs or kkt_tol_rel. GEMSEO stopped the driver.,0.0,17,9.989978304655168e-06,False,17,128375205739.14468,49817884846.72418,,,1.552969421732896,,,,,,,,volume,89799803521.1634,154900000000.0,36088527006.640396,828.7618188453498,4143809094226.7485,0.0,1287.041762566566,6435208812832.829,0.0,
opt_B15_2_6,B15,15 % biomass,15.0,1.35,2.6,min_surplus_loss,G5,biofuel_use_growth_constraint,1,2035.0,1.3947176728023877e-06,0.0,1.3947176728023877e-06,True,0.0001,True,4.713482783942713,1e-10,4.9817884846724185,4.487876816564983e-15,7.2958364601209e-15,0.615128483361127,0.0,True,The KKT residual norm is smaller than the tolerance kkt_tol_abs or kkt_tol_rel. GEMSEO stopped the driver.,0.0,17,9.989978304655168e-06,False,17,47134827839.42713,49817884846.72418,,,1.9352824430911528,,,,,,,,rate,385440767999.99976,154900000000.0,154899999999.99994,304.29198088719903,0.0,488693895039.18024,588.890928184425,0.0,945760715115.1561,
opt_B15_2_6,B15,15 % biomass,15.0,1.35,2.6,min_surplus_loss,G5,biofuel_use_growth_constraint,2,2040.0,-3.470557875513184e-06,0.0,3.470557875513184e-06,True,0.0001,True,1.391165504814453,1e-10,4.9817884846724185,4.487876816564983e-15,7.2958364601209e-15,0.615128483361127,0.0,True,The KKT residual norm is smaller than the tolerance kkt_tol_abs or kkt_tol_rel. GEMSEO stopped the driver.,0.0,17,9.989978304655168e-06,False,17,13911655048.14453,49817884846.72418,,,2.411714024837406,,,,,,,,rate,959100509410.81,154900000000.0,385440984041.7673,89.81055550771163,0.0,358905623074.6419,216.59737629638644,0.0,865577724762.1216,
opt_B15_2_6,B15,15 % biomass,15.0,1.35,2.6,min_surplus_loss,G5,biofuel_use_growth_constraint,3,2045.0,-8.293202850879526,0.0,8.293202850879526,False,0.0001,True,0.0,1e-10,4.9817884846724185,4.487876816564983e-15,7.2958364601209e-15,0.615128483361127,0.0,True,The KKT residual norm is smaller than the tolerance kkt_tol_abs or kkt_tol_rel. GEMSEO stopped the driver.,0.0,17,9.989978304655168e-06,False,17,0.0,49817884846.72418,,,3.005434456537094,,,,,,,,rate,2386547641882.6133,154900000000.0,959099971821.3951,0.0,0.0,0.0,0.0,0.0,0.0,
opt_B15_2_6,B15,15 % biomass,15.0,1.35,2.6,min_surplus_loss,G5,biofuel_use_growth_constraint,4,2050.0,-10.445071077870422,0.0,10.445071077870422,False,0.0001,True,0.0,1e-10,4.9817884846724185,4.487876816564983e-15,7.2958364601209e-15,0.615128483361127,0.0,True,The KKT residual norm is smaller than the tolerance kkt_tol_abs or kkt_tol_rel. GEMSEO stopped the driver.,0.0,17,9.989978304655168e-06,False,17,0.0,49817884846.72418,,,3.7453181345368614,,,,,,,,rate,2741955752226.55,154900000000.0,1101930520281.3748,0.0,0.0,0.0,0.0,0.0,0.0,
opt_B15_2_6,B15,15 % biomass,15.0,1.35,2.6,min_surplus_loss,G6,electrofuel_use_growth_constraint,0,2030.0,-0.9999998803389896,0.0,0.9999998803389896,False,0.0001,True,0.0,1e-10,4.9817884846724185,4.487876816564983e-15,7.2958364601209e-15,0.615128483361127,0.0,True,The KKT residual norm is smaller than the tolerance kkt_tol_abs or kkt_tol_rel. GEMSEO stopped the driver.,0.0,17,9.989978304655168e-06,False,17,0.0,49817884846.72418,,,1.552969421732896,,,,,,,,volume,0.0,154900000000.0,0.0,0.0,0.0,0.0,0.0,0.0,0.0,
opt_B15_2_6,B15,15 % biomass,15.0,1.35,2.6,min_surplus_loss,G6,electrofuel_use_growth_constraint,1,2035.0,-0.9710796425469772,0.0,0.9710796425469772,False,0.0001,True,0.0,1e-10,4.9817884846724185,4.487876816564983e-15,7.2958364601209e-15,0.615128483361127,0.0,True,The KKT residual norm is smaller than the tolerance kkt_tol_abs or kkt_tol_rel. GEMSEO stopped the driver.,0.0,17,9.989978304655168e-06,False,17,0.0,49817884846.72418,,,1.9352824430911528,,,,,,,,volume,46122.23177216533,154900000000.0,18535.490520578278,0.0,0.0,0.0,0.0,0.0,0.0,
opt_B15_2_6,B15,15 % biomass,15.0,1.35,2.6,min_surplus_loss,G6,electrofuel_use_growth_constraint,2,2040.0,9.070557113460297e-13,0.0,9.070557113460297e-13,True,0.0001,True,3.726594460878559,1e-10,4.9817884846724185,4.487876816564983e-15,7.2958364601209e-15,0.615128483361127,0.0,True,The KKT residual norm is smaller than the tolerance kkt_tol_abs or kkt_tol_rel. GEMSEO stopped the driver.,0.0,17,9.989978304655168e-06,False,17,37265944608.78558,49817884846.72418,,,2.411714024837406,,,,,,,,volume,11147084787.527676,154900000000.0,4479763369.47325,240.5806624195325,1202903312097.6624,0.0,580.2117576618599,2901058788309.2993,0.0,
opt_B15_2_6,B15,15 % biomass,15.0,1.35,2.6,min_surplus_loss,G6,electrofuel_use_growth_constraint,3,2045.0,-3.151841283691091e-12,0.0,3.151841283691091e-12,True,0.0001,True,1.2087339483360535,1e-10,4.9817884846724185,4.487876816564983e-15,7.2958364601209e-15,0.615128483361127,0.0,True,The KKT residual norm is smaller than the tolerance kkt_tol_abs or kkt_tol_rel. GEMSEO stopped the driver.,0.0,17,9.989978304655168e-06,False,17,12087339483.360535,49817884846.72418,,,3.005434456537094,,,,,,,,rate,385440768000.34955,154900000000.0,154900000000.1405,78.03317936320552,0.0,125321535763.59567,234.52360601131716,0.0,376645661730.05615,
opt_B15_2_6,B15,15 % biomass,15.0,1.35,2.6,min_surplus_loss,G6,electrofuel_use_growth_constraint,4,2050.0,-2.2221099472095136,0.0,2.2221099472095136,False,0.0001,True,0.0,1e-10,4.9817884846724185,4.487876816564983e-15,7.2958364601209e-15,0.615128483361127,0.0,True,The KKT residual norm is smaller than the tolerance kkt_tol_abs or kkt_tol_rel. GEMSEO stopped the driver.,0.0,17,9.989978304655168e-06,False,17,0.0,49817884846.72418,,,3.7453181345368614,,,,,,,,rate,959099971829.4147,154900000000.0,385440767999.8613,0.0,0.0,0.0,0.0,0.0,0.0,
opt_B15_2_8,B15,15 % biomass,15.0,1.35,2.8,min_surplus_loss,G1,aviation_carbon_budget_constraint,0,,1.749086340473788e-05,0.0,1.749086340473788e-05,True,0.001,False,49.68036508301949,1e-10,0.10133438815494995,7.629313058476709e-16,1.225845967372496e-15,0.62237126535804,0.0,True,The KKT residual norm is smaller than the tolerance kkt_tol_abs or kkt_tol_rel. GEMSEO stopped the driver.,0.0,20,0.15835884105873754,False,20,496803650830.1949,1013343881.5494995,2.7382319985881525,181.43227129269894,,,,,,,,,,,,,,,,,,,
opt_B15_2_8,B15,15 % biomass,15.0,1.35,2.8,min_surplus_loss,G2,blend_completeness_constraint,0,2030.0,-0.9164204355589872,0.0,0.9164204355589872,False,0.001,False,0.0,1e-10,0.10133438815494995,7.629313058476709e-16,1.225845967372496e-15,0.62237126535804,0.0,True,The KKT residual norm is smaller than the tolerance kkt_tol_abs or kkt_tol_rel. GEMSEO stopped the driver.,0.0,20,0.15835884105873754,False,20,0.0,1013343881.5494995,,,1.552969421732896,,,,,,,,,,,,,,,,,,
opt_B15_2_8,B15,15 % biomass,15.0,1.35,2.8,min_surplus_loss,G2,blend_completeness_constraint,1,2035.0,-0.7934875746673477,0.0,0.7934875746673477,False,0.001,False,0.0,1e-10,0.10133438815494995,7.629313058476709e-16,1.225845967372496e-15,0.62237126535804,0.0,True,The KKT residual norm is smaller than the tolerance kkt_tol_abs or kkt_tol_rel. GEMSEO stopped the driver.,0.0,20,0.15835884105873754,False,20,0.0,1013343881.5494995,,,1.9352824430911528,,,,,,,,,,,,,,,,,,
opt_B15_2_8,B15,15 % biomass,15.0,1.35,2.8,min_surplus_loss,G2,blend_completeness_constraint,2,2040.0,-0.4253595469091475,0.0,0.4253595469091475,False,0.001,False,0.0,1e-10,0.10133438815494995,7.629313058476709e-16,1.225845967372496e-15,0.62237126535804,0.0,True,The KKT residual norm is smaller than the tolerance kkt_tol_abs or kkt_tol_rel. GEMSEO stopped the driver.,0.0,20,0.15835884105873754,False,20,0.0,1013343881.5494995,,,2.411714024837406,,,,,,,,,,,,,,,,,,
opt_B15_2_8,B15,15 % biomass,15.0,1.35,2.8,min_surplus_loss,G2,blend_completeness_constraint,3,2045.0,-0.2953041461510946,0.0,0.2953041461510946,False,0.001,False,0.0,1e-10,0.10133438815494995,7.629313058476709e-16,1.225845967372496e-15,0.62237126535804,0.0,True,The KKT residual norm is smaller than the tolerance kkt_tol_abs or kkt_tol_rel. GEMSEO stopped the driver.,0.0,20,0.15835884105873754,False,20,0.0,1013343881.5494995,,,3.005434456537094,,,,,,,,,,,,,,,,,,
opt_B15_2_8,B15,15 % biomass,15.0,1.35,2.8,min_surplus_loss,G2,blend_completeness_constraint,4,2050.0,-0.15843457554721468,0.0,0.15843457554721468,False,0.001,False,0.0,1e-10,0.10133438815494995,7.629313058476709e-16,1.225845967372496e-15,0.62237126535804,0.0,True,The KKT residual norm is smaller than the tolerance kkt_tol_abs or kkt_tol_rel. GEMSEO stopped the driver.,0.0,20,0.15835884105873754,False,20,0.0,1013343881.5494995,,,3.7453181345368614,,,,,,,,,,,,,,,,,,
opt_B15_2_8,B15,15 % biomass,15.0,1.35,2.8,min_surplus_loss,G3,biomass_trajectory_constraint,0,2030.0,-0.8054225612574755,0.0,0.8054225612574755,False,0.001,False,0.0,1e-10,0.10133438815494995,7.629313058476709e-16,1.225845967372496e-15,0.62237126535804,0.0,True,The KKT residual norm is smaller than the tolerance kkt_tol_abs or kkt_tol_rel. GEMSEO stopped the driver.,0.0,20,0.15835884105873754,False,20,0.0,1013343881.5494995,,,1.552969421732896,,1675243500000.0,1.6752435,0.0,0.0,0.0,0.0,,,,,,,,,,,
opt_B15_2_8,B15,15 % biomass,15.0,1.35,2.8,min_surplus_loss,G3,biomass_trajectory_constraint,1,2035.0,-0.5890674017185981,0.0,0.5890674017185981,False,0.001,False,0.0,1e-10,0.10133438815494995,7.629313058476709e-16,1.225845967372496e-15,0.62237126535804,0.0,True,The KKT residual norm is smaller than the tolerance kkt_tol_abs or kkt_tol_rel. GEMSEO stopped the driver.,0.0,20,0.15835884105873754,False,20,0.0,1013343881.5494995,,,1.9352824430911528,,1973813250000.0,1.97381325,0.0,0.0,0.0,0.0,,,,,,,,,,,
opt_B15_2_8,B15,15 % biomass,15.0,1.35,2.8,min_surplus_loss,G3,biomass_trajectory_constraint,2,2040.0,-0.11181903490186486,0.0,0.11181903490186486,False,0.001,False,0.0,1e-10,0.10133438815494995,7.629313058476709e-16,1.225845967372496e-15,0.62237126535804,0.0,True,The KKT residual norm is smaller than the tolerance kkt_tol_abs or kkt_tol_rel. GEMSEO stopped the driver.,0.0,20,0.15835884105873754,False,20,0.0,1013343881.5494995,,,2.411714024837406,,2272383000000.0,2.272383,0.0,0.0,0.0,0.0,,,,,,,,,,,
opt_B15_2_8,B15,15 % biomass,15.0,1.35,2.8,min_surplus_loss,G3,biomass_trajectory_constraint,3,2045.0,1.1656625962075396e-06,0.0,1.1656625962075396e-06,True,0.001,False,3.6346421064408383,1e-10,0.10133438815494995,7.629313058476709e-16,1.225845967372496e-15,0.62237126535804,0.0,True,The KKT residual norm is smaller than the tolerance kkt_tol_abs or kkt_tol_rel. GEMSEO stopped the driver.,0.0,20,0.15835884105873754,False,20,36346421064.40838,1013343881.5494995,,,3.005434456537094,,2318853000000.0,2.318853,15.674310128502487,15674310128.502487,47.10811174264974,47108111742.64974,,,,,,,,,,,
opt_B15_2_8,B15,15 % biomass,15.0,1.35,2.8,min_surplus_loss,G3,biomass_trajectory_constraint,4,2050.0,5.9498281228798075e-06,0.0,5.9498281228798075e-06,True,0.001,False,2.5444526059614545,1e-10,0.10133438815494995,7.629313058476709e-16,1.225845967372496e-15,0.62237126535804,0.0,True,The KKT residual norm is smaller than the tolerance kkt_tol_abs or kkt_tol_rel. GEMSEO stopped the driver.,0.0,20,0.15835884105873754,False,20,25444526059.614544,1013343881.5494995,,,3.7453181345368614,,2365323000000.0,2.365323,10.757315622270001,10757315622.27,40.28956927902452,40289569279.02451,,,,,,,,,,,
opt_B15_2_8,B15,15 % biomass,15.0,1.35,2.8,min_surplus_loss,G4,electricity_trajectory_constraint,0,2030.0,-0.9999999601477602,0.0,0.9999999601477602,False,0.001,False,0.0,1e-10,0.10133438815494995,7.629313058476709e-16,1.225845967372496e-15,0.62237126535804,0.0,True,The KKT residual norm is smaller than the tolerance kkt_tol_abs or kkt_tol_rel. GEMSEO stopped the driver.,0.0,20,0.15835884105873754,False,20,0.0,1013343881.5494995,,,1.552969421732896,,1065287574000.0001,1.065287574,0.0,0.0,0.0,0.0,,,,,,,,,,,
opt_B15_2_8,B15,15 % biomass,15.0,1.35,2.8,min_surplus_loss,G4,electricity_trajectory_constraint,1,2035.0,-0.999999968489037,0.0,0.999999968489037,False,0.001,False,0.0,1e-10,0.10133438815494995,7.629313058476709e-16,1.225845967372496e-15,0.62237126535804,0.0,True,The KKT residual norm is smaller than the tolerance kkt_tol_abs or kkt_tol_rel. GEMSEO stopped the driver.,0.0,20,0.15835884105873754,False,20,0.0,1013343881.5494995,,,1.9352824430911528,,1356710238000.0002,1.3567102380000002,0.0,0.0,0.0,0.0,,,,,,,,,,,
opt_B15_2_8,B15,15 % biomass,15.0,1.35,2.8,min_surplus_loss,G4,electricity_trajectory_constraint,2,2040.0,-0.9104035251512721,0.0,0.9104035251512721,False,0.001,False,0.0,1e-10,0.10133438815494995,7.629313058476709e-16,1.225845967372496e-15,0.62237126535804,0.0,True,The KKT residual norm is smaller than the tolerance kkt_tol_abs or kkt_tol_rel. GEMSEO stopped the driver.,0.0,20,0.15835884105873754,False,20,0.0,1013343881.5494995,,,2.411714024837406,,1648132902000.0002,1.6481329020000002,0.0,0.0,0.0,0.0,,,,,,,,,,,
opt_B15_2_8,B15,15 % biomass,15.0,1.35,2.8,min_surplus_loss,G4,electricity_trajectory_constraint,3,2045.0,-0.8061465731128458,0.0,0.8061465731128458,False,0.001,False,0.0,1e-10,0.10133438815494995,7.629313058476709e-16,1.225845967372496e-15,0.62237126535804,0.0,True,The KKT residual norm is smaller than the tolerance kkt_tol_abs or kkt_tol_rel. GEMSEO stopped the driver.,0.0,20,0.15835884105873754,False,20,0.0,1013343881.5494995,,,3.005434456537094,,1895265009000.0002,1.8952650090000003,0.0,0.0,0.0,0.0,,,,,,,,,,,
opt_B15_2_8,B15,15 % biomass,15.0,1.35,2.8,min_surplus_loss,G4,electricity_trajectory_constraint,4,2050.0,-0.573368827364925,0.0,0.573368827364925,False,0.001,False,0.0,1e-10,0.10133438815494995,7.629313058476709e-16,1.225845967372496e-15,0.62237126535804,0.0,True,The KKT residual norm is smaller than the tolerance kkt_tol_abs or kkt_tol_rel. GEMSEO stopped the driver.,0.0,20,0.15835884105873754,False,20,0.0,1013343881.5494995,,,3.7453181345368614,,2142397116000.0002,2.142397116,0.0,0.0,0.0,0.0,,,,,,,,,,,
opt_B15_2_8,B15,15 % biomass,15.0,1.35,2.8,min_surplus_loss,G5,biofuel_use_growth_constraint,0,2030.0,-9.850735353453842e-16,0.0,9.850735353453842e-16,True,0.001,False,3.1469155596764153,1e-10,0.10133438815494995,7.629313058476709e-16,1.225845967372496e-15,0.62237126535804,0.0,True,The KKT residual norm is smaller than the tolerance kkt_tol_abs or kkt_tol_rel. GEMSEO stopped the driver.,0.0,20,0.15835884105873754,False,20,31469155596.764153,1013343881.5494995,,,1.552969421732896,,,,,,,,volume,89799803521.1529,154900000000.0,36088527006.63617,203.15787990164074,1015789399508.2036,0.0,315.49797527133217,1577489876356.6606,0.0,
opt_B15_2_8,B15,15 % biomass,15.0,1.35,2.8,min_surplus_loss,G5,biofuel_use_growth_constraint,1,2035.0,-7.880588282763073e-16,0.0,7.880588282763073e-16,True,0.001,False,1.2348806582704115,1e-10,0.10133438815494995,7.629313058476709e-16,1.225845967372496e-15,0.62237126535804,0.0,True,The KKT residual norm is smaller than the tolerance kkt_tol_abs or kkt_tol_rel. GEMSEO stopped the driver.,0.0,20,0.15835884105873754,False,20,12348806582.704115,1013343881.5494995,,,1.9352824430911528,,,,,,,,rate,385440767999.9998,154900000000.0,154899999999.99997,79.72115289027835,0.0,128032426649.47624,154.2829475315412,0.0,247778907441.0872,
opt_B15_2_8,B15,15 % biomass,15.0,1.35,2.8,min_surplus_loss,G5,biofuel_use_growth_constraint,2,2040.0,1.5486103819815707e-06,0.0,1.5486103819815707e-06,True,0.001,False,0.3944416147528489,1e-10,0.10133438815494995,7.629313058476709e-16,1.225845967372496e-15,0.62237126535804,0.0,True,The KKT residual norm is smaller than the tolerance kkt_tol_abs or kkt_tol_rel. GEMSEO stopped the driver.,0.0,20,0.15835884105873754,False,20,3944416147.5284886,1013343881.5494995,,,2.411714024837406,,,,,,,,rate,959099971829.7599,154900000000.0,385440768000.00006,25.46427467739502,0.0,101761604690.64516,61.41254837178558,0.0,245419889222.38885,
opt_B15_2_8,B15,15 % biomass,15.0,1.35,2.8,min_surplus_loss,G5,biofuel_use_growth_constraint,3,2045.0,-8.293198412164159,0.0,8.293198412164159,False,0.001,False,0.0,1e-10,0.10133438815494995,7.629313058476709e-16,1.225845967372496e-15,0.62237126535804,0.0,True,The KKT residual norm is smaller than the tolerance kkt_tol_abs or kkt_tol_rel. GEMSEO stopped the driver.,0.0,20,0.15835884105873754,False,20,0.0,1013343881.5494995,,,3.005434456537094,,,,,,,,rate,2386547641903.3696,154900000000.0,959099971829.7367,0.0,0.0,0.0,0.0,0.0,0.0,
opt_B15_2_8,B15,15 % biomass,15.0,1.35,2.8,min_surplus_loss,G5,biofuel_use_growth_constraint,4,2050.0,-10.445054644877125,0.0,10.445054644877125,False,0.001,False,0.0,1e-10,0.10133438815494995,7.629313058476709e-16,1.225845967372496e-15,0.62237126535804,0.0,True,The KKT residual norm is smaller than the tolerance kkt_tol_abs or kkt_tol_rel. GEMSEO stopped the driver.,0.0,20,0.15835884105873754,False,20,0.0,1013343881.5494995,,,3.7453181345368614,,,,,,,,rate,2741955752233.5913,154900000000.0,1101930520284.2046,0.0,0.0,0.0,0.0,0.0,0.0,
opt_B15_2_8,B15,15 % biomass,15.0,1.35,2.8,min_surplus_loss,G6,electrofuel_use_growth_constraint,0,2030.0,-0.9999998803391968,0.0,0.9999998803391968,False,0.001,False,0.0,1e-10,0.10133438815494995,7.629313058476709e-16,1.225845967372496e-15,0.62237126535804,0.0,True,The KKT residual norm is smaller than the tolerance kkt_tol_abs or kkt_tol_rel. GEMSEO stopped the driver.,0.0,20,0.15835884105873754,False,20,0.0,1013343881.5494995,,,1.552969421732896,,,,,,,,volume,0.0,154900000000.0,0.0,0.0,0.0,0.0,0.0,0.0,0.0,
opt_B15_2_8,B15,15 % biomass,15.0,1.35,2.8,min_surplus_loss,G6,electrofuel_use_growth_constraint,1,2035.0,-0.9999998795016515,0.0,0.9999998795016515,False,0.001,False,0.0,1e-10,0.10133438815494995,7.629313058476709e-16,1.225845967372496e-15,0.62237126535804,0.0,True,The KKT residual norm is smaller than the tolerance kkt_tol_abs or kkt_tol_rel. GEMSEO stopped the driver.,0.0,20,0.15835884105873754,False,20,0.0,1013343881.5494995,,,1.9352824430911528,,,,,,,,volume,46122.15216951791,154900000000.0,18535.458530059608,0.0,0.0,0.0,0.0,0.0,0.0,
opt_B15_2_8,B15,15 % biomass,15.0,1.35,2.8,min_surplus_loss,G6,electrofuel_use_growth_constraint,2,2040.0,-0.5837871642826853,0.0,0.5837871642826853,False,0.001,False,0.0,1e-10,0.10133438815494995,7.629313058476709e-16,1.225845967372496e-15,0.62237126535804,0.0,True,The KKT residual norm is smaller than the tolerance kkt_tol_abs or kkt_tol_rel. GEMSEO stopped the driver.,0.0,20,0.15835884105873754,False,20,0.0,1013343881.5494995,,,2.411714024837406,,,,,,,,volume,46444.97797807738,154900000000.0,18665.19498218774,0.0,0.0,0.0,0.0,0.0,0.0,
opt_B15_2_8,B15,15 % biomass,15.0,1.35,2.8,min_surplus_loss,G6,electrofuel_use_growth_constraint,3,2045.0,-0.00010958414820317071,0.0,0.00010958414820317071,True,0.001,False,0.23140065221285672,1e-10,0.10133438815494995,7.629313058476709e-16,1.225845967372496e-15,0.62237126535804,0.0,True,The KKT residual norm is smaller than the tolerance kkt_tol_abs or kkt_tol_rel. GEMSEO stopped the driver.,0.0,20,0.15835884105873754,False,20,2314006522.128567,1013343881.5494995,,,3.005434456537094,,,,,,,,rate,160423658558.81702,154900000000.0,64470670395.615135,14.938712215161829,0.0,9985511948.80646,44.89732042773894,0.0,30010801677.1058,
opt_B15_2_8,B15,15 % biomass,15.0,1.35,2.8,min_surplus_loss,G6,electrofuel_use_growth_constraint,4,2050.0,-0.000576047172763694,0.0,0.000576047172763694,True,0.001,False,0.12773369716568572,1e-10,0.10133438815494995,7.629313058476709e-16,1.225845967372496e-15,0.62237126535804,0.0,True,The KKT residual norm is smaller than the tolerance kkt_tol_abs or kkt_tol_rel. GEMSEO stopped the driver.,0.0,20,0.15835884105873754,False,20,1277336971.6568573,1013343881.5494995,,,3.7453181345368614,,,,,,,,rate,399185397945.23315,154900000000.0,160423658510.6551,8.246203819605277,0.0,13715683971.944311,30.884656706654777,0.0,51369599907.6996,
opt_B15_3_0,B15,15 % biomass,15.0,1.35,3.0,min_surplus_loss,G1,aviation_carbon_budget_constraint,0,,1.2930457734189454e-08,0.0,1.2930457734189454e-08,True,0.0001,True,44.7237585626761,1e-10,-4.341079074653125,2.3469468764647177e-16,3.734071743236227e-16,0.6285221703937262,0.0,True,The KKT residual norm is smaller than the tolerance kkt_tol_abs or kkt_tol_rel. GEMSEO stopped the driver.,0.0,27,0.40560937447805995,False,26,447237585626.761,-43410790746.53125,2.985820834800208,149.78714744506337,,,,,,,,,,,,,,,,,,,
opt_B15_3_0,B15,15 % biomass,15.0,1.35,3.0,min_surplus_loss,G2,blend_completeness_constraint,0,2030.0,-0.9164204355603605,0.0,0.9164204355603605,False,0.0001,True,0.0,1e-10,-4.341079074653125,2.3469468764647177e-16,3.734071743236227e-16,0.6285221703937262,0.0,True,The KKT residual norm is smaller than the tolerance kkt_tol_abs or kkt_tol_rel. GEMSEO stopped the driver.,0.0,27,0.40560937447805995,False,26,0.0,-43410790746.53125,,,1.552969421732896,,,,,,,,,,,,,,,,,,
opt_B15_3_0,B15,15 % biomass,15.0,1.35,3.0,min_surplus_loss,G2,blend_completeness_constraint,1,2035.0,-0.7934875747072343,0.0,0.7934875747072343,False,0.0001,True,0.0,1e-10,-4.341079074653125,2.3469468764647177e-16,3.734071743236227e-16,0.6285221703937262,0.0,True,The KKT residual norm is smaller than the tolerance kkt_tol_abs or kkt_tol_rel. GEMSEO stopped the driver.,0.0,27,0.40560937447805995,False,26,0.0,-43410790746.53125,,,1.9352824430911528,,,,,,,,,,,,,,,,,,
opt_B15_3_0,B15,15 % biomass,15.0,1.35,3.0,min_surplus_loss,G2,blend_completeness_constraint,2,2040.0,-0.47005713159139234,0.0,0.47005713159139234,False,0.0001,True,0.0,1e-10,-4.341079074653125,2.3469468764647177e-16,3.734071743236227e-16,0.6285221703937262,0.0,True,The KKT residual norm is smaller than the tolerance kkt_tol_abs or kkt_tol_rel. GEMSEO stopped the driver.,0.0,27,0.40560937447805995,False,26,0.0,-43410790746.53125,,,2.411714024837406,,,,,,,,,,,,,,,,,,
opt_B15_3_0,B15,15 % biomass,15.0,1.35,3.0,min_surplus_loss,G2,blend_completeness_constraint,3,2045.0,-0.4057024199171129,0.0,0.4057024199171129,False,0.0001,True,0.0,1e-10,-4.341079074653125,2.3469468764647177e-16,3.734071743236227e-16,0.6285221703937262,0.0,True,The KKT residual norm is smaller than the tolerance kkt_tol_abs or kkt_tol_rel. GEMSEO stopped the driver.,0.0,27,0.40560937447805995,False,26,0.0,-43410790746.53125,,,3.005434456537094,,,,,,,,,,,,,,,,,,
opt_B15_3_0,B15,15 % biomass,15.0,1.35,3.0,min_surplus_loss,G2,blend_completeness_constraint,4,2050.0,-0.40559938447805977,0.0,0.40559938447805977,False,0.0001,True,0.0,1e-10,-4.341079074653125,2.3469468764647177e-16,3.734071743236227e-16,0.6285221703937262,0.0,True,The KKT residual norm is smaller than the tolerance kkt_tol_abs or kkt_tol_rel. GEMSEO stopped the driver.,0.0,27,0.40560937447805995,False,26,0.0,-43410790746.53125,,,3.7453181345368614,,,,,,,,,,,,,,,,,,
opt_B15_3_0,B15,15 % biomass,15.0,1.35,3.0,min_surplus_loss,G3,biomass_trajectory_constraint,0,2030.0,-0.8054225612605248,0.0,0.8054225612605248,False,0.0001,True,0.0,1e-10,-4.341079074653125,2.3469468764647177e-16,3.734071743236227e-16,0.6285221703937262,0.0,True,The KKT residual norm is smaller than the tolerance kkt_tol_abs or kkt_tol_rel. GEMSEO stopped the driver.,0.0,27,0.40560937447805995,False,26,0.0,-43410790746.53125,,,1.552969421732896,,1675243500000.0,1.6752435,0.0,0.0,0.0,0.0,,,,,,,,,,,
opt_B15_3_0,B15,15 % biomass,15.0,1.35,3.0,min_surplus_loss,G3,biomass_trajectory_constraint,1,2035.0,-0.58906740179468,0.0,0.58906740179468,False,0.0001,True,0.0,1e-10,-4.341079074653125,2.3469468764647177e-16,3.734071743236227e-16,0.6285221703937262,0.0,True,The KKT residual norm is smaller than the tolerance kkt_tol_abs or kkt_tol_rel. GEMSEO stopped the driver.,0.0,27,0.40560937447805995,False,26,0.0,-43410790746.53125,,,1.9352824430911528,,1973813250000.0,1.97381325,0.0,0.0,0.0,0.0,,,,,,,,,,,
opt_B15_3_0,B15,15 % biomass,15.0,1.35,3.0,min_surplus_loss,G3,biomass_trajectory_constraint,2,2040.0,-0.1118192590159967,0.0,0.1118192590159967,False,0.0001,True,0.0,1e-10,-4.341079074653125,2.3469468764647177e-16,3.734071743236227e-16,0.6285221703937262,0.0,True,The KKT residual norm is smaller than the tolerance kkt_tol_abs or kkt_tol_rel. GEMSEO stopped the driver.,0.0,27,0.40560937447805995,False,26,0.0,-43410790746.53125,,,2.411714024837406,,2272383000000.0,2.272383,0.0,0.0,0.0,0.0,,,,,,,,,,,
opt_B15_3_0,B15,15 % biomass,15.0,1.35,3.0,min_surplus_loss,G3,biomass_trajectory_constraint,3,2045.0,-2.842170943040401e-16,0.0,2.842170943040401e-16,True,0.0001,True,2.3516968563987284,1e-10,-4.341079074653125,2.3469468764647177e-16,3.734071743236227e-16,0.6285221703937262,0.0,True,The KKT residual norm is smaller than the tolerance kkt_tol_abs or kkt_tol_rel. GEMSEO stopped the driver.,0.0,27,0.40560937447805995,False,26,23516968563.98728,-43410790746.53125,,,3.005434456537094,,2318853000000.0,2.318853,10.141638372068984,10141638372.068985,30.480029409154888,30480029409.15489,,,,,,,,,,,
opt_B15_3_0,B15,15 % biomass,15.0,1.35,3.0,min_surplus_loss,G3,biomass_trajectory_constraint,4,2050.0,9.457156124881293e-09,0.0,9.457156124881293e-09,True,0.0001,True,1.7757346088562298,1e-10,-4.341079074653125,2.3469468764647177e-16,3.734071743236227e-16,0.6285221703937262,0.0,True,The KKT residual norm is smaller than the tolerance kkt_tol_abs or kkt_tol_rel. GEMSEO stopped the driver.,0.0,27,0.40560937447805995,False,26,17757346088.562298,-43410790746.53125,,,3.7453181345368614,,2365323000000.0,2.365323,7.507366261843434,7507366261.843434,28.117475003092423,28117475003.092422,,,,,,,,,,,
opt_B15_3_0,B15,15 % biomass,15.0,1.35,3.0,min_surplus_loss,G4,electricity_trajectory_constraint,0,2030.0,-0.9999999601477575,0.0,0.9999999601477575,False,0.0001,True,0.0,1e-10,-4.341079074653125,2.3469468764647177e-16,3.734071743236227e-16,0.6285221703937262,0.0,True,The KKT residual norm is smaller than the tolerance kkt_tol_abs or kkt_tol_rel. GEMSEO stopped the driver.,0.0,27,0.40560937447805995,False,26,0.0,-43410790746.53125,,,1.552969421732896,,1065287574000.0001,1.065287574,0.0,0.0,0.0,0.0,,,,,,,,,,,
opt_B15_3_0,B15,15 % biomass,15.0,1.35,3.0,min_surplus_loss,G4,electricity_trajectory_constraint,1,2035.0,-0.9999999684890342,0.0,0.9999999684890342,False,0.0001,True,0.0,1e-10,-4.341079074653125,2.3469468764647177e-16,3.734071743236227e-16,0.6285221703937262,0.0,True,The KKT residual norm is smaller than the tolerance kkt_tol_abs or kkt_tol_rel. GEMSEO stopped the driver.,0.0,27,0.40560937447805995,False,26,0.0,-43410790746.53125,,,1.9352824430911528,,1356710238000.0002,1.3567102380000002,0.0,0.0,0.0,0.0,,,,,,,,,,,
opt_B15_3_0,B15,15 % biomass,15.0,1.35,3.0,min_surplus_loss,G4,electricity_trajectory_constraint,2,2040.0,-0.9999999748483145,0.0,0.9999999748483145,False,0.0001,True,0.0,1e-10,-4.341079074653125,2.3469468764647177e-16,3.734071743236227e-16,0.6285221703937262,0.0,True,The KKT residual norm is smaller than the tolerance kkt_tol_abs or kkt_tol_rel. GEMSEO stopped the driver.,0.0,27,0.40560937447805995,False,26,0.0,-43410790746.53125,,,2.411714024837406,,1648132902000.0002,1.6481329020000002,0.0,0.0,0.0,0.0,,,,,,,,,,,
opt_B15_3_0,B15,15 % biomass,15.0,1.35,3.0,min_surplus_loss,G4,electricity_trajectory_constraint,3,2045.0,-0.9999999775919569,0.0,0.9999999775919569,False,0.0001,True,0.0,1e-10,-4.341079074653125,2.3469468764647177e-16,3.734071743236227e-16,0.6285221703937262,0.0,True,The KKT residual norm is smaller than the tolerance kkt_tol_abs or kkt_tol_rel. GEMSEO stopped the driver.,0.0,27,0.40560937447805995,False,26,0.0,-43410790746.53125,,,3.005434456537094,,1895265009000.0002,1.8952650090000003,0.0,0.0,0.0,0.0,,,,,,,,,,,
opt_B15_3_0,B15,15 % biomass,15.0,1.35,3.0,min_surplus_loss,G4,electricity_trajectory_constraint,4,2050.0,-0.9720374950211246,0.0,0.9720374950211246,False,0.0001,True,0.0,1e-10,-4.341079074653125,2.3469468764647177e-16,3.734071743236227e-16,0.6285221703937262,0.0,True,The KKT residual norm is smaller than the tolerance kkt_tol_abs or kkt_tol_rel. GEMSEO stopped the driver.,0.0,27,0.40560937447805995,False,26,0.0,-43410790746.53125,,,3.7453181345368614,,2142397116000.0002,2.142397116,0.0,0.0,0.0,0.0,,,,,,,,,,,
opt_B15_3_0,B15,15 % biomass,15.0,1.35,3.0,min_surplus_loss,G5,biofuel_use_growth_constraint,0,2030.0,-1.6221599935946577e-11,0.0,1.6221599935946577e-11,True,0.0001,True,1.2304064867544384,1e-10,-4.341079074653125,2.3469468764647177e-16,3.734071743236227e-16,0.6285221703937262,0.0,True,The KKT residual norm is smaller than the tolerance kkt_tol_abs or kkt_tol_rel. GEMSEO stopped the driver.,0.0,27,0.40560937447805995,False,26,12304064867.544384,-43410790746.53125,,,1.552969421732896,,,,,,,,volume,89799803521.1529,154900000000.0,36088527006.63617,79.43231031339177,397161551566.95874,0.0,123.35594901429596,616779745071.4796,0.0,
opt_B15_3_0,B15,15 % biomass,15.0,1.35,3.0,min_surplus_loss,G5,biofuel_use_growth_constraint,1,2035.0,-4.2316276693128633e-10,0.0,4.2316276693128633e-10,True,0.0001,True,0.5484668508303941,1e-10,-4.341079074653125,2.3469468764647177e-16,3.734071743236227e-16,0.6285221703937262,0.0,True,The KKT residual norm is smaller than the tolerance kkt_tol_abs or kkt_tol_rel. GEMSEO stopped the driver.,0.0,27,0.40560937447805995,False,26,5484668508.303942,-43410790746.53125,,,1.9352824430911528,,,,,,,,rate,385440767993.74744,154900000000.0,154899999997.48727,35.407801861226226,0.0,56865043093.17282,68.52409729048136,0.0,110049919523.83919,
opt_B15_3_0,B15,15 % biomass,15.0,1.35,3.0,min_surplus_loss,G5,biofuel_use_growth_constraint,2,2040.0,-1.2598403329769205e-08,0.0,1.2598403329769205e-08,True,0.0001,True,0.19971584684974295,1e-10,-4.341079074653125,2.3469468764647177e-16,3.734071743236227e-16,0.6285221703937262,0.0,True,The KKT residual norm is smaller than the tolerance kkt_tol_abs or kkt_tol_rel. GEMSEO stopped the driver.,0.0,27,0.40560937447805995,False,26,1997158468.4974294,-43410790746.53125,,,2.411714024837406,,,,,,,,rate,959099971651.0972,154900000000.0,385440767928.1995,12.893211546142217,0.0,51524495118.31917,31.094739111026758,0.0,124262347499.51678,
opt_B15_3_0,B15,15 % biomass,15.0,1.35,3.0,min_surplus_loss,G5,biofuel_use_growth_constraint,3,2045.0,-8.293202816815509,0.0,8.293202816815509,False,0.0001,True,0.0,1e-10,-4.341079074653125,2.3469468764647177e-16,3.734071743236227e-16,0.6285221703937262,0.0,True,The KKT residual norm is smaller than the tolerance kkt_tol_abs or kkt_tol_rel. GEMSEO stopped the driver.,0.0,27,0.40560937447805995,False,26,0.0,-43410790746.53125,,,3.005434456537094,,,,,,,,rate,2386547636602.9194,154900000000.0,959099969699.6045,0.0,0.0,0.0,0.0,0.0,0.0,
opt_B15_3_0,B15,15 % biomass,15.0,1.35,3.0,min_surplus_loss,G5,biofuel_use_growth_constraint,4,2050.0,-10.445077116548182,0.0,10.445077116548182,False,0.0001,True,0.0,1e-10,-4.341079074653125,2.3469468764647177e-16,3.734071743236227e-16,0.6285221703937262,0.0,True,The KKT residual norm is smaller than the tolerance kkt_tol_abs or kkt_tol_rel. GEMSEO stopped the driver.,0.0,27,0.40560937447805995,False,26,0.0,-43410790746.53125,,,3.7453181345368614,,,,,,,,rate,2741955752218.643,154900000000.0,1101930520278.1973,0.0,0.0,0.0,0.0,0.0,0.0,
opt_B15_3_0,B15,15 % biomass,15.0,1.35,3.0,min_surplus_loss,G6,electrofuel_use_growth_constraint,0,2030.0,-0.9999998803391886,0.0,0.9999998803391886,False,0.0001,True,0.0,1e-10,-4.341079074653125,2.3469468764647177e-16,3.734071743236227e-16,0.6285221703937262,0.0,True,The KKT residual norm is smaller than the tolerance kkt_tol_abs or kkt_tol_rel. GEMSEO stopped the driver.,0.0,27,0.40560937447805995,False,26,0.0,-43410790746.53125,,,1.552969421732896,,,,,,,,volume,0.0,154900000000.0,0.0,0.0,0.0,0.0,0.0,0.0,0.0,
opt_B15_3_0,B15,15 % biomass,15.0,1.35,3.0,min_surplus_loss,G6,electrofuel_use_growth_constraint,1,2035.0,-0.9999998795016405,0.0,0.9999998795016405,False,0.0001,True,0.0,1e-10,-4.341079074653125,2.3469468764647177e-16,3.734071743236227e-16,0.6285221703937262,0.0,True,The KKT residual norm is smaller than the tolerance kkt_tol_abs or kkt_tol_rel. GEMSEO stopped the driver.,0.0,27,0.40560937447805995,False,26,0.0,-43410790746.53125,,,1.9352824430911528,,,,,,,,volume,46122.15501606478,154900000000.0,18535.459674022954,0.0,0.0,0.0,0.0,0.0,0.0,
opt_B15_3_0,B15,15 % biomass,15.0,1.35,3.0,min_surplus_loss,G6,electrofuel_use_growth_constraint,2,2040.0,-0.9999998831599755,0.0,0.9999998831599755,False,0.0001,True,0.0,1e-10,-4.341079074653125,2.3469468764647177e-16,3.734071743236227e-16,0.6285221703937262,0.0,True,The KKT residual norm is smaller than the tolerance kkt_tol_abs or kkt_tol_rel. GEMSEO stopped the driver.,0.0,27,0.40560937447805995,False,26,0.0,-43410790746.53125,,,2.411714024837406,,,,,,,,volume,46444.980255224196,154900000000.0,18665.19589732197,0.0,0.0,0.0,0.0,0.0,0.0,
opt_B15_3_0,B15,15 % biomass,15.0,1.35,3.0,min_surplus_loss,G6,electrofuel_use_growth_constraint,3,2045.0,-0.9999998802966811,0.0,0.9999998802966811,False,0.0001,True,0.0,1e-10,-4.341079074653125,2.3469468764647177e-16,3.734071743236227e-16,0.6285221703937262,0.0,True,The KKT residual norm is smaller than the tolerance kkt_tol_abs or kkt_tol_rel. GEMSEO stopped the driver.,0.0,27,0.40560937447805995,False,26,0.0,-43410790746.53125,,,3.005434456537094,,,,,,,,volume,45034.908812031266,154900000000.0,18098.51980936185,0.0,0.0,0.0,0.0,0.0,0.0,
opt_B15_3_0,B15,15 % biomass,15.0,1.35,3.0,min_surplus_loss,G6,electrofuel_use_growth_constraint,4,2050.0,-0.8311471611124196,0.0,0.8311471611124196,False,0.0001,True,0.0,1e-10,-4.341079074653125,2.3469468764647177e-16,3.734071743236227e-16,0.6285221703937262,0.0,True,The KKT residual norm is smaller than the tolerance kkt_tol_abs or kkt_tol_rel. GEMSEO stopped the driver.,0.0,27,0.40560937447805995,False,26,0.0,-43410790746.53125,,,3.7453181345368614,,,,,,,,volume,46138.53919187014,154900000000.0,18542.0441068151,0.0,0.0,0.0,0.0,0.0,0.0,
opt_B15_3_2,B15,15 % biomass,15.0,1.35,3.2,min_surplus_loss,G1,aviation_carbon_budget_constraint,0,,2.594858865332519e-05,0.0,2.594858865332519e-05,True,0.0003,False,41.54761692934473,1e-10,-7.561432975254688,1.4621156719869436e-16,2.290993541801423e-16,0.638201568581146,0.0,True,The KKT residual norm is smaller than the tolerance kkt_tol_abs or kkt_tol_rel. GEMSEO stopped the driver.,0.0,28,0.40571241991753854,False,27,415476169293.44727,-75614329752.54688,3.2334096710122635,128.4947506089993,,,,,,,,,,,,,,,,,,,
opt_B15_3_2,B15,15 % biomass,15.0,1.35,3.2,min_surplus_loss,G2,blend_completeness_constraint,0,2030.0,-0.9487496460515097,0.0,0.9487496460515097,False,0.0003,False,0.0,1e-10,-7.561432975254688,1.4621156719869436e-16,2.290993541801423e-16,0.638201568581146,0.0,True,The KKT residual norm is smaller than the tolerance kkt_tol_abs or kkt_tol_rel. GEMSEO stopped the driver.,0.0,28,0.40571241991753854,False,27,0.0,-75614329752.54688,,,1.552969421732896,,,,,,,,,,,,,,,,,,
opt_B15_3_2,B15,15 % biomass,15.0,1.35,3.2,min_surplus_loss,G2,blend_completeness_constraint,1,2035.0,-0.8743796029528613,0.0,0.8743796029528613,False,0.0003,False,0.0,1e-10,-7.561432975254688,1.4621156719869436e-16,2.290993541801423e-16,0.638201568581146,0.0,True,The KKT residual norm is smaller than the tolerance kkt_tol_abs or kkt_tol_rel. GEMSEO stopped the driver.,0.0,28,0.40571241991753854,False,27,0.0,-75614329752.54688,,,1.9352824430911528,,,,,,,,,,,,,,,,,,
opt_B15_3_2,B15,15 % biomass,15.0,1.35,3.2,min_surplus_loss,G2,blend_completeness_constraint,2,2040.0,-0.6835582639689451,0.0,0.6835582639689451,False,0.0003,False,0.0,1e-10,-7.561432975254688,1.4621156719869436e-16,2.290993541801423e-16,0.638201568581146,0.0,True,The KKT residual norm is smaller than the tolerance kkt_tol_abs or kkt_tol_rel. GEMSEO stopped the driver.,0.0,28,0.40571241991753854,False,27,0.0,-75614329752.54688,,,2.411714024837406,,,,,,,,,,,,,,,,,,
opt_B15_3_2,B15,15 % biomass,15.0,1.35,3.2,min_surplus_loss,G2,blend_completeness_constraint,3,2045.0,-0.4057024199175344,0.0,0.4057024199175344,False,0.0003,False,0.0,1e-10,-7.561432975254688,1.4621156719869436e-16,2.290993541801423e-16,0.638201568581146,0.0,True,The KKT residual norm is smaller than the tolerance kkt_tol_abs or kkt_tol_rel. GEMSEO stopped the driver.,0.0,28,0.40571241991753854,False,27,0.0,-75614329752.54688,,,3.005434456537094,,,,,,,,,,,,,,,,,,
opt_B15_3_2,B15,15 % biomass,15.0,1.35,3.2,min_surplus_loss,G2,blend_completeness_constraint,4,2050.0,-0.4217685975004732,0.0,0.4217685975004732,False,0.0003,False,0.0,1e-10,-7.561432975254688,1.4621156719869436e-16,2.290993541801423e-16,0.638201568581146,0.0,True,The KKT residual norm is smaller than the tolerance kkt_tol_abs or kkt_tol_rel. GEMSEO stopped the driver.,0.0,28,0.40571241991753854,False,27,0.0,-75614329752.54688,,,3.7453181345368614,,,,,,,,,,,,,,,,,,
opt_B15_3_2,B15,15 % biomass,15.0,1.35,3.2,min_surplus_loss,G3,biomass_trajectory_constraint,0,2030.0,-0.8799391343694252,0.0,0.8799391343694252,False,0.0003,False,0.0,1e-10,-7.561432975254688,1.4621156719869436e-16,2.290993541801423e-16,0.638201568581146,0.0,True,The KKT residual norm is smaller than the tolerance kkt_tol_abs or kkt_tol_rel. GEMSEO stopped the driver.,0.0,28,0.40571241991753854,False,27,0.0,-75614329752.54688,,,1.552969421732896,,1675243500000.0,1.6752435,0.0,0.0,0.0,0.0,,,,,,,,,,,
opt_B15_3_2,B15,15 % biomass,15.0,1.35,3.2,min_surplus_loss,G3,biomass_trajectory_constraint,1,2035.0,-0.7464443438519643,0.0,0.7464443438519643,False,0.0003,False,0.0,1e-10,-7.561432975254688,1.4621156719869436e-16,2.290993541801423e-16,0.638201568581146,0.0,True,The KKT residual norm is smaller than the tolerance kkt_tol_abs or kkt_tol_rel. GEMSEO stopped the driver.,0.0,28,0.40571241991753854,False,27,0.0,-75614329752.54688,,,1.9352824430911528,,1973813250000.0,1.97381325,0.0,0.0,0.0,0.0,,,,,,,,,,,
opt_B15_3_2,B15,15 % biomass,15.0,1.35,3.2,min_surplus_loss,G3,biomass_trajectory_constraint,2,2040.0,-0.45198846040208596,0.0,0.45198846040208596,False,0.0003,False,0.0,1e-10,-7.561432975254688,1.4621156719869436e-16,2.290993541801423e-16,0.638201568581146,0.0,True,The KKT residual norm is smaller than the tolerance kkt_tol_abs or kkt_tol_rel. GEMSEO stopped the driver.,0.0,28,0.40571241991753854,False,27,0.0,-75614329752.54688,,,2.411714024837406,,2272383000000.0,2.272383,0.0,0.0,0.0,0.0,,,,,,,,,,,
opt_B15_3_2,B15,15 % biomass,15.0,1.35,3.2,min_surplus_loss,G3,biomass_trajectory_constraint,3,2045.0,9.094947017729283e-15,0.0,9.094947017729283e-15,True,0.0003,False,1.424933815871646,1e-10,-7.561432975254688,1.4621156719869436e-16,2.290993541801423e-16,0.638201568581146,0.0,True,The KKT residual norm is smaller than the tolerance kkt_tol_abs or kkt_tol_rel. GEMSEO stopped the driver.,0.0,28,0.40571241991753854,False,27,14249338158.71646,-75614329752.54688,,,3.005434456537094,,2318853000000.0,2.318853,6.144994166821467,6144994166.821467,18.46837720418469,18468377204.18469,,,,,,,,,,,
opt_B15_3_2,B15,15 % biomass,15.0,1.35,3.2,min_surplus_loss,G3,biomass_trajectory_constraint,4,2050.0,7.168939688568799e-06,0.0,7.168939688568799e-06,True,0.0003,False,1.2095364357223102,1e-10,-7.561432975254688,1.4621156719869436e-16,2.290993541801423e-16,0.638201568581146,0.0,True,The KKT residual norm is smaller than the tolerance kkt_tol_abs or kkt_tol_rel. GEMSEO stopped the driver.,0.0,28,0.40571241991753854,False,27,12095364357.2231,-75614329752.54688,,,3.7453181345368614,,2365323000000.0,2.365323,5.113620574113177,5113620574.113176,19.152135869366877,19152135869.366875,,,,,,,,,,,
opt_B15_3_2,B15,15 % biomass,15.0,1.35,3.2,min_surplus_loss,G4,electricity_trajectory_constraint,0,2030.0,-0.999999959895069,0.0,0.999999959895069,False,0.0003,False,0.0,1e-10,-7.561432975254688,1.4621156719869436e-16,2.290993541801423e-16,0.638201568581146,0.0,True,The KKT residual norm is smaller than the tolerance kkt_tol_abs or kkt_tol_rel. GEMSEO stopped the driver.,0.0,28,0.40571241991753854,False,27,0.0,-75614329752.54688,,,1.552969421732896,,1065287574000.0001,1.065287574,0.0,0.0,0.0,0.0,,,,,,,,,,,
opt_B15_3_2,B15,15 % biomass,15.0,1.35,3.2,min_surplus_loss,G4,electricity_trajectory_constraint,1,2035.0,-0.9999999680357906,0.0,0.9999999680357906,False,0.0003,False,0.0,1e-10,-7.561432975254688,1.4621156719869436e-16,2.290993541801423e-16,0.638201568581146,0.0,True,The KKT residual norm is smaller than the tolerance kkt_tol_abs or kkt_tol_rel. GEMSEO stopped the driver.,0.0,28,0.40571241991753854,False,27,0.0,-75614329752.54688,,,1.9352824430911528,,1356710238000.0002,1.3567102380000002,0.0,0.0,0.0,0.0,,,,,,,,,,,
opt_B15_3_2,B15,15 % biomass,15.0,1.35,3.2,min_surplus_loss,G4,electricity_trajectory_constraint,2,2040.0,-0.9999999740106006,0.0,0.9999999740106006,False,0.0003,False,0.0,1e-10,-7.561432975254688,1.4621156719869436e-16,2.290993541801423e-16,0.638201568581146,0.0,True,The KKT residual norm is smaller than the tolerance kkt_tol_abs or kkt_tol_rel. GEMSEO stopped the driver.,0.0,28,0.40571241991753854,False,27,0.0,-75614329752.54688,,,2.411714024837406,,1648132902000.0002,1.6481329020000002,0.0,0.0,0.0,0.0,,,,,,,,,,,
opt_B15_3_2,B15,15 % biomass,15.0,1.35,3.2,min_surplus_loss,G4,electricity_trajectory_constraint,3,2045.0,-0.9999999775919592,0.0,0.9999999775919592,False,0.0003,False,0.0,1e-10,-7.561432975254688,1.4621156719869436e-16,2.290993541801423e-16,0.638201568581146,0.0,True,The KKT residual norm is smaller than the tolerance kkt_tol_abs or kkt_tol_rel. GEMSEO stopped the driver.,0.0,28,0.40571241991753854,False,27,0.0,-75614329752.54688,,,3.005434456537094,,1895265009000.0002,1.8952650090000003,0.0,0.0,0.0,0.0,,,,,,,,,,,
opt_B15_3_2,B15,15 % biomass,15.0,1.35,3.2,min_surplus_loss,G4,electricity_trajectory_constraint,4,2050.0,-0.9999999792175522,0.0,0.9999999792175522,False,0.0003,False,0.0,1e-10,-7.561432975254688,1.4621156719869436e-16,2.290993541801423e-16,0.638201568581146,0.0,True,The KKT residual norm is smaller than the tolerance kkt_tol_abs or kkt_tol_rel. GEMSEO stopped the driver.,0.0,28,0.40571241991753854,False,27,0.0,-75614329752.54688,,,3.7453181345368614,,2142397116000.0002,2.142397116,0.0,0.0,0.0,0.0,,,,,,,,,,,
opt_B15_3_2,B15,15 % biomass,15.0,1.35,3.2,min_surplus_loss,G5,biofuel_use_growth_constraint,0,2030.0,-0.3829661526722065,0.0,0.3829661526722065,False,0.0003,False,0.0,1e-10,-7.561432975254688,1.4621156719869436e-16,2.290993541801423e-16,0.638201568581146,0.0,True,The KKT residual norm is smaller than the tolerance kkt_tol_abs or kkt_tol_rel. GEMSEO stopped the driver.,0.0,28,0.40571241991753854,False,27,0.0,-75614329752.54688,,,1.552969421732896,,,,,,,,volume,89799803521.1529,154900000000.0,36088527006.63617,0.0,0.0,0.0,0.0,0.0,0.0,
opt_B15_3_2,B15,15 % biomass,15.0,1.35,3.2,min_surplus_loss,G5,biofuel_use_growth_constraint,1,2035.0,-2.21984998271787e-05,0.0,2.21984998271787e-05,True,0.0003,False,0.10820226424706,1e-10,-7.561432975254688,1.4621156719869436e-16,2.290993541801423e-16,0.638201568581146,0.0,True,The KKT residual norm is smaller than the tolerance kkt_tol_abs or kkt_tol_rel. GEMSEO stopped the driver.,0.0,28,0.40571241991753854,False,27,1082022642.4706,-75614329752.54688,,,1.9352824430911528,,,,,,,,rate,237875135079.50073,154900000000.0,95596681728.83745,6.985297885542931,0.0,6923452825.391983,13.518524357652987,0.0,13398836698.550941,
opt_B15_3_2,B15,15 % biomass,15.0,1.35,3.2,min_surplus_loss,G5,biofuel_use_growth_constraint,2,2040.0,-0.0001263039884484761,0.0,0.0001263039884484761,True,0.0003,False,0.07362758650211011,1e-10,-7.561432975254688,1.4621156719869436e-16,2.290993541801423e-16,0.638201568581146,0.0,True,The KKT residual norm is smaller than the tolerance kkt_tol_abs or kkt_tol_rel. GEMSEO stopped the driver.,0.0,28,0.40571241991753854,False,27,736275865.0211011,-75614329752.54688,,,2.411714024837406,,,,,,,,rate,591909455773.179,154900000000.0,237875134939.70996,4.753233473344746,0.0,11722849326.543108,11.46343983099214,0.0,28272160131.879753,
opt_B15_3_2,B15,15 % biomass,15.0,1.35,3.2,min_surplus_loss,G5,biofuel_use_growth_constraint,3,2045.0,-2.3923833424819883,0.0,2.3923833424819883,False,0.0003,False,0.0,1e-10,-7.561432975254688,1.4621156719869436e-16,2.290993541801423e-16,0.638201568581146,0.0,True,The KKT residual norm is smaller than the tolerance kkt_tol_abs or kkt_tol_rel. GEMSEO stopped the driver.,0.0,28,0.40571241991753854,False,27,0.0,-75614329752.54688,,,3.005434456537094,,,,,,,,rate,1472860134096.397,154900000000.0,591909454610.4991,0.0,0.0,0.0,0.0,0.0,0.0,
opt_B15_3_2,B15,15 % biomass,15.0,1.35,3.2,min_surplus_loss,G5,biofuel_use_growth_constraint,4,2050.0,-10.445025164606639,0.0,10.445025164606639,False,0.0003,False,0.0,1e-10,-7.561432975254688,1.4621156719869436e-16,2.290993541801423e-16,0.638201568581146,0.0,True,The KKT residual norm is smaller than the tolerance kkt_tol_abs or kkt_tol_rel. GEMSEO stopped the driver.,0.0,28,0.40571241991753854,False,27,0.0,-75614329752.54688,,,3.7453181345368614,,,,,,,,rate,2741955752216.684,154900000000.0,1101930520277.41,0.0,0.0,0.0,0.0,0.0,0.0,
opt_B15_3_2,B15,15 % biomass,15.0,1.35,3.2,min_surplus_loss,G6,electrofuel_use_growth_constraint,0,2030.0,-0.9999998795804634,0.0,0.9999998795804634,False,0.0003,False,0.0,1e-10,-7.561432975254688,1.4621156719869436e-16,2.290993541801423e-16,0.638201568581146,0.0,True,The KKT residual norm is smaller than the tolerance kkt_tol_abs or kkt_tol_rel. GEMSEO stopped the driver.,0.0,28,0.40571241991753854,False,27,0.0,-75614329752.54688,,,1.552969421732896,,,,,,,,volume,0.0,154900000000.0,0.0,0.0,0.0,0.0,0.0,0.0,0.0,
opt_B15_3_2,B15,15 % biomass,15.0,1.35,3.2,min_surplus_loss,G6,electrofuel_use_growth_constraint,1,2035.0,-0.9999998777684314,0.0,0.9999998777684314,False,0.0003,False,0.0,1e-10,-7.561432975254688,1.4621156719869436e-16,2.290993541801423e-16,0.638201568581146,0.0,True,The KKT residual norm is smaller than the tolerance kkt_tol_abs or kkt_tol_rel. GEMSEO stopped the driver.,0.0,28,0.40571241991753854,False,27,0.0,-75614329752.54688,,,1.9352824430911528,,,,,,,,volume,46414.50916981607,154900000000.0,18652.950251501446,0.0,0.0,0.0,0.0,0.0,0.0,
opt_B15_3_2,B15,15 % biomass,15.0,1.35,3.2,min_surplus_loss,G6,electrofuel_use_growth_constraint,2,2040.0,-0.999999879268446,0.0,0.999999879268446,False,0.0003,False,0.0,1e-10,-7.561432975254688,1.4621156719869436e-16,2.290993541801423e-16,0.638201568581146,0.0,True,The KKT residual norm is smaller than the tolerance kkt_tol_abs or kkt_tol_rel. GEMSEO stopped the driver.,0.0,28,0.40571241991753854,False,27,0.0,-75614329752.54688,,,2.411714024837406,,,,,,,,volume,47112.80942421881,154900000000.0,18933.581462279297,0.0,0.0,0.0,0.0,0.0,0.0,
opt_B15_3_2,B15,15 % biomass,15.0,1.35,3.2,min_surplus_loss,G6,electrofuel_use_growth_constraint,3,2045.0,-0.9999998802966933,0.0,0.9999998802966933,False,0.0003,False,0.0,1e-10,-7.561432975254688,1.4621156719869436e-16,2.290993541801423e-16,0.638201568581146,0.0,True,The KKT residual norm is smaller than the tolerance kkt_tol_abs or kkt_tol_rel. GEMSEO stopped the driver.,0.0,28,0.40571241991753854,False,27,0.0,-75614329752.54688,,,3.005434456537094,,,,,,,,volume,46534.28660392853,154900000000.0,18701.086115904924,0.0,0.0,0.0,0.0,0.0,0.0,
opt_B15_3_2,B15,15 % biomass,15.0,1.35,3.2,min_surplus_loss,G6,electrofuel_use_growth_constraint,4,2050.0,-0.9999998745042584,0.0,0.9999998745042584,False,0.0003,False,0.0,1e-10,-7.561432975254688,1.4621156719869436e-16,2.290993541801423e-16,0.638201568581146,0.0,True,The KKT residual norm is smaller than the tolerance kkt_tol_abs or kkt_tol_rel. GEMSEO stopped the driver.,0.0,28,0.40571241991753854,False,27,0.0,-75614329752.54688,,,3.7453181345368614,,,,,,,,volume,46138.53444446464,154900000000.0,18542.042198939303,0.0,0.0,0.0,0.0,0.0,0.0,
opt_B15_3_4,B15,15 % biomass,15.0,1.35,3.4,min_surplus_loss,G1,aviation_carbon_budget_constraint,0,,3.72813385893706e-06,0.0,3.72813385893706e-06,True,0.0001,True,36.767189669591446,1e-10,-10.489250543830344,1.193812447098184e-16,1.8469735221083962e-16,0.646361430095326,0.0,True,The KKT residual norm is smaller than the tolerance kkt_tol_abs or kkt_tol_rel. GEMSEO stopped the driver.,0.0,34,0.4217830705539135,False,32,367671896695.9144,-104892505438.30344,3.480998507224318,105.62253788183581,,,,,,,,,,,,,,,,,,,
opt_B15_3_4,B15,15 % biomass,15.0,1.35,3.4,min_surplus_loss,G2,blend_completeness_constraint,0,2030.0,-0.97998999,0.0,0.97998999,False,0.0001,True,0.0,1e-10,-10.489250543830344,1.193812447098184e-16,1.8469735221083962e-16,0.646361430095326,0.0,True,The KKT residual norm is smaller than the tolerance kkt_tol_abs or kkt_tol_rel. GEMSEO stopped the driver.,0.0,34,0.4217830705539135,False,32,0.0,-104892505438.30344,,,1.552969421732896,,,,,,,,,,,,,,,,,,
opt_B15_3_4,B15,15 % biomass,15.0,1.35,3.4,min_surplus_loss,G2,blend_completeness_constraint,1,2035.0,-0.9247624345487427,0.0,0.9247624345487427,False,0.0001,True,0.0,1e-10,-10.489250543830344,1.193812447098184e-16,1.8469735221083962e-16,0.646361430095326,0.0,True,The KKT residual norm is smaller than the tolerance kkt_tol_abs or kkt_tol_rel. GEMSEO stopped the driver.,0.0,34,0.4217830705539135,False,32,0.0,-104892505438.30344,,,1.9352824430911528,,,,,,,,,,,,,,,,,,
opt_B15_3_4,B15,15 % biomass,15.0,1.35,3.4,min_surplus_loss,G2,blend_completeness_constraint,2,2040.0,-0.8126409409752517,0.0,0.8126409409752517,False,0.0001,True,0.0,1e-10,-10.489250543830344,1.193812447098184e-16,1.8469735221083962e-16,0.646361430095326,0.0,True,The KKT residual norm is smaller than the tolerance kkt_tol_abs or kkt_tol_rel. GEMSEO stopped the driver.,0.0,34,0.4217830705539135,False,32,0.0,-104892505438.30344,,,2.411714024837406,,,,,,,,,,,,,,,,,,
opt_B15_3_4,B15,15 % biomass,15.0,1.35,3.4,min_surplus_loss,G2,blend_completeness_constraint,3,2045.0,-0.5281970795274045,0.0,0.5281970795274045,False,0.0001,True,0.0,1e-10,-10.489250543830344,1.193812447098184e-16,1.8469735221083962e-16,0.646361430095326,0.0,True,The KKT residual norm is smaller than the tolerance kkt_tol_abs or kkt_tol_rel. GEMSEO stopped the driver.,0.0,34,0.4217830705539135,False,32,0.0,-104892505438.30344,,,3.005434456537094,,,,,,,,,,,,,,,,,,
opt_B15_3_4,B15,15 % biomass,15.0,1.35,3.4,min_surplus_loss,G2,blend_completeness_constraint,4,2050.0,-0.4217730805539135,0.0,0.4217730805539135,False,0.0001,True,0.0,1e-10,-10.489250543830344,1.193812447098184e-16,1.8469735221083962e-16,0.646361430095326,0.0,True,The KKT residual norm is smaller than the tolerance kkt_tol_abs or kkt_tol_rel. GEMSEO stopped the driver.,0.0,34,0.4217830705539135,False,32,0.0,-104892505438.30344,,,3.7453181345368614,,,,,,,,,,,,,,,,,,
opt_B15_3_4,B15,15 % biomass,15.0,1.35,3.4,min_surplus_loss,G3,biomass_trajectory_constraint,0,2030.0,-0.9528487709664243,0.0,0.9528487709664243,False,0.0001,True,0.0,1e-10,-10.489250543830344,1.193812447098184e-16,1.8469735221083962e-16,0.646361430095326,0.0,True,The KKT residual norm is smaller than the tolerance kkt_tol_abs or kkt_tol_rel. GEMSEO stopped the driver.,0.0,34,0.4217830705539135,False,32,0.0,-104892505438.30344,,,1.552969421732896,,1675243500000.0,1.6752435,0.0,0.0,0.0,0.0,,,,,,,,,,,
opt_B15_3_4,B15,15 % biomass,15.0,1.35,3.4,min_surplus_loss,G3,biomass_trajectory_constraint,1,2035.0,-0.8467694994810708,0.0,0.8467694994810708,False,0.0001,True,0.0,1e-10,-10.489250543830344,1.193812447098184e-16,1.8469735221083962e-16,0.646361430095326,0.0,True,The KKT residual norm is smaller than the tolerance kkt_tol_abs or kkt_tol_rel. GEMSEO stopped the driver.,0.0,34,0.4217830705539135,False,32,0.0,-104892505438.30344,,,1.9352824430911528,,1973813250000.0,1.97381325,0.0,0.0,0.0,0.0,,,,,,,,,,,
opt_B15_3_4,B15,15 % biomass,15.0,1.35,3.4,min_surplus_loss,G3,biomass_trajectory_constraint,2,2040.0,-0.6688200111100423,0.0,0.6688200111100423,False,0.0001,True,0.0,1e-10,-10.489250543830344,1.193812447098184e-16,1.8469735221083962e-16,0.646361430095326,0.0,True,The KKT residual norm is smaller than the tolerance kkt_tol_abs or kkt_tol_rel. GEMSEO stopped the driver.,0.0,34,0.4217830705539135,False,32,0.0,-104892505438.30344,,,2.411714024837406,,2272383000000.0,2.272383,0.0,0.0,0.0,0.0,,,,,,,,,,,
opt_B15_3_4,B15,15 % biomass,15.0,1.35,3.4,min_surplus_loss,G3,biomass_trajectory_constraint,3,2045.0,-0.19242226425482742,0.0,0.19242226425482742,False,0.0001,True,0.0,1e-10,-10.489250543830344,1.193812447098184e-16,1.8469735221083962e-16,0.646361430095326,0.0,True,The KKT residual norm is smaller than the tolerance kkt_tol_abs or kkt_tol_rel. GEMSEO stopped the driver.,0.0,34,0.4217830705539135,False,32,0.0,-104892505438.30344,,,3.005434456537094,,2318853000000.0,2.318853,0.0,0.0,0.0,0.0,,,,,,,,,,,
opt_B15_3_4,B15,15 % biomass,15.0,1.35,3.4,min_surplus_loss,G3,biomass_trajectory_constraint,4,2050.0,-1.007549599307822e-13,0.0,1.007549599307822e-13,True,0.0001,True,0.6085704404683807,1e-10,-10.489250543830344,1.193812447098184e-16,1.8469735221083962e-16,0.646361430095326,0.0,True,The KKT residual norm is smaller than the tolerance kkt_tol_abs or kkt_tol_rel. GEMSEO stopped the driver.,0.0,34,0.4217830705539135,False,32,6085704404.683807,-104892505438.30344,,,3.7453181345368614,,2365323000000.0,2.365323,2.5728851428256556,2572885142.8256555,9.63627338350539,9636273383.50539,,,,,,,,,,,
opt_B15_3_4,B15,15 % biomass,15.0,1.35,3.4,min_surplus_loss,G4,electricity_trajectory_constraint,0,2030.0,-0.9999999596474151,0.0,0.9999999596474151,False,0.0001,True,0.0,1e-10,-10.489250543830344,1.193812447098184e-16,1.8469735221083962e-16,0.646361430095326,0.0,True,The KKT residual norm is smaller than the tolerance kkt_tol_abs or kkt_tol_rel. GEMSEO stopped the driver.,0.0,34,0.4217830705539135,False,32,0.0,-104892505438.30344,,,1.552969421732896,,1065287574000.0001,1.065287574,0.0,0.0,0.0,0.0,,,,,,,,,,,
opt_B15_3_4,B15,15 % biomass,15.0,1.35,3.4,min_surplus_loss,G4,electricity_trajectory_constraint,1,2035.0,-0.9999999677459327,0.0,0.9999999677459327,False,0.0001,True,0.0,1e-10,-10.489250543830344,1.193812447098184e-16,1.8469735221083962e-16,0.646361430095326,0.0,True,The KKT residual norm is smaller than the tolerance kkt_tol_abs or kkt_tol_rel. GEMSEO stopped the driver.,0.0,34,0.4217830705539135,False,32,0.0,-104892505438.30344,,,1.9352824430911528,,1356710238000.0002,1.3567102380000002,0.0,0.0,0.0,0.0,,,,,,,,,,,
opt_B15_3_4,B15,15 % biomass,15.0,1.35,3.4,min_surplus_loss,G4,electricity_trajectory_constraint,2,2040.0,-0.999999973472327,0.0,0.999999973472327,False,0.0001,True,0.0,1e-10,-10.489250543830344,1.193812447098184e-16,1.8469735221083962e-16,0.646361430095326,0.0,True,The KKT residual norm is smaller than the tolerance kkt_tol_abs or kkt_tol_rel. GEMSEO stopped the driver.,0.0,34,0.4217830705539135,False,32,0.0,-104892505438.30344,,,2.411714024837406,,1648132902000.0002,1.6481329020000002,0.0,0.0,0.0,0.0,,,,,,,,,,,
opt_B15_3_4,B15,15 % biomass,15.0,1.35,3.4,min_surplus_loss,G4,electricity_trajectory_constraint,3,2045.0,-0.9999999772053221,0.0,0.9999999772053221,False,0.0001,True,0.0,1e-10,-10.489250543830344,1.193812447098184e-16,1.8469735221083962e-16,0.646361430095326,0.0,True,The KKT residual norm is smaller than the tolerance kkt_tol_abs or kkt_tol_rel. GEMSEO stopped the driver.,0.0,34,0.4217830705539135,False,32,0.0,-104892505438.30344,,,3.005434456537094,,1895265009000.0002,1.8952650090000003,0.0,0.0,0.0,0.0,,,,,,,,,,,
opt_B15_3_4,B15,15 % biomass,15.0,1.35,3.4,min_surplus_loss,G4,electricity_trajectory_constraint,4,2050.0,-0.9999999792175401,0.0,0.9999999792175401,False,0.0001,True,0.0,1e-10,-10.489250543830344,1.193812447098184e-16,1.8469735221083962e-16,0.646361430095326,0.0,True,The KKT residual norm is smaller than the tolerance kkt_tol_abs or kkt_tol_rel. GEMSEO stopped the driver.,0.0,34,0.4217830705539135,False,32,0.0,-104892505438.30344,,,3.7453181345368614,,2142397116000.0002,2.142397116,0.0,0.0,0.0,0.0,,,,,,,,,,,
opt_B15_3_4,B15,15 % biomass,15.0,1.35,3.4,min_surplus_loss,G5,biofuel_use_growth_constraint,0,2030.0,-0.7576737090472304,0.0,0.7576737090472304,False,0.0001,True,0.0,1e-10,-10.489250543830344,1.193812447098184e-16,1.8469735221083962e-16,0.646361430095326,0.0,True,The KKT residual norm is smaller than the tolerance kkt_tol_abs or kkt_tol_rel. GEMSEO stopped the driver.,0.0,34,0.4217830705539135,False,32,0.0,-104892505438.30344,,,1.552969421732896,,,,,,,,volume,89799803521.1529,154900000000.0,36088527006.63617,0.0,0.0,0.0,0.0,0.0,0.0,
opt_B15_3_4,B15,15 % biomass,15.0,1.35,3.4,min_surplus_loss,G5,biofuel_use_growth_constraint,1,2035.0,-0.07214341075547713,0.0,0.07214341075547713,False,0.0001,True,0.0,1e-10,-10.489250543830344,1.193812447098184e-16,1.8469735221083962e-16,0.646361430095326,0.0,True,The KKT residual norm is smaller than the tolerance kkt_tol_abs or kkt_tol_rel. GEMSEO stopped the driver.,0.0,34,0.4217830705539135,False,32,0.0,-104892505438.30344,,,1.9352824430911528,,,,,,,,volume,93402431691.42697,154900000000.0,37536342468.58402,0.0,0.0,0.0,0.0,0.0,0.0,
opt_B15_3_4,B15,15 % biomass,15.0,1.35,3.4,min_surplus_loss,G5,biofuel_use_growth_constraint,2,2040.0,-6.321747012665996e-05,0.0,6.321747012665996e-05,True,0.0001,True,0.08705459546294436,1e-10,-10.489250543830344,1.193812447098184e-16,1.8469735221083962e-16,0.646361430095326,0.0,True,The KKT residual norm is smaller than the tolerance kkt_tol_abs or kkt_tol_rel. GEMSEO stopped the driver.,0.0,34,0.4217830705539135,False,32,870545954.6294436,-104892505438.30344,,,2.411714024837406,,,,,,,,rate,357633756352.26935,154900000000.0,143724985673.9766,5.620051353321133,0.0,8374666984.920385,13.55395666911102,0.0,20197301820.875286,
opt_B15_3_4,B15,15 % biomass,15.0,1.35,3.4,min_surplus_loss,G5,biofuel_use_growth_constraint,3,2045.0,7.5484161737096e-05,0.0,7.5484161737096e-05,True,0.0001,True,0.060102586993827437,1e-10,-10.489250543830344,1.193812447098184e-16,1.8469735221083962e-16,0.646361430095326,0.0,True,The KKT residual norm is smaller than the tolerance kkt_tol_abs or kkt_tol_rel. GEMSEO stopped the driver.,0.0,34,0.4217830705539135,False,32,601025869.9382744,-104892505438.30344,,,3.005434456537094,,,,,,,,rate,889882862016.2421,154900000000.0,357623963966.1467,3.8800895412412806,0.0,14386771607.662828,11.661354801695751,0.0,43238499107.99943,
opt_B15_3_4,B15,15 % biomass,15.0,1.35,3.4,min_surplus_loss,G5,biofuel_use_growth_constraint,4,2050.0,-7.038922670432782,0.0,7.038922670432782,False,0.0001,True,0.0,1e-10,-10.489250543830344,1.193812447098184e-16,1.8469735221083962e-16,0.646361430095326,0.0,True,The KKT residual norm is smaller than the tolerance kkt_tol_abs or kkt_tol_rel. GEMSEO stopped the driver.,0.0,34,0.4217830705539135,False,32,0.0,-104892505438.30344,,,3.7453181345368614,,,,,,,,rate,2214342417885.527,154900000000.0,889894554512.8951,0.0,0.0,0.0,0.0,0.0,0.0,
opt_B15_3_4,B15,15 % biomass,15.0,1.35,3.4,min_surplus_loss,G6,electrofuel_use_growth_constraint,0,2030.0,-0.9999998788368545,0.0,0.9999998788368545,False,0.0001,True,0.0,1e-10,-10.489250543830344,1.193812447098184e-16,1.8469735221083962e-16,0.646361430095326,0.0,True,The KKT residual norm is smaller than the tolerance kkt_tol_abs or kkt_tol_rel. GEMSEO stopped the driver.,0.0,34,0.4217830705539135,False,32,0.0,-104892505438.30344,,,1.552969421732896,,,,,,,,volume,0.0,154900000000.0,0.0,0.0,0.0,0.0,0.0,0.0,0.0,
opt_B15_3_4,B15,15 % biomass,15.0,1.35,3.4,min_surplus_loss,G6,electrofuel_use_growth_constraint,1,2035.0,-0.9999998766600107,0.0,0.9999998766600107,False,0.0001,True,0.0,1e-10,-10.489250543830344,1.193812447098184e-16,1.8469735221083962e-16,0.646361430095326,0.0,True,The KKT residual norm is smaller than the tolerance kkt_tol_abs or kkt_tol_rel. GEMSEO stopped the driver.,0.0,34,0.4217830705539135,False,32,0.0,-104892505438.30344,,,1.9352824430911528,,,,,,,,volume,46701.21584571349,154900000000.0,18768.17123429201,0.0,0.0,0.0,0.0,0.0,0.0,
opt_B15_3_4,B15,15 % biomass,15.0,1.35,3.4,min_surplus_loss,G6,electrofuel_use_growth_constraint,2,2040.0,-0.9999998767679418,0.0,0.9999998767679418,False,0.0001,True,0.0,1e-10,-10.489250543830344,1.193812447098184e-16,1.8469735221083962e-16,0.646361430095326,0.0,True,The KKT residual norm is smaller than the tolerance kkt_tol_abs or kkt_tol_rel. GEMSEO stopped the driver.,0.0,34,0.4217830705539135,False,32,0.0,-104892505438.30344,,,2.411714024837406,,,,,,,,volume,47540.2602420059,154900000000.0,19105.364359088024,0.0,0.0,0.0,0.0,0.0,0.0,
opt_B15_3_4,B15,15 % biomass,15.0,1.35,3.4,min_surplus_loss,G6,electrofuel_use_growth_constraint,3,2045.0,-0.9999998782312857,0.0,0.9999998782312857,False,0.0001,True,0.0,1e-10,-10.489250543830344,1.193812447098184e-16,1.8469735221083962e-16,0.646361430095326,0.0,True,The KKT residual norm is smaller than the tolerance kkt_tol_abs or kkt_tol_rel. GEMSEO stopped the driver.,0.0,34,0.4217830705539135,False,32,0.0,-104892505438.30344,,,3.005434456537094,,,,,,,,volume,47498.659141776116,154900000000.0,19088.645809934464,0.0,0.0,0.0,0.0,0.0,0.0,
opt_B15_3_4,B15,15 % biomass,15.0,1.35,3.4,min_surplus_loss,G6,electrofuel_use_growth_constraint,4,2050.0,-0.9999998745041851,0.0,0.9999998745041851,False,0.0001,True,0.0,1e-10,-10.489250543830344,1.193812447098184e-16,1.8469735221083962e-16,0.646361430095326,0.0,True,The KKT residual norm is smaller than the tolerance kkt_tol_abs or kkt_tol_rel. GEMSEO stopped the driver.,0.0,34,0.4217830705539135,False,32,0.0,-104892505438.30344,,,3.7453181345368614,,,,,,,,volume,46934.626797749406,154900000000.0,18861.973860978258,0.0,0.0,0.0,0.0,0.0,0.0,
opt_B15_3_6,B15,15 % biomass,15.0,1.35,3.6,min_surplus_loss,G1,aviation_carbon_budget_constraint,0,,8.19531026516006e-06,0.0,8.19531026516006e-06,True,0.0003,False,38.91782907482485,1e-10,-13.088951308833176,3.671717528720129e-17,5.630324339250947e-17,0.6521325073803139,0.0,True,The KKT residual norm is smaller than the tolerance kkt_tol_abs or kkt_tol_rel. GEMSEO stopped the driver.,0.0,35,0.4217830715059894,False,35,389178290748.2485,-130889513088.33176,3.7285873434363737,104.37687384025998,,,,,,,,,,,,,,,,,,,
opt_B15_3_6,B15,15 % biomass,15.0,1.35,3.6,min_surplus_loss,G2,blend_completeness_constraint,0,2030.0,-0.9799899899999985,0.0,0.9799899899999985,False,0.0003,False,0.0,1e-10,-13.088951308833176,3.671717528720129e-17,5.630324339250947e-17,0.6521325073803139,0.0,True,The KKT residual norm is smaller than the tolerance kkt_tol_abs or kkt_tol_rel. GEMSEO stopped the driver.,0.0,35,0.4217830715059894,False,35,0.0,-130889513088.33176,,,1.552969421732896,,,,,,,,,,,,,,,,,,
opt_B15_3_6,B15,15 % biomass,15.0,1.35,3.6,min_surplus_loss,G2,blend_completeness_constraint,1,2035.0,-0.9576847515176672,0.0,0.9576847515176672,False,0.0003,False,0.0,1e-10,-13.088951308833176,3.671717528720129e-17,5.630324339250947e-17,0.6521325073803139,0.0,True,The KKT residual norm is smaller than the tolerance kkt_tol_abs or kkt_tol_rel. GEMSEO stopped the driver.,0.0,35,0.4217830715059894,False,35,0.0,-130889513088.33176,,,1.9352824430911528,,,,,,,,,,,,,,,,,,
opt_B15_3_6,B15,15 % biomass,15.0,1.35,3.6,min_surplus_loss,G2,blend_completeness_constraint,2,2040.0,-0.8954147761628107,0.0,0.8954147761628107,False,0.0003,False,0.0,1e-10,-13.088951308833176,3.671717528720129e-17,5.630324339250947e-17,0.6521325073803139,0.0,True,The KKT residual norm is smaller than the tolerance kkt_tol_abs or kkt_tol_rel. GEMSEO stopped the driver.,0.0,35,0.4217830715059894,False,35,0.0,-130889513088.33176,,,2.411714024837406,,,,,,,,,,,,,,,,,,
opt_B15_3_6,B15,15 % biomass,15.0,1.35,3.6,min_surplus_loss,G2,blend_completeness_constraint,3,2045.0,-0.7411534141217072,0.0,0.7411534141217072,False,0.0003,False,0.0,1e-10,-13.088951308833176,3.671717528720129e-17,5.630324339250947e-17,0.6521325073803139,0.0,True,The KKT residual norm is smaller than the tolerance kkt_tol_abs or kkt_tol_rel. GEMSEO stopped the driver.,0.0,35,0.4217830715059894,False,35,0.0,-130889513088.33176,,,3.005434456537094,,,,,,,,,,,,,,,,,,
opt_B15_3_6,B15,15 % biomass,15.0,1.35,3.6,min_surplus_loss,G2,blend_completeness_constraint,4,2050.0,-0.42185908925121085,0.0,0.42185908925121085,False,0.0003,False,0.0,1e-10,-13.088951308833176,3.671717528720129e-17,5.630324339250947e-17,0.6521325073803139,0.0,True,The KKT residual norm is smaller than the tolerance kkt_tol_abs or kkt_tol_rel. GEMSEO stopped the driver.,0.0,35,0.4217830715059894,False,35,0.0,-130889513088.33176,,,3.7453181345368614,,,,,,,,,,,,,,,,,,
opt_B15_3_6,B15,15 % biomass,15.0,1.35,3.6,min_surplus_loss,G3,biomass_trajectory_constraint,0,2030.0,-0.9528487709664215,0.0,0.9528487709664215,False,0.0003,False,0.0,1e-10,-13.088951308833176,3.671717528720129e-17,5.630324339250947e-17,0.6521325073803139,0.0,True,The KKT residual norm is smaller than the tolerance kkt_tol_abs or kkt_tol_rel. GEMSEO stopped the driver.,0.0,35,0.4217830715059894,False,35,0.0,-130889513088.33176,,,1.552969421732896,,1675243500000.0,1.6752435,0.0,0.0,0.0,0.0,,,,,,,,,,,
opt_B15_3_6,B15,15 % biomass,15.0,1.35,3.6,min_surplus_loss,G3,biomass_trajectory_constraint,1,2035.0,-0.9133140893944429,0.0,0.9133140893944429,False,0.0003,False,0.0,1e-10,-13.088951308833176,3.671717528720129e-17,5.630324339250947e-17,0.6521325073803139,0.0,True,The KKT residual norm is smaller than the tolerance kkt_tol_abs or kkt_tol_rel. GEMSEO stopped the driver.,0.0,35,0.4217830715059894,False,35,0.0,-130889513088.33176,,,1.9352824430911528,,1973813250000.0,1.97381325,0.0,0.0,0.0,0.0,,,,,,,,,,,
opt_B15_3_6,B15,15 % biomass,15.0,1.35,3.6,min_surplus_loss,G3,biomass_trajectory_constraint,2,2040.0,-0.8126411442369488,0.0,0.8126411442369488,False,0.0003,False,0.0,1e-10,-13.088951308833176,3.671717528720129e-17,5.630324339250947e-17,0.6521325073803139,0.0,True,The KKT residual norm is smaller than the tolerance kkt_tol_abs or kkt_tol_rel. GEMSEO stopped the driver.,0.0,35,0.4217830715059894,False,35,0.0,-130889513088.33176,,,2.411714024837406,,2272383000000.0,2.272383,0.0,0.0,0.0,0.0,,,,,,,,,,,
opt_B15_3_6,B15,15 % biomass,15.0,1.35,3.6,min_surplus_loss,G3,biomass_trajectory_constraint,3,2045.0,-0.5431460011537801,0.0,0.5431460011537801,False,0.0003,False,0.0,1e-10,-13.088951308833176,3.671717528720129e-17,5.630324339250947e-17,0.6521325073803139,0.0,True,The KKT residual norm is smaller than the tolerance kkt_tol_abs or kkt_tol_rel. GEMSEO stopped the driver.,0.0,35,0.4217830715059894,False,35,0.0,-130889513088.33176,,,3.005434456537094,,2318853000000.0,2.318853,0.0,0.0,0.0,0.0,,,,,,,,,,,
opt_B15_3_6,B15,15 % biomass,15.0,1.35,3.6,min_surplus_loss,G3,biomass_trajectory_constraint,4,2050.0,-0.00013753981710749486,0.0,0.00013753981710749486,True,0.0003,False,0.595279562602371,1e-10,-13.088951308833176,3.671717528720129e-17,5.630324339250947e-17,0.6521325073803139,0.0,True,The KKT residual norm is smaller than the tolerance kkt_tol_abs or kkt_tol_rel. GEMSEO stopped the driver.,0.0,35,0.4217830715059894,False,35,5952795626.02371,-130889513088.33176,,,3.7453181345368614,,2365323000000.0,2.365323,2.516694601973477,2516694601.973477,9.425821931862291,9425821931.862291,,,,,,,,,,,
opt_B15_3_6,B15,15 % biomass,15.0,1.35,3.6,min_surplus_loss,G4,electricity_trajectory_constraint,0,2030.0,-0.9999999596474142,0.0,0.9999999596474142,False,0.0003,False,0.0,1e-10,-13.088951308833176,3.671717528720129e-17,5.630324339250947e-17,0.6521325073803139,0.0,True,The KKT residual norm is smaller than the tolerance kkt_tol_abs or kkt_tol_rel. GEMSEO stopped the driver.,0.0,35,0.4217830715059894,False,35,0.0,-130889513088.33176,,,1.552969421732896,,1065287574000.0001,1.065287574,0.0,0.0,0.0,0.0,,,,,,,,,,,
opt_B15_3_6,B15,15 % biomass,15.0,1.35,3.6,min_surplus_loss,G4,electricity_trajectory_constraint,1,2035.0,-0.9999999675532949,0.0,0.9999999675532949,False,0.0003,False,0.0,1e-10,-13.088951308833176,3.671717528720129e-17,5.630324339250947e-17,0.6521325073803139,0.0,True,The KKT residual norm is smaller than the tolerance kkt_tol_abs or kkt_tol_rel. GEMSEO stopped the driver.,0.0,35,0.4217830715059894,False,35,0.0,-130889513088.33176,,,1.9352824430911528,,1356710238000.0002,1.3567102380000002,0.0,0.0,0.0,0.0,,,,,,,,,,,
opt_B15_3_6,B15,15 % biomass,15.0,1.35,3.6,min_surplus_loss,G4,electricity_trajectory_constraint,2,2040.0,-0.9999999731136383,0.0,0.9999999731136383,False,0.0003,False,0.0,1e-10,-13.088951308833176,3.671717528720129e-17,5.630324339250947e-17,0.6521325073803139,0.0,True,The KKT residual norm is smaller than the tolerance kkt_tol_abs or kkt_tol_rel. GEMSEO stopped the driver.,0.0,35,0.4217830715059894,False,35,0.0,-130889513088.33176,,,2.411714024837406,,1648132902000.0002,1.6481329020000002,0.0,0.0,0.0,0.0,,,,,,,,,,,
opt_B15_3_6,B15,15 % biomass,15.0,1.35,3.6,min_surplus_loss,G4,electricity_trajectory_constraint,3,2045.0,-0.9999999764954279,0.0,0.9999999764954279,False,0.0003,False,0.0,1e-10,-13.088951308833176,3.671717528720129e-17,5.630324339250947e-17,0.6521325073803139,0.0,True,The KKT residual norm is smaller than the tolerance kkt_tol_abs or kkt_tol_rel. GEMSEO stopped the driver.,0.0,35,0.4217830715059894,False,35,0.0,-130889513088.33176,,,3.005434456537094,,1895265009000.0002,1.8952650090000003,0.0,0.0,0.0,0.0,,,,,,,,,,,
opt_B15_3_6,B15,15 % biomass,15.0,1.35,3.6,min_surplus_loss,G4,electricity_trajectory_constraint,4,2050.0,-0.9999999792173055,0.0,0.9999999792173055,False,0.0003,False,0.0,1e-10,-13.088951308833176,3.671717528720129e-17,5.630324339250947e-17,0.6521325073803139,0.0,True,The KKT residual norm is smaller than the tolerance kkt_tol_abs or kkt_tol_rel. GEMSEO stopped the driver.,0.0,35,0.4217830715059894,False,35,0.0,-130889513088.33176,,,3.7453181345368614,,2142397116000.0002,2.142397116,0.0,0.0,0.0,0.0,,,,,,,,,,,
opt_B15_3_6,B15,15 % biomass,15.0,1.35,3.6,min_surplus_loss,G5,biofuel_use_growth_constraint,0,2030.0,-0.7576737090472158,0.0,0.7576737090472158,False,0.0003,False,0.0,1e-10,-13.088951308833176,3.671717528720129e-17,5.630324339250947e-17,0.6521325073803139,0.0,True,The KKT residual norm is smaller than the tolerance kkt_tol_abs or kkt_tol_rel. GEMSEO stopped the driver.,0.0,35,0.4217830715059894,False,35,0.0,-130889513088.33176,,,1.552969421732896,,,,,,,,volume,89799803521.1529,154900000000.0,36088527006.63617,0.0,0.0,0.0,0.0,0.0,0.0,
opt_B15_3_6,B15,15 % biomass,15.0,1.35,3.6,min_surplus_loss,G5,biofuel_use_growth_constraint,1,2035.0,-0.4750908397633887,0.0,0.4750908397633887,False,0.0003,False,0.0,1e-10,-13.088951308833176,3.671717528720129e-17,5.630324339250947e-17,0.6521325073803139,0.0,True,The KKT residual norm is smaller than the tolerance kkt_tol_abs or kkt_tol_rel. GEMSEO stopped the driver.,0.0,35,0.4217830715059894,False,35,0.0,-130889513088.33176,,,1.9352824430911528,,,,,,,,volume,93402431691.42697,154900000000.0,37536342468.58402,0.0,0.0,0.0,0.0,0.0,0.0,
opt_B15_3_6,B15,15 % biomass,15.0,1.35,3.6,min_surplus_loss,G5,biofuel_use_growth_constraint,2,2040.0,-1.5184493763026612e-05,0.0,1.5184493763026612e-05,True,0.0003,False,0.08868043403008469,1e-10,-13.088951308833176,3.671717528720129e-17,5.630324339250947e-17,0.6521325073803139,0.0,True,The KKT residual norm is smaller than the tolerance kkt_tol_abs or kkt_tol_rel. GEMSEO stopped the driver.,0.0,35,0.4217830715059894,False,35,886804340.3008468,-130889513088.33176,,,2.411714024837406,,,,,,,,rate,202311407075.79434,154900000000.0,81304417066.8541,5.725011880573575,0.0,4825980037.851999,13.807091444740063,0.0,11638883740.873022,
opt_B15_3_6,B15,15 % biomass,15.0,1.35,3.6,min_surplus_loss,G5,biofuel_use_growth_constraint,3,2045.0,-8.485109700507699e-05,0.0,8.485109700507699e-05,True,0.0003,False,0.06079397754597257,1e-10,-13.088951308833176,3.671717528720129e-17,5.630324339250947e-17,0.6521325073803139,0.0,True,The KKT residual norm is smaller than the tolerance kkt_tol_abs or kkt_tol_rel. GEMSEO stopped the driver.,0.0,35,0.4217830715059894,False,35,607939775.4597257,-130889513088.33176,,,3.005434456537094,,,,,,,,rate,503415520451.85754,154900000000.0,202311407074.59558,3.9247241798562023,0.0,8232362773.467918,11.795501282544118,0.0,24741826738.093758,
opt_B15_3_6,B15,15 % biomass,15.0,1.35,3.6,min_surplus_loss,G5,biofuel_use_growth_constraint,4,2050.0,-0.831599421603044,0.0,0.831599421603044,False,0.0003,False,0.0,1e-10,-13.088951308833176,3.671717528720129e-17,5.630324339250947e-17,0.6521325073803139,0.0,True,The KKT residual norm is smaller than the tolerance kkt_tol_abs or kkt_tol_rel. GEMSEO stopped the driver.,0.0,35,0.4217830715059894,False,35,0.0,-130889513088.33176,,,3.7453181345368614,,,,,,,,rate,1252658907875.3862,154900000000.0,503415520461.75195,0.0,0.0,0.0,0.0,0.0,0.0,
opt_B15_3_6,B15,15 % biomass,15.0,1.35,3.6,min_surplus_loss,G6,electrofuel_use_growth_constraint,0,2030.0,-0.9999998788368522,0.0,0.9999998788368522,False,0.0003,False,0.0,1e-10,-13.088951308833176,3.671717528720129e-17,5.630324339250947e-17,0.6521325073803139,0.0,True,The KKT residual norm is smaller than the tolerance kkt_tol_abs or kkt_tol_rel. GEMSEO stopped the driver.,0.0,35,0.4217830715059894,False,35,0.0,-130889513088.33176,,,1.552969421732896,,,,,,,,volume,0.0,154900000000.0,0.0,0.0,0.0,0.0,0.0,0.0,0.0,
opt_B15_3_6,B15,15 % biomass,15.0,1.35,3.6,min_surplus_loss,G6,electrofuel_use_growth_constraint,1,2035.0,-0.999999875923361,0.0,0.999999875923361,False,0.0003,False,0.0,1e-10,-13.088951308833176,3.671717528720129e-17,5.630324339250947e-17,0.6521325073803139,0.0,True,The KKT residual norm is smaller than the tolerance kkt_tol_abs or kkt_tol_rel. GEMSEO stopped the driver.,0.0,35,0.4217830715059894,False,35,0.0,-130889513088.33176,,,1.9352824430911528,,,,,,,,volume,46701.21584571349,154900000000.0,18768.17123429201,0.0,0.0,0.0,0.0,0.0,0.0,
opt_B15_3_6,B15,15 % biomass,15.0,1.35,3.6,min_surplus_loss,G6,electrofuel_use_growth_constraint,2,2040.0,-0.9999998751016834,0.0,0.9999998751016834,False,0.0003,False,0.0,1e-10,-13.088951308833176,3.671717528720129e-17,5.630324339250947e-17,0.6521325073803139,0.0,True,The KKT residual norm is smaller than the tolerance kkt_tol_abs or kkt_tol_rel. GEMSEO stopped the driver.,0.0,35,0.4217830715059894,False,35,0.0,-130889513088.33176,,,2.411714024837406,,,,,,,,volume,47824.21146303488,154900000000.0,19219.47798636626,0.0,0.0,0.0,0.0,0.0,0.0,
opt_B15_3_6,B15,15 % biomass,15.0,1.35,3.6,min_surplus_loss,G6,electrofuel_use_growth_constraint,3,2045.0,-0.9999998744390449,0.0,0.9999998744390449,False,0.0003,False,0.0,1e-10,-13.088951308833176,3.671717528720129e-17,5.630324339250947e-17,0.6521325073803139,0.0,True,The KKT residual norm is smaller than the tolerance kkt_tol_abs or kkt_tol_rel. GEMSEO stopped the driver.,0.0,35,0.4217830715059894,False,35,0.0,-130889513088.33176,,,3.005434456537094,,,,,,,,volume,48140.9332259904,154900000000.0,19346.761359467597,0.0,0.0,0.0,0.0,0.0,0.0,
opt_B15_3_6,B15,15 % biomass,15.0,1.35,3.6,min_surplus_loss,G6,electrofuel_use_growth_constraint,4,2050.0,-0.999999874502769,0.0,0.999999874502769,False,0.0003,False,0.0,1e-10,-13.088951308833176,3.671717528720129e-17,5.630324339250947e-17,0.6521325073803139,0.0,True,The KKT residual norm is smaller than the tolerance kkt_tol_abs or kkt_tol_rel. GEMSEO stopped the driver.,0.0,35,0.4217830715059894,False,35,0.0,-130889513088.33176,,,3.7453181345368614,,,,,,,,volume,48396.329630761335,154900000000.0,19449.399446518673,0.0,0.0,0.0,0.0,0.0,0.0,
opt_B15_3_8,B15,15 % biomass,15.0,1.35,3.8,min_surplus_loss,G1,aviation_carbon_budget_constraint,0,,7.56267224418233e-07,0.0,7.56267224418233e-07,True,0.0001,True,35.7681436434372,1e-10,-15.444072067701088,1.0031442548020353e-16,1.528098018120561e-16,0.6564659091933271,0.0,True,The KKT residual norm is smaller than the tolerance kkt_tol_abs or kkt_tol_rel. GEMSEO stopped the driver.,0.0,28,0.6502608569038255,False,27,357681436434.37195,-154440720677.01086,3.9761761796484274,89.9561338013946,,,,,,,,,,,,,,,,,,,
opt_B15_3_8,B15,15 % biomass,15.0,1.35,3.8,min_surplus_loss,G2,blend_completeness_constraint,0,2030.0,-0.9799899899995572,0.0,0.9799899899995572,False,0.0001,True,0.0,1e-10,-15.444072067701088,1.0031442548020353e-16,1.528098018120561e-16,0.6564659091933271,0.0,True,The KKT residual norm is smaller than the tolerance kkt_tol_abs or kkt_tol_rel. GEMSEO stopped the driver.,0.0,28,0.6502608569038255,False,27,0.0,-154440720677.01086,,,1.552969421732896,,,,,,,,,,,,,,,,,,
opt_B15_3_8,B15,15 % biomass,15.0,1.35,3.8,min_surplus_loss,G2,blend_completeness_constraint,1,2035.0,-0.9799899899966177,0.0,0.9799899899966177,False,0.0001,True,0.0,1e-10,-15.444072067701088,1.0031442548020353e-16,1.528098018120561e-16,0.6564659091933271,0.0,True,The KKT residual norm is smaller than the tolerance kkt_tol_abs or kkt_tol_rel. GEMSEO stopped the driver.,0.0,28,0.6502608569038255,False,27,0.0,-154440720677.01086,,,1.9352824430911528,,,,,,,,,,,,,,,,,,
opt_B15_3_8,B15,15 % biomass,15.0,1.35,3.8,min_surplus_loss,G2,blend_completeness_constraint,2,2040.0,-0.9419300229953359,0.0,0.9419300229953359,False,0.0001,True,0.0,1e-10,-15.444072067701088,1.0031442548020353e-16,1.528098018120561e-16,0.6564659091933271,0.0,True,The KKT residual norm is smaller than the tolerance kkt_tol_abs or kkt_tol_rel. GEMSEO stopped the driver.,0.0,28,0.6502608569038255,False,27,0.0,-154440720677.01086,,,2.411714024837406,,,,,,,,,,,,,,,,,,
opt_B15_3_8,B15,15 % biomass,15.0,1.35,3.8,min_surplus_loss,G2,blend_completeness_constraint,3,2045.0,-0.8576614230246108,0.0,0.8576614230246108,False,0.0001,True,0.0,1e-10,-15.444072067701088,1.0031442548020353e-16,1.528098018120561e-16,0.6564659091933271,0.0,True,The KKT residual norm is smaller than the tolerance kkt_tol_abs or kkt_tol_rel. GEMSEO stopped the driver.,0.0,28,0.6502608569038255,False,27,0.0,-154440720677.01086,,,3.005434456537094,,,,,,,,,,,,,,,,,,
opt_B15_3_8,B15,15 % biomass,15.0,1.35,3.8,min_surplus_loss,G2,blend_completeness_constraint,4,2050.0,-0.6502508669038253,0.0,0.6502508669038253,False,0.0001,True,0.0,1e-10,-15.444072067701088,1.0031442548020353e-16,1.528098018120561e-16,0.6564659091933271,0.0,True,The KKT residual norm is smaller than the tolerance kkt_tol_abs or kkt_tol_rel. GEMSEO stopped the driver.,0.0,28,0.6502608569038255,False,27,0.0,-154440720677.01086,,,3.7453181345368614,,,,,,,,,,,,,,,,,,
opt_B15_3_8,B15,15 % biomass,15.0,1.35,3.8,min_surplus_loss,G3,biomass_trajectory_constraint,0,2030.0,-0.9528487709654138,0.0,0.9528487709654138,False,0.0001,True,0.0,1e-10,-15.444072067701088,1.0031442548020353e-16,1.528098018120561e-16,0.6564659091933271,0.0,True,The KKT residual norm is smaller than the tolerance kkt_tol_abs or kkt_tol_rel. GEMSEO stopped the driver.,0.0,28,0.6502608569038255,False,27,0.0,-154440720677.01086,,,1.552969421732896,,1675243500000.0,1.6752435,0.0,0.0,0.0,0.0,,,,,,,,,,,
opt_B15_3_8,B15,15 % biomass,15.0,1.35,3.8,min_surplus_loss,G3,biomass_trajectory_constraint,1,2035.0,-0.9588521172306561,0.0,0.9588521172306561,False,0.0001,True,0.0,1e-10,-15.444072067701088,1.0031442548020353e-16,1.528098018120561e-16,0.6564659091933271,0.0,True,The KKT residual norm is smaller than the tolerance kkt_tol_abs or kkt_tol_rel. GEMSEO stopped the driver.,0.0,28,0.6502608569038255,False,27,0.0,-154440720677.01086,,,1.9352824430911528,,1973813250000.0,1.97381325,0.0,0.0,0.0,0.0,,,,,,,,,,,
opt_B15_3_8,B15,15 % biomass,15.0,1.35,3.8,min_surplus_loss,G3,biomass_trajectory_constraint,2,2040.0,-0.8951801281702291,0.0,0.8951801281702291,False,0.0001,True,0.0,1e-10,-15.444072067701088,1.0031442548020353e-16,1.528098018120561e-16,0.6564659091933271,0.0,True,The KKT residual norm is smaller than the tolerance kkt_tol_abs or kkt_tol_rel. GEMSEO stopped the driver.,0.0,28,0.6502608569038255,False,27,0.0,-154440720677.01086,,,2.411714024837406,,2272383000000.0,2.272383,0.0,0.0,0.0,0.0,,,,,,,,,,,
opt_B15_3_8,B15,15 % biomass,15.0,1.35,3.8,min_surplus_loss,G3,biomass_trajectory_constraint,3,2045.0,-0.7444030542526778,0.0,0.7444030542526778,False,0.0001,True,0.0,1e-10,-15.444072067701088,1.0031442548020353e-16,1.528098018120561e-16,0.6564659091933271,0.0,True,The KKT residual norm is smaller than the tolerance kkt_tol_abs or kkt_tol_rel. GEMSEO stopped the driver.,0.0,28,0.6502608569038255,False,27,0.0,-154440720677.01086,,,3.005434456537094,,2318853000000.0,2.318853,0.0,0.0,0.0,0.0,,,,,,,,,,,
opt_B15_3_8,B15,15 % biomass,15.0,1.35,3.8,min_surplus_loss,G3,biomass_trajectory_constraint,4,2050.0,-0.37649491062853907,0.0,0.37649491062853907,False,0.0001,True,0.0,1e-10,-15.444072067701088,1.0031442548020353e-16,1.528098018120561e-16,0.6564659091933271,0.0,True,The KKT residual norm is smaller than the tolerance kkt_tol_abs or kkt_tol_rel. GEMSEO stopped the driver.,0.0,28,0.6502608569038255,False,27,0.0,-154440720677.01086,,,3.7453181345368614,,2365323000000.0,2.365323,0.0,0.0,0.0,0.0,,,,,,,,,,,
opt_B15_3_8,B15,15 % biomass,15.0,1.35,3.8,min_surplus_loss,G4,electricity_trajectory_constraint,0,2030.0,-0.9999999596473866,0.0,0.9999999596473866,False,0.0001,True,0.0,1e-10,-15.444072067701088,1.0031442548020353e-16,1.528098018120561e-16,0.6564659091933271,0.0,True,The KKT residual norm is smaller than the tolerance kkt_tol_abs or kkt_tol_rel. GEMSEO stopped the driver.,0.0,28,0.6502608569038255,False,27,0.0,-154440720677.01086,,,1.552969421732896,,1065287574000.0001,1.065287574,0.0,0.0,0.0,0.0,,,,,,,,,,,
opt_B15_3_8,B15,15 % biomass,15.0,1.35,3.8,min_surplus_loss,G4,electricity_trajectory_constraint,1,2035.0,-0.999999967420039,0.0,0.999999967420039,False,0.0001,True,0.0,1e-10,-15.444072067701088,1.0031442548020353e-16,1.528098018120561e-16,0.6564659091933271,0.0,True,The KKT residual norm is smaller than the tolerance kkt_tol_abs or kkt_tol_rel. GEMSEO stopped the driver.,0.0,28,0.6502608569038255,False,27,0.0,-154440720677.01086,,,1.9352824430911528,,1356710238000.0002,1.3567102380000002,0.0,0.0,0.0,0.0,,,,,,,,,,,
opt_B15_3_8,B15,15 % biomass,15.0,1.35,3.8,min_surplus_loss,G4,electricity_trajectory_constraint,2,2040.0,-0.9999999728964653,0.0,0.9999999728964653,False,0.0001,True,0.0,1e-10,-15.444072067701088,1.0031442548020353e-16,1.528098018120561e-16,0.6564659091933271,0.0,True,The KKT residual norm is smaller than the tolerance kkt_tol_abs or kkt_tol_rel. GEMSEO stopped the driver.,0.0,28,0.6502608569038255,False,27,0.0,-154440720677.01086,,,2.411714024837406,,1648132902000.0002,1.6481329020000002,0.0,0.0,0.0,0.0,,,,,,,,,,,
opt_B15_3_8,B15,15 % biomass,15.0,1.35,3.8,min_surplus_loss,G4,electricity_trajectory_constraint,3,2045.0,-0.9999999760625797,0.0,0.9999999760625797,False,0.0001,True,0.0,1e-10,-15.444072067701088,1.0031442548020353e-16,1.528098018120561e-16,0.6564659091933271,0.0,True,The KKT residual norm is smaller than the tolerance kkt_tol_abs or kkt_tol_rel. GEMSEO stopped the driver.,0.0,28,0.6502608569038255,False,27,0.0,-154440720677.01086,,,3.005434456537094,,1895265009000.0002,1.8952650090000003,0.0,0.0,0.0,0.0,,,,,,,,,,,
opt_B15_3_8,B15,15 % biomass,15.0,1.35,3.8,min_surplus_loss,G4,electricity_trajectory_constraint,4,2050.0,-0.9999999785337296,0.0,0.9999999785337296,False,0.0001,True,0.0,1e-10,-15.444072067701088,1.0031442548020353e-16,1.528098018120561e-16,0.6564659091933271,0.0,True,The KKT residual norm is smaller than the tolerance kkt_tol_abs or kkt_tol_rel. GEMSEO stopped the driver.,0.0,28,0.6502608569038255,False,27,0.0,-154440720677.01086,,,3.7453181345368614,,2142397116000.0002,2.142397116,0.0,0.0,0.0,0.0,,,,,,,,,,,
opt_B15_3_8,B15,15 % biomass,15.0,1.35,3.8,min_surplus_loss,G5,biofuel_use_growth_constraint,0,2030.0,-0.7576737090419656,0.0,0.7576737090419656,False,0.0001,True,0.0,1e-10,-15.444072067701088,1.0031442548020353e-16,1.528098018120561e-16,0.6564659091933271,0.0,True,The KKT residual norm is smaller than the tolerance kkt_tol_abs or kkt_tol_rel. GEMSEO stopped the driver.,0.0,28,0.6502608569038255,False,27,0.0,-154440720677.01086,,,1.552969421732896,,,,,,,,volume,89799803521.15388,154900000000.0,36088527006.636566,0.0,0.0,0.0,0.0,0.0,0.0,
opt_B15_3_8,B15,15 % biomass,15.0,1.35,3.8,min_surplus_loss,G5,biofuel_use_growth_constraint,1,2035.0,-0.7508372417259407,0.0,0.7508372417259407,False,0.0001,True,0.0,1e-10,-15.444072067701088,1.0031442548020353e-16,1.528098018120561e-16,0.6564659091933271,0.0,True,The KKT residual norm is smaller than the tolerance kkt_tol_abs or kkt_tol_rel. GEMSEO stopped the driver.,0.0,28,0.6502608569038255,False,27,0.0,-154440720677.01086,,,1.9352824430911528,,,,,,,,volume,93402431693.45619,154900000000.0,37536342469.39952,0.0,0.0,0.0,0.0,0.0,0.0,
opt_B15_3_8,B15,15 % biomass,15.0,1.35,3.8,min_surplus_loss,G5,biofuel_use_growth_constraint,2,2040.0,-0.2692737110711489,0.0,0.2692737110711489,False,0.0001,True,0.0,1e-10,-15.444072067701088,1.0031442548020353e-16,1.528098018120561e-16,0.6564659091933271,0.0,True,The KKT residual norm is smaller than the tolerance kkt_tol_abs or kkt_tol_rel. GEMSEO stopped the driver.,0.0,28,0.6502608569038255,False,27,0.0,-154440720677.01086,,,2.411714024837406,,,,,,,,volume,96037484906.15176,154900000000.0,38595311256.651794,0.0,0.0,0.0,0.0,0.0,0.0,
opt_B15_3_8,B15,15 % biomass,15.0,1.35,3.8,min_surplus_loss,G5,biofuel_use_growth_constraint,3,2045.0,-1.0500933975012861e-05,0.0,1.0500933975012861e-05,True,0.0001,True,0.06043247338567065,1e-10,-15.444072067701088,1.0031442548020353e-16,1.528098018120561e-16,0.6564659091933271,0.0,True,The KKT residual norm is smaller than the tolerance kkt_tol_abs or kkt_tol_rel. GEMSEO stopped the driver.,0.0,28,0.6502608569038255,False,27,604324733.8567065,-154440720677.01086,,,3.005434456537094,,,,,,,,rate,281651702002.5262,154900000000.0,113189502155.07904,3.9013862740910685,0.0,4578467017.779349,11.725360736414169,0.0,13760282533.352688,
opt_B15_3_8,B15,15 % biomass,15.0,1.35,3.8,min_surplus_loss,G5,biofuel_use_growth_constraint,4,2050.0,-4.84500718678129e-05,0.0,4.84500718678129e-05,True,0.0001,True,0.03315469669873238,1e-10,-15.444072067701088,1.0031442548020353e-16,1.528098018120561e-16,0.6564659091933271,0.0,True,The KKT residual norm is smaller than the tolerance kkt_tol_abs or kkt_tol_rel. GEMSEO stopped the driver.,0.0,28,0.6502608569038255,False,27,331546966.9873238,-154440720677.01086,,,3.7453181345368614,,,,,,,,rate,700835515638.8698,154900000000.0,281650075407.85345,2.1403935893306896,0.0,6250266020.202939,8.016454925166675,0.0,23409234671.145603,
opt_B15_3_8,B15,15 % biomass,15.0,1.35,3.8,min_surplus_loss,G6,electrofuel_use_growth_constraint,0,2030.0,-0.9999998788367692,0.0,0.9999998788367692,False,0.0001,True,0.0,1e-10,-15.444072067701088,1.0031442548020353e-16,1.528098018120561e-16,0.6564659091933271,0.0,True,The KKT residual norm is smaller than the tolerance kkt_tol_abs or kkt_tol_rel. GEMSEO stopped the driver.,0.0,28,0.6502608569038255,False,27,0.0,-154440720677.01086,,,1.552969421732896,,,,,,,,volume,0.0,154900000000.0,0.0,0.0,0.0,0.0,0.0,0.0,0.0,
opt_B15_3_8,B15,15 % biomass,15.0,1.35,3.8,min_surplus_loss,G6,electrofuel_use_growth_constraint,1,2035.0,-0.9999998754137884,0.0,0.9999998754137884,False,0.0001,True,0.0,1e-10,-15.444072067701088,1.0031442548020353e-16,1.528098018120561e-16,0.6564659091933271,0.0,True,The KKT residual norm is smaller than the tolerance kkt_tol_abs or kkt_tol_rel. GEMSEO stopped the driver.,0.0,28,0.6502608569038255,False,27,0.0,-154440720677.01086,,,1.9352824430911528,,,,,,,,volume,46701.248726638674,154900000000.0,18768.18444839839,0.0,0.0,0.0,0.0,0.0,0.0,
opt_B15_3_8,B15,15 % biomass,15.0,1.35,3.8,min_surplus_loss,G6,electrofuel_use_growth_constraint,2,2040.0,-0.9999998740928251,0.0,0.9999998740928251,False,0.0001,True,0.0,1e-10,-15.444072067701088,1.0031442548020353e-16,1.528098018120561e-16,0.6564659091933271,0.0,True,The KKT residual norm is smaller than the tolerance kkt_tol_abs or kkt_tol_rel. GEMSEO stopped the driver.,0.0,28,0.6502608569038255,False,27,0.0,-154440720677.01086,,,2.411714024837406,,,,,,,,volume,48020.60510307302,154900000000.0,19298.404185584262,0.0,0.0,0.0,0.0,0.0,0.0,
opt_B15_3_8,B15,15 % biomass,15.0,1.35,3.8,min_surplus_loss,G6,electrofuel_use_growth_constraint,3,2045.0,-0.9999998721267789,0.0,0.9999998721267789,False,0.0001,True,0.0,1e-10,-15.444072067701088,1.0031442548020353e-16,1.528098018120561e-16,0.6564659091933271,0.0,True,The KKT residual norm is smaller than the tolerance kkt_tol_abs or kkt_tol_rel. GEMSEO stopped the driver.,0.0,28,0.6502608569038255,False,27,0.0,-154440720677.01086,,,3.005434456537094,,,,,,,,volume,48529.75821006075,154900000000.0,19503.021400005127,0.0,0.0,0.0,0.0,0.0,0.0,
opt_B15_3_8,B15,15 % biomass,15.0,1.35,3.8,min_surplus_loss,G6,electrofuel_use_growth_constraint,4,2050.0,-0.9999998703749643,0.0,0.9999998703749643,False,0.0001,True,0.0,1e-10,-15.444072067701088,1.0031442548020353e-16,1.528098018120561e-16,0.6564659091933271,0.0,True,The KKT residual norm is smaller than the tolerance kkt_tol_abs or kkt_tol_rel. GEMSEO stopped the driver.,0.0,28,0.6502608569038255,False,27,0.0,-154440720677.01086,,,3.7453181345368614,,,,,,,,volume,49287.5525462213,154900000000.0,19807.561947909155,0.0,0.0,0.0,0.0,0.0,0.0,
opt_B15_mincarb,B15,15 % biomass,15.0,1.35,,min_co2,G2,blend_completeness_constraint,0,2030.0,-0.8241159972148416,0.0,0.8241159972148416,False,0.0001,True,0.0,10.0,-2.470571878895172,3.8005887153050735e-17,5.100418056639762e-16,0.07451523920392053,0.0,True,The KKT residual norm is smaller than the tolerance kkt_tol_abs or kkt_tol_rel. GEMSEO stopped the driver.,0.0,28,9.990000000013418e-06,False,28,,,,,1.552969421732896,,,,,,,,,,,,,,,,,,0.0
opt_B15_mincarb,B15,15 % biomass,15.0,1.35,,min_co2,G2,blend_completeness_constraint,1,2035.0,-0.538722430639419,0.0,0.538722430639419,False,0.0001,True,0.0,10.0,-2.470571878895172,3.8005887153050735e-17,5.100418056639762e-16,0.07451523920392053,0.0,True,The KKT residual norm is smaller than the tolerance kkt_tol_abs or kkt_tol_rel. GEMSEO stopped the driver.,0.0,28,9.990000000013418e-06,False,28,,,,,1.9352824430911528,,,,,,,,,,,,,,,,,,0.0
opt_B15_mincarb,B15,15 % biomass,15.0,1.35,,min_co2,G2,blend_completeness_constraint,2,2040.0,0.0,0.0,0.0,True,0.0001,True,2.232337253776477,10.0,-2.470571878895172,3.8005887153050735e-17,5.100418056639762e-16,0.07451523920392053,0.0,True,The KKT residual norm is smaller than the tolerance kkt_tol_abs or kkt_tol_rel. GEMSEO stopped the driver.,0.0,28,9.990000000013418e-06,False,28,,,,,2.411714024837406,,,,,,,,,,,,,,,,,,0.5559955517235774
opt_B15_mincarb,B15,15 % biomass,15.0,1.35,,min_co2,G2,blend_completeness_constraint,3,2045.0,0.0,0.0,0.0,True,0.0001,True,2.2502522193365566,10.0,-2.470571878895172,3.8005887153050735e-17,5.100418056639762e-16,0.07451523920392053,0.0,True,The KKT residual norm is smaller than the tolerance kkt_tol_abs or kkt_tol_rel. GEMSEO stopped the driver.,0.0,28,9.990000000013418e-06,False,28,,,,,3.005434456537094,,,,,,,,,,,,,,,,,,0.5604575303712189
opt_B15_mincarb,B15,15 % biomass,15.0,1.35,,min_co2,G2,blend_completeness_constraint,4,2050.0,0.0,0.0,0.0,True,0.0001,True,1.4053642556511676,10.0,-2.470571878895172,3.8005887153050735e-17,5.100418056639762e-16,0.07451523920392053,0.0,True,The KKT residual norm is smaller than the tolerance kkt_tol_abs or kkt_tol_rel. GEMSEO stopped the driver.,0.0,28,9.990000000013418e-06,False,28,,,,,3.7453181345368614,,,,,,,,,,,,,,,,,,0.35002608739853275
opt_B15_mincarb,B15,15 % biomass,15.0,1.35,,min_co2,G3,biomass_trajectory_constraint,0,2030.0,-0.8054225612583342,0.0,0.8054225612583342,False,0.0001,True,0.0,10.0,-2.470571878895172,3.8005887153050735e-17,5.100418056639762e-16,0.07451523920392053,0.0,True,The KKT residual norm is smaller than the tolerance kkt_tol_abs or kkt_tol_rel. GEMSEO stopped the driver.,0.0,28,9.990000000013418e-06,False,28,,,,,1.552969421732896,,1675243500000.0,1.6752435,,,,,,,,,,,,,,,0.0
opt_B15_mincarb,B15,15 % biomass,15.0,1.35,,min_co2,G3,biomass_trajectory_constraint,1,2035.0,-0.5890674017194868,0.0,0.5890674017194868,False,0.0001,True,0.0,10.0,-2.470571878895172,3.8005887153050735e-17,5.100418056639762e-16,0.07451523920392053,0.0,True,The KKT residual norm is smaller than the tolerance kkt_tol_abs or kkt_tol_rel. GEMSEO stopped the driver.,0.0,28,9.990000000013418e-06,False,28,,,,,1.9352824430911528,,1973813250000.0,1.97381325,,,,,,,,,,,,,,,0.0
opt_B15_mincarb,B15,15 % biomass,15.0,1.35,,min_co2,G3,biomass_trajectory_constraint,2,2040.0,-0.25399746137266815,0.0,0.25399746137266815,False,0.0001,True,0.0,10.0,-2.470571878895172,3.8005887153050735e-17,5.100418056639762e-16,0.07451523920392053,0.0,True,The KKT residual norm is smaller than the tolerance kkt_tol_abs or kkt_tol_rel. GEMSEO stopped the driver.,0.0,28,9.990000000013418e-06,False,28,,,,,2.411714024837406,,2272383000000.0,2.272383,,,,,,,,,,,,,,,0.0
opt_B15_mincarb,B15,15 % biomass,15.0,1.35,,min_co2,G3,biomass_trajectory_constraint,3,2045.0,-0.3100351409158715,0.0,0.3100351409158715,False,0.0001,True,0.0,10.0,-2.470571878895172,3.8005887153050735e-17,5.100418056639762e-16,0.07451523920392053,0.0,True,The KKT residual norm is smaller than the tolerance kkt_tol_abs or kkt_tol_rel. GEMSEO stopped the driver.,0.0,28,9.990000000013418e-06,False,28,,,,,3.005434456537094,,2318853000000.0,2.318853,,,,,,,,,,,,,,,0.0
opt_B15_mincarb,B15,15 % biomass,15.0,1.35,,min_co2,G3,biomass_trajectory_constraint,4,2050.0,-0.33269330933487806,0.0,0.33269330933487806,False,0.0001,True,0.0,10.0,-2.470571878895172,3.8005887153050735e-17,5.100418056639762e-16,0.07451523920392053,0.0,True,The KKT residual norm is smaller than the tolerance kkt_tol_abs or kkt_tol_rel. GEMSEO stopped the driver.,0.0,28,9.990000000013418e-06,False,28,,,,,3.7453181345368614,,2365323000000.0,2.365323,,,,,,,,,,,,,,,0.0
opt_B15_mincarb,B15,15 % biomass,15.0,1.35,,min_co2,G4,electricity_trajectory_constraint,0,2030.0,-0.6669566077201778,0.0,0.6669566077201778,False,0.0001,True,0.0,10.0,-2.470571878895172,3.8005887153050735e-17,5.100418056639762e-16,0.07451523920392053,0.0,True,The KKT residual norm is smaller than the tolerance kkt_tol_abs or kkt_tol_rel. GEMSEO stopped the driver.,0.0,28,9.990000000013418e-06,False,28,,,,,1.552969421732896,,1065287574000.0001,1.065287574,,,,,,,,,,,,,,,0.0
opt_B15_mincarb,B15,15 % biomass,15.0,1.35,,min_co2,G4,electricity_trajectory_constraint,1,2035.0,-0.3492910042554074,0.0,0.3492910042554074,False,0.0001,True,0.0,10.0,-2.470571878895172,3.8005887153050735e-17,5.100418056639762e-16,0.07451523920392053,0.0,True,The KKT residual norm is smaller than the tolerance kkt_tol_abs or kkt_tol_rel. GEMSEO stopped the driver.,0.0,28,9.990000000013418e-06,False,28,,,,,1.9352824430911528,,1356710238000.0002,1.3567102380000002,,,,,,,,,,,,,,,0.0
opt_B15_mincarb,B15,15 % biomass,15.0,1.35,,min_co2,G4,electricity_trajectory_constraint,2,2040.0,-1.2789769243681803e-15,0.0,1.2789769243681803e-15,True,0.0001,True,0.10412233130835347,10.0,-2.470571878895172,3.8005887153050735e-17,5.100418056639762e-16,0.07451523920392053,0.0,True,The KKT residual norm is smaller than the tolerance kkt_tol_abs or kkt_tol_rel. GEMSEO stopped the driver.,0.0,28,9.990000000013418e-06,False,28,,,,,2.411714024837406,,1648132902000.0002,1.6481329020000002,,,,,,,,,,,,,,,0.025933157252380722
opt_B15_mincarb,B15,15 % biomass,15.0,1.35,,min_co2,G4,electricity_trajectory_constraint,3,2045.0,-5.684341886080802e-16,0.0,5.684341886080802e-16,True,0.0001,True,0.20691679166677845,10.0,-2.470571878895172,3.8005887153050735e-17,5.100418056639762e-16,0.07451523920392053,0.0,True,The KKT residual norm is smaller than the tolerance kkt_tol_abs or kkt_tol_rel. GEMSEO stopped the driver.,0.0,28,9.990000000013418e-06,False,28,,,,,3.005434456537094,,1895265009000.0002,1.8952650090000003,,,,,,,,,,,,,,,0.05153558923456573
opt_B15_mincarb,B15,15 % biomass,15.0,1.35,,min_co2,G4,electricity_trajectory_constraint,4,2050.0,-5.356080947649389e-09,0.0,5.356080947649389e-09,True,0.0001,True,0.1730176074347899,10.0,-2.470571878895172,3.8005887153050735e-17,5.100418056639762e-16,0.07451523920392053,0.0,True,The KKT residual norm is smaller than the tolerance kkt_tol_abs or kkt_tol_rel. GEMSEO stopped the driver.,0.0,28,9.990000000013418e-06,False,28,,,,,3.7453181345368614,,2142397116000.0002,2.142397116,,,,,,,,,,,,,,,0.0430925120928128
opt_B15_mincarb,B15,15 % biomass,15.0,1.35,,min_co2,G5,biofuel_use_growth_constraint,0,2030.0,0.0,0.0,0.0,True,0.0001,True,0.8991881280363869,10.0,-2.470571878895172,3.8005887153050735e-17,5.100418056639762e-16,0.07451523920392053,0.0,True,The KKT residual norm is smaller than the tolerance kkt_tol_abs or kkt_tol_rel. GEMSEO stopped the driver.,0.0,28,9.990000000013418e-06,False,28,,,,,1.552969421732896,,,,,,,,volume,89799803521.1634,154900000000.0,36088527006.640396,,,0.0,,,0.0,0.22395567627835727
opt_B15_mincarb,B15,15 % biomass,15.0,1.35,,min_co2,G5,biofuel_use_growth_constraint,1,2035.0,-3.9402941413815366e-16,0.0,3.9402941413815366e-16,True,0.0001,True,0.2560157285109885,10.0,-2.470571878895172,3.8005887153050735e-17,5.100418056639762e-16,0.07451523920392053,0.0,True,The KKT residual norm is smaller than the tolerance kkt_tol_abs or kkt_tol_rel. GEMSEO stopped the driver.,0.0,28,9.990000000013418e-06,False,28,,,,,1.9352824430911528,,,,,,,,rate,385440767999.99994,154900000000.0,154900000000.0,,0.0,,,0.0,,0.0637643823676624
opt_B15_mincarb,B15,15 % biomass,15.0,1.35,,min_co2,G5,biofuel_use_growth_constraint,2,2040.0,-0.991160834315504,0.0,0.991160834315504,False,0.0001,True,0.0,10.0,-2.470571878895172,3.8005887153050735e-17,5.100418056639762e-16,0.07451523920392053,0.0,True,The KKT residual norm is smaller than the tolerance kkt_tol_abs or kkt_tol_rel. GEMSEO stopped the driver.,0.0,28,9.990000000013418e-06,False,28,,,,,2.411714024837406,,,,,,,,rate,959099971829.7595,154900000000.0,385440767999.9999,,0.0,,,0.0,,0.0
opt_B15_mincarb,B15,15 % biomass,15.0,1.35,,min_co2,G5,biofuel_use_growth_constraint,3,2045.0,-8.03241131419535,0.0,8.03241131419535,False,0.0001,True,0.0,10.0,-2.470571878895172,3.8005887153050735e-17,5.100418056639762e-16,0.07451523920392053,0.0,True,The KKT residual norm is smaller than the tolerance kkt_tol_abs or kkt_tol_rel. GEMSEO stopped the driver.,0.0,28,9.990000000013418e-06,False,28,,,,,3.005434456537094,,,,,,,,rate,2004513848713.3381,154900000000.0,805569158594.288,,0.0,,,0.0,,0.0
opt_B15_mincarb,B15,15 % biomass,15.0,1.35,,min_co2,G5,biofuel_use_growth_constraint,4,2050.0,-7.3711524933506904,0.0,7.3711524933506904,False,0.0001,True,0.0,10.0,-2.470571878895172,3.8005887153050735e-17,5.100418056639762e-16,0.07451523920392053,0.0,True,The KKT residual norm is smaller than the tolerance kkt_tol_abs or kkt_tol_rel. GEMSEO stopped the driver.,0.0,28,9.990000000013418e-06,False,28,,,,,3.7453181345368614,,,,,,,,rate,1891853114195.0278,154900000000.0,760293336144.4783,,0.0,,,0.0,,0.0
opt_B15_mincarb,B15,15 % biomass,15.0,1.35,,min_co2,G6,electrofuel_use_growth_constraint,0,2030.0,-5.910441212072305e-16,0.0,5.910441212072305e-16,True,0.0001,True,1.0035814579141085,10.0,-2.470571878895172,3.8005887153050735e-17,5.100418056639762e-16,0.07451523920392053,0.0,True,The KKT residual norm is smaller than the tolerance kkt_tol_abs or kkt_tol_rel. GEMSEO stopped the driver.,0.0,28,9.990000000013418e-06,False,28,,,,,1.552969421732896,,,,,,,,volume,0.0,154900000000.0,0.0,,,0.0,,,0.0,0.24995632960411904
opt_B15_mincarb,B15,15 % biomass,15.0,1.35,,min_co2,G6,electrofuel_use_growth_constraint,1,2035.0,1.182088242414461e-15,0.0,1.182088242414461e-15,True,0.0001,True,0.30483770014763345,10.0,-2.470571878895172,3.8005887153050735e-17,5.100418056639762e-16,0.07451523920392053,0.0,True,The KKT residual norm is smaller than the tolerance kkt_tol_abs or kkt_tol_rel. GEMSEO stopped the driver.,0.0,28,9.990000000013418e-06,False,28,,,,,1.9352824430911528,,,,,,,,rate,385440767999.9997,154900000000.0,154899999999.9999,,0.0,,,0.0,,0.07592419335071525
opt_B15_mincarb,B15,15 % biomass,15.0,1.35,,min_co2,G6,electrofuel_use_growth_constraint,2,2040.0,-1.546321115378265,0.0,1.546321115378265,False,0.0001,True,0.0,10.0,-2.470571878895172,3.8005887153050735e-17,5.100418056639762e-16,0.07451523920392053,0.0,True,The KKT residual norm is smaller than the tolerance kkt_tol_abs or kkt_tol_rel. GEMSEO stopped the driver.,0.0,28,9.990000000013418e-06,False,28,,,,,2.411714024837406,,,,,,,,rate,959099971829.7595,154900000000.0,385440767999.9999,,0.0,,,0.0,,0.0
opt_B15_mincarb,B15,15 % biomass,15.0,1.35,,min_co2,G6,electrofuel_use_growth_constraint,3,2045.0,-6.217299765893996,0.0,6.217299765893996,False,0.0001,True,0.0,10.0,-2.470571878895172,3.8005887153050735e-17,5.100418056639762e-16,0.07451523920392053,0.0,True,The KKT residual norm is smaller than the tolerance kkt_tol_abs or kkt_tol_rel. GEMSEO stopped the driver.,0.0,28,9.990000000013418e-06,False,28,,,,,3.005434456537094,,,,,,,,rate,1790532443617.4116,154900000000.0,719574831057.6663,,0.0,,,0.0,,0.0
opt_B15_mincarb,B15,15 % biomass,15.0,1.35,,min_co2,G6,electrofuel_use_growth_constraint,4,2050.0,-7.254011037807596,0.0,7.254011037807596,False,0.0001,True,0.0,10.0,-2.470571878895172,3.8005887153050735e-17,5.100418056639762e-16,0.07451523920392053,0.0,True,The KKT residual norm is smaller than the tolerance kkt_tol_abs or kkt_tol_rel. GEMSEO stopped the driver.,0.0,28,9.990000000013418e-06,False,28,,,,,3.7453181345368614,,,,,,,,rate,2059016893449.6753,154900000000.0,827472709880.4316,,0.0,,,0.0,,0.0
opt_B5_2_0,B5,5 % biomass,5.0,1.35,2.0,min_surplus_loss,G1,aviation_carbon_budget_constraint,0,,0.3378826166165594,0.0,0.3378826166165594,False,0.0001,True,73.10734507996823,1e-10,21.55691264757969,9.916793725054143e-17,1.755209177395591e-16,0.5649921304404782,0.33778261662280146,False,Positive directional derivative for linesearch,0.0,6,0.24522413029101703,False,6,731073450799.6823,215569126475.7969,1.7478766537399129,418.26375404432133,,,,,,,,,,,,,,,,,,,
opt_B5_2_0,B5,5 % biomass,5.0,1.35,2.0,min_surplus_loss,G2,blend_completeness_constraint,0,2030.0,-0.8241113486647816,0.0,0.8241113486647816,False,0.0001,True,0.0,1e-10,21.55691264757969,9.916793725054143e-17,1.755209177395591e-16,0.5649921304404782,0.33778261662280146,False,Positive directional derivative for linesearch,0.0,6,0.24522413029101703,False,6,0.0,215569126475.7969,,,1.552969421732896,,,,,,,,,,,,,,,,,,
opt_B5_2_0,B5,5 % biomass,5.0,1.35,2.0,min_surplus_loss,G2,blend_completeness_constraint,1,2035.0,-0.5853760642765394,0.0,0.5853760642765394,False,0.0001,True,0.0,1e-10,21.55691264757969,9.916793725054143e-17,1.755209177395591e-16,0.5649921304404782,0.33778261662280146,False,Positive directional derivative for linesearch,0.0,6,0.24522413029101703,False,6,0.0,215569126475.7969,,,1.9352824430911528,,,,,,,,,,,,,,,,,,
opt_B5_2_0,B5,5 % biomass,5.0,1.35,2.0,min_surplus_loss,G2,blend_completeness_constraint,2,2040.0,-0.322375271933403,0.0,0.322375271933403,False,0.0001,True,0.0,1e-10,21.55691264757969,9.916793725054143e-17,1.755209177395591e-16,0.5649921304404782,0.33778261662280146,False,Positive directional derivative for linesearch,0.0,6,0.24522413029101703,False,6,0.0,215569126475.7969,,,2.411714024837406,,,,,,,,,,,,,,,,,,
opt_B5_2_0,B5,5 % biomass,5.0,1.35,2.0,min_surplus_loss,G2,blend_completeness_constraint,3,2045.0,-0.273010633005363,0.0,0.273010633005363,False,0.0001,True,0.0,1e-10,21.55691264757969,9.916793725054143e-17,1.755209177395591e-16,0.5649921304404782,0.33778261662280146,False,Positive directional derivative for linesearch,0.0,6,0.24522413029101703,False,6,0.0,215569126475.7969,,,3.005434456537094,,,,,,,,,,,,,,,,,,
opt_B5_2_0,B5,5 % biomass,5.0,1.35,2.0,min_surplus_loss,G2,blend_completeness_constraint,4,2050.0,-0.24521414029101707,0.0,0.24521414029101707,False,0.0001,True,0.0,1e-10,21.55691264757969,9.916793725054143e-17,1.755209177395591e-16,0.5649921304404782,0.33778261662280146,False,Positive directional derivative for linesearch,0.0,6,0.24522413029101703,False,6,0.0,215569126475.7969,,,3.7453181345368614,,,,,,,,,,,,,,,,,,
opt_B5_2_0,B5,5 % biomass,5.0,1.35,2.0,min_surplus_loss,G3,biomass_trajectory_constraint,0,2030.0,-0.4162378490134283,0.0,0.4162378490134283,False,0.0001,True,0.0,1e-10,21.55691264757969,9.916793725054143e-17,1.755209177395591e-16,0.5649921304404782,0.33778261662280146,False,Positive directional derivative for linesearch,0.0,6,0.24522413029101703,False,6,0.0,215569126475.7969,,,1.552969421732896,,558414500000.0001,0.5584145000000001,0.0,0.0,0.0,0.0,,,,,,,,,,,
opt_B5_2_0,B5,5 % biomass,5.0,1.35,2.0,min_surplus_loss,G3,biomass_trajectory_constraint,1,2035.0,0.00026522958704887855,0.0,0.00026522958704887855,False,0.0001,True,3.459222490447734,1e-10,21.55691264757969,9.916793725054143e-17,1.755209177395591e-16,0.5649921304404782,0.33778261662280146,False,Positive directional derivative for linesearch,0.0,6,0.24522413029101703,False,6,34592224904.47734,215569126475.7969,,,1.9352824430911528,,657937750000.0001,0.6579377500000001,52.57674438725751,52576744387.257515,101.75085032755078,101750850327.55078,,,,,,,,,,,
opt_B5_2_0,B5,5 % biomass,5.0,1.35,2.0,min_surplus_loss,G3,biomass_trajectory_constraint,2,2040.0,0.0001597061183696269,0.0,0.0001597061183696269,False,0.0001,True,4.307654275412301,1e-10,21.55691264757969,9.916793725054143e-17,1.755209177395591e-16,0.5649921304404782,0.33778261662280146,False,Positive directional derivative for linesearch,0.0,6,0.24522413029101703,False,6,43076542754.12301,215569126475.7969,,,2.411714024837406,,757461000000.0,0.757461,56.86965105018346,56869651050.18346,137.15333502533676,137153335025.33675,,,,,,,,,,,
opt_B5_2_0,B5,5 % biomass,5.0,1.35,2.0,min_surplus_loss,G3,biomass_trajectory_constraint,3,2045.0,3.5183234103897123e-12,0.0,3.5183234103897123e-12,True,0.0001,True,4.639130227303803,1e-10,21.55691264757969,9.916793725054143e-17,1.755209177395591e-16,0.5649921304404782,0.33778261662280146,False,Positive directional derivative for linesearch,0.0,6,0.24522413029101703,False,6,46391302273.03803,215569126475.7969,,,3.005434456537094,,772951000000.0,0.772951,60.01842584204954,60018425842.04954,180.38144505281204,180381445052.81204,,,,,,,,,,,
opt_B5_2_0,B5,5 % biomass,5.0,1.35,2.0,min_surplus_loss,G3,biomass_trajectory_constraint,4,2050.0,4.535536390903872e-12,0.0,4.535536390903872e-12,True,0.0001,True,2.9066383965124274,1e-10,21.55691264757969,9.916793725054143e-17,1.755209177395591e-16,0.5649921304404782,0.33778261662280146,False,Positive directional derivative for linesearch,0.0,6,0.24522413029101703,False,6,29066383965.12427,215569126475.7969,,,3.7453181345368614,,788441000000.0001,0.7884410000000002,36.86564240713543,36865642407.13544,138.0735590487955,138073559048.7955,,,,,,,,,,,
opt_B5_2_0,B5,5 % biomass,5.0,1.35,2.0,min_surplus_loss,G4,electricity_trajectory_constraint,0,2030.0,-0.6669566077203709,0.0,0.6669566077203709,False,0.0001,True,0.0,1e-10,21.55691264757969,9.916793725054143e-17,1.755209177395591e-16,0.5649921304404782,0.33778261662280146,False,Positive directional derivative for linesearch,0.0,6,0.24522413029101703,False,6,0.0,215569126475.7969,,,1.552969421732896,,1065287574000.0001,1.065287574,0.0,0.0,0.0,0.0,,,,,,,,,,,
opt_B5_2_0,B5,5 % biomass,5.0,1.35,2.0,min_surplus_loss,G4,electricity_trajectory_constraint,1,2035.0,-0.34929100425585236,0.0,0.34929100425585236,False,0.0001,True,0.0,1e-10,21.55691264757969,9.916793725054143e-17,1.755209177395591e-16,0.5649921304404782,0.33778261662280146,False,Positive directional derivative for linesearch,0.0,6,0.24522413029101703,False,6,0.0,215569126475.7969,,,1.9352824430911528,,1356710238000.0002,1.3567102380000002,0.0,0.0,0.0,0.0,,,,,,,,,,,
opt_B5_2_0,B5,5 % biomass,5.0,1.35,2.0,min_surplus_loss,G4,electricity_trajectory_constraint,2,2040.0,-7.219114195322618e-14,0.0,7.219114195322618e-14,True,0.0001,True,5.725017974399026,1e-10,21.55691264757969,9.916793725054143e-17,1.755209177395591e-16,0.5649921304404782,0.33778261662280146,False,Positive directional derivative for linesearch,0.0,6,0.24522413029101703,False,6,57250179743.99026,215569126475.7969,,,2.411714024837406,,1648132902000.0002,1.6481329020000002,34.736385442288956,34736385442.288956,83.77422794332617,83774227943.32617,,,,,,,,,,,
opt_B5_2_0,B5,5 % biomass,5.0,1.35,2.0,min_surplus_loss,G4,electricity_trajectory_constraint,3,2045.0,3.5225866668042726e-12,0.0,3.5225866668042726e-12,True,0.0001,True,9.752625177708044,1e-10,21.55691264757969,9.916793725054143e-17,1.755209177395591e-16,0.5649921304404782,0.33778261662280146,False,Positive directional derivative for linesearch,0.0,6,0.24522413029101703,False,6,97526251777.08043,215569126475.7969,,,3.005434456537094,,1895265009000.0002,1.8952650090000003,51.457844319374765,51457844319.37476,154.65317837657048,154653178376.5705,,,,,,,,,,,
opt_B5_2_0,B5,5 % biomass,5.0,1.35,2.0,min_surplus_loss,G4,electricity_trajectory_constraint,4,2050.0,4.548326160147553e-12,0.0,4.548326160147553e-12,True,0.0001,True,7.740757892380089,1e-10,21.55691264757969,9.916793725054143e-17,1.755209177395591e-16,0.5649921304404782,0.33778261662280146,False,Positive directional derivative for linesearch,0.0,6,0.24522413029101703,False,6,77407578923.80089,215569126475.7969,,,3.7453181345368614,,2142397116000.0002,2.142397116,36.131293468283815,36131293468.28381,135.32318865103662,135323188651.03662,,,,,,,,,,,
opt_B5_2_0,B5,5 % biomass,5.0,1.35,2.0,min_surplus_loss,G5,biofuel_use_growth_constraint,0,2030.0,5.1110348034360626e-05,0.0,5.1110348034360626e-05,True,0.0001,True,1.5774718785612103,1e-10,21.55691264757969,9.916793725054143e-17,1.755209177395591e-16,0.5649921304404782,0.33778261662280146,False,Positive directional derivative for linesearch,0.0,6,0.24522413029101703,False,6,15774718785.612103,215569126475.7969,,,1.552969421732896,,,,,,,,volume,89799803521.1634,154900000000.0,36088527006.640396,101.83808124991674,509190406249.5836,0.0,158.1514261490709,790757130745.3542,0.0,
opt_B5_2_0,B5,5 % biomass,5.0,1.35,2.0,min_surplus_loss,G5,biofuel_use_growth_constraint,1,2035.0,-0.46947862906885374,0.0,0.46947862906885374,False,0.0001,True,0.0,1e-10,21.55691264757969,9.916793725054143e-17,1.755209177395591e-16,0.5649921304404782,0.33778261662280146,False,Positive directional derivative for linesearch,0.0,6,0.24522413029101703,False,6,0.0,215569126475.7969,,,1.9352824430911528,,,,,,,,rate,385460468011.799,154900000000.0,154907916992.91052,0.0,0.0,0.0,0.0,0.0,0.0,
opt_B5_2_0,B5,5 % biomass,5.0,1.35,2.0,min_surplus_loss,G5,biofuel_use_growth_constraint,2,2040.0,-2.699716295745408,0.0,2.699716295745408,False,0.0001,True,0.0,1e-10,21.55691264757969,9.916793725054143e-17,1.755209177395591e-16,0.5649921304404782,0.33778261662280146,False,Positive directional derivative for linesearch,0.0,6,0.24522413029101703,False,6,0.0,215569126475.7969,,,2.411714024837406,,,,,,,,rate,778192788415.2334,154900000000.0,312738228369.03357,0.0,0.0,0.0,0.0,0.0,0.0,
opt_B5_2_0,B5,5 % biomass,5.0,1.35,2.0,min_surplus_loss,G5,biofuel_use_growth_constraint,3,2045.0,-3.411890144789522,0.0,3.411890144789522,False,0.0001,True,0.0,1e-10,21.55691264757969,9.916793725054143e-17,1.755209177395591e-16,0.5649921304404782,0.33778261662280146,False,Positive directional derivative for linesearch,0.0,6,0.24522413029101703,False,6,0.0,215569126475.7969,,,3.005434456537094,,,,,,,,rate,895811956855.1681,154900000000.0,360006734204.26965,0.0,0.0,0.0,0.0,0.0,0.0,
opt_B5_2_0,B5,5 % biomass,5.0,1.35,2.0,min_surplus_loss,G5,biofuel_use_growth_constraint,4,2050.0,-3.4816923950661507,0.0,3.4816923950661507,False,0.0001,True,0.0,1e-10,21.55691264757969,9.916793725054143e-17,1.755209177395591e-16,0.5649921304404782,0.33778261662280146,False,Positive directional derivative for linesearch,0.0,6,0.24522413029101703,False,6,0.0,215569126475.7969,,,3.7453181345368614,,,,,,,,rate,913985250742.5472,154900000000.0,367310173427.2712,0.0,0.0,0.0,0.0,0.0,0.0,
opt_B5_2_0,B5,5 % biomass,5.0,1.35,2.0,min_surplus_loss,G6,electrofuel_use_growth_constraint,0,2030.0,-1.223461330898967e-13,0.0,1.223461330898967e-13,True,0.0001,True,0.0,1e-10,21.55691264757969,9.916793725054143e-17,1.755209177395591e-16,0.5649921304404782,0.33778261662280146,False,Positive directional derivative for linesearch,0.0,6,0.24522413029101703,False,6,0.0,215569126475.7969,,,1.552969421732896,,,,,,,,volume,0.0,154900000000.0,0.0,0.0,0.0,0.0,0.0,0.0,0.0,
opt_B5_2_0,B5,5 % biomass,5.0,1.35,2.0,min_surplus_loss,G6,electrofuel_use_growth_constraint,1,2035.0,3.1916382545190447e-13,0.0,3.1916382545190447e-13,True,0.0001,True,0.4333387261490306,1e-10,21.55691264757969,9.916793725054143e-17,1.755209177395591e-16,0.5649921304404782,0.33778261662280146,False,Positive directional derivative for linesearch,0.0,6,0.24522413029101703,False,6,4333387261.490306,215569126475.7969,,,1.9352824430911528,,,,,,,,rate,385440767999.95276,154900000000.0,154899999999.98105,27.975385806909657,0.0,44928559127.126,54.140272990813685,0.0,86949451672.10971,
opt_B5_2_0,B5,5 % biomass,5.0,1.35,2.0,min_surplus_loss,G6,electrofuel_use_growth_constraint,2,2040.0,-1.5463211153770429,0.0,1.5463211153770429,False,0.0001,True,0.0,1e-10,21.55691264757969,9.916793725054143e-17,1.755209177395591e-16,0.5649921304404782,0.33778261662280146,False,Positive directional derivative for linesearch,0.0,6,0.24522413029101703,False,6,0.0,215569126475.7969,,,2.411714024837406,,,,,,,,rate,959099971829.7653,154900000000.0,385440768000.0022,0.0,0.0,0.0,0.0,0.0,0.0,
opt_B5_2_0,B5,5 % biomass,5.0,1.35,2.0,min_surplus_loss,G6,electrofuel_use_growth_constraint,3,2045.0,-6.2172997658812,0.0,6.2172997658812,False,0.0001,True,0.0,1e-10,21.55691264757969,9.916793725054143e-17,1.755209177395591e-16,0.5649921304404782,0.33778261662280146,False,Positive directional derivative for linesearch,0.0,6,0.24522413029101703,False,6,0.0,215569126475.7969,,,3.005434456537094,,,,,,,,rate,1790532443617.897,154900000000.0,719574831057.8613,0.0,0.0,0.0,0.0,0.0,0.0,
opt_B5_2_0,B5,5 % biomass,5.0,1.35,2.0,min_surplus_loss,G6,electrofuel_use_growth_constraint,4,2050.0,-7.25401100548191,0.0,7.25401100548191,False,0.0001,True,0.0,1e-10,21.55691264757969,9.916793725054143e-17,1.755209177395591e-16,0.5649921304404782,0.33778261662280146,False,Positive directional derivative for linesearch,0.0,6,0.24522413029101703,False,6,0.0,215569126475.7969,,,3.7453181345368614,,,,,,,,rate,2059016893455.8152,154900000000.0,827472709882.8992,0.0,0.0,0.0,0.0,0.0,0.0,
opt_B5_2_2,B5,5 % biomass,5.0,1.35,2.2,min_surplus_loss,G1,aviation_carbon_budget_constraint,0,,0.1718840296648249,0.0,0.1718840296648249,False,0.0001,True,83.4630919161108,1e-10,21.55690759482719,2.4059557745517447e-16,4.258387834466081e-16,0.5649921679464418,0.1717840296800882,False,Positive directional derivative for linesearch,0.0,47,0.24522413029102774,False,9,834630919161.1079,215569075948.2719,1.9954654899519684,418.26377021493755,,,,,,,,,,,,,,,,,,,
opt_B5_2_2,B5,5 % biomass,5.0,1.35,2.2,min_surplus_loss,G2,blend_completeness_constraint,0,2030.0,-0.8241113749231147,0.0,0.8241113749231147,False,0.0001,True,0.0,1e-10,21.55690759482719,2.4059557745517447e-16,4.258387834466081e-16,0.5649921679464418,0.1717840296800882,False,Positive directional derivative for linesearch,0.0,47,0.24522413029102774,False,9,0.0,215569075948.2719,,,1.552969421732896,,,,,,,,,,,,,,,,,,
opt_B5_2_2,B5,5 % biomass,5.0,1.35,2.2,min_surplus_loss,G2,blend_completeness_constraint,1,2035.0,-0.5853763621201221,0.0,0.5853763621201221,False,0.0001,True,0.0,1e-10,21.55690759482719,2.4059557745517447e-16,4.258387834466081e-16,0.5649921679464418,0.1717840296800882,False,Positive directional derivative for linesearch,0.0,47,0.24522413029102774,False,9,0.0,215569075948.2719,,,1.9352824430911528,,,,,,,,,,,,,,,,,,
opt_B5_2_2,B5,5 % biomass,5.0,1.35,2.2,min_surplus_loss,G2,blend_completeness_constraint,2,2040.0,-0.3223754973073,0.0,0.3223754973073,False,0.0001,True,0.0,1e-10,21.55690759482719,2.4059557745517447e-16,4.258387834466081e-16,0.5649921679464418,0.1717840296800882,False,Positive directional derivative for linesearch,0.0,47,0.24522413029102774,False,9,0.0,215569075948.2719,,,2.411714024837406,,,,,,,,,,,,,,,,,,
opt_B5_2_2,B5,5 % biomass,5.0,1.35,2.2,min_surplus_loss,G2,blend_completeness_constraint,3,2045.0,-0.27301063300594036,0.0,0.27301063300594036,False,0.0001,True,0.0,1e-10,21.55690759482719,2.4059557745517447e-16,4.258387834466081e-16,0.5649921679464418,0.1717840296800882,False,Positive directional derivative for linesearch,0.0,47,0.24522413029102774,False,9,0.0,215569075948.2719,,,3.005434456537094,,,,,,,,,,,,,,,,,,
opt_B5_2_2,B5,5 % biomass,5.0,1.35,2.2,min_surplus_loss,G2,blend_completeness_constraint,4,2050.0,-0.24521414029102728,0.0,0.24521414029102728,False,0.0001,True,0.0,1e-10,21.55690759482719,2.4059557745517447e-16,4.258387834466081e-16,0.5649921679464418,0.1717840296800882,False,Positive directional derivative for linesearch,0.0,47,0.24522413029102774,False,9,0.0,215569075948.2719,,,3.7453181345368614,,,,,,,,,,,,,,,,,,
opt_B5_2_2,B5,5 % biomass,5.0,1.35,2.2,min_surplus_loss,G3,biomass_trajectory_constraint,0,2030.0,-0.4162380175480518,0.0,0.4162380175480518,False,0.0001,True,0.0,1e-10,21.55690759482719,2.4059557745517447e-16,4.258387834466081e-16,0.5649921679464418,0.1717840296800882,False,Positive directional derivative for linesearch,0.0,47,0.24522413029102774,False,9,0.0,215569075948.2719,,,1.552969421732896,,558414500000.0001,0.5584145000000001,0.0,0.0,0.0,0.0,,,,,,,,,,,
opt_B5_2_2,B5,5 % biomass,5.0,1.35,2.2,min_surplus_loss,G3,biomass_trajectory_constraint,1,2035.0,0.00026373384789806664,0.0,0.00026373384789806664,False,0.0001,True,3.4592227031844227,1e-10,21.55690759482719,2.4059557745517447e-16,4.258387834466081e-16,0.5649921679464418,0.1717840296800882,False,Positive directional derivative for linesearch,0.0,47,0.24522413029102774,False,9,34592227031.84422,215569075948.2719,,,1.9352824430911528,,657937750000.0001,0.6579377500000001,52.57674762064377,52576747620.643776,101.75085658506643,101750856585.06644,,,,,,,,,,,
opt_B5_2_2,B5,5 % biomass,5.0,1.35,2.2,min_surplus_loss,G3,biomass_trajectory_constraint,2,2040.0,0.00015880310372409667,0.0,0.00015880310372409667,False,0.0001,True,4.307654558490211,1e-10,21.55690759482719,2.4059557745517447e-16,4.258387834466081e-16,0.5649921679464418,0.1717840296800882,False,Positive directional derivative for linesearch,0.0,47,0.24522413029102774,False,9,43076545584.90211,215569075948.2719,,,2.411714024837406,,757461000000.0,0.757461,56.869654787377975,56869654787.377975,137.1533440383812,137153344038.38118,,,,,,,,,,,
opt_B5_2_2,B5,5 % biomass,5.0,1.35,2.2,min_surplus_loss,G3,biomass_trajectory_constraint,3,2045.0,2.643929519763333e-12,0.0,2.643929519763333e-12,True,0.0001,True,4.6391310050869965,1e-10,21.55690759482719,2.4059557745517447e-16,4.258387834466081e-16,0.5649921679464418,0.1717840296800882,False,Positive directional derivative for linesearch,0.0,47,0.24522413029102774,False,9,46391310050.869965,215569075948.2719,,,3.005434456537094,,772951000000.0,0.772951,60.0184359045657,60018435904.565704,180.38147529504482,180381475295.04483,,,,,,,,,,,
opt_B5_2_2,B5,5 % biomass,5.0,1.35,2.2,min_surplus_loss,G3,biomass_trajectory_constraint,4,2050.0,4.52345716439595e-12,0.0,4.52345716439595e-12,True,0.0001,True,2.9066377829085415,1e-10,21.55690759482719,2.4059557745517447e-16,4.258387834466081e-16,0.5649921679464418,0.1717840296800882,False,Positive directional derivative for linesearch,0.0,47,0.24522413029102774,False,9,29066377829.085415,215569075948.2719,,,3.7453181345368614,,788441000000.0001,0.7884410000000002,36.86563462463952,36865634624.63952,138.07352990087242,138073529900.8724,,,,,,,,,,,
opt_B5_2_2,B5,5 % biomass,5.0,1.35,2.2,min_surplus_loss,G4,electricity_trajectory_constraint,0,2030.0,-0.6669566077167818,0.0,0.6669566077167818,False,0.0001,True,0.0,1e-10,21.55690759482719,2.4059557745517447e-16,4.258387834466081e-16,0.5649921679464418,0.1717840296800882,False,Positive directional derivative for linesearch,0.0,47,0.24522413029102774,False,9,0.0,215569075948.2719,,,1.552969421732896,,1065287574000.0001,1.065287574,0.0,0.0,0.0,0.0,,,,,,,,,,,
opt_B5_2_2,B5,5 % biomass,5.0,1.35,2.2,min_surplus_loss,G4,electricity_trajectory_constraint,1,2035.0,-0.34929100420927595,0.0,0.34929100420927595,False,0.0001,True,0.0,1e-10,21.55690759482719,2.4059557745517447e-16,4.258387834466081e-16,0.5649921679464418,0.1717840296800882,False,Positive directional derivative for linesearch,0.0,47,0.24522413029102774,False,9,0.0,215569075948.2719,,,1.9352824430911528,,1356710238000.0002,1.3567102380000002,0.0,0.0,0.0,0.0,,,,,,,,,,,
opt_B5_2_2,B5,5 % biomass,5.0,1.35,2.2,min_surplus_loss,G4,electricity_trajectory_constraint,2,2040.0,1.3520917718778947e-11,0.0,1.3520917718778947e-11,True,0.0001,True,5.725020341016536,1e-10,21.55690759482719,2.4059557745517447e-16,4.258387834466081e-16,0.5649921679464418,0.1717840296800882,False,Positive directional derivative for linesearch,0.0,47,0.24522413029102774,False,9,57250203410.16535,215569075948.2719,,,2.411714024837406,,1648132902000.0002,1.6481329020000002,34.73639980167409,34736399801.67409,83.77426257405668,83774262574.05669,,,,,,,,,,,
opt_B5_2_2,B5,5 % biomass,5.0,1.35,2.2,min_surplus_loss,G4,electricity_trajectory_constraint,3,2045.0,2.958557843157905e-12,0.0,2.958557843157905e-12,True,0.0001,True,9.752628653200569,1e-10,21.55690759482719,2.4059557745517447e-16,4.258387834466081e-16,0.5649921679464418,0.1717840296800882,False,Positive directional derivative for linesearch,0.0,47,0.24522413029102774,False,9,97526286532.00569,215569075948.2719,,,3.005434456537094,,1895265009000.0002,1.8952650090000003,51.457862657140254,51457862657.14025,154.65323348952273,154653233489.52274,,,,,,,,,,,
opt_B5_2_2,B5,5 % biomass,5.0,1.35,2.2,min_surplus_loss,G4,electricity_trajectory_constraint,4,2050.0,4.5370995849225435e-12,0.0,4.5370995849225435e-12,True,0.0001,True,7.7407601270607875,1e-10,21.55690759482719,2.4059557745517447e-16,4.258387834466081e-16,0.5649921679464418,0.1717840296800882,False,Positive directional derivative for linesearch,0.0,47,0.24522413029102774,False,9,77407601270.60788,215569075948.2719,,,3.7453181345368614,,2142397116000.0002,2.142397116,36.13130389903301,36131303899.033005,135.32322771751072,135323227717.51071,,,,,,,,,,,
opt_B5_2_2,B5,5 % biomass,5.0,1.35,2.2,min_surplus_loss,G5,biofuel_use_growth_constraint,0,2030.0,5.0821629011968095e-05,0.0,5.0821629011968095e-05,True,0.0001,True,1.5774724018273036,1e-10,21.55690759482719,2.4059557745517447e-16,4.258387834466081e-16,0.5649921679464418,0.1717840296800882,False,Positive directional derivative for linesearch,0.0,47,0.24522413029102774,False,9,15774724018.273035,215569075948.2719,,,1.552969421732896,,,,,,,,volume,89799803521.1634,154900000000.0,36088527006.640396,101.83811503081365,509190575154.0682,0.0,158.15147860977083,790757393048.854,0.0,
opt_B5_2_2,B5,5 % biomass,5.0,1.35,2.2,min_surplus_loss,G5,biofuel_use_growth_constraint,1,2035.0,-0.46948092969309874,0.0,0.46948092969309874,False,0.0001,True,0.0,1e-10,21.55690759482719,2.4059557745517447e-16,4.258387834466081e-16,0.5649921679464418,0.1717840296800882,False,Positive directional derivative for linesearch,0.0,47,0.24522413029102774,False,9,0.0,215569075948.2719,,,1.9352824430911528,,,,,,,,rate,385460356727.71405,154900000000.0,154907872270.33264,0.0,0.0,0.0,0.0,0.0,0.0,
opt_B5_2_2,B5,5 % biomass,5.0,1.35,2.2,min_surplus_loss,G5,biofuel_use_growth_constraint,2,2040.0,-2.6997108817664595,0.0,2.6997108817664595,False,0.0001,True,0.0,1e-10,21.55690759482719,2.4059557745517447e-16,4.258387834466081e-16,0.5649921679464418,0.1717840296800882,False,Positive directional derivative for linesearch,0.0,47,0.24522413029102774,False,9,0.0,215569075948.2719,,,2.411714024837406,,,,,,,,rate,778191624750.45,154900000000.0,312737760718.25574,0.0,0.0,0.0,0.0,0.0,0.0,
opt_B5_2_2,B5,5 % biomass,5.0,1.35,2.2,min_surplus_loss,G5,biofuel_use_growth_constraint,3,2045.0,-3.411884923344555,0.0,3.411884923344555,False,0.0001,True,0.0,1e-10,21.55690759482719,2.4059557745517447e-16,4.258387834466081e-16,0.5649921679464418,0.1717840296800882,False,Positive directional derivative for linesearch,0.0,47,0.24522413029102774,False,9,0.0,215569075948.2719,,,3.005434456537094,,,,,,,,rate,895811148053.0208,154900000000.0,360006409164.8265,0.0,0.0,0.0,0.0,0.0,0.0,
opt_B5_2_2,B5,5 % biomass,5.0,1.35,2.2,min_surplus_loss,G5,biofuel_use_growth_constraint,4,2050.0,-3.4816923950610175,0.0,3.4816923950610175,False,0.0001,True,0.0,1e-10,21.55690759482719,2.4059557745517447e-16,4.258387834466081e-16,0.5649921679464418,0.1717840296800882,False,Positive directional derivative for linesearch,0.0,47,0.24522413029102774,False,9,0.0,215569075948.2719,,,3.7453181345368614,,,,,,,,rate,913985250741.7471,154900000000.0,367310173426.94965,0.0,0.0,0.0,0.0,0.0,0.0,
opt_B5_2_2,B5,5 % biomass,5.0,1.35,2.2,min_surplus_loss,G6,electrofuel_use_growth_constraint,0,2030.0,1.0653373270053261e-11,0.0,1.0653373270053261e-11,True,0.0001,True,0.0,1e-10,21.55690759482719,2.4059557745517447e-16,4.258387834466081e-16,0.5649921679464418,0.1717840296800882,False,Positive directional derivative for linesearch,0.0,47,0.24522413029102774,False,9,0.0,215569075948.2719,,,1.552969421732896,,,,,,,,volume,0.0,154900000000.0,0.0,0.0,0.0,0.0,0.0,0.0,0.0,
opt_B5_2_2,B5,5 % biomass,5.0,1.35,2.2,min_surplus_loss,G6,electrofuel_use_growth_constraint,1,2035.0,1.5161384991325049e-10,0.0,1.5161384991325049e-10,True,0.0001,True,0.43333862431948644,1e-10,21.55690759482719,2.4059557745517447e-16,4.258387834466081e-16,0.5649921679464418,0.1717840296800882,False,Positive directional derivative for linesearch,0.0,47,0.24522413029102774,False,9,4333386243.194864,215569075948.2719,,,1.9352824430911528,,,,,,,,rate,385440768004.096,154900000000.0,154900000001.64612,27.975379233020426,0.0,44928548569.92181,54.14026026848127,0.0,86949431240.93779,
opt_B5_2_2,B5,5 % biomass,5.0,1.35,2.2,min_surplus_loss,G6,electrofuel_use_growth_constraint,2,2040.0,-1.5463211157570904,0.0,1.5463211157570904,False,0.0001,True,0.0,1e-10,21.55690759482719,2.4059557745517447e-16,4.258387834466081e-16,0.5649921679464418,0.1717840296800882,False,Positive directional derivative for linesearch,0.0,47,0.24522413029102774,False,9,0.0,215569075948.2719,,,2.411714024837406,,,,,,,,rate,959099971898.4122,154900000000.0,385440768027.5899,0.0,0.0,0.0,0.0,0.0,0.0,
opt_B5_2_2,B5,5 % biomass,5.0,1.35,2.2,min_surplus_loss,G6,electrofuel_use_growth_constraint,3,2045.0,-6.217299766041332,0.0,6.217299766041332,False,0.0001,True,0.0,1e-10,21.55690759482719,2.4059557745517447e-16,4.258387834466081e-16,0.5649921679464418,0.1717840296800882,False,Positive directional derivative for linesearch,0.0,47,0.24522413029102774,False,9,0.0,215569075948.2719,,,3.005434456537094,,,,,,,,rate,1790532443642.233,154900000000.0,719574831067.6414,0.0,0.0,0.0,0.0,0.0,0.0,
opt_B5_2_2,B5,5 % biomass,5.0,1.35,2.2,min_surplus_loss,G6,electrofuel_use_growth_constraint,4,2050.0,-7.254011005474474,0.0,7.254011005474474,False,0.0001,True,0.0,1e-10,21.55690759482719,2.4059557745517447e-16,4.258387834466081e-16,0.5649921679464418,0.1717840296800882,False,Positive directional derivative for linesearch,0.0,47,0.24522413029102774,False,9,0.0,215569075948.2719,,,3.7453181345368614,,,,,,,,rate,2059016893454.6516,154900000000.0,827472709882.4315,0.0,0.0,0.0,0.0,0.0,0.0,
opt_B5_2_4,B5,5 % biomass,5.0,1.35,2.4,min_surplus_loss,G1,aviation_carbon_budget_constraint,0,,0.04253213208479824,0.0,0.04253213208479824,False,0.0001,True,93.81882551661296,1e-10,21.55687757561004,1.2981481815797577e-16,2.2976391297361123e-16,0.5649921977646909,0.0424321320917459,False,Positive directional derivative for linesearch,0.0,43,0.2452241302911819,False,8,938188255166.1295,215568775756.1004,2.2430543261640237,418.2637238084996,,,,,,,,,,,,,,,,,,,
opt_B5_2_4,B5,5 % biomass,5.0,1.35,2.4,min_surplus_loss,G2,blend_completeness_constraint,0,2030.0,-0.82411153101379,0.0,0.82411153101379,False,0.0001,True,0.0,1e-10,21.55687757561004,1.2981481815797577e-16,2.2976391297361123e-16,0.5649921977646909,0.0424321320917459,False,Positive directional derivative for linesearch,0.0,43,0.2452241302911819,False,8,0.0,215568775756.1004,,,1.552969421732896,,,,,,,,,,,,,,,,,,
opt_B5_2_4,B5,5 % biomass,5.0,1.35,2.4,min_surplus_loss,G2,blend_completeness_constraint,1,2035.0,-0.5853781317926271,0.0,0.5853781317926271,False,0.0001,True,0.0,1e-10,21.55687757561004,1.2981481815797577e-16,2.2976391297361123e-16,0.5649921977646909,0.0424321320917459,False,Positive directional derivative for linesearch,0.0,43,0.2452241302911819,False,8,0.0,215568775756.1004,,,1.9352824430911528,,,,,,,,,,,,,,,,,,
opt_B5_2_4,B5,5 % biomass,5.0,1.35,2.4,min_surplus_loss,G2,blend_completeness_constraint,2,2040.0,-0.3223768356166559,0.0,0.3223768356166559,False,0.0001,True,0.0,1e-10,21.55687757561004,1.2981481815797577e-16,2.2976391297361123e-16,0.5649921977646909,0.0424321320917459,False,Positive directional derivative for linesearch,0.0,43,0.2452241302911819,False,8,0.0,215568775756.1004,,,2.411714024837406,,,,,,,,,,,,,,,,,,
opt_B5_2_4,B5,5 % biomass,5.0,1.35,2.4,min_surplus_loss,G2,blend_completeness_constraint,3,2045.0,-0.2730106330053354,0.0,0.2730106330053354,False,0.0001,True,0.0,1e-10,21.55687757561004,1.2981481815797577e-16,2.2976391297361123e-16,0.5649921977646909,0.0424321320917459,False,Positive directional derivative for linesearch,0.0,43,0.2452241302911819,False,8,0.0,215568775756.1004,,,3.005434456537094,,,,,,,,,,,,,,,,,,
opt_B5_2_4,B5,5 % biomass,5.0,1.35,2.4,min_surplus_loss,G2,blend_completeness_constraint,4,2050.0,-0.2452141402911819,0.0,0.2452141402911819,False,0.0001,True,0.0,1e-10,21.55687757561004,1.2981481815797577e-16,2.2976391297361123e-16,0.5649921977646909,0.0424321320917459,False,Positive directional derivative for linesearch,0.0,43,0.2452241302911819,False,8,0.0,215568775756.1004,,,3.7453181345368614,,,,,,,,,,,,,,,,,,
opt_B5_2_4,B5,5 % biomass,5.0,1.35,2.4,min_surplus_loss,G3,biomass_trajectory_constraint,0,2030.0,-0.4162390193428469,0.0,0.4162390193428469,False,0.0001,True,0.0,1e-10,21.55687757561004,1.2981481815797577e-16,2.2976391297361123e-16,0.5649921977646909,0.0424321320917459,False,Positive directional derivative for linesearch,0.0,43,0.2452241302911819,False,8,0.0,215568775756.1004,,,1.552969421732896,,558414500000.0001,0.5584145000000001,0.0,0.0,0.0,0.0,,,,,,,,,,,
opt_B5_2_4,B5,5 % biomass,5.0,1.35,2.4,min_surplus_loss,G3,biomass_trajectory_constraint,1,2035.0,0.00025484742460022856,0.0,0.00025484742460022856,False,0.0001,True,3.459222437524297,1e-10,21.55687757561004,1.2981481815797577e-16,2.2976391297361123e-16,0.5649921977646909,0.0424321320917459,False,Positive directional derivative for linesearch,0.0,43,0.2452241302911819,False,8,34592224375.242966,215568775756.1004,,,1.9352824430911528,,657937750000.0001,0.6579377500000001,52.576743582873846,52576743582.87385,101.75084877084119,101750848770.84119,,,,,,,,,,,
opt_B5_2_4,B5,5 % biomass,5.0,1.35,2.4,min_surplus_loss,G3,biomass_trajectory_constraint,2,2040.0,0.00015344106387033208,0.0,0.00015344106387033208,False,0.0001,True,4.30765467520058,1e-10,21.55687757561004,1.2981481815797577e-16,2.2976391297361123e-16,0.5649921977646909,0.0424321320917459,False,Positive directional derivative for linesearch,0.0,43,0.2452241302911819,False,8,43076546752.0058,215568775756.1004,,,2.411714024837406,,757461000000.0,0.757461,56.86965632818824,56869656328.18825,137.15334775437492,137153347754.37492,,,,,,,,,,,
opt_B5_2_4,B5,5 % biomass,5.0,1.35,2.4,min_surplus_loss,G3,biomass_trajectory_constraint,3,2045.0,3.658584546428756e-12,0.0,3.658584546428756e-12,True,0.0001,True,4.6391309138652375,1e-10,21.55687757561004,1.2981481815797577e-16,2.2976391297361123e-16,0.5649921977646909,0.0424321320917459,False,Positive directional derivative for linesearch,0.0,43,0.2452241302911819,False,8,46391309138.652374,215568775756.1004,,,3.005434456537094,,772951000000.0,0.772951,60.01843472439052,60018434724.39052,180.38147174810567,180381471748.10568,,,,,,,,,,,
opt_B5_2_4,B5,5 % biomass,5.0,1.35,2.4,min_surplus_loss,G3,biomass_trajectory_constraint,4,2050.0,4.361595529189799e-12,0.0,4.361595529189799e-12,True,0.0001,True,2.9066368673874434,1e-10,21.55687757561004,1.2981481815797577e-16,2.2976391297361123e-16,0.5649921977646909,0.0424321320917459,False,Positive directional derivative for linesearch,0.0,43,0.2452241302911819,False,8,29066368673.87443,215568775756.1004,,,3.7453181345368614,,788441000000.0001,0.7884410000000002,36.86562301284995,36865623012.84995,138.07348641102638,138073486411.02637,,,,,,,,,,,
opt_B5_2_4,B5,5 % biomass,5.0,1.35,2.4,min_surplus_loss,G4,electricity_trajectory_constraint,0,2030.0,-0.6669566077203447,0.0,0.6669566077203447,False,0.0001,True,0.0,1e-10,21.55687757561004,1.2981481815797577e-16,2.2976391297361123e-16,0.5649921977646909,0.0424321320917459,False,Positive directional derivative for linesearch,0.0,43,0.2452241302911819,False,8,0.0,215568775756.1004,,,1.552969421732896,,1065287574000.0001,1.065287574,0.0,0.0,0.0,0.0,,,,,,,,,,,
opt_B5_2_4,B5,5 % biomass,5.0,1.35,2.4,min_surplus_loss,G4,electricity_trajectory_constraint,1,2035.0,-0.3492910042558439,0.0,0.3492910042558439,False,0.0001,True,0.0,1e-10,21.55687757561004,1.2981481815797577e-16,2.2976391297361123e-16,0.5649921977646909,0.0424321320917459,False,Positive directional derivative for linesearch,0.0,43,0.2452241302911819,False,8,0.0,215568775756.1004,,,1.9352824430911528,,1356710238000.0002,1.3567102380000002,0.0,0.0,0.0,0.0,,,,,,,,,,,
opt_B5_2_4,B5,5 % biomass,5.0,1.35,2.4,min_surplus_loss,G4,electricity_trajectory_constraint,2,2040.0,9.379164112033323e-15,0.0,9.379164112033323e-15,True,0.0001,True,5.725021604106926,1e-10,21.55687757561004,1.2981481815797577e-16,2.2976391297361123e-16,0.5649921977646909,0.0424321320917459,False,Positive directional derivative for linesearch,0.0,43,0.2452241302911819,False,8,57250216041.06926,215568775756.1004,,,2.411714024837406,,1648132902000.0002,1.6481329020000002,34.73640746543949,34736407465.43949,83.77428105686718,83774281056.86719,,,,,,,,,,,
opt_B5_2_4,B5,5 % biomass,5.0,1.35,2.4,min_surplus_loss,G4,electricity_trajectory_constraint,3,2045.0,3.5117864172207192e-12,0.0,3.5117864172207192e-12,True,0.0001,True,9.752628186509613,1e-10,21.55687757561004,1.2981481815797577e-16,2.2976391297361123e-16,0.5649921977646909,0.0424321320917459,False,Positive directional derivative for linesearch,0.0,43,0.2452241302911819,False,8,97526281865.09613,215568775756.1004,,,3.005434456537094,,1895265009000.0002,1.8952650090000003,51.4578601947355,51457860194.7355,154.65322608892666,154653226088.92664,,,,,,,,,,,
opt_B5_2_4,B5,5 % biomass,5.0,1.35,2.4,min_surplus_loss,G4,electricity_trajectory_constraint,4,2050.0,4.364011374491383e-12,0.0,4.364011374491383e-12,True,0.0001,True,7.74075424947995,1e-10,21.55687757561004,1.2981481815797577e-16,2.2976391297361123e-16,0.5649921977646909,0.0424321320917459,False,Positive directional derivative for linesearch,0.0,43,0.2452241302911819,False,8,77407542494.7995,215568775756.1004,,,3.7453181345368614,,2142397116000.0002,2.142397116,36.131276464432794,36131276464.43279,135.32312496620503,135323124966.20503,,,,,,,,,,,
opt_B5_2_4,B5,5 % biomass,5.0,1.35,2.4,min_surplus_loss,G5,biofuel_use_growth_constraint,0,2030.0,4.91054403292494e-05,0.0,4.91054403292494e-05,True,0.0001,True,1.5774719320731172,1e-10,21.55687757561004,1.2981481815797577e-16,2.2976391297361123e-16,0.5649921977646909,0.0424321320917459,False,Positive directional derivative for linesearch,0.0,43,0.2452241302911819,False,8,15774719320.73117,215568775756.1004,,,1.552969421732896,,,,,,,,volume,89799803521.1634,154900000000.0,36088527006.640396,101.8380847045266,509190423522.63293,0.0,158.15143151397433,790757157569.8717,0.0,
opt_B5_2_4,B5,5 % biomass,5.0,1.35,2.4,min_surplus_loss,G5,biofuel_use_growth_constraint,1,2035.0,-0.46949459591830445,0.0,0.46949459591830445,False,0.0001,True,0.0,1e-10,21.55687757561004,1.2981481815797577e-16,2.2976391297361123e-16,0.5649921977646909,0.0424321320917459,False,Positive directional derivative for linesearch,0.0,43,0.2452241302911819,False,8,0.0,215568775756.1004,,,1.9352824430911528,,,,,,,,rate,385459695238.6334,154900000000.0,154907606432.707,0.0,0.0,0.0,0.0,0.0,0.0,
opt_B5_2_4,B5,5 % biomass,5.0,1.35,2.4,min_surplus_loss,G5,biofuel_use_growth_constraint,2,2040.0,-2.6996787096900063,0.0,2.6996787096900063,False,0.0001,True,0.0,1e-10,21.55687757561004,1.2981481815797577e-16,2.2976391297361123e-16,0.5649921977646909,0.0424321320917459,False,Positive directional derivative for linesearch,0.0,43,0.2452241302911819,False,8,0.0,215568775756.1004,,,2.411714024837406,,,,,,,,rate,778184711233.5953,154900000000.0,312734982330.8881,0.0,0.0,0.0,0.0,0.0,0.0,
opt_B5_2_4,B5,5 % biomass,5.0,1.35,2.4,min_surplus_loss,G5,biofuel_use_growth_constraint,3,2045.0,-3.411853918743008,0.0,3.411853918743008,False,0.0001,True,0.0,1e-10,21.55687757561004,1.2981481815797577e-16,2.2976391297361123e-16,0.5649921977646909,0.0424321320917459,False,Positive directional derivative for linesearch,0.0,43,0.2452241302911819,False,8,0.0,215568775756.1004,,,3.005434456537094,,,,,,,,rate,895806345440.6144,154900000000.0,360004479102.6132,0.0,0.0,0.0,0.0,0.0,0.0,
opt_B5_2_4,B5,5 % biomass,5.0,1.35,2.4,min_surplus_loss,G5,biofuel_use_growth_constraint,4,2050.0,-3.4816923950673946,0.0,3.4816923950673946,False,0.0001,True,0.0,1e-10,21.55687757561004,1.2981481815797577e-16,2.2976391297361123e-16,0.5649921977646909,0.0424321320917459,False,Positive directional derivative for linesearch,0.0,43,0.2452241302911819,False,8,0.0,215568775756.1004,,,3.7453181345368614,,,,,,,,rate,913985250742.6748,154900000000.0,367310173427.32245,0.0,0.0,0.0,0.0,0.0,0.0,
opt_B5_2_4,B5,5 % biomass,5.0,1.35,2.4,min_surplus_loss,G6,electrofuel_use_growth_constraint,0,2030.0,-4.3934279676404133e-14,0.0,4.3934279676404133e-14,True,0.0001,True,0.0,1e-10,21.55687757561004,1.2981481815797577e-16,2.2976391297361123e-16,0.5649921977646909,0.0424321320917459,False,Positive directional derivative for linesearch,0.0,43,0.2452241302911819,False,8,0.0,215568775756.1004,,,1.552969421732896,,,,,,,,volume,0.0,154900000000.0,0.0,0.0,0.0,0.0,0.0,0.0,0.0,
opt_B5_2_4,B5,5 % biomass,5.0,1.35,2.4,min_surplus_loss,G6,electrofuel_use_growth_constraint,1,2035.0,1.556416185845707e-13,0.0,1.556416185845707e-13,True,0.0001,True,0.4333386798131038,1e-10,21.55687757561004,1.2981481815797577e-16,2.2976391297361123e-16,0.5649921977646909,0.0424321320917459,False,Positive directional derivative for linesearch,0.0,43,0.2452241302911819,False,8,4333386798.131038,215568775756.1004,,,1.9352824430911528,,,,,,,,rate,385440767999.983,154900000000.0,154899999999.9932,27.975382815565123,0.0,44928554323.02063,54.14026720171712,0.0,86949442374.80894,
opt_B5_2_4,B5,5 % biomass,5.0,1.35,2.4,min_surplus_loss,G6,electrofuel_use_growth_constraint,2,2040.0,-1.5463211153767442,0.0,1.5463211153767442,False,0.0001,True,0.0,1e-10,21.55687757561004,1.2981481815797577e-16,2.2976391297361123e-16,0.5649921977646909,0.0424321320917459,False,Positive directional derivative for linesearch,0.0,43,0.2452241302911819,False,8,0.0,215568775756.1004,,,2.411714024837406,,,,,,,,rate,959099971829.7771,154900000000.0,385440768000.00696,0.0,0.0,0.0,0.0,0.0,0.0,
opt_B5_2_4,B5,5 % biomass,5.0,1.35,2.4,min_surplus_loss,G6,electrofuel_use_growth_constraint,3,2045.0,-6.217299765882198,0.0,6.217299765882198,False,0.0001,True,0.0,1e-10,21.55687757561004,1.2981481815797577e-16,2.2976391297361123e-16,0.5649921977646909,0.0424321320917459,False,Positive directional derivative for linesearch,0.0,43,0.2452241302911819,False,8,0.0,215568775756.1004,,,3.005434456537094,,,,,,,,rate,1790532443618.0422,154900000000.0,719574831057.9197,0.0,0.0,0.0,0.0,0.0,0.0,
opt_B5_2_4,B5,5 % biomass,5.0,1.35,2.4,min_surplus_loss,G6,electrofuel_use_growth_constraint,4,2050.0,-7.254011005482872,0.0,7.254011005482872,False,0.0001,True,0.0,1e-10,21.55687757561004,1.2981481815797577e-16,2.2976391297361123e-16,0.5649921977646909,0.0424321320917459,False,Positive directional derivative for linesearch,0.0,43,0.2452241302911819,False,8,0.0,215568775756.1004,,,3.7453181345368614,,,,,,,,rate,2059016893455.7917,154900000000.0,827472709882.8898,0.0,0.0,0.0,0.0,0.0,0.0,
opt_B5_2_6,B5,5 % biomass,5.0,1.35,2.6,min_surplus_loss,G1,aviation_carbon_budget_constraint,0,,4.598280281343448e-08,0.0,4.598280281343448e-08,True,0.0001,True,77.96305254333748,1e-10,16.13094604354333,2.2814087040042835e-16,3.9179753115629124e-16,0.5822927717975361,0.0,True,The KKT residual norm is smaller than the tolerance kkt_tol_abs or kkt_tol_rel. GEMSEO stopped the driver.,0.0,14,0.24522413029514856,False,11,779630525433.3748,161309460435.4333,2.4906431623760783,313.023775228245,,,,,,,,,,,,,,,,,,,
opt_B5_2_6,B5,5 % biomass,5.0,1.35,2.6,min_surplus_loss,G2,blend_completeness_constraint,0,2030.0,-0.8588380674692613,0.0,0.8588380674692613,False,0.0001,True,0.0,1e-10,16.13094604354333,2.2814087040042835e-16,3.9179753115629124e-16,0.5822927717975361,0.0,True,The KKT residual norm is smaller than the tolerance kkt_tol_abs or kkt_tol_rel. GEMSEO stopped the driver.,0.0,14,0.24522413029514856,False,11,0.0,161309460435.4333,,,1.552969421732896,,,,,,,,,,,,,,,,,,
opt_B5_2_6,B5,5 % biomass,5.0,1.35,2.6,min_surplus_loss,G2,blend_completeness_constraint,1,2035.0,-0.6821456246562722,0.0,0.6821456246562722,False,0.0001,True,0.0,1e-10,16.13094604354333,2.2814087040042835e-16,3.9179753115629124e-16,0.5822927717975361,0.0,True,The KKT residual norm is smaller than the tolerance kkt_tol_abs or kkt_tol_rel. GEMSEO stopped the driver.,0.0,14,0.24522413029514856,False,11,0.0,161309460435.4333,,,1.9352824430911528,,,,,,,,,,,,,,,,,,
opt_B5_2_6,B5,5 % biomass,5.0,1.35,2.6,min_surplus_loss,G2,blend_completeness_constraint,2,2040.0,-0.40876912434825996,0.0,0.40876912434825996,False,0.0001,True,0.0,1e-10,16.13094604354333,2.2814087040042835e-16,3.9179753115629124e-16,0.5822927717975361,0.0,True,The KKT residual norm is smaller than the tolerance kkt_tol_abs or kkt_tol_rel. GEMSEO stopped the driver.,0.0,14,0.24522413029514856,False,11,0.0,161309460435.4333,,,2.411714024837406,,,,,,,,,,,,,,,,,,
opt_B5_2_6,B5,5 % biomass,5.0,1.35,2.6,min_surplus_loss,G2,blend_completeness_constraint,3,2045.0,-0.27301063300846407,0.0,0.27301063300846407,False,0.0001,True,0.0,1e-10,16.13094604354333,2.2814087040042835e-16,3.9179753115629124e-16,0.5822927717975361,0.0,True,The KKT residual norm is smaller than the tolerance kkt_tol_abs or kkt_tol_rel. GEMSEO stopped the driver.,0.0,14,0.24522413029514856,False,11,0.0,161309460435.4333,,,3.005434456537094,,,,,,,,,,,,,,,,,,
opt_B5_2_6,B5,5 % biomass,5.0,1.35,2.6,min_surplus_loss,G2,blend_completeness_constraint,4,2050.0,-0.24521414029514857,0.0,0.24521414029514857,False,0.0001,True,0.0,1e-10,16.13094604354333,2.2814087040042835e-16,3.9179753115629124e-16,0.5822927717975361,0.0,True,The KKT residual norm is smaller than the tolerance kkt_tol_abs or kkt_tol_rel. GEMSEO stopped the driver.,0.0,14,0.24522413029514856,False,11,0.0,161309460435.4333,,,3.7453181345368614,,,,,,,,,,,,,,,,,,
opt_B5_2_6,B5,5 % biomass,5.0,1.35,2.6,min_surplus_loss,G3,biomass_trajectory_constraint,0,2030.0,-0.41626768358198263,0.0,0.41626768358198263,False,0.0001,True,0.0,1e-10,16.13094604354333,2.2814087040042835e-16,3.9179753115629124e-16,0.5822927717975361,0.0,True,The KKT residual norm is smaller than the tolerance kkt_tol_abs or kkt_tol_rel. GEMSEO stopped the driver.,0.0,14,0.24522413029514856,False,11,0.0,161309460435.4333,,,1.552969421732896,,558414500000.0001,0.5584145000000001,0.0,0.0,0.0,0.0,,,,,,,,,,,
opt_B5_2_6,B5,5 % biomass,5.0,1.35,2.6,min_surplus_loss,G3,biomass_trajectory_constraint,1,2035.0,1.5466412861542268e-08,0.0,1.5466412861542268e-08,True,0.0001,True,2.1359008172280642,1e-10,16.13094604354333,2.2814087040042835e-16,3.9179753115629124e-16,0.5822927717975361,0.0,True,The KKT residual norm is smaller than the tolerance kkt_tol_abs or kkt_tol_rel. GEMSEO stopped the driver.,0.0,14,0.24522413029514856,False,11,21359008172.280643,161309460435.4333,,,1.9352824430911528,,657937750000.0001,0.6579377500000001,32.463569953663,32463569953.663002,62.826176971385465,62826176971.385475,,,,,,,,,,,
opt_B5_2_6,B5,5 % biomass,5.0,1.35,2.6,min_surplus_loss,G3,biomass_trajectory_constraint,2,2040.0,1.5949967746564652e-08,0.0,1.5949967746564652e-08,True,0.0001,True,2.7624203921591564,1e-10,16.13094604354333,2.2814087040042835e-16,3.9179753115629124e-16,0.5822927717975361,0.0,True,The KKT residual norm is smaller than the tolerance kkt_tol_abs or kkt_tol_rel. GEMSEO stopped the driver.,0.0,14,0.24522413029514856,False,11,27624203921.591564,161309460435.4333,,,2.411714024837406,,757461000000.0,0.757461,36.46947357235761,36469473572.357605,87.95394089289196,87953940892.89197,,,,,,,,,,,
opt_B5_2_6,B5,5 % biomass,5.0,1.35,2.6,min_surplus_loss,G3,biomass_trajectory_constraint,3,2045.0,0.0,0.0,0.0,True,0.0001,True,3.097603843459229,1e-10,16.13094604354333,2.2814087040042835e-16,3.9179753115629124e-16,0.5822927717975361,0.0,True,The KKT residual norm is smaller than the tolerance kkt_tol_abs or kkt_tol_rel. GEMSEO stopped the driver.,0.0,14,0.24522413029514856,False,11,30976038434.59229,161309460435.4333,,,3.005434456537094,,772951000000.0,0.772951,40.075035072847164,40075035072.84717,120.4428912548674,120442891254.86742,,,,,,,,,,,
opt_B5_2_6,B5,5 % biomass,5.0,1.35,2.6,min_surplus_loss,G3,biomass_trajectory_constraint,4,2050.0,-2.842170943040401e-16,0.0,2.842170943040401e-16,True,0.0001,True,1.9745115752194966,1e-10,16.13094604354333,2.2814087040042835e-16,3.9179753115629124e-16,0.5822927717975361,0.0,True,The KKT residual norm is smaller than the tolerance kkt_tol_abs or kkt_tol_rel. GEMSEO stopped the driver.,0.0,14,0.24522413029514856,False,11,19745115752.194965,161309460435.4333,,,3.7453181345368614,,788441000000.0001,0.7884410000000002,25.043238177866147,25043238177.866146,93.79489409508794,93794894095.08794,,,,,,,,,,,
opt_B5_2_6,B5,5 % biomass,5.0,1.35,2.6,min_surplus_loss,G4,electricity_trajectory_constraint,0,2030.0,-0.7883286460580052,0.0,0.7883286460580052,False,0.0001,True,0.0,1e-10,16.13094604354333,2.2814087040042835e-16,3.9179753115629124e-16,0.5822927717975361,0.0,True,The KKT residual norm is smaller than the tolerance kkt_tol_abs or kkt_tol_rel. GEMSEO stopped the driver.,0.0,14,0.24522413029514856,False,11,0.0,161309460435.4333,,,1.552969421732896,,1065287574000.0001,1.065287574,0.0,0.0,0.0,0.0,,,,,,,,,,,
opt_B5_2_6,B5,5 % biomass,5.0,1.35,2.6,min_surplus_loss,G4,electricity_trajectory_constraint,1,2035.0,-0.5864311226821193,0.0,0.5864311226821193,False,0.0001,True,0.0,1e-10,16.13094604354333,2.2814087040042835e-16,3.9179753115629124e-16,0.5822927717975361,0.0,True,The KKT residual norm is smaller than the tolerance kkt_tol_abs or kkt_tol_rel. GEMSEO stopped the driver.,0.0,14,0.24522413029514856,False,11,0.0,161309460435.4333,,,1.9352824430911528,,1356710238000.0002,1.3567102380000002,0.0,0.0,0.0,0.0,,,,,,,,,,,
opt_B5_2_6,B5,5 % biomass,5.0,1.35,2.6,min_surplus_loss,G4,electricity_trajectory_constraint,2,2040.0,-0.15287185101559303,0.0,0.15287185101559303,False,0.0001,True,0.0,1e-10,16.13094604354333,2.2814087040042835e-16,3.9179753115629124e-16,0.5822927717975361,0.0,True,The KKT residual norm is smaller than the tolerance kkt_tol_abs or kkt_tol_rel. GEMSEO stopped the driver.,0.0,14,0.24522413029514856,False,11,0.0,161309460435.4333,,,2.411714024837406,,1648132902000.0002,1.6481329020000002,0.0,0.0,0.0,0.0,,,,,,,,,,,
opt_B5_2_6,B5,5 % biomass,5.0,1.35,2.6,min_surplus_loss,G4,electricity_trajectory_constraint,3,2045.0,-1.4210854715202004e-16,0.0,1.4210854715202004e-16,True,0.0001,True,5.03660481493783,1e-10,16.13094604354333,2.2814087040042835e-16,3.9179753115629124e-16,0.5822927717975361,0.0,True,The KKT residual norm is smaller than the tolerance kkt_tol_abs or kkt_tol_rel. GEMSEO stopped the driver.,0.0,14,0.24522413029514856,False,11,50366048149.378296,161309460435.4333,,,3.005434456537094,,1895265009000.0002,1.8952650090000003,26.57467315135679,26574673151.356792,79.8684383602989,79868438360.2989,,,,,,,,,,,
opt_B5_2_6,B5,5 % biomass,5.0,1.35,2.6,min_surplus_loss,G4,electricity_trajectory_constraint,4,2050.0,0.0,0.0,0.0,True,0.0001,True,4.560526304229338,1e-10,16.13094604354333,2.2814087040042835e-16,3.9179753115629124e-16,0.5822927717975361,0.0,True,The KKT residual norm is smaller than the tolerance kkt_tol_abs or kkt_tol_rel. GEMSEO stopped the driver.,0.0,14,0.24522413029514856,False,11,45605263042.29338,161309460435.4333,,,3.7453181345368614,,2142397116000.0002,2.142397116,21.28702596810879,21287025968.108788,79.72668438871494,79726684388.71494,,,,,,,,,,,
opt_B5_2_6,B5,5 % biomass,5.0,1.35,2.6,min_surplus_loss,G5,biofuel_use_growth_constraint,0,2030.0,3.4019297826975067e-10,0.0,3.4019297826975067e-10,True,0.0001,True,0.9094882471042858,1e-10,16.13094604354333,2.2814087040042835e-16,3.9179753115629124e-16,0.5822927717975361,0.0,True,The KKT residual norm is smaller than the tolerance kkt_tol_abs or kkt_tol_rel. GEMSEO stopped the driver.,0.0,14,0.24522413029514856,False,11,9094882471.042858,161309460435.4333,,,1.552969421732896,,,,,,,,volume,89799803521.1634,154900000000.0,36088527006.640396,58.714541452826715,293572707264.13354,0.0,91.18188748730846,455909437436.54224,0.0,
opt_B5_2_6,B5,5 % biomass,5.0,1.35,2.6,min_surplus_loss,G5,biofuel_use_growth_constraint,1,2035.0,-0.4698867679946263,0.0,0.4698867679946263,False,0.0001,True,0.0,1e-10,16.13094604354333,2.2814087040042835e-16,3.9179753115629124e-16,0.5822927717975361,0.0,True,The KKT residual norm is smaller than the tolerance kkt_tol_abs or kkt_tol_rel. GEMSEO stopped the driver.,0.0,14,0.24522413029514856,False,11,0.0,161309460435.4333,,,1.9352824430911528,,,,,,,,rate,385440768131.12415,154900000000.0,154900000052.6959,0.0,0.0,0.0,0.0,0.0,0.0,
opt_B5_2_6,B5,5 % biomass,5.0,1.35,2.6,min_surplus_loss,G5,biofuel_use_growth_constraint,2,2040.0,-2.6987553362049606,0.0,2.6987553362049606,False,0.0001,True,0.0,1e-10,16.13094604354333,2.2814087040042835e-16,3.9179753115629124e-16,0.5822927717975361,0.0,True,The KKT residual norm is smaller than the tolerance kkt_tol_abs or kkt_tol_rel. GEMSEO stopped the driver.,0.0,14,0.24522413029514856,False,11,0.0,161309460435.4333,,,2.411714024837406,,,,,,,,rate,777986455427.1521,154900000000.0,312655307768.75653,0.0,0.0,0.0,0.0,0.0,0.0,
opt_B5_2_6,B5,5 % biomass,5.0,1.35,2.6,min_surplus_loss,G5,biofuel_use_growth_constraint,3,2045.0,-3.4109667779958905,0.0,3.4109667779958905,False,0.0001,True,0.0,1e-10,16.13094604354333,2.2814087040042835e-16,3.9179753115629124e-16,0.5822927717975361,0.0,True,The KKT residual norm is smaller than the tolerance kkt_tol_abs or kkt_tol_rel. GEMSEO stopped the driver.,0.0,14,0.24522413029514856,False,11,0.0,161309460435.4333,,,3.005434456537094,,,,,,,,rate,895668927337.5527,154900000000.0,359949253849.0037,0.0,0.0,0.0,0.0,0.0,0.0,
opt_B5_2_6,B5,5 % biomass,5.0,1.35,2.6,min_surplus_loss,G5,biofuel_use_growth_constraint,4,2050.0,-3.481692395056531,0.0,3.481692395056531,False,0.0001,True,0.0,1e-10,16.13094604354333,2.2814087040042835e-16,3.9179753115629124e-16,0.5822927717975361,0.0,True,The KKT residual norm is smaller than the tolerance kkt_tol_abs or kkt_tol_rel. GEMSEO stopped the driver.,0.0,14,0.24522413029514856,False,11,0.0,161309460435.4333,,,3.7453181345368614,,,,,,,,rate,913985250739.3575,154900000000.0,367310173425.9893,0.0,0.0,0.0,0.0,0.0,0.0,
opt_B5_2_6,B5,5 % biomass,5.0,1.35,2.6,min_surplus_loss,G6,electrofuel_use_growth_constraint,0,2030.0,-0.3644331073646831,0.0,0.3644331073646831,False,0.0001,True,0.0,1e-10,16.13094604354333,2.2814087040042835e-16,3.9179753115629124e-16,0.5822927717975361,0.0,True,The KKT residual norm is smaller than the tolerance kkt_tol_abs or kkt_tol_rel. GEMSEO stopped the driver.,0.0,14,0.24522413029514856,False,11,0.0,161309460435.4333,,,1.552969421732896,,,,,,,,volume,0.0,154900000000.0,0.0,0.0,0.0,0.0,0.0,0.0,0.0,
opt_B5_2_6,B5,5 % biomass,5.0,1.35,2.6,min_surplus_loss,G6,electrofuel_use_growth_constraint,1,2035.0,-8.30253803999367e-07,0.0,8.30253803999367e-07,True,0.0001,True,0.6685637915622819,1e-10,16.13094604354333,2.2814087040042835e-16,3.9179753115629124e-16,0.5822927717975361,0.0,True,The KKT residual norm is smaller than the tolerance kkt_tol_abs or kkt_tol_rel. GEMSEO stopped the driver.,0.0,14,0.24522413029514856,False,11,6685637915.622818,161309460435.4333,,,1.9352824430911528,,,,,,,,rate,244973391212.73004,154900000000.0,98449311669.21059,43.16099364507952,0.0,44055395755.60926,83.52871322769121,0.0,85259633929.26309,
opt_B5_2_6,B5,5 % biomass,5.0,1.35,2.6,min_surplus_loss,G6,electrofuel_use_growth_constraint,2,2040.0,1.4582464981817906e-06,0.0,1.4582464981817906e-06,True,0.0001,True,0.388506708582532,1e-10,16.13094604354333,2.2814087040042835e-16,3.9179753115629124e-16,0.5822927717975361,0.0,True,The KKT residual norm is smaller than the tolerance kkt_tol_abs or kkt_tol_rel. GEMSEO stopped the driver.,0.0,14,0.24522413029514856,False,11,3885067085.82532,161309460435.4333,,,2.411714024837406,,,,,,,,rate,609571868808.7964,154900000000.0,244973262606.4158,25.08113031520542,0.0,63703131158.65302,60.488513739955536,0.0,153633734841.38025,
opt_B5_2_6,B5,5 % biomass,5.0,1.35,2.6,min_surplus_loss,G6,electrofuel_use_growth_constraint,3,2045.0,-4.450211263924766,0.0,4.450211263924766,False,0.0001,True,0.0,1e-10,16.13094604354333,2.2814087040042835e-16,3.9179753115629124e-16,0.5822927717975361,0.0,True,The KKT residual norm is smaller than the tolerance kkt_tol_abs or kkt_tol_rel. GEMSEO stopped the driver.,0.0,14,0.24522413029514856,False,11,0.0,161309460435.4333,,,3.005434456537094,,,,,,,,rate,1516810434661.954,154900000000.0,609572094691.179,0.0,0.0,0.0,0.0,0.0,0.0,
opt_B5_2_6,B5,5 % biomass,5.0,1.35,2.6,min_surplus_loss,G6,electrofuel_use_growth_constraint,4,2050.0,-7.254011005462929,0.0,7.254011005462929,False,0.0001,True,0.0,1e-10,16.13094604354333,2.2814087040042835e-16,3.9179753115629124e-16,0.5822927717975361,0.0,True,The KKT residual norm is smaller than the tolerance kkt_tol_abs or kkt_tol_rel. GEMSEO stopped the driver.,0.0,14,0.24522413029514856,False,11,0.0,161309460435.4333,,,3.7453181345368614,,,,,,,,rate,2059016893448.6206,154900000000.0,827472709880.0078,0.0,0.0,0.0,0.0,0.0,0.0,
opt_B5_2_8,B5,5 % biomass,5.0,1.35,2.8,min_surplus_loss,G1,aviation_carbon_budget_constraint,0,,6.803090111041313e-07,0.0,6.803090111041313e-07,True,0.0001,True,62.567095962572516,1e-10,7.967362569355146,1.637637764451964e-16,2.6951975689038667e-16,0.607613253791257,0.0,True,The KKT residual norm is smaller than the tolerance kkt_tol_abs or kkt_tol_rel. GEMSEO stopped the driver.,0.0,13,0.24522413029514734,False,13,625670959625.7251,79673625693.55145,2.738231998588134,228.49450300351788,,,,,,,,,,,,,,,,,,,
opt_B5_2_8,B5,5 % biomass,5.0,1.35,2.8,min_surplus_loss,G2,blend_completeness_constraint,0,2030.0,-0.9164204355588158,0.0,0.9164204355588158,False,0.0001,True,0.0,1e-10,7.967362569355146,1.637637764451964e-16,2.6951975689038667e-16,0.607613253791257,0.0,True,The KKT residual norm is smaller than the tolerance kkt_tol_abs or kkt_tol_rel. GEMSEO stopped the driver.,0.0,13,0.24522413029514734,False,13,0.0,79673625693.55145,,,1.552969421732896,,,,,,,,,,,,,,,,,,
opt_B5_2_8,B5,5 % biomass,5.0,1.35,2.8,min_surplus_loss,G2,blend_completeness_constraint,1,2035.0,-0.7540215967179726,0.0,0.7540215967179726,False,0.0001,True,0.0,1e-10,7.967362569355146,1.637637764451964e-16,2.6951975689038667e-16,0.607613253791257,0.0,True,The KKT residual norm is smaller than the tolerance kkt_tol_abs or kkt_tol_rel. GEMSEO stopped the driver.,0.0,13,0.24522413029514734,False,13,0.0,79673625693.55145,,,1.9352824430911528,,,,,,,,,,,,,,,,,,
opt_B5_2_8,B5,5 % biomass,5.0,1.35,2.8,min_surplus_loss,G2,blend_completeness_constraint,2,2040.0,-0.6077839993370654,0.0,0.6077839993370654,False,0.0001,True,0.0,1e-10,7.967362569355146,1.637637764451964e-16,2.6951975689038667e-16,0.607613253791257,0.0,True,The KKT residual norm is smaller than the tolerance kkt_tol_abs or kkt_tol_rel. GEMSEO stopped the driver.,0.0,13,0.24522413029514734,False,13,0.0,79673625693.55145,,,2.411714024837406,,,,,,,,,,,,,,,,,,
opt_B5_2_8,B5,5 % biomass,5.0,1.35,2.8,min_surplus_loss,G2,blend_completeness_constraint,3,2045.0,-0.2765974462948631,0.0,0.2765974462948631,False,0.0001,True,0.0,1e-10,7.967362569355146,1.637637764451964e-16,2.6951975689038667e-16,0.607613253791257,0.0,True,The KKT residual norm is smaller than the tolerance kkt_tol_abs or kkt_tol_rel. GEMSEO stopped the driver.,0.0,13,0.24522413029514734,False,13,0.0,79673625693.55145,,,3.005434456537094,,,,,,,,,,,,,,,,,,
opt_B5_2_8,B5,5 % biomass,5.0,1.35,2.8,min_surplus_loss,G2,blend_completeness_constraint,4,2050.0,-0.24521414029514743,0.0,0.24521414029514743,False,0.0001,True,0.0,1e-10,7.967362569355146,1.637637764451964e-16,2.6951975689038667e-16,0.607613253791257,0.0,True,The KKT residual norm is smaller than the tolerance kkt_tol_abs or kkt_tol_rel. GEMSEO stopped the driver.,0.0,13,0.24522413029514734,False,13,0.0,79673625693.55145,,,3.7453181345368614,,,,,,,,,,,,,,,,,,
opt_B5_2_8,B5,5 % biomass,5.0,1.35,2.8,min_surplus_loss,G3,biomass_trajectory_constraint,0,2030.0,-0.41626768377369916,0.0,0.41626768377369916,False,0.0001,True,0.0,1e-10,7.967362569355146,1.637637764451964e-16,2.6951975689038667e-16,0.607613253791257,0.0,True,The KKT residual norm is smaller than the tolerance kkt_tol_abs or kkt_tol_rel. GEMSEO stopped the driver.,0.0,13,0.24522413029514734,False,13,0.0,79673625693.55145,,,1.552969421732896,,558414500000.0001,0.5584145000000001,0.0,0.0,0.0,0.0,,,,,,,,,,,
opt_B5_2_8,B5,5 % biomass,5.0,1.35,2.8,min_surplus_loss,G3,biomass_trajectory_constraint,1,2035.0,1.3567552912263637e-08,0.0,1.3567552912263637e-08,True,0.0001,True,1.1018617568162419,1e-10,7.967362569355146,1.637637764451964e-16,2.6951975689038667e-16,0.607613253791257,0.0,True,The KKT residual norm is smaller than the tolerance kkt_tol_abs or kkt_tol_rel. GEMSEO stopped the driver.,0.0,13,0.24522413029514734,False,13,11018617568.162418,79673625693.55145,,,1.9352824430911528,,657937750000.0001,0.6579377500000001,16.7472037714243,16747203771.424297,32.41056942970739,32410569429.707382,,,,,,,,,,,
opt_B5_2_8,B5,5 % biomass,5.0,1.35,2.8,min_surplus_loss,G3,biomass_trajectory_constraint,2,2040.0,5.391796875642285e-08,0.0,5.391796875642285e-08,True,0.0001,True,1.5509398632746123,1e-10,7.967362569355146,1.637637764451964e-16,2.6951975689038667e-16,0.607613253791257,0.0,True,The KKT residual norm is smaller than the tolerance kkt_tol_abs or kkt_tol_rel. GEMSEO stopped the driver.,0.0,13,0.24522413029514734,False,13,15509398632.746122,79673625693.55145,,,2.411714024837406,,757461000000.0,0.757461,20.47550782515024,20475507825.150238,49.381069387582876,49381069387.58288,,,,,,,,,,,
opt_B5_2_8,B5,5 % biomass,5.0,1.35,2.8,min_surplus_loss,G3,biomass_trajectory_constraint,3,2045.0,2.0041067514853238e-07,0.0,2.0041067514853238e-07,True,0.0001,True,1.8657598542204565,1e-10,7.967362569355146,1.637637764451964e-16,2.6951975689038667e-16,0.607613253791257,0.0,True,The KKT residual norm is smaller than the tolerance kkt_tol_abs or kkt_tol_rel. GEMSEO stopped the driver.,0.0,13,0.24522413029514734,False,13,18657598542.204563,79673625693.55145,,,3.005434456537094,,772951000000.0,0.772951,24.138138824071078,24138138824.07108,72.54559413853899,72545594138.539,,,,,,,,,,,
opt_B5_2_8,B5,5 % biomass,5.0,1.35,2.8,min_surplus_loss,G3,biomass_trajectory_constraint,4,2050.0,2.842170943040401e-16,0.0,2.842170943040401e-16,True,0.0001,True,1.2263609088109795,1e-10,7.967362569355146,1.637637764451964e-16,2.6951975689038667e-16,0.607613253791257,0.0,True,The KKT residual norm is smaller than the tolerance kkt_tol_abs or kkt_tol_rel. GEMSEO stopped the driver.,0.0,13,0.24522413029514734,False,13,12263609088.109795,79673625693.55145,,,3.7453181345368614,,788441000000.0001,0.7884410000000002,15.55425084199045,15554250841.99045,58.25561774764208,58255617747.642075,,,,,,,,,,,
opt_B5_2_8,B5,5 % biomass,5.0,1.35,2.8,min_surplus_loss,G4,electricity_trajectory_constraint,0,2030.0,-0.9999999601470474,0.0,0.9999999601470474,False,0.0001,True,0.0,1e-10,7.967362569355146,1.637637764451964e-16,2.6951975689038667e-16,0.607613253791257,0.0,True,The KKT residual norm is smaller than the tolerance kkt_tol_abs or kkt_tol_rel. GEMSEO stopped the driver.,0.0,13,0.24522413029514734,False,13,0.0,79673625693.55145,,,1.552969421732896,,1065287574000.0001,1.065287574,0.0,0.0,0.0,0.0,,,,,,,,,,,
opt_B5_2_8,B5,5 % biomass,5.0,1.35,2.8,min_surplus_loss,G4,electricity_trajectory_constraint,1,2035.0,-0.775647791601194,0.0,0.775647791601194,False,0.0001,True,0.0,1e-10,7.967362569355146,1.637637764451964e-16,2.6951975689038667e-16,0.607613253791257,0.0,True,The KKT residual norm is smaller than the tolerance kkt_tol_abs or kkt_tol_rel. GEMSEO stopped the driver.,0.0,13,0.24522413029514734,False,13,0.0,79673625693.55145,,,1.9352824430911528,,1356710238000.0002,1.3567102380000002,0.0,0.0,0.0,0.0,,,,,,,,,,,
opt_B5_2_8,B5,5 % biomass,5.0,1.35,2.8,min_surplus_loss,G4,electricity_trajectory_constraint,2,2040.0,-0.5404523627816231,0.0,0.5404523627816231,False,0.0001,True,0.0,1e-10,7.967362569355146,1.637637764451964e-16,2.6951975689038667e-16,0.607613253791257,0.0,True,The KKT residual norm is smaller than the tolerance kkt_tol_abs or kkt_tol_rel. GEMSEO stopped the driver.,0.0,13,0.24522413029514734,False,13,0.0,79673625693.55145,,,2.411714024837406,,1648132902000.0002,1.6481329020000002,0.0,0.0,0.0,0.0,,,,,,,,,,,
opt_B5_2_8,B5,5 % biomass,5.0,1.35,2.8,min_surplus_loss,G4,electricity_trajectory_constraint,3,2045.0,-0.005604363054686985,0.0,0.005604363054686985,False,0.0001,True,0.0,1e-10,7.967362569355146,1.637637764451964e-16,2.6951975689038667e-16,0.607613253791257,0.0,True,The KKT residual norm is smaller than the tolerance kkt_tol_abs or kkt_tol_rel. GEMSEO stopped the driver.,0.0,13,0.24522413029514734,False,13,0.0,79673625693.55145,,,3.005434456537094,,1895265009000.0002,1.8952650090000003,0.0,0.0,0.0,0.0,,,,,,,,,,,
opt_B5_2_8,B5,5 % biomass,5.0,1.35,2.8,min_surplus_loss,G4,electricity_trajectory_constraint,4,2050.0,2.842170943040401e-16,0.0,2.842170943040401e-16,True,0.0001,True,2.0079910876707734,1e-10,7.967362569355146,1.637637764451964e-16,2.6951975689038667e-16,0.607613253791257,0.0,True,The KKT residual norm is smaller than the tolerance kkt_tol_abs or kkt_tol_rel. GEMSEO stopped the driver.,0.0,13,0.24522413029514734,False,13,20079910876.707733,79673625693.55145,,,3.7453181345368614,,2142397116000.0002,2.142397116,9.372637186049932,9372637186.049932,35.10350802134735,35103508021.34735,,,,,,,,,,,
opt_B5_2_8,B5,5 % biomass,5.0,1.35,2.8,min_surplus_loss,G5,biofuel_use_growth_constraint,0,2030.0,-3.349250020174306e-15,0.0,3.349250020174306e-15,True,0.0001,True,0.3811950637874659,1e-10,7.967362569355146,1.637637764451964e-16,2.6951975689038667e-16,0.607613253791257,0.0,True,The KKT residual norm is smaller than the tolerance kkt_tol_abs or kkt_tol_rel. GEMSEO stopped the driver.,0.0,13,0.24522413029514734,False,13,3811950637.874659,79673625693.55145,,,1.552969421732896,,,,,,,,volume,89799803521.1634,154900000000.0,36088527006.640396,24.60910676484609,123045533824.23042,0.0,38.21719030196613,191085951509.83063,0.0,
opt_B5_2_8,B5,5 % biomass,5.0,1.35,2.8,min_surplus_loss,G5,biofuel_use_growth_constraint,1,2035.0,-0.4698867709820198,0.0,0.4698867709820198,False,0.0001,True,0.0,1e-10,7.967362569355146,1.637637764451964e-16,2.6951975689038667e-16,0.607613253791257,0.0,True,The KKT residual norm is smaller than the tolerance kkt_tol_abs or kkt_tol_rel. GEMSEO stopped the driver.,0.0,13,0.24522413029514734,False,13,0.0,79673625693.55145,,,1.9352824430911528,,,,,,,,rate,385440767999.9986,154900000000.0,154899999999.99948,0.0,0.0,0.0,0.0,0.0,0.0,
opt_B5_2_8,B5,5 % biomass,5.0,1.35,2.8,min_surplus_loss,G5,biofuel_use_growth_constraint,2,2040.0,-2.6987552384301874,0.0,2.6987552384301874,False,0.0001,True,0.0,1e-10,7.967362569355146,1.637637764451964e-16,2.6951975689038667e-16,0.607613253791257,0.0,True,The KKT residual norm is smaller than the tolerance kkt_tol_abs or kkt_tol_rel. GEMSEO stopped the driver.,0.0,13,0.24522413029514734,False,13,0.0,79673625693.55145,,,2.411714024837406,,,,,,,,rate,777986453949.4065,154900000000.0,312655307174.8837,0.0,0.0,0.0,0.0,0.0,0.0,
opt_B5_2_8,B5,5 % biomass,5.0,1.35,2.8,min_surplus_loss,G5,biofuel_use_growth_constraint,3,2045.0,-3.4109665223194505,0.0,3.4109665223194505,False,0.0001,True,0.0,1e-10,7.967362569355146,1.637637764451964e-16,2.6951975689038667e-16,0.607613253791257,0.0,True,The KKT residual norm is smaller than the tolerance kkt_tol_abs or kkt_tol_rel. GEMSEO stopped the driver.,0.0,13,0.24522413029514734,False,13,0.0,79673625693.55145,,,3.005434456537094,,,,,,,,rate,895668961346.8323,154900000000.0,359949267516.57043,0.0,0.0,0.0,0.0,0.0,0.0,
opt_B5_2_8,B5,5 % biomass,5.0,1.35,2.8,min_surplus_loss,G5,biofuel_use_growth_constraint,4,2050.0,-3.4816935775877975,0.0,3.4816935775877975,False,0.0001,True,0.0,1e-10,7.967362569355146,1.637637764451964e-16,2.6951975689038667e-16,0.607613253791257,0.0,True,The KKT residual norm is smaller than the tolerance kkt_tol_abs or kkt_tol_rel. GEMSEO stopped the driver.,0.0,13,0.24522413029514734,False,13,0.0,79673625693.55145,,,3.7453181345368614,,,,,,,,rate,913985433913.4513,154900000000.0,367310247039.5494,0.0,0.0,0.0,0.0,0.0,0.0,
opt_B5_2_8,B5,5 % biomass,5.0,1.35,2.8,min_surplus_loss,G6,electrofuel_use_growth_constraint,0,2030.0,-0.9999998803370566,0.0,0.9999998803370566,False,0.0001,True,0.0,1e-10,7.967362569355146,1.637637764451964e-16,2.6951975689038667e-16,0.607613253791257,0.0,True,The KKT residual norm is smaller than the tolerance kkt_tol_abs or kkt_tol_rel. GEMSEO stopped the driver.,0.0,13,0.24522413029514734,False,13,0.0,79673625693.55145,,,1.552969421732896,,,,,,,,volume,0.0,154900000000.0,0.0,0.0,0.0,0.0,0.0,0.0,0.0,
opt_B5_2_8,B5,5 % biomass,5.0,1.35,2.8,min_surplus_loss,G6,electrofuel_use_growth_constraint,1,2035.0,-0.14207412091196295,0.0,0.14207412091196295,False,0.0001,True,0.0,1e-10,7.967362569355146,1.637637764451964e-16,2.6951975689038667e-16,0.607613253791257,0.0,True,The KKT residual norm is smaller than the tolerance kkt_tol_abs or kkt_tol_rel. GEMSEO stopped the driver.,0.0,13,0.24522413029514734,False,13,0.0,79673625693.55145,,,1.9352824430911528,,,,,,,,volume,46122.97681324982,154900000000.0,18535.789935880366,0.0,0.0,0.0,0.0,0.0,0.0,
opt_B5_2_8,B5,5 % biomass,5.0,1.35,2.8,min_surplus_loss,G6,electrofuel_use_growth_constraint,2,2040.0,-4.49520105587274e-06,0.0,4.49520105587274e-06,True,0.0001,True,0.3537398060585244,1e-10,7.967362569355146,1.637637764451964e-16,2.6951975689038667e-16,0.607613253791257,0.0,True,The KKT residual norm is smaller than the tolerance kkt_tol_abs or kkt_tol_rel. GEMSEO stopped the driver.,0.0,13,0.24522413029514734,False,13,3537398060.5852437,79673625693.55145,,,2.411714024837406,,,,,,,,rate,330679609722.76807,154900000000.0,132892718670.73694,22.836656298161675,0.0,31465069133.53791,55.075484274667986,0.0,75884748521.83194,
opt_B5_2_8,B5,5 % biomass,5.0,1.35,2.8,min_surplus_loss,G6,electrofuel_use_growth_constraint,3,2045.0,1.927475195060321e-06,0.0,1.927475195060321e-06,True,0.0001,True,0.2334650138635168,1e-10,7.967362569355146,1.637637764451964e-16,2.6951975689038667e-16,0.607613253791257,0.0,True,The KKT residual norm is smaller than the tolerance kkt_tol_abs or kkt_tol_rel. GEMSEO stopped the driver.,0.0,13,0.24522413029514734,False,13,2334650138.635168,79673625693.55145,,,3.005434456537094,,,,,,,,rate,822834953831.6107,154900000000.0,330678913416.1245,15.071982818819679,0.0,51673976195.30968,45.29785649201574,0.0,155302748563.6613,
opt_B5_2_8,B5,5 % biomass,5.0,1.35,2.8,min_surplus_loss,G6,electrofuel_use_growth_constraint,4,2050.0,-7.179514696858482,0.0,7.179514696858482,False,0.0001,True,0.0,1e-10,7.967362569355146,1.637637764451964e-16,2.6951975689038667e-16,0.607613253791257,0.0,True,The KKT residual norm is smaller than the tolerance kkt_tol_abs or kkt_tol_rel. GEMSEO stopped the driver.,0.0,13,0.24522413029514734,False,13,0.0,79673625693.55145,,,3.7453181345368614,,,,,,,,rate,2047477415245.7925,154900000000.0,822835252397.5184,0.0,0.0,0.0,0.0,0.0,0.0,
opt_B5_3_0,B5,5 % biomass,5.0,1.35,3.0,min_surplus_loss,G1,aviation_carbon_budget_constraint,0,,1.4292132951352584e-05,0.0,1.4292132951352584e-05,True,0.0003,False,66.4152559410712,1e-10,2.385172692343494,3.2249064637119435e-16,5.215460932124138e-16,0.6183358490614775,0.0,True,The KKT residual norm is smaller than the tolerance kkt_tol_abs or kkt_tol_rel. GEMSEO stopped the driver.,0.0,16,0.2452241329573705,False,16,664152559410.7119,23851726923.43494,2.985820834800208,222.4355030515931,,,,,,,,,,,,,,,,,,,
opt_B5_3_0,B5,5 % biomass,5.0,1.35,3.0,min_surplus_loss,G2,blend_completeness_constraint,0,2030.0,-0.9164204355589685,0.0,0.9164204355589685,False,0.0003,False,0.0,1e-10,2.385172692343494,3.2249064637119435e-16,5.215460932124138e-16,0.6183358490614775,0.0,True,The KKT residual norm is smaller than the tolerance kkt_tol_abs or kkt_tol_rel. GEMSEO stopped the driver.,0.0,16,0.2452241329573705,False,16,0.0,23851726923.43494,,,1.552969421732896,,,,,,,,,,,,,,,,,,
opt_B5_3_0,B5,5 % biomass,5.0,1.35,3.0,min_surplus_loss,G2,blend_completeness_constraint,1,2035.0,-0.7827310477898652,0.0,0.7827310477898652,False,0.0003,False,0.0,1e-10,2.385172692343494,3.2249064637119435e-16,5.215460932124138e-16,0.6183358490614775,0.0,True,The KKT residual norm is smaller than the tolerance kkt_tol_abs or kkt_tol_rel. GEMSEO stopped the driver.,0.0,16,0.2452241329573705,False,16,0.0,23851726923.43494,,,1.9352824430911528,,,,,,,,,,,,,,,,,,
opt_B5_3_0,B5,5 % biomass,5.0,1.35,3.0,min_surplus_loss,G2,blend_completeness_constraint,2,2040.0,-0.6831831589488686,0.0,0.6831831589488686,False,0.0003,False,0.0,1e-10,2.385172692343494,3.2249064637119435e-16,5.215460932124138e-16,0.6183358490614775,0.0,True,The KKT residual norm is smaller than the tolerance kkt_tol_abs or kkt_tol_rel. GEMSEO stopped the driver.,0.0,16,0.2452241329573705,False,16,0.0,23851726923.43494,,,2.411714024837406,,,,,,,,,,,,,,,,,,
opt_B5_3_0,B5,5 % biomass,5.0,1.35,3.0,min_surplus_loss,G2,blend_completeness_constraint,3,2045.0,-0.4871196895751179,0.0,0.4871196895751179,False,0.0003,False,0.0,1e-10,2.385172692343494,3.2249064637119435e-16,5.215460932124138e-16,0.6183358490614775,0.0,True,The KKT residual norm is smaller than the tolerance kkt_tol_abs or kkt_tol_rel. GEMSEO stopped the driver.,0.0,16,0.2452241329573705,False,16,0.0,23851726923.43494,,,3.005434456537094,,,,,,,,,,,,,,,,,,
opt_B5_3_0,B5,5 % biomass,5.0,1.35,3.0,min_surplus_loss,G2,blend_completeness_constraint,4,2050.0,-0.24531726571645293,0.0,0.24531726571645293,False,0.0003,False,0.0,1e-10,2.385172692343494,3.2249064637119435e-16,5.215460932124138e-16,0.6183358490614775,0.0,True,The KKT residual norm is smaller than the tolerance kkt_tol_abs or kkt_tol_rel. GEMSEO stopped the driver.,0.0,16,0.2452241329573705,False,16,0.0,23851726923.43494,,,3.7453181345368614,,,,,,,,,,,,,,,,,,
opt_B5_3_0,B5,5 % biomass,5.0,1.35,3.0,min_surplus_loss,G3,biomass_trajectory_constraint,0,2030.0,-0.4162676837724264,0.0,0.4162676837724264,False,0.0003,False,0.0,1e-10,2.385172692343494,3.2249064637119435e-16,5.215460932124138e-16,0.6183358490614775,0.0,True,The KKT residual norm is smaller than the tolerance kkt_tol_abs or kkt_tol_rel. GEMSEO stopped the driver.,0.0,16,0.2452241329573705,False,16,0.0,23851726923.43494,,,1.552969421732896,,558414500000.0001,0.5584145000000001,0.0,0.0,0.0,0.0,,,,,,,,,,,
opt_B5_3_0,B5,5 % biomass,5.0,1.35,3.0,min_surplus_loss,G3,biomass_trajectory_constraint,1,2035.0,3.725583155755885e-08,0.0,3.725583155755885e-08,True,0.0003,False,1.0437541741349878,1e-10,2.385172692343494,3.2249064637119435e-16,5.215460932124138e-16,0.6183358490614775,0.0,True,The KKT residual norm is smaller than the tolerance kkt_tol_abs or kkt_tol_rel. GEMSEO stopped the driver.,0.0,16,0.2452241329573705,False,16,10437541741.349878,23851726923.43494,,,1.9352824430911528,,657937750000.0001,0.6579377500000001,15.864026256815142,15864026256.815142,30.701371491551406,30701371491.551403,,,,,,,,,,,
opt_B5_3_0,B5,5 % biomass,5.0,1.35,3.0,min_surplus_loss,G3,biomass_trajectory_constraint,2,2040.0,1.8812067921203378e-07,0.0,1.8812067921203378e-07,True,0.0003,False,1.51275739516549,1e-10,2.385172692343494,3.2249064637119435e-16,5.215460932124138e-16,0.6183358490614775,0.0,True,The KKT residual norm is smaller than the tolerance kkt_tol_abs or kkt_tol_rel. GEMSEO stopped the driver.,0.0,16,0.2452241329573705,False,16,15127573951.6549,23851726923.43494,,,2.411714024837406,,757461000000.0,0.757461,19.97142288732344,19971422887.32344,48.16536067331669,48165360673.316696,,,,,,,,,,,
opt_B5_3_0,B5,5 % biomass,5.0,1.35,3.0,min_surplus_loss,G3,biomass_trajectory_constraint,3,2045.0,1.08265181111733e-06,0.0,1.08265181111733e-06,True,0.0003,False,1.7980991297173092,1e-10,2.385172692343494,3.2249064637119435e-16,5.215460932124138e-16,0.6183358490614775,0.0,True,The KKT residual norm is smaller than the tolerance kkt_tol_abs or kkt_tol_rel. GEMSEO stopped the driver.,0.0,16,0.2452241329573705,False,16,17980991297.17309,23851726923.43494,,,3.005434456537094,,772951000000.0,0.772951,23.262782889436835,23262782889.436836,69.914769250855,69914769250.85501,,,,,,,,,,,
opt_B5_3_0,B5,5 % biomass,5.0,1.35,3.0,min_surplus_loss,G3,biomass_trajectory_constraint,4,2050.0,5.554443849717927e-06,0.0,5.554443849717927e-06,True,0.0003,False,1.2046231549651485,1e-10,2.385172692343494,3.2249064637119435e-16,5.215460932124138e-16,0.6183358490614775,0.0,True,The KKT residual norm is smaller than the tolerance kkt_tol_abs or kkt_tol_rel. GEMSEO stopped the driver.,0.0,16,0.2452241329573705,False,16,12046231549.651484,23851726923.43494,,,3.7453181345368614,,788441000000.0001,0.7884410000000002,15.278545318738475,15278545318.738474,57.22301285161448,57223012851.61448,,,,,,,,,,,
opt_B5_3_0,B5,5 % biomass,5.0,1.35,3.0,min_surplus_loss,G4,electricity_trajectory_constraint,0,2030.0,-0.999999960147689,0.0,0.999999960147689,False,0.0003,False,0.0,1e-10,2.385172692343494,3.2249064637119435e-16,5.215460932124138e-16,0.6183358490614775,0.0,True,The KKT residual norm is smaller than the tolerance kkt_tol_abs or kkt_tol_rel. GEMSEO stopped the driver.,0.0,16,0.2452241329573705,False,16,0.0,23851726923.43494,,,1.552969421732896,,1065287574000.0001,1.065287574,0.0,0.0,0.0,0.0,,,,,,,,,,,
opt_B5_3_0,B5,5 % biomass,5.0,1.35,3.0,min_surplus_loss,G4,electricity_trajectory_constraint,1,2035.0,-0.8546485769511976,0.0,0.8546485769511976,False,0.0003,False,0.0,1e-10,2.385172692343494,3.2249064637119435e-16,5.215460932124138e-16,0.6183358490614775,0.0,True,The KKT residual norm is smaller than the tolerance kkt_tol_abs or kkt_tol_rel. GEMSEO stopped the driver.,0.0,16,0.2452241329573705,False,16,0.0,23851726923.43494,,,1.9352824430911528,,1356710238000.0002,1.3567102380000002,0.0,0.0,0.0,0.0,,,,,,,,,,,
opt_B5_3_0,B5,5 % biomass,5.0,1.35,3.0,min_surplus_loss,G4,electricity_trajectory_constraint,2,2040.0,-0.7022751805941823,0.0,0.7022751805941823,False,0.0003,False,0.0,1e-10,2.385172692343494,3.2249064637119435e-16,5.215460932124138e-16,0.6183358490614775,0.0,True,The KKT residual norm is smaller than the tolerance kkt_tol_abs or kkt_tol_rel. GEMSEO stopped the driver.,0.0,16,0.2452241329573705,False,16,0.0,23851726923.43494,,,2.411714024837406,,1648132902000.0002,1.6481329020000002,0.0,0.0,0.0,0.0,,,,,,,,,,,
opt_B5_3_0,B5,5 % biomass,5.0,1.35,3.0,min_surplus_loss,G4,electricity_trajectory_constraint,3,2045.0,-0.3557838468810827,0.0,0.3557838468810827,False,0.0003,False,0.0,1e-10,2.385172692343494,3.2249064637119435e-16,5.215460932124138e-16,0.6183358490614775,0.0,True,The KKT residual norm is smaller than the tolerance kkt_tol_abs or kkt_tol_rel. GEMSEO stopped the driver.,0.0,16,0.2452241329573705,False,16,0.0,23851726923.43494,,,3.005434456537094,,1895265009000.0002,1.8952650090000003,0.0,0.0,0.0,0.0,,,,,,,,,,,
opt_B5_3_0,B5,5 % biomass,5.0,1.35,3.0,min_surplus_loss,G4,electricity_trajectory_constraint,4,2050.0,-0.00015561379875592252,0.0,0.00015561379875592252,True,0.0003,False,1.9347082307885486,1e-10,2.385172692343494,3.2249064637119435e-16,5.215460932124138e-16,0.6183358490614775,0.0,True,The KKT residual norm is smaller than the tolerance kkt_tol_abs or kkt_tol_rel. GEMSEO stopped the driver.,0.0,16,0.2452241329573705,False,16,19347082307.885487,23851726923.43494,,,3.7453181345368614,,2142397116000.0002,2.142397116,9.030577087411224,9030577087.411224,33.82238413081433,33822384130.81433,,,,,,,,,,,
opt_B5_3_0,B5,5 % biomass,5.0,1.35,3.0,min_surplus_loss,G5,biofuel_use_growth_constraint,0,2030.0,-3.9402941413815366e-16,0.0,3.9402941413815366e-16,True,0.0003,False,0.3431980951783539,1e-10,2.385172692343494,3.2249064637119435e-16,5.215460932124138e-16,0.6183358490614775,0.0,True,The KKT residual norm is smaller than the tolerance kkt_tol_abs or kkt_tol_rel. GEMSEO stopped the driver.,0.0,16,0.2452241329573705,False,16,3431980951.7835393,23851726923.43494,,,1.552969421732896,,,,,,,,volume,89799803521.1529,154900000000.0,36088527006.63617,22.15610685463873,110780534273.19363,0.0,34.40775644990056,172038782249.50278,0.0,
opt_B5_3_0,B5,5 % biomass,5.0,1.35,3.0,min_surplus_loss,G5,biofuel_use_growth_constraint,1,2035.0,-0.46988672318178676,0.0,0.46988672318178676,False,0.0003,False,0.0,1e-10,2.385172692343494,3.2249064637119435e-16,5.215460932124138e-16,0.6183358490614775,0.0,True,The KKT residual norm is smaller than the tolerance kkt_tol_abs or kkt_tol_rel. GEMSEO stopped the driver.,0.0,16,0.2452241329573705,False,16,0.0,23851726923.43494,,,1.9352824430911528,,,,,,,,rate,385440767999.9998,154900000000.0,154899999999.99997,0.0,0.0,0.0,0.0,0.0,0.0,
opt_B5_3_0,B5,5 % biomass,5.0,1.35,3.0,min_surplus_loss,G5,biofuel_use_growth_constraint,2,2040.0,-2.698755045532752,0.0,2.698755045532752,False,0.0003,False,0.0,1e-10,2.385172692343494,3.2249064637119435e-16,5.215460932124138e-16,0.6183358490614775,0.0,True,The KKT residual norm is smaller than the tolerance kkt_tol_abs or kkt_tol_rel. GEMSEO stopped the driver.,0.0,16,0.2452241329573705,False,16,0.0,23851726923.43494,,,2.411714024837406,,,,,,,,rate,777986443389.0979,154900000000.0,312655302930.93256,0.0,0.0,0.0,0.0,0.0,0.0,
opt_B5_3_0,B5,5 % biomass,5.0,1.35,3.0,min_surplus_loss,G5,biofuel_use_growth_constraint,3,2045.0,-3.4109652062469213,0.0,3.4109652062469213,False,0.0003,False,0.0,1e-10,2.385172692343494,3.2249064637119435e-16,5.215460932124138e-16,0.6183358490614775,0.0,True,The KKT residual norm is smaller than the tolerance kkt_tol_abs or kkt_tol_rel. GEMSEO stopped the driver.,0.0,16,0.2452241329573705,False,16,0.0,23851726923.43494,,,3.005434456537094,,,,,,,,rate,895668913048.7404,154900000000.0,359949248106.6505,0.0,0.0,0.0,0.0,0.0,0.0,
opt_B5_3_0,B5,5 % biomass,5.0,1.35,3.0,min_surplus_loss,G5,biofuel_use_growth_constraint,4,2050.0,-3.481685348174002,0.0,3.481685348174002,False,0.0003,False,0.0,1e-10,2.385172692343494,3.2249064637119435e-16,5.215460932124138e-16,0.6183358490614775,0.0,True,The KKT residual norm is smaller than the tolerance kkt_tol_abs or kkt_tol_rel. GEMSEO stopped the driver.,0.0,16,0.2452241329573705,False,16,0.0,23851726923.43494,,,3.7453181345368614,,,,,,,,rate,913985250739.0237,154900000000.0,367310173425.85516,0.0,0.0,0.0,0.0,0.0,0.0,
opt_B5_3_0,B5,5 % biomass,5.0,1.35,3.0,min_surplus_loss,G6,electrofuel_use_growth_constraint,0,2030.0,-0.9999998803389831,0.0,0.9999998803389831,False,0.0003,False,0.0,1e-10,2.385172692343494,3.2249064637119435e-16,5.215460932124138e-16,0.6183358490614775,0.0,True,The KKT residual norm is smaller than the tolerance kkt_tol_abs or kkt_tol_rel. GEMSEO stopped the driver.,0.0,16,0.2452241329573705,False,16,0.0,23851726923.43494,,,1.552969421732896,,,,,,,,volume,0.0,154900000000.0,0.0,0.0,0.0,0.0,0.0,0.0,0.0,
opt_B5_3_0,B5,5 % biomass,5.0,1.35,3.0,min_surplus_loss,G6,electrofuel_use_growth_constraint,1,2035.0,-0.44417419251174406,0.0,0.44417419251174406,False,0.0003,False,0.0,1e-10,2.385172692343494,3.2249064637119435e-16,5.215460932124138e-16,0.6183358490614775,0.0,True,The KKT residual norm is smaller than the tolerance kkt_tol_abs or kkt_tol_rel. GEMSEO stopped the driver.,0.0,16,0.2452241329573705,False,16,0.0,23851726923.43494,,,1.9352824430911528,,,,,,,,volume,46122.31959475047,154900000000.0,18535.525814505563,0.0,0.0,0.0,0.0,0.0,0.0,
opt_B5_3_0,B5,5 % biomass,5.0,1.35,3.0,min_surplus_loss,G6,electrofuel_use_growth_constraint,2,2040.0,-1.7039942161013344e-05,0.0,1.7039942161013344e-05,True,0.0003,False,0.36124137095290054,1e-10,2.385172692343494,3.2249064637119435e-16,5.215460932124138e-16,0.6183358490614775,0.0,True,The KKT residual norm is smaller than the tolerance kkt_tol_abs or kkt_tol_rel. GEMSEO stopped the driver.,0.0,16,0.2452241329573705,False,16,3612413709.5290055,23851726923.43494,,,2.411714024837406,,,,,,,,rate,214229237229.12827,154900000000.0,86093925712.5805,23.32094066836027,0.0,20816780545.202408,56.243439682285484,0.0,50204121592.8271,
opt_B5_3_0,B5,5 % biomass,5.0,1.35,3.0,min_surplus_loss,G6,electrofuel_use_growth_constraint,3,2045.0,-9.46574963508936e-05,0.0,9.46574963508936e-05,True,0.0003,False,0.2356673944008764,1e-10,2.385172692343494,3.2249064637119435e-16,5.215460932124138e-16,0.6183358490614775,0.0,True,The KKT residual norm is smaller than the tolerance kkt_tol_abs or kkt_tol_rel. GEMSEO stopped the driver.,0.0,16,0.2452241329573705,False,16,2356673944.008764,23851726923.43494,,,3.005434456537094,,,,,,,,rate,533070895580.53284,154900000000.0,214229237228.54495,15.214163615292213,0.0,33792615932.96908,45.72517155679218,0.0,101561492301.46968,
opt_B5_3_0,B5,5 % biomass,5.0,1.35,3.0,min_surplus_loss,G6,electrofuel_use_growth_constraint,4,2050.0,-2.5256740488826295,0.0,2.5256740488826295,False,0.0003,False,0.0,1e-10,2.385172692343494,3.2249064637119435e-16,5.215460932124138e-16,0.6183358490614775,0.0,True,The KKT residual norm is smaller than the tolerance kkt_tol_abs or kkt_tol_rel. GEMSEO stopped the driver.,0.0,16,0.2452241329573705,False,16,0.0,23851726923.43494,,,3.7453181345368614,,,,,,,,rate,1326450970946.5957,154900000000.0,533070895602.89514,0.0,0.0,0.0,0.0,0.0,0.0,
opt_B5_3_2,B5,5 % biomass,5.0,1.35,3.2,min_surplus_loss,G1,aviation_carbon_budget_constraint,0,,5.2205947801901485e-06,0.0,5.2205947801901485e-06,True,0.0003,False,58.20431095490836,1e-10,-3.093631168224921,2.1454539303106683e-16,3.404352338409849e-16,0.6302091314416639,0.0,True,The KKT residual norm is smaller than the tolerance kkt_tol_abs or kkt_tol_rel. GEMSEO stopped the driver.,0.0,22,0.3362644919994513,False,21,582043109549.0836,-30936311682.249207,3.2334096710122635,180.00908290933236,,,,,,,,,,,,,,,,,,,
opt_B5_3_2,B5,5 % biomass,5.0,1.35,3.2,min_surplus_loss,G2,blend_completeness_constraint,0,2030.0,-0.9164204355589873,0.0,0.9164204355589873,False,0.0003,False,0.0,1e-10,-3.093631168224921,2.1454539303106683e-16,3.404352338409849e-16,0.6302091314416639,0.0,True,The KKT residual norm is smaller than the tolerance kkt_tol_abs or kkt_tol_rel. GEMSEO stopped the driver.,0.0,22,0.3362644919994513,False,21,0.0,-30936311682.249207,,,1.552969421732896,,,,,,,,,,,,,,,,,,
opt_B5_3_2,B5,5 % biomass,5.0,1.35,3.2,min_surplus_loss,G2,blend_completeness_constraint,1,2035.0,-0.83366132747505,0.0,0.83366132747505,False,0.0003,False,0.0,1e-10,-3.093631168224921,2.1454539303106683e-16,3.404352338409849e-16,0.6302091314416639,0.0,True,The KKT residual norm is smaller than the tolerance kkt_tol_abs or kkt_tol_rel. GEMSEO stopped the driver.,0.0,22,0.3362644919994513,False,21,0.0,-30936311682.249207,,,1.9352824430911528,,,,,,,,,,,,,,,,,,
opt_B5_3_2,B5,5 % biomass,5.0,1.35,3.2,min_surplus_loss,G2,blend_completeness_constraint,2,2040.0,-0.7350928555308895,0.0,0.7350928555308895,False,0.0003,False,0.0,1e-10,-3.093631168224921,2.1454539303106683e-16,3.404352338409849e-16,0.6302091314416639,0.0,True,The KKT residual norm is smaller than the tolerance kkt_tol_abs or kkt_tol_rel. GEMSEO stopped the driver.,0.0,22,0.3362644919994513,False,21,0.0,-30936311682.249207,,,2.411714024837406,,,,,,,,,,,,,,,,,,
opt_B5_3_2,B5,5 % biomass,5.0,1.35,3.2,min_surplus_loss,G2,blend_completeness_constraint,3,2045.0,-0.6238468757528929,0.0,0.6238468757528929,False,0.0003,False,0.0,1e-10,-3.093631168224921,2.1454539303106683e-16,3.404352338409849e-16,0.6302091314416639,0.0,True,The KKT residual norm is smaller than the tolerance kkt_tol_abs or kkt_tol_rel. GEMSEO stopped the driver.,0.0,22,0.3362644919994513,False,21,0.0,-30936311682.249207,,,3.005434456537094,,,,,,,,,,,,,,,,,,
opt_B5_3_2,B5,5 % biomass,5.0,1.35,3.2,min_surplus_loss,G2,blend_completeness_constraint,4,2050.0,-0.33628345983282143,0.0,0.33628345983282143,False,0.0003,False,0.0,1e-10,-3.093631168224921,2.1454539303106683e-16,3.404352338409849e-16,0.6302091314416639,0.0,True,The KKT residual norm is smaller than the tolerance kkt_tol_abs or kkt_tol_rel. GEMSEO stopped the driver.,0.0,22,0.3362644919994513,False,21,0.0,-30936311682.249207,,,3.7453181345368614,,,,,,,,,,,,,,,,,,
opt_B5_3_2,B5,5 % biomass,5.0,1.35,3.2,min_surplus_loss,G3,biomass_trajectory_constraint,0,2030.0,-0.4162676837724213,0.0,0.4162676837724213,False,0.0003,False,0.0,1e-10,-3.093631168224921,2.1454539303106683e-16,3.404352338409849e-16,0.6302091314416639,0.0,True,The KKT residual norm is smaller than the tolerance kkt_tol_abs or kkt_tol_rel. GEMSEO stopped the driver.,0.0,22,0.3362644919994513,False,21,0.0,-30936311682.249207,,,1.552969421732896,,558414500000.0001,0.5584145000000001,0.0,0.0,0.0,0.0,,,,,,,,,,,
opt_B5_3_2,B5,5 % biomass,5.0,1.35,3.2,min_surplus_loss,G3,biomass_trajectory_constraint,1,2035.0,-3.552713678800501e-15,0.0,3.552713678800501e-15,True,0.0003,False,0.5162057109677797,1e-10,-3.093631168224921,2.1454539303106683e-16,3.404352338409849e-16,0.6302091314416639,0.0,True,The KKT residual norm is smaller than the tolerance kkt_tol_abs or kkt_tol_rel. GEMSEO stopped the driver.,0.0,22,0.3362644919994513,False,21,5162057109.677796,-30936311682.249207,,,1.9352824430911528,,657937750000.0001,0.6579377500000001,7.8458138474009065,7845813847.400907,15.183865790636423,15183865790.636423,,,,,,,,,,,
opt_B5_3_2,B5,5 % biomass,5.0,1.35,3.2,min_surplus_loss,G3,biomass_trajectory_constraint,2,2040.0,7.312067197062789e-08,0.0,7.312067197062789e-08,True,0.0003,False,0.9238355060462282,1e-10,-3.093631168224921,2.1454539303106683e-16,3.404352338409849e-16,0.6302091314416639,0.0,True,The KKT residual norm is smaller than the tolerance kkt_tol_abs or kkt_tol_rel. GEMSEO stopped the driver.,0.0,22,0.3362644919994513,False,21,9238355060.462282,-30936311682.249207,,,2.411714024837406,,757461000000.0,0.757461,12.196476202025295,12196476202.025295,29.41441271002006,29414412710.02006,,,,,,,,,,,
opt_B5_3_2,B5,5 % biomass,5.0,1.35,3.2,min_surplus_loss,G3,biomass_trajectory_constraint,3,2045.0,3.4865058779587343e-07,0.0,3.4865058779587343e-07,True,0.0003,False,1.2008344977130323,1e-10,-3.093631168224921,2.1454539303106683e-16,3.404352338409849e-16,0.6302091314416639,0.0,True,The KKT residual norm is smaller than the tolerance kkt_tol_abs or kkt_tol_rel. GEMSEO stopped the driver.,0.0,22,0.3362644919994513,False,21,12008344977.130323,-30936311682.249207,,,3.005434456537094,,772951000000.0,0.772951,15.53571310099906,15535713100.99906,46.69156746061732,46691567460.617325,,,,,,,,,,,
opt_B5_3_2,B5,5 % biomass,5.0,1.35,3.2,min_surplus_loss,G3,biomass_trajectory_constraint,4,2050.0,2.240084326672331e-06,0.0,2.240084326672331e-06,True,0.0003,False,0.8412742292446677,1e-10,-3.093631168224921,2.1454539303106683e-16,3.404352338409849e-16,0.6302091314416639,0.0,True,The KKT residual norm is smaller than the tolerance kkt_tol_abs or kkt_tol_rel. GEMSEO stopped the driver.,0.0,22,0.3362644919994513,False,21,8412742292.446676,-30936311682.249207,,,3.7453181345368614,,788441000000.0001,0.7884410000000002,10.670097435885088,10670097435.885088,39.96290942389569,39962909423.89568,,,,,,,,,,,
opt_B5_3_2,B5,5 % biomass,5.0,1.35,3.2,min_surplus_loss,G4,electricity_trajectory_constraint,0,2030.0,-0.9999999601477602,0.0,0.9999999601477602,False,0.0003,False,0.0,1e-10,-3.093631168224921,2.1454539303106683e-16,3.404352338409849e-16,0.6302091314416639,0.0,True,The KKT residual norm is smaller than the tolerance kkt_tol_abs or kkt_tol_rel. GEMSEO stopped the driver.,0.0,22,0.3362644919994513,False,21,0.0,-30936311682.249207,,,1.552969421732896,,1065287574000.0001,1.065287574,0.0,0.0,0.0,0.0,,,,,,,,,,,
opt_B5_3_2,B5,5 % biomass,5.0,1.35,3.2,min_surplus_loss,G4,electricity_trajectory_constraint,1,2035.0,-0.9999999682657772,0.0,0.9999999682657772,False,0.0003,False,0.0,1e-10,-3.093631168224921,2.1454539303106683e-16,3.404352338409849e-16,0.6302091314416639,0.0,True,The KKT residual norm is smaller than the tolerance kkt_tol_abs or kkt_tol_rel. GEMSEO stopped the driver.,0.0,22,0.3362644919994513,False,21,0.0,-30936311682.249207,,,1.9352824430911528,,1356710238000.0002,1.3567102380000002,0.0,0.0,0.0,0.0,,,,,,,,,,,
opt_B5_3_2,B5,5 % biomass,5.0,1.35,3.2,min_surplus_loss,G4,electricity_trajectory_constraint,2,2040.0,-0.8191992780243414,0.0,0.8191992780243414,False,0.0003,False,0.0,1e-10,-3.093631168224921,2.1454539303106683e-16,3.404352338409849e-16,0.6302091314416639,0.0,True,The KKT residual norm is smaller than the tolerance kkt_tol_abs or kkt_tol_rel. GEMSEO stopped the driver.,0.0,22,0.3362644919994513,False,21,0.0,-30936311682.249207,,,2.411714024837406,,1648132902000.0002,1.6481329020000002,0.0,0.0,0.0,0.0,,,,,,,,,,,
opt_B5_3_2,B5,5 % biomass,5.0,1.35,3.2,min_surplus_loss,G4,electricity_trajectory_constraint,3,2045.0,-0.6087798555984179,0.0,0.6087798555984179,False,0.0003,False,0.0,1e-10,-3.093631168224921,2.1454539303106683e-16,3.404352338409849e-16,0.6302091314416639,0.0,True,The KKT residual norm is smaller than the tolerance kkt_tol_abs or kkt_tol_rel. GEMSEO stopped the driver.,0.0,22,0.3362644919994513,False,21,0.0,-30936311682.249207,,,3.005434456537094,,1895265009000.0002,1.8952650090000003,0.0,0.0,0.0,0.0,,,,,,,,,,,
opt_B5_3_2,B5,5 % biomass,5.0,1.35,3.2,min_surplus_loss,G4,electricity_trajectory_constraint,4,2050.0,-0.13884587830336245,0.0,0.13884587830336245,False,0.0003,False,0.0,1e-10,-3.093631168224921,2.1454539303106683e-16,3.404352338409849e-16,0.6302091314416639,0.0,True,The KKT residual norm is smaller than the tolerance kkt_tol_abs or kkt_tol_rel. GEMSEO stopped the driver.,0.0,22,0.3362644919994513,False,21,0.0,-30936311682.249207,,,3.7453181345368614,,2142397116000.0002,2.142397116,0.0,0.0,0.0,0.0,,,,,,,,,,,
opt_B5_3_2,B5,5 % biomass,5.0,1.35,3.2,min_surplus_loss,G5,biofuel_use_growth_constraint,0,2030.0,-3.940294141381537e-15,0.0,3.940294141381537e-15,True,0.0003,False,0.06602891567514965,1e-10,-3.093631168224921,2.1454539303106683e-16,3.404352338409849e-16,0.6302091314416639,0.0,True,The KKT residual norm is smaller than the tolerance kkt_tol_abs or kkt_tol_rel. GEMSEO stopped the driver.,0.0,22,0.3362644919994513,False,21,660289156.7514966,-30936311682.249207,,,1.552969421732896,,,,,,,,volume,89799803521.1529,154900000000.0,36088527006.63617,4.262680159790165,21313400798.95082,0.0,6.619811942781621,33099059713.9081,0.0,
opt_B5_3_2,B5,5 % biomass,5.0,1.35,3.2,min_surplus_loss,G5,biofuel_use_growth_constraint,1,2035.0,-0.4698867983781253,0.0,0.4698867983781253,False,0.0003,False,0.0,1e-10,-3.093631168224921,2.1454539303106683e-16,3.404352338409849e-16,0.6302091314416639,0.0,True,The KKT residual norm is smaller than the tolerance kkt_tol_abs or kkt_tol_rel. GEMSEO stopped the driver.,0.0,22,0.3362644919994513,False,21,0.0,-30936311682.249207,,,1.9352824430911528,,,,,,,,rate,385440767999.9968,154900000000.0,154899999999.99875,0.0,0.0,0.0,0.0,0.0,0.0,
opt_B5_3_2,B5,5 % biomass,5.0,1.35,3.2,min_surplus_loss,G5,biofuel_use_growth_constraint,2,2040.0,-2.698755125652303,0.0,2.698755125652303,False,0.0003,False,0.0,1e-10,-3.093631168224921,2.1454539303106683e-16,3.404352338409849e-16,0.6302091314416639,0.0,True,The KKT residual norm is smaller than the tolerance kkt_tol_abs or kkt_tol_rel. GEMSEO stopped the driver.,0.0,22,0.3362644919994513,False,21,0.0,-30936311682.249207,,,2.411714024837406,,,,,,,,rate,777986443389.8279,154900000000.0,312655302931.2259,0.0,0.0,0.0,0.0,0.0,0.0,
opt_B5_3_2,B5,5 % biomass,5.0,1.35,3.2,min_surplus_loss,G5,biofuel_use_growth_constraint,3,2045.0,-3.4109662818065773,0.0,3.4109662818065773,False,0.0003,False,0.0,1e-10,-3.093631168224921,2.1454539303106683e-16,3.404352338409849e-16,0.6302091314416639,0.0,True,The KKT residual norm is smaller than the tolerance kkt_tol_abs or kkt_tol_rel. GEMSEO stopped the driver.,0.0,22,0.3362644919994513,False,21,0.0,-30936311682.249207,,,3.005434456537094,,,,,,,,rate,895668913048.5022,154900000000.0,359949248106.5548,0.0,0.0,0.0,0.0,0.0,0.0,
opt_B5_3_2,B5,5 % biomass,5.0,1.35,3.2,min_surplus_loss,G5,biofuel_use_growth_constraint,4,2050.0,-3.481689033958298,0.0,3.481689033958298,False,0.0003,False,0.0,1e-10,-3.093631168224921,2.1454539303106683e-16,3.404352338409849e-16,0.6302091314416639,0.0,True,The KKT residual norm is smaller than the tolerance kkt_tol_abs or kkt_tol_rel. GEMSEO stopped the driver.,0.0,22,0.3362644919994513,False,21,0.0,-30936311682.249207,,,3.7453181345368614,,,,,,,,rate,913985250739.029,154900000000.0,367310173425.8573,0.0,0.0,0.0,0.0,0.0,0.0,
opt_B5_3_2,B5,5 % biomass,5.0,1.35,3.2,min_surplus_loss,G6,electrofuel_use_growth_constraint,0,2030.0,-0.9999998803391968,0.0,0.9999998803391968,False,0.0003,False,0.0,1e-10,-3.093631168224921,2.1454539303106683e-16,3.404352338409849e-16,0.6302091314416639,0.0,True,The KKT residual norm is smaller than the tolerance kkt_tol_abs or kkt_tol_rel. GEMSEO stopped the driver.,0.0,22,0.3362644919994513,False,21,0.0,-30936311682.249207,,,1.552969421732896,,,,,,,,volume,0.0,154900000000.0,0.0,0.0,0.0,0.0,0.0,0.0,0.0,
opt_B5_3_2,B5,5 % biomass,5.0,1.35,3.2,min_surplus_loss,G6,electrofuel_use_growth_constraint,1,2035.0,-0.9999998786479029,0.0,0.9999998786479029,False,0.0003,False,0.0,1e-10,-3.093631168224921,2.1454539303106683e-16,3.404352338409849e-16,0.6302091314416639,0.0,True,The KKT residual norm is smaller than the tolerance kkt_tol_abs or kkt_tol_rel. GEMSEO stopped the driver.,0.0,22,0.3362644919994513,False,21,0.0,-30936311682.249207,,,1.9352824430911528,,,,,,,,volume,46122.15185041596,154900000000.0,18535.45840181969,0.0,0.0,0.0,0.0,0.0,0.0,
opt_B5_3_2,B5,5 % biomass,5.0,1.35,3.2,min_surplus_loss,G6,electrofuel_use_growth_constraint,2,2040.0,-0.16010555861454331,0.0,0.16010555861454331,False,0.0003,False,0.0,1e-10,-3.093631168224921,2.1454539303106683e-16,3.404352338409849e-16,0.6302091314416639,0.0,True,The KKT residual norm is smaller than the tolerance kkt_tol_abs or kkt_tol_rel. GEMSEO stopped the driver.,0.0,22,0.3362644919994513,False,21,0.0,-30936311682.249207,,,2.411714024837406,,,,,,,,volume,46774.04553007386,154900000000.0,18797.439851013485,0.0,0.0,0.0,0.0,0.0,0.0,
opt_B5_3_2,B5,5 % biomass,5.0,1.35,3.2,min_surplus_loss,G6,electrofuel_use_growth_constraint,3,2045.0,-3.59294976972133e-05,0.0,3.59294976972133e-05,True,0.0003,False,0.21821149802716433,1e-10,-3.093631168224921,2.1454539303106683e-16,3.404352338409849e-16,0.6302091314416639,0.0,True,The KKT residual norm is smaller than the tolerance kkt_tol_abs or kkt_tol_rel. GEMSEO stopped the driver.,0.0,22,0.3362644919994513,False,21,2182114980.271643,-30936311682.249207,,,3.005434456537094,,,,,,,,rate,323728963412.3471,154900000000.0,130099409807.5598,14.087249711243661,0.0,19001878109.799156,42.33830568001393,0.0,57108899210.10833,
opt_B5_3_2,B5,5 % biomass,5.0,1.35,3.2,min_surplus_loss,G6,electrofuel_use_growth_constraint,4,2050.0,-0.00019786058581613893,0.0,0.00019786058581613893,True,0.0003,False,0.1196806583447844,1e-10,-3.093631168224921,2.1454539303106683e-16,3.404352338409849e-16,0.6302091314416639,0.0,True,The KKT residual norm is smaller than the tolerance kkt_tol_abs or kkt_tol_rel. GEMSEO stopped the driver.,0.0,22,0.3362644919994513,False,21,1196806583.447844,-30936311682.249207,,,3.7453181345368614,,,,,,,,rate,805541254226.4224,154900000000.0,323728963407.6094,7.726317517416683,0.0,25932781264.714222,28.937517111170525,0.0,97126515949.71194,
opt_B5_3_4,B5,5 % biomass,5.0,1.35,3.4,min_surplus_loss,G1,aviation_carbon_budget_constraint,0,,3.4204001200562456e-05,0.0,3.4204001200562456e-05,True,0.01,False,60.696339487472024,1e-10,-7.480946052821301,1.5154773039150995e-16,2.3812591000148935e-16,0.6364184829385516,0.0,True,The KKT residual norm is smaller than the tolerance kkt_tol_abs or kkt_tol_rel. GEMSEO stopped the driver.,0.0,22,0.5821329928114262,False,22,606963394874.7202,-74809460528.21301,3.480998507224318,174.3647386274524,,,,,,,,,,,,,,,,,,,
opt_B5_3_4,B5,5 % biomass,5.0,1.35,3.4,min_surplus_loss,G2,blend_completeness_constraint,0,2030.0,-0.9171508292365301,0.0,0.9171508292365301,False,0.01,False,0.0,1e-10,-7.480946052821301,1.5154773039150995e-16,2.3812591000148935e-16,0.6364184829385516,0.0,True,The KKT residual norm is smaller than the tolerance kkt_tol_abs or kkt_tol_rel. GEMSEO stopped the driver.,0.0,22,0.5821329928114262,False,22,0.0,-74809460528.21301,,,1.552969421732896,,,,,,,,,,,,,,,,,,
opt_B5_3_4,B5,5 % biomass,5.0,1.35,3.4,min_surplus_loss,G2,blend_completeness_constraint,1,2035.0,-0.8336713274750861,0.0,0.8336713274750861,False,0.01,False,0.0,1e-10,-7.480946052821301,1.5154773039150995e-16,2.3812591000148935e-16,0.6364184829385516,0.0,True,The KKT residual norm is smaller than the tolerance kkt_tol_abs or kkt_tol_rel. GEMSEO stopped the driver.,0.0,22,0.5821329928114262,False,22,0.0,-74809460528.21301,,,1.9352824430911528,,,,,,,,,,,,,,,,,,
opt_B5_3_4,B5,5 % biomass,5.0,1.35,3.4,min_surplus_loss,G2,blend_completeness_constraint,2,2040.0,-0.7719433384683572,0.0,0.7719433384683572,False,0.01,False,0.0,1e-10,-7.480946052821301,1.5154773039150995e-16,2.3812591000148935e-16,0.6364184829385516,0.0,True,The KKT residual norm is smaller than the tolerance kkt_tol_abs or kkt_tol_rel. GEMSEO stopped the driver.,0.0,22,0.5821329928114262,False,22,0.0,-74809460528.21301,,,2.411714024837406,,,,,,,,,,,,,,,,,,
opt_B5_3_4,B5,5 % biomass,5.0,1.35,3.4,min_surplus_loss,G2,blend_completeness_constraint,3,2045.0,-0.7169849297000083,0.0,0.7169849297000083,False,0.01,False,0.0,1e-10,-7.480946052821301,1.5154773039150995e-16,2.3812591000148935e-16,0.6364184829385516,0.0,True,The KKT residual norm is smaller than the tolerance kkt_tol_abs or kkt_tol_rel. GEMSEO stopped the driver.,0.0,22,0.5821329928114262,False,22,0.0,-74809460528.21301,,,3.005434456537094,,,,,,,,,,,,,,,,,,
opt_B5_3_4,B5,5 % biomass,5.0,1.35,3.4,min_surplus_loss,G2,blend_completeness_constraint,4,2050.0,-0.5817866451546614,0.0,0.5817866451546614,False,0.01,False,0.0,1e-10,-7.480946052821301,1.5154773039150995e-16,2.3812591000148935e-16,0.6364184829385516,0.0,True,The KKT residual norm is smaller than the tolerance kkt_tol_abs or kkt_tol_rel. GEMSEO stopped the driver.,0.0,22,0.5821329928114262,False,22,0.0,-74809460528.21301,,,3.7453181345368614,,,,,,,,,,,,,,,,,,
opt_B5_3_4,B5,5 % biomass,5.0,1.35,3.4,min_surplus_loss,G3,biomass_trajectory_constraint,0,2030.0,-0.42121843105817314,0.0,0.42121843105817314,False,0.01,False,0.0,1e-10,-7.480946052821301,1.5154773039150995e-16,2.3812591000148935e-16,0.6364184829385516,0.0,True,The KKT residual norm is smaller than the tolerance kkt_tol_abs or kkt_tol_rel. GEMSEO stopped the driver.,0.0,22,0.5821329928114262,False,22,0.0,-74809460528.21301,,,1.552969421732896,,558414500000.0001,0.5584145000000001,0.0,0.0,0.0,0.0,,,,,,,,,,,
opt_B5_3_4,B5,5 % biomass,5.0,1.35,3.4,min_surplus_loss,G3,biomass_trajectory_constraint,1,2035.0,-4.121147867408581e-15,0.0,4.121147867408581e-15,True,0.01,False,0.44555562596453335,1e-10,-7.480946052821301,1.5154773039150995e-16,2.3812591000148935e-16,0.6364184829385516,0.0,True,The KKT residual norm is smaller than the tolerance kkt_tol_abs or kkt_tol_rel. GEMSEO stopped the driver.,0.0,22,0.5821329928114262,False,22,4455556259.645333,-74809460528.21301,,,1.9352824430911528,,657937750000.0001,0.6579377500000001,6.772002761120383,6772002761.120383,13.105738048161088,13105738048.161087,,,,,,,,,,,
opt_B5_3_4,B5,5 % biomass,5.0,1.35,3.4,min_surplus_loss,G3,biomass_trajectory_constraint,2,2040.0,5.373545994302731e-07,0.0,5.373545994302731e-07,True,0.01,False,0.8616089914510365,1e-10,-7.480946052821301,1.5154773039150995e-16,2.3812591000148935e-16,0.6364184829385516,0.0,True,The KKT residual norm is smaller than the tolerance kkt_tol_abs or kkt_tol_rel. GEMSEO stopped the driver.,0.0,22,0.5821329928114262,False,22,8616089914.510365,-74809460528.21301,,,2.411714024837406,,757461000000.0,0.757461,11.37496176636205,11374961766.36205,27.433154823924628,27433154823.924625,,,,,,,,,,,
opt_B5_3_4,B5,5 % biomass,5.0,1.35,3.4,min_surplus_loss,G3,biomass_trajectory_constraint,3,2045.0,2.6358655702551914e-06,0.0,2.6358655702551914e-06,True,0.01,False,1.1621348540658107,1e-10,-7.480946052821301,1.5154773039150995e-16,2.3812591000148935e-16,0.6364184829385516,0.0,True,The KKT residual norm is smaller than the tolerance kkt_tol_abs or kkt_tol_rel. GEMSEO stopped the driver.,0.0,22,0.5821329928114262,False,22,11621348540.658108,-74809460528.21301,,,3.005434456537094,,772951000000.0,0.772951,15.035039143048015,15035039143.048016,45.18682469590045,45186824695.90045,,,,,,,,,,,
opt_B5_3_4,B5,5 % biomass,5.0,1.35,3.4,min_surplus_loss,G3,biomass_trajectory_constraint,4,2050.0,1.1082282605201498e-05,0.0,1.1082282605201498e-05,True,0.01,False,0.8174918359790897,1e-10,-7.480946052821301,1.5154773039150995e-16,2.3812591000148935e-16,0.6364184829385516,0.0,True,The KKT residual norm is smaller than the tolerance kkt_tol_abs or kkt_tol_rel. GEMSEO stopped the driver.,0.0,22,0.5821329928114262,False,22,8174918359.790896,-74809460528.21301,,,3.7453181345368614,,788441000000.0001,0.7884410000000002,10.368459224965337,10368459224.965336,38.833178362468686,38833178362.46868,,,,,,,,,,,
opt_B5_3_4,B5,5 % biomass,5.0,1.35,3.4,min_surplus_loss,G4,electricity_trajectory_constraint,0,2030.0,-0.9999999601421687,0.0,0.9999999601421687,False,0.01,False,0.0,1e-10,-7.480946052821301,1.5154773039150995e-16,2.3812591000148935e-16,0.6364184829385516,0.0,True,The KKT residual norm is smaller than the tolerance kkt_tol_abs or kkt_tol_rel. GEMSEO stopped the driver.,0.0,22,0.5821329928114262,False,22,0.0,-74809460528.21301,,,1.552969421732896,,1065287574000.0001,1.065287574,0.0,0.0,0.0,0.0,,,,,,,,,,,
opt_B5_3_4,B5,5 % biomass,5.0,1.35,3.4,min_surplus_loss,G4,electricity_trajectory_constraint,1,2035.0,-0.9999999682657772,0.0,0.9999999682657772,False,0.01,False,0.0,1e-10,-7.480946052821301,1.5154773039150995e-16,2.3812591000148935e-16,0.6364184829385516,0.0,True,The KKT residual norm is smaller than the tolerance kkt_tol_abs or kkt_tol_rel. GEMSEO stopped the driver.,0.0,22,0.5821329928114262,False,22,0.0,-74809460528.21301,,,1.9352824430911528,,1356710238000.0002,1.3567102380000002,0.0,0.0,0.0,0.0,,,,,,,,,,,
opt_B5_3_4,B5,5 % biomass,5.0,1.35,3.4,min_surplus_loss,G4,electricity_trajectory_constraint,2,2040.0,-0.905120004779206,0.0,0.905120004779206,False,0.01,False,0.0,1e-10,-7.480946052821301,1.5154773039150995e-16,2.3812591000148935e-16,0.6364184829385516,0.0,True,The KKT residual norm is smaller than the tolerance kkt_tol_abs or kkt_tol_rel. GEMSEO stopped the driver.,0.0,22,0.5821329928114262,False,22,0.0,-74809460528.21301,,,2.411714024837406,,1648132902000.0002,1.6481329020000002,0.0,0.0,0.0,0.0,,,,,,,,,,,
opt_B5_3_4,B5,5 % biomass,5.0,1.35,3.4,min_surplus_loss,G4,electricity_trajectory_constraint,3,2045.0,-0.7947498756824473,0.0,0.7947498756824473,False,0.01,False,0.0,1e-10,-7.480946052821301,1.5154773039150995e-16,2.3812591000148935e-16,0.6364184829385516,0.0,True,The KKT residual norm is smaller than the tolerance kkt_tol_abs or kkt_tol_rel. GEMSEO stopped the driver.,0.0,22,0.5821329928114262,False,22,0.0,-74809460528.21301,,,3.005434456537094,,1895265009000.0002,1.8952650090000003,0.0,0.0,0.0,0.0,,,,,,,,,,,
opt_B5_3_4,B5,5 % biomass,5.0,1.35,3.4,min_surplus_loss,G4,electricity_trajectory_constraint,4,2050.0,-0.5483889940628544,0.0,0.5483889940628544,False,0.01,False,0.0,1e-10,-7.480946052821301,1.5154773039150995e-16,2.3812591000148935e-16,0.6364184829385516,0.0,True,The KKT residual norm is smaller than the tolerance kkt_tol_abs or kkt_tol_rel. GEMSEO stopped the driver.,0.0,22,0.5821329928114262,False,22,0.0,-74809460528.21301,,,3.7453181345368614,,2142397116000.0002,2.142397116,0.0,0.0,0.0,0.0,,,,,,,,,,,
opt_B5_3_4,B5,5 % biomass,5.0,1.35,3.4,min_surplus_loss,G5,biofuel_use_growth_constraint,0,2030.0,-0.008481194459041549,0.0,0.008481194459041549,True,0.01,False,0.028825559889645358,1e-10,-7.480946052821301,1.5154773039150995e-16,2.3812591000148935e-16,0.6364184829385516,0.0,True,The KKT residual norm is smaller than the tolerance kkt_tol_abs or kkt_tol_rel. GEMSEO stopped the driver.,0.0,22,0.5821329928114262,False,22,288255598.89645356,-74809460528.21301,,,1.552969421732896,,,,,,,,volume,89799803521.1529,154900000000.0,36088527006.63617,1.8609141310293966,9304570655.146982,0.0,2.8899427419592967,14449713709.796482,0.0,
opt_B5_3_4,B5,5 % biomass,5.0,1.35,3.4,min_surplus_loss,G5,biofuel_use_growth_constraint,1,2035.0,-0.4487828725822793,0.0,0.4487828725822793,False,0.01,False,0.0,1e-10,-7.480946052821301,1.5154773039150995e-16,2.3812591000148935e-16,0.6364184829385516,0.0,True,The KKT residual norm is smaller than the tolerance kkt_tol_abs or kkt_tol_rel. GEMSEO stopped the driver.,0.0,22,0.5821329928114262,False,22,0.0,-74809460528.21301,,,1.9352824430911528,,,,,,,,rate,385440748996.49426,154900000000.0,154899992362.9173,0.0,0.0,0.0,0.0,0.0,0.0,
opt_B5_3_4,B5,5 % biomass,5.0,1.35,3.4,min_surplus_loss,G5,biofuel_use_growth_constraint,2,2040.0,-2.698754046888026,0.0,2.698754046888026,False,0.01,False,0.0,1e-10,-7.480946052821301,1.5154773039150995e-16,2.3812591000148935e-16,0.6364184829385516,0.0,True,The KKT residual norm is smaller than the tolerance kkt_tol_abs or kkt_tol_rel. GEMSEO stopped the driver.,0.0,22,0.5821329928114262,False,22,0.0,-74809460528.21301,,,2.411714024837406,,,,,,,,rate,777986443389.654,154900000000.0,312655302931.15607,0.0,0.0,0.0,0.0,0.0,0.0,
opt_B5_3_4,B5,5 % biomass,5.0,1.35,3.4,min_surplus_loss,G5,biofuel_use_growth_constraint,3,2045.0,-3.41096354250774,0.0,3.41096354250774,False,0.01,False,0.0,1e-10,-7.480946052821301,1.5154773039150995e-16,2.3812591000148935e-16,0.6364184829385516,0.0,True,The KKT residual norm is smaller than the tolerance kkt_tol_abs or kkt_tol_rel. GEMSEO stopped the driver.,0.0,22,0.5821329928114262,False,22,0.0,-74809460528.21301,,,3.005434456537094,,,,,,,,rate,895668913053.0535,154900000000.0,359949248108.38385,0.0,0.0,0.0,0.0,0.0,0.0,
opt_B5_3_4,B5,5 % biomass,5.0,1.35,3.4,min_surplus_loss,G5,biofuel_use_growth_constraint,4,2050.0,-3.481681142179498,0.0,3.481681142179498,False,0.01,False,0.0,1e-10,-7.480946052821301,1.5154773039150995e-16,2.3812591000148935e-16,0.6364184829385516,0.0,True,The KKT residual norm is smaller than the tolerance kkt_tol_abs or kkt_tol_rel. GEMSEO stopped the driver.,0.0,22,0.5821329928114262,False,22,0.0,-74809460528.21301,,,3.7453181345368614,,,,,,,,rate,913985250765.984,154900000000.0,367310173436.6899,0.0,0.0,0.0,0.0,0.0,0.0,
opt_B5_3_4,B5,5 % biomass,5.0,1.35,3.4,min_surplus_loss,G6,electrofuel_use_growth_constraint,0,2030.0,-0.999999880322408,0.0,0.999999880322408,False,0.01,False,0.0,1e-10,-7.480946052821301,1.5154773039150995e-16,2.3812591000148935e-16,0.6364184829385516,0.0,True,The KKT residual norm is smaller than the tolerance kkt_tol_abs or kkt_tol_rel. GEMSEO stopped the driver.,0.0,22,0.5821329928114262,False,22,0.0,-74809460528.21301,,,1.552969421732896,,,,,,,,volume,0.0,154900000000.0,0.0,0.0,0.0,0.0,0.0,0.0,0.0,
opt_B5_3_4,B5,5 % biomass,5.0,1.35,3.4,min_surplus_loss,G6,electrofuel_use_growth_constraint,1,2035.0,-0.9999998786479029,0.0,0.9999998786479029,False,0.01,False,0.0,1e-10,-7.480946052821301,1.5154773039150995e-16,2.3812591000148935e-16,0.6364184829385516,0.0,True,The KKT residual norm is smaller than the tolerance kkt_tol_abs or kkt_tol_rel. GEMSEO stopped the driver.,0.0,22,0.5821329928114262,False,22,0.0,-74809460528.21301,,,1.9352824430911528,,,,,,,,volume,46122.190044983865,154900000000.0,18535.473751359903,0.0,0.0,0.0,0.0,0.0,0.0,
opt_B5_3_4,B5,5 % biomass,5.0,1.35,3.4,min_surplus_loss,G6,electrofuel_use_growth_constraint,2,2040.0,-0.5592430178719214,0.0,0.5592430178719214,False,0.01,False,0.0,1e-10,-7.480946052821301,1.5154773039150995e-16,2.3812591000148935e-16,0.6364184829385516,0.0,True,The KKT residual norm is smaller than the tolerance kkt_tol_abs or kkt_tol_rel. GEMSEO stopped the driver.,0.0,22,0.5821329928114262,False,22,0.0,-74809460528.21301,,,2.411714024837406,,,,,,,,volume,46774.09380816219,154900000000.0,18797.459252894405,0.0,0.0,0.0,0.0,0.0,0.0,
opt_B5_3_4,B5,5 % biomass,5.0,1.35,3.4,min_surplus_loss,G6,electrofuel_use_growth_constraint,3,2045.0,-0.0003023442285646817,0.0,0.0003023442285646817,True,0.01,False,0.2275072604616331,1e-10,-7.480946052821301,1.5154773039150995e-16,2.3812591000148935e-16,0.6364184829385516,0.0,True,The KKT residual norm is smaller than the tolerance kkt_tol_abs or kkt_tol_rel. GEMSEO stopped the driver.,0.0,22,0.5821329928114262,False,22,2275072604.616331,-74809460528.21301,,,3.005434456537094,,,,,,,,rate,169531677157.89658,154900000000.0,68130978796.094,14.687363490098974,0.0,10374889022.933905,44.14190830882837,0.0,31181048952.27402,
opt_B5_3_4,B5,5 % biomass,5.0,1.35,3.4,min_surplus_loss,G6,electrofuel_use_growth_constraint,4,2050.0,-0.0012254413416004119,0.0,0.0012254413416004119,True,0.01,False,0.12495647286938479,1e-10,-7.480946052821301,1.5154773039150995e-16,2.3812591000148935e-16,0.6364184829385516,0.0,True,The KKT residual norm is smaller than the tolerance kkt_tol_abs or kkt_tol_rel. GEMSEO stopped the driver.,0.0,22,0.5821329928114262,False,22,1249564728.693848,-74809460528.21301,,,3.7453181345368614,,,,,,,,rate,421849061494.3029,154900000000.0,169531676590.7532,8.06691238666138,0.0,14179247581.124464,30.2131532514829,0.0,53105793099.67338,
opt_B5_3_6,B5,5 % biomass,5.0,1.35,3.6,min_surplus_loss,G1,aviation_carbon_budget_constraint,0,,1.2026081130878219e-06,0.0,1.2026081130878219e-06,True,0.0001,True,55.4044577580755,1e-10,-11.82780436381301,2.807466526497647e-16,4.3552811773182353e-16,0.644612003725175,0.0,True,The KKT residual norm is smaller than the tolerance kkt_tol_abs or kkt_tol_rel. GEMSEO stopped the driver.,0.0,26,0.7348267741756506,False,24,554044577580.755,-118278043638.1301,3.7285873434363737,148.59369690133946,,,,,,,,,,,,,,,,,,,
opt_B5_3_6,B5,5 % biomass,5.0,1.35,3.6,min_surplus_loss,G2,blend_completeness_constraint,0,2030.0,-0.937930413586609,0.0,0.937930413586609,False,0.0001,True,0.0,1e-10,-11.82780436381301,2.807466526497647e-16,4.3552811773182353e-16,0.644612003725175,0.0,True,The KKT residual norm is smaller than the tolerance kkt_tol_abs or kkt_tol_rel. GEMSEO stopped the driver.,0.0,26,0.7348267741756506,False,24,0.0,-118278043638.1301,,,1.552969421732896,,,,,,,,,,,,,,,,,,
opt_B5_3_6,B5,5 % biomass,5.0,1.35,3.6,min_surplus_loss,G2,blend_completeness_constraint,1,2035.0,-0.847436248734114,0.0,0.847436248734114,False,0.0001,True,0.0,1e-10,-11.82780436381301,2.807466526497647e-16,4.3552811773182353e-16,0.644612003725175,0.0,True,The KKT residual norm is smaller than the tolerance kkt_tol_abs or kkt_tol_rel. GEMSEO stopped the driver.,0.0,26,0.7348267741756506,False,24,0.0,-118278043638.1301,,,1.9352824430911528,,,,,,,,,,,,,,,,,,
opt_B5_3_6,B5,5 % biomass,5.0,1.35,3.6,min_surplus_loss,G2,blend_completeness_constraint,2,2040.0,-0.8113946773741496,0.0,0.8113946773741496,False,0.0001,True,0.0,1e-10,-11.82780436381301,2.807466526497647e-16,4.3552811773182353e-16,0.644612003725175,0.0,True,The KKT residual norm is smaller than the tolerance kkt_tol_abs or kkt_tol_rel. GEMSEO stopped the driver.,0.0,26,0.7348267741756506,False,24,0.0,-118278043638.1301,,,2.411714024837406,,,,,,,,,,,,,,,,,,
opt_B5_3_6,B5,5 % biomass,5.0,1.35,3.6,min_surplus_loss,G2,blend_completeness_constraint,3,2045.0,-0.8131447184179055,0.0,0.8131447184179055,False,0.0001,True,0.0,1e-10,-11.82780436381301,2.807466526497647e-16,4.3552811773182353e-16,0.644612003725175,0.0,True,The KKT residual norm is smaller than the tolerance kkt_tol_abs or kkt_tol_rel. GEMSEO stopped the driver.,0.0,26,0.7348267741756506,False,24,0.0,-118278043638.1301,,,3.005434456537094,,,,,,,,,,,,,,,,,,
opt_B5_3_6,B5,5 % biomass,5.0,1.35,3.6,min_surplus_loss,G2,blend_completeness_constraint,4,2050.0,-0.7348267841756504,0.0,0.7348267841756504,False,0.0001,True,0.0,1e-10,-11.82780436381301,2.807466526497647e-16,4.3552811773182353e-16,0.644612003725175,0.0,True,The KKT residual norm is smaller than the tolerance kkt_tol_abs or kkt_tol_rel. GEMSEO stopped the driver.,0.0,26,0.7348267741756506,False,24,0.0,-118278043638.1301,,,3.7453181345368614,,,,,,,,,,,,,,,,,,
opt_B5_3_6,B5,5 % biomass,5.0,1.35,3.6,min_surplus_loss,G3,biomass_trajectory_constraint,0,2030.0,-0.5646209557114855,0.0,0.5646209557114855,False,0.0001,True,0.0,1e-10,-11.82780436381301,2.807466526497647e-16,4.3552811773182353e-16,0.644612003725175,0.0,True,The KKT residual norm is smaller than the tolerance kkt_tol_abs or kkt_tol_rel. GEMSEO stopped the driver.,0.0,26,0.7348267741756506,False,24,0.0,-118278043638.1301,,,1.552969421732896,,558414500000.0001,0.5584145000000001,0.0,0.0,0.0,0.0,,,,,,,,,,,
opt_B5_3_6,B5,5 % biomass,5.0,1.35,3.6,min_surplus_loss,G3,biomass_trajectory_constraint,1,2035.0,-0.08052232294965819,0.0,0.08052232294965819,False,0.0001,True,0.0,1e-10,-11.82780436381301,2.807466526497647e-16,4.3552811773182353e-16,0.644612003725175,0.0,True,The KKT residual norm is smaller than the tolerance kkt_tol_abs or kkt_tol_rel. GEMSEO stopped the driver.,0.0,26,0.7348267741756506,False,24,0.0,-118278043638.1301,,,1.9352824430911528,,657937750000.0001,0.6579377500000001,0.0,0.0,0.0,0.0,,,,,,,,,,,
opt_B5_3_6,B5,5 % biomass,5.0,1.35,3.6,min_surplus_loss,G3,biomass_trajectory_constraint,2,2040.0,-1.4921397450962105e-14,0.0,1.4921397450962105e-14,True,0.0001,True,0.5015659445017098,1e-10,-11.82780436381301,2.807466526497647e-16,4.3552811773182353e-16,0.644612003725175,0.0,True,The KKT residual norm is smaller than the tolerance kkt_tol_abs or kkt_tol_rel. GEMSEO stopped the driver.,0.0,26,0.7348267741756506,False,24,5015659445.017097,-118278043638.1301,,,2.411714024837406,,757461000000.0,0.757461,6.621673518527155,6621673518.527155,15.969582892526391,15969582892.526392,,,,,,,,,,,
opt_B5_3_6,B5,5 % biomass,5.0,1.35,3.6,min_surplus_loss,G3,biomass_trajectory_constraint,3,2045.0,2.040777130218885e-07,0.0,2.040777130218885e-07,True,0.0001,True,0.8149083384577183,1e-10,-11.82780436381301,2.807466526497647e-16,4.3552811773182353e-16,0.644612003725175,0.0,True,The KKT residual norm is smaller than the tolerance kkt_tol_abs or kkt_tol_rel. GEMSEO stopped the driver.,0.0,26,0.7348267741756506,False,24,8149083384.577183,-118278043638.1301,,,3.005434456537094,,772951000000.0,0.772951,10.542820158816255,10542820158.816256,31.685754974380252,31685754974.380253,,,,,,,,,,,
opt_B5_3_6,B5,5 % biomass,5.0,1.35,3.6,min_surplus_loss,G3,biomass_trajectory_constraint,4,2050.0,-1.4210854715202004e-16,0.0,1.4210854715202004e-16,True,0.0001,True,0.6061454092991573,1e-10,-11.82780436381301,2.807466526497647e-16,4.3552811773182353e-16,0.644612003725175,0.0,True,The KKT residual norm is smaller than the tolerance kkt_tol_abs or kkt_tol_rel. GEMSEO stopped the driver.,0.0,26,0.7348267741756506,False,24,6061454092.991572,-118278043638.1301,,,3.7453181345368614,,788441000000.0001,0.7884410000000002,7.687898134409007,7687898134.409007,28.79362429927416,28793624299.27416,,,,,,,,,,,
opt_B5_3_6,B5,5 % biomass,5.0,1.35,3.6,min_surplus_loss,G4,electricity_trajectory_constraint,0,2030.0,-0.9999999599801103,0.0,0.9999999599801103,False,0.0001,True,0.0,1e-10,-11.82780436381301,2.807466526497647e-16,4.3552811773182353e-16,0.644612003725175,0.0,True,The KKT residual norm is smaller than the tolerance kkt_tol_abs or kkt_tol_rel. GEMSEO stopped the driver.,0.0,26,0.7348267741756506,False,24,0.0,-118278043638.1301,,,1.552969421732896,,1065287574000.0001,1.065287574,0.0,0.0,0.0,0.0,,,,,,,,,,,
opt_B5_3_6,B5,5 % biomass,5.0,1.35,3.6,min_surplus_loss,G4,electricity_trajectory_constraint,1,2035.0,-0.9999999681884446,0.0,0.9999999681884446,False,0.0001,True,0.0,1e-10,-11.82780436381301,2.807466526497647e-16,4.3552811773182353e-16,0.644612003725175,0.0,True,The KKT residual norm is smaller than the tolerance kkt_tol_abs or kkt_tol_rel. GEMSEO stopped the driver.,0.0,26,0.7348267741756506,False,24,0.0,-118278043638.1301,,,1.9352824430911528,,1356710238000.0002,1.3567102380000002,0.0,0.0,0.0,0.0,,,,,,,,,,,
opt_B5_3_6,B5,5 % biomass,5.0,1.35,3.6,min_surplus_loss,G4,electricity_trajectory_constraint,2,2040.0,-0.9999999734776837,0.0,0.9999999734776837,False,0.0001,True,0.0,1e-10,-11.82780436381301,2.807466526497647e-16,4.3552811773182353e-16,0.644612003725175,0.0,True,The KKT residual norm is smaller than the tolerance kkt_tol_abs or kkt_tol_rel. GEMSEO stopped the driver.,0.0,26,0.7348267741756506,False,24,0.0,-118278043638.1301,,,2.411714024837406,,1648132902000.0002,1.6481329020000002,0.0,0.0,0.0,0.0,,,,,,,,,,,
opt_B5_3_6,B5,5 % biomass,5.0,1.35,3.6,min_surplus_loss,G4,electricity_trajectory_constraint,3,2045.0,-0.9999999762439498,0.0,0.9999999762439498,False,0.0001,True,0.0,1e-10,-11.82780436381301,2.807466526497647e-16,4.3552811773182353e-16,0.644612003725175,0.0,True,The KKT residual norm is smaller than the tolerance kkt_tol_abs or kkt_tol_rel. GEMSEO stopped the driver.,0.0,26,0.7348267741756506,False,24,0.0,-118278043638.1301,,,3.005434456537094,,1895265009000.0002,1.8952650090000003,0.0,0.0,0.0,0.0,,,,,,,,,,,
opt_B5_3_6,B5,5 % biomass,5.0,1.35,3.6,min_surplus_loss,G4,electricity_trajectory_constraint,4,2050.0,-0.8343971877334947,0.0,0.8343971877334947,False,0.0001,True,0.0,1e-10,-11.82780436381301,2.807466526497647e-16,4.3552811773182353e-16,0.644612003725175,0.0,True,The KKT residual norm is smaller than the tolerance kkt_tol_abs or kkt_tol_rel. GEMSEO stopped the driver.,0.0,26,0.7348267741756506,False,24,0.0,-118278043638.1301,,,3.7453181345368614,,2142397116000.0002,2.142397116,0.0,0.0,0.0,0.0,,,,,,,,,,,
opt_B5_3_6,B5,5 % biomass,5.0,1.35,3.6,min_surplus_loss,G5,biofuel_use_growth_constraint,0,2030.0,-0.25414606629658915,0.0,0.25414606629658915,False,0.0001,True,0.0,1e-10,-11.82780436381301,2.807466526497647e-16,4.3552811773182353e-16,0.644612003725175,0.0,True,The KKT residual norm is smaller than the tolerance kkt_tol_abs or kkt_tol_rel. GEMSEO stopped the driver.,0.0,26,0.7348267741756506,False,24,0.0,-118278043638.1301,,,1.552969421732896,,,,,,,,volume,89799803521.1529,154900000000.0,36088527006.63617,0.0,0.0,0.0,0.0,0.0,0.0,
opt_B5_3_6,B5,5 % biomass,5.0,1.35,3.6,min_surplus_loss,G5,biofuel_use_growth_constraint,1,2035.0,-1.8988808247792176e-05,0.0,1.8988808247792176e-05,True,0.0001,True,0.05567393336483559,1e-10,-11.82780436381301,2.807466526497647e-16,4.3552811773182353e-16,0.644612003725175,0.0,True,The KKT residual norm is smaller than the tolerance kkt_tol_abs or kkt_tol_rel. GEMSEO stopped the driver.,0.0,26,0.7348267741756506,False,24,556739333.6483558,-118278043638.1301,,,1.9352824430911528,,,,,,,,rate,287482513022.4637,154900000000.0,115532774330.65834,3.5941854980526524,0.0,4305272830.204467,6.955764091594129,0.0,8331918921.012062,
opt_B5_3_6,B5,5 % biomass,5.0,1.35,3.6,min_surplus_loss,G5,biofuel_use_growth_constraint,2,2040.0,-2.2943313081810577,0.0,2.2943313081810577,False,0.0001,True,0.0,1e-10,-11.82780436381301,2.807466526497647e-16,4.3552811773182353e-16,0.644612003725175,0.0,True,The KKT residual norm is smaller than the tolerance kkt_tol_abs or kkt_tol_rel. GEMSEO stopped the driver.,0.0,26,0.7348267741756506,False,24,0.0,-118278043638.1301,,,2.411714024837406,,,,,,,,rate,715341167743.2223,154900000000.0,287479571656.0661,0.0,0.0,0.0,0.0,0.0,0.0,
opt_B5_3_6,B5,5 % biomass,5.0,1.35,3.6,min_surplus_loss,G5,biofuel_use_growth_constraint,3,2045.0,-3.4109662018174642,0.0,3.4109662018174642,False,0.0001,True,0.0,1e-10,-11.82780436381301,2.807466526497647e-16,4.3552811773182353e-16,0.644612003725175,0.0,True,The KKT residual norm is smaller than the tolerance kkt_tol_abs or kkt_tol_rel. GEMSEO stopped the driver.,0.0,26,0.7348267741756506,False,24,0.0,-118278043638.1301,,,3.005434456537094,,,,,,,,rate,895668913047.0631,154900000000.0,359949248105.97644,0.0,0.0,0.0,0.0,0.0,0.0,
opt_B5_3_6,B5,5 % biomass,5.0,1.35,3.6,min_surplus_loss,G5,biofuel_use_growth_constraint,4,2050.0,-3.4816935992176994,0.0,3.4816935992176994,False,0.0001,True,0.0,1e-10,-11.82780436381301,2.807466526497647e-16,4.3552811773182353e-16,0.644612003725175,0.0,True,The KKT residual norm is smaller than the tolerance kkt_tol_abs or kkt_tol_rel. GEMSEO stopped the driver.,0.0,26,0.7348267741756506,False,24,0.0,-118278043638.1301,,,3.7453181345368614,,,,,,,,rate,913985437262.7014,154900000000.0,367310248385.5379,0.0,0.0,0.0,0.0,0.0,0.0,
opt_B5_3_6,B5,5 % biomass,5.0,1.35,3.6,min_surplus_loss,G6,electrofuel_use_growth_constraint,0,2030.0,-0.9999998798358093,0.0,0.9999998798358093,False,0.0001,True,0.0,1e-10,-11.82780436381301,2.807466526497647e-16,4.3552811773182353e-16,0.644612003725175,0.0,True,The KKT residual norm is smaller than the tolerance kkt_tol_abs or kkt_tol_rel. GEMSEO stopped the driver.,0.0,26,0.7348267741756506,False,24,0.0,-118278043638.1301,,,1.552969421732896,,,,,,,,volume,0.0,154900000000.0,0.0,0.0,0.0,0.0,0.0,0.0,0.0,
opt_B5_3_6,B5,5 % biomass,5.0,1.35,3.6,min_surplus_loss,G6,electrofuel_use_growth_constraint,1,2035.0,-0.999999878352182,0.0,0.999999878352182,False,0.0001,True,0.0,1e-10,-11.82780436381301,2.807466526497647e-16,4.3552811773182353e-16,0.644612003725175,0.0,True,The KKT residual norm is smaller than the tolerance kkt_tol_abs or kkt_tol_rel. GEMSEO stopped the driver.,0.0,26,0.7348267741756506,False,24,0.0,-118278043638.1301,,,1.9352824430911528,,,,,,,,volume,46316.17791374111,154900000000.0,18613.433125056712,0.0,0.0,0.0,0.0,0.0,0.0,
opt_B5_3_6,B5,5 % biomass,5.0,1.35,3.6,min_surplus_loss,G6,electrofuel_use_growth_constraint,2,2040.0,-0.9999998767928262,0.0,0.9999998767928262,False,0.0001,True,0.0,1e-10,-11.82780436381301,2.807466526497647e-16,4.3552811773182353e-16,0.644612003725175,0.0,True,The KKT residual norm is smaller than the tolerance kkt_tol_abs or kkt_tol_rel. GEMSEO stopped the driver.,0.0,26,0.7348267741756506,False,24,0.0,-118278043638.1301,,,2.411714024837406,,,,,,,,volume,46888.028435435815,154900000000.0,18843.247024271728,0.0,0.0,0.0,0.0,0.0,0.0,
opt_B5_3_6,B5,5 % biomass,5.0,1.35,3.6,min_surplus_loss,G6,electrofuel_use_growth_constraint,3,2045.0,-0.9999998730956535,0.0,0.9999998730956535,False,0.0001,True,0.0,1e-10,-11.82780436381301,2.807466526497647e-16,4.3552811773182353e-16,0.644612003725175,0.0,True,The KKT residual norm is smaller than the tolerance kkt_tol_abs or kkt_tol_rel. GEMSEO stopped the driver.,0.0,26,0.7348267741756506,False,24,0.0,-118278043638.1301,,,3.005434456537094,,,,,,,,volume,47489.06772134126,154900000000.0,19084.791233177915,0.0,0.0,0.0,0.0,0.0,0.0,
opt_B5_3_6,B5,5 % biomass,5.0,1.35,3.6,min_surplus_loss,G6,electrofuel_use_growth_constraint,4,2050.0,-5.5558147393479665e-14,0.0,5.5558147393479665e-14,True,0.0001,True,0.01593907584291756,1e-10,-11.82780436381301,2.807466526497647e-16,4.3552811773182353e-16,0.644612003725175,0.0,True,The KKT residual norm is smaller than the tolerance kkt_tol_abs or kkt_tol_rel. GEMSEO stopped the driver.,0.0,26,0.7348267741756506,False,24,159390758.4291756,-118278043638.1301,,,3.7453181345368614,,,,,,,,volume,48914.10880405626,154900000000.0,19657.48328352313,1.0289913391166918,5144956695.583459,0.0,3.853899922675115,19269499613.375576,0.0,
opt_B5_3_8,B5,5 % biomass,5.0,1.35,3.8,min_surplus_loss,G1,aviation_carbon_budget_constraint,0,,1.4789505929782103e-06,0.0,1.4789505929782103e-06,True,0.0001,True,48.104490828751324,1e-10,-15.21914969887559,4.970883340663733e-16,7.59059660646128e-16,0.6548738654393003,0.0,True,The KKT residual norm is smaller than the tolerance kkt_tol_abs or kkt_tol_rel. GEMSEO stopped the driver.,0.0,36,0.8131523757278001,False,35,481044908287.51324,-152191496988.7559,3.9761761796484274,120.98178917465552,,,,,,,,,,,,,,,,,,,
opt_B5_3_8,B5,5 % biomass,5.0,1.35,3.8,min_surplus_loss,G2,blend_completeness_constraint,0,2030.0,-0.9799999899995181,0.0,0.9799999899995181,False,0.0001,True,0.0,1e-10,-15.21914969887559,4.970883340663733e-16,7.59059660646128e-16,0.6548738654393003,0.0,True,The KKT residual norm is smaller than the tolerance kkt_tol_abs or kkt_tol_rel. GEMSEO stopped the driver.,0.0,36,0.8131523757278001,False,35,0.0,-152191496988.7559,,,1.552969421732896,,,,,,,,,,,,,,,,,,
opt_B5_3_8,B5,5 % biomass,5.0,1.35,3.8,min_surplus_loss,G2,blend_completeness_constraint,1,2035.0,-0.9616737727386315,0.0,0.9616737727386315,False,0.0001,True,0.0,1e-10,-15.21914969887559,4.970883340663733e-16,7.59059660646128e-16,0.6548738654393003,0.0,True,The KKT residual norm is smaller than the tolerance kkt_tol_abs or kkt_tol_rel. GEMSEO stopped the driver.,0.0,36,0.8131523757278001,False,35,0.0,-152191496988.7559,,,1.9352824430911528,,,,,,,,,,,,,,,,,,
opt_B5_3_8,B5,5 % biomass,5.0,1.35,3.8,min_surplus_loss,G2,blend_completeness_constraint,2,2040.0,-0.9053472582120924,0.0,0.9053472582120924,False,0.0001,True,0.0,1e-10,-15.21914969887559,4.970883340663733e-16,7.59059660646128e-16,0.6548738654393003,0.0,True,The KKT residual norm is smaller than the tolerance kkt_tol_abs or kkt_tol_rel. GEMSEO stopped the driver.,0.0,36,0.8131523757278001,False,35,0.0,-152191496988.7559,,,2.411714024837406,,,,,,,,,,,,,,,,,,
opt_B5_3_8,B5,5 % biomass,5.0,1.35,3.8,min_surplus_loss,G2,blend_completeness_constraint,3,2045.0,-0.8131523757278002,0.0,0.8131523757278002,False,0.0001,True,0.0,1e-10,-15.21914969887559,4.970883340663733e-16,7.59059660646128e-16,0.6548738654393003,0.0,True,The KKT residual norm is smaller than the tolerance kkt_tol_abs or kkt_tol_rel. GEMSEO stopped the driver.,0.0,36,0.8131523757278001,False,35,0.0,-152191496988.7559,,,3.005434456537094,,,,,,,,,,,,,,,,,,
opt_B5_3_8,B5,5 % biomass,5.0,1.35,3.8,min_surplus_loss,G2,blend_completeness_constraint,4,2050.0,-0.8172689960080521,0.0,0.8172689960080521,False,0.0001,True,0.0,1e-10,-15.21914969887559,4.970883340663733e-16,7.59059660646128e-16,0.6548738654393003,0.0,True,The KKT residual norm is smaller than the tolerance kkt_tol_abs or kkt_tol_rel. GEMSEO stopped the driver.,0.0,36,0.8131523757278001,False,35,0.0,-152191496988.7559,,,3.7453181345368614,,,,,,,,,,,,,,,,,,
opt_B5_3_8,B5,5 % biomass,5.0,1.35,3.8,min_surplus_loss,G3,biomass_trajectory_constraint,0,2030.0,-0.858546312895917,0.0,0.858546312895917,False,0.0001,True,0.0,1e-10,-15.21914969887559,4.970883340663733e-16,7.59059660646128e-16,0.6548738654393003,0.0,True,The KKT residual norm is smaller than the tolerance kkt_tol_abs or kkt_tol_rel. GEMSEO stopped the driver.,0.0,36,0.8131523757278001,False,35,0.0,-152191496988.7559,,,1.552969421732896,,558414500000.0001,0.5584145000000001,0.0,0.0,0.0,0.0,,,,,,,,,,,
opt_B5_3_8,B5,5 % biomass,5.0,1.35,3.8,min_surplus_loss,G3,biomass_trajectory_constraint,1,2035.0,-0.7642316799368313,0.0,0.7642316799368313,False,0.0001,True,0.0,1e-10,-15.21914969887559,4.970883340663733e-16,7.59059660646128e-16,0.6548738654393003,0.0,True,The KKT residual norm is smaller than the tolerance kkt_tol_abs or kkt_tol_rel. GEMSEO stopped the driver.,0.0,36,0.8131523757278001,False,35,0.0,-152191496988.7559,,,1.9352824430911528,,657937750000.0001,0.6579377500000001,0.0,0.0,0.0,0.0,,,,,,,,,,,
opt_B5_3_8,B5,5 % biomass,5.0,1.35,3.8,min_surplus_loss,G3,biomass_trajectory_constraint,2,2040.0,-0.49042780413126885,0.0,0.49042780413126885,False,0.0001,True,0.0,1e-10,-15.21914969887559,4.970883340663733e-16,7.59059660646128e-16,0.6548738654393003,0.0,True,The KKT residual norm is smaller than the tolerance kkt_tol_abs or kkt_tol_rel. GEMSEO stopped the driver.,0.0,36,0.8131523757278001,False,35,0.0,-152191496988.7559,,,2.411714024837406,,757461000000.0,0.757461,0.0,0.0,0.0,0.0,,,,,,,,,,,
opt_B5_3_8,B5,5 % biomass,5.0,1.35,3.8,min_surplus_loss,G3,biomass_trajectory_constraint,3,2045.0,-3.963625329234333e-05,0.0,3.963625329234333e-05,True,0.0001,True,0.4133719407354379,1e-10,-15.21914969887559,4.970883340663733e-16,7.59059660646128e-16,0.6548738654393003,0.0,True,The KKT residual norm is smaller than the tolerance kkt_tol_abs or kkt_tol_rel. GEMSEO stopped the driver.,0.0,36,0.8131523757278001,False,35,4133719407.354379,-152191496988.7559,,,3.005434456537094,,772951000000.0,0.772951,5.347970838195926,5347970838.195927,16.072975829669602,16072975829.669601,,,,,,,,,,,
opt_B5_3_8,B5,5 % biomass,5.0,1.35,3.8,min_surplus_loss,G3,biomass_trajectory_constraint,4,2050.0,-1.636948354644119e-11,0.0,1.636948354644119e-11,True,0.0001,True,0.36539075067650295,1e-10,-15.21914969887559,4.970883340663733e-16,7.59059660646128e-16,0.6548738654393003,0.0,True,The KKT residual norm is smaller than the tolerance kkt_tol_abs or kkt_tol_rel. GEMSEO stopped the driver.,0.0,36,0.8131523757278001,False,35,3653907506.7650294,-152191496988.7559,,,3.7453181345368614,,788441000000.0001,0.7884410000000002,4.634344873953826,4634344873.953826,17.357095898117212,17357095898.11721,,,,,,,,,,,
opt_B5_3_8,B5,5 % biomass,5.0,1.35,3.8,min_surplus_loss,G4,electricity_trajectory_constraint,0,2030.0,-0.9999999596474151,0.0,0.9999999596474151,False,0.0001,True,0.0,1e-10,-15.21914969887559,4.970883340663733e-16,7.59059660646128e-16,0.6548738654393003,0.0,True,The KKT residual norm is smaller than the tolerance kkt_tol_abs or kkt_tol_rel. GEMSEO stopped the driver.,0.0,36,0.8131523757278001,False,35,0.0,-152191496988.7559,,,1.552969421732896,,1065287574000.0001,1.065287574,0.0,0.0,0.0,0.0,,,,,,,,,,,
opt_B5_3_8,B5,5 % biomass,5.0,1.35,3.8,min_surplus_loss,G4,electricity_trajectory_constraint,1,2035.0,-0.9999999675269083,0.0,0.9999999675269083,False,0.0001,True,0.0,1e-10,-15.21914969887559,4.970883340663733e-16,7.59059660646128e-16,0.6548738654393003,0.0,True,The KKT residual norm is smaller than the tolerance kkt_tol_abs or kkt_tol_rel. GEMSEO stopped the driver.,0.0,36,0.8131523757278001,False,35,0.0,-152191496988.7559,,,1.9352824430911528,,1356710238000.0002,1.3567102380000002,0.0,0.0,0.0,0.0,,,,,,,,,,,
opt_B5_3_8,B5,5 % biomass,5.0,1.35,3.8,min_surplus_loss,G4,electricity_trajectory_constraint,2,2040.0,-0.9999999730605797,0.0,0.9999999730605797,False,0.0001,True,0.0,1e-10,-15.21914969887559,4.970883340663733e-16,7.59059660646128e-16,0.6548738654393003,0.0,True,The KKT residual norm is smaller than the tolerance kkt_tol_abs or kkt_tol_rel. GEMSEO stopped the driver.,0.0,36,0.8131523757278001,False,35,0.0,-152191496988.7559,,,2.411714024837406,,1648132902000.0002,1.6481329020000002,0.0,0.0,0.0,0.0,,,,,,,,,,,
opt_B5_3_8,B5,5 % biomass,5.0,1.35,3.8,min_surplus_loss,G4,electricity_trajectory_constraint,3,2045.0,-0.9999999762221118,0.0,0.9999999762221118,False,0.0001,True,0.0,1e-10,-15.21914969887559,4.970883340663733e-16,7.59059660646128e-16,0.6548738654393003,0.0,True,The KKT residual norm is smaller than the tolerance kkt_tol_abs or kkt_tol_rel. GEMSEO stopped the driver.,0.0,36,0.8131523757278001,False,35,0.0,-152191496988.7559,,,3.005434456537094,,1895265009000.0002,1.8952650090000003,0.0,0.0,0.0,0.0,,,,,,,,,,,
opt_B5_3_8,B5,5 % biomass,5.0,1.35,3.8,min_surplus_loss,G4,electricity_trajectory_constraint,4,2050.0,-0.9999999780524292,0.0,0.9999999780524292,False,0.0001,True,0.0,1e-10,-15.21914969887559,4.970883340663733e-16,7.59059660646128e-16,0.6548738654393003,0.0,True,The KKT residual norm is smaller than the tolerance kkt_tol_abs or kkt_tol_rel. GEMSEO stopped the driver.,0.0,36,0.8131523757278001,False,35,0.0,-152191496988.7559,,,3.7453181345368614,,2142397116000.0002,2.142397116,0.0,0.0,0.0,0.0,,,,,,,,,,,
opt_B5_3_8,B5,5 % biomass,5.0,1.35,3.8,min_surplus_loss,G5,biofuel_use_growth_constraint,0,2030.0,-0.7576737090414094,0.0,0.7576737090414094,False,0.0001,True,0.0,1e-10,-15.21914969887559,4.970883340663733e-16,7.59059660646128e-16,0.6548738654393003,0.0,True,The KKT residual norm is smaller than the tolerance kkt_tol_abs or kkt_tol_rel. GEMSEO stopped the driver.,0.0,36,0.8131523757278001,False,35,0.0,-152191496988.7559,,,1.552969421732896,,,,,,,,volume,89799803521.15388,154900000000.0,36088527006.636566,0.0,0.0,0.0,0.0,0.0,0.0,
opt_B5_3_8,B5,5 % biomass,5.0,1.35,3.8,min_surplus_loss,G5,biofuel_use_growth_constraint,1,2035.0,-0.5241173948942123,0.0,0.5241173948942123,False,0.0001,True,0.0,1e-10,-15.21914969887559,4.970883340663733e-16,7.59059660646128e-16,0.6548738654393003,0.0,True,The KKT residual norm is smaller than the tolerance kkt_tol_abs or kkt_tol_rel. GEMSEO stopped the driver.,0.0,36,0.8131523757278001,False,35,0.0,-152191496988.7559,,,1.9352824430911528,,,,,,,,volume,93402431693.67058,154900000000.0,37536342469.48568,0.0,0.0,0.0,0.0,0.0,0.0,
opt_B5_3_8,B5,5 % biomass,5.0,1.35,3.8,min_surplus_loss,G5,biofuel_use_growth_constraint,2,2040.0,-2.8586385118399536e-05,0.0,2.8586385118399536e-05,True,0.0001,True,0.04515597550608009,1e-10,-15.21914969887559,4.970883340663733e-16,7.59059660646128e-16,0.6548738654393003,0.0,True,The KKT residual norm is smaller than the tolerance kkt_tol_abs or kkt_tol_rel. GEMSEO stopped the driver.,0.0,36,0.8131523757278001,False,35,451559755.06080085,-152191496988.7559,,,2.411714024837406,,,,,,,,rate,183424556789.8155,154900000000.0,73714215530.88652,2.915169496841839,0.0,2227973637.1891823,7.030555160311667,0.0,5373235267.777157,
opt_B5_3_8,B5,5 % biomass,5.0,1.35,3.8,min_surplus_loss,G5,biofuel_use_growth_constraint,3,2045.0,-0.5752896072760865,0.0,0.5752896072760865,False,0.0001,True,0.0,1e-10,-15.21914969887559,4.970883340663733e-16,7.59059660646128e-16,0.6548738654393003,0.0,True,The KKT residual norm is smaller than the tolerance kkt_tol_abs or kkt_tol_rel. GEMSEO stopped the driver.,0.0,36,0.8131523757278001,False,35,0.0,-152191496988.7559,,,3.005434456537094,,,,,,,,rate,456407974792.9992,154900000000.0,183420128758.76065,0.0,0.0,0.0,0.0,0.0,0.0,
opt_B5_3_8,B5,5 % biomass,5.0,1.35,3.8,min_surplus_loss,G5,biofuel_use_growth_constraint,4,2050.0,-3.4814585219398375,0.0,3.4814585219398375,False,0.0001,True,0.0,1e-10,-15.21914969887559,4.970883340663733e-16,7.59059660646128e-16,0.6548738654393003,0.0,True,The KKT residual norm is smaller than the tolerance kkt_tol_abs or kkt_tol_rel. GEMSEO stopped the driver.,0.0,36,0.8131523757278001,False,35,0.0,-152191496988.7559,,,3.7453181345368614,,,,,,,,rate,913949023786.0024,154900000000.0,367295614625.9334,0.0,0.0,0.0,0.0,0.0,0.0,
opt_B5_3_8,B5,5 % biomass,5.0,1.35,3.8,min_surplus_loss,G6,electrofuel_use_growth_constraint,0,2030.0,-0.9999998788368545,0.0,0.9999998788368545,False,0.0001,True,0.0,1e-10,-15.21914969887559,4.970883340663733e-16,7.59059660646128e-16,0.6548738654393003,0.0,True,The KKT residual norm is smaller than the tolerance kkt_tol_abs or kkt_tol_rel. GEMSEO stopped the driver.,0.0,36,0.8131523757278001,False,35,0.0,-152191496988.7559,,,1.552969421732896,,,,,,,,volume,0.0,154900000000.0,0.0,0.0,0.0,0.0,0.0,0.0,0.0,
opt_B5_3_8,B5,5 % biomass,5.0,1.35,3.8,min_surplus_loss,G6,electrofuel_use_growth_constraint,1,2035.0,-0.9999998758224582,0.0,0.9999998758224582,False,0.0001,True,0.0,1e-10,-15.21914969887559,4.970883340663733e-16,7.59059660646128e-16,0.6548738654393003,0.0,True,The KKT residual norm is smaller than the tolerance kkt_tol_abs or kkt_tol_rel. GEMSEO stopped the driver.,0.0,36,0.8131523757278001,False,35,0.0,-152191496988.7559,,,1.9352824430911528,,,,,,,,volume,46701.21584571027,154900000000.0,18768.17123429072,0.0,0.0,0.0,0.0,0.0,0.0,
opt_B5_3_8,B5,5 % biomass,5.0,1.35,3.8,min_surplus_loss,G6,electrofuel_use_growth_constraint,2,2040.0,-0.9999998748552046,0.0,0.9999998748552046,False,0.0001,True,0.0,1e-10,-15.21914969887559,4.970883340663733e-16,7.59059660646128e-16,0.6548738654393003,0.0,True,The KKT residual norm is smaller than the tolerance kkt_tol_abs or kkt_tol_rel. GEMSEO stopped the driver.,0.0,36,0.8131523757278001,False,35,0.0,-152191496988.7559,,,2.411714024837406,,,,,,,,volume,47863.08709854891,154900000000.0,19235.101232377234,0.0,0.0,0.0,0.0,0.0,0.0,
opt_B5_3_8,B5,5 % biomass,5.0,1.35,3.8,min_surplus_loss,G6,electrofuel_use_growth_constraint,3,2045.0,-0.9999998729789954,0.0,0.9999998729789954,False,0.0001,True,0.0,1e-10,-15.21914969887559,4.970883340663733e-16,7.59059660646128e-16,0.6548738654393003,0.0,True,The KKT residual norm is smaller than the tolerance kkt_tol_abs or kkt_tol_rel. GEMSEO stopped the driver.,0.0,36,0.8131523757278001,False,35,0.0,-152191496988.7559,,,3.005434456537094,,,,,,,,volume,48235.90600941809,154900000000.0,19384.92879107916,0.0,0.0,0.0,0.0,0.0,0.0,
opt_B5_3_8,B5,5 % biomass,5.0,1.35,3.8,min_surplus_loss,G6,electrofuel_use_growth_constraint,4,2050.0,-0.9999998674686112,0.0,0.9999998674686112,False,0.0001,True,0.0,1e-10,-15.21914969887559,4.970883340663733e-16,7.59059660646128e-16,0.6548738654393003,0.0,True,The KKT residual norm is smaller than the tolerance kkt_tol_abs or kkt_tol_rel. GEMSEO stopped the driver.,0.0,36,0.8131523757278001,False,35,0.0,-152191496988.7559,,,3.7453181345368614,,,,,,,,volume,48959.07355835696,154900000000.0,19675.553609807812,0.0,0.0,0.0,0.0,0.0,0.0,
opt_B5_mincarb,B5,5 % biomass,5.0,1.35,,min_co2,G2,blend_completeness_constraint,0,2030.0,-0.8241159972148482,0.0,0.8241159972148482,False,0.0001,True,0.0,10.0,-0.6107823255734574,1.0818056053510983e-16,1.3729394301484962e-15,0.078794852969886,0.0,True,The KKT residual norm is smaller than the tolerance kkt_tol_abs or kkt_tol_rel. GEMSEO stopped the driver.,0.0,11,0.24522413029514856,False,11,,,,,1.552969421732896,,,,,,,,,,,,,,,,,,0.0
opt_B5_mincarb,B5,5 % biomass,5.0,1.35,,min_co2,G2,blend_completeness_constraint,1,2035.0,-0.5854340122543192,0.0,0.5854340122543192,False,0.0001,True,0.0,10.0,-0.6107823255734574,1.0818056053510983e-16,1.3729394301484962e-15,0.078794852969886,0.0,True,The KKT residual norm is smaller than the tolerance kkt_tol_abs or kkt_tol_rel. GEMSEO stopped the driver.,0.0,11,0.24522413029514856,False,11,,,,,1.9352824430911528,,,,,,,,,,,,,,,,,,0.0
opt_B5_mincarb,B5,5 % biomass,5.0,1.35,,min_co2,G2,blend_completeness_constraint,2,2040.0,-0.3224151324781485,0.0,0.3224151324781485,False,0.0001,True,0.0,10.0,-0.6107823255734574,1.0818056053510983e-16,1.3729394301484962e-15,0.078794852969886,0.0,True,The KKT residual norm is smaller than the tolerance kkt_tol_abs or kkt_tol_rel. GEMSEO stopped the driver.,0.0,11,0.24522413029514856,False,11,,,,,2.411714024837406,,,,,,,,,,,,,,,,,,0.0
opt_B5_mincarb,B5,5 % biomass,5.0,1.35,,min_co2,G2,blend_completeness_constraint,3,2045.0,-0.2730106330084884,0.0,0.2730106330084884,False,0.0001,True,0.0,10.0,-0.6107823255734574,1.0818056053510983e-16,1.3729394301484962e-15,0.078794852969886,0.0,True,The KKT residual norm is smaller than the tolerance kkt_tol_abs or kkt_tol_rel. GEMSEO stopped the driver.,0.0,11,0.24522413029514856,False,11,,,,,3.005434456537094,,,,,,,,,,,,,,,,,,0.0
opt_B5_mincarb,B5,5 % biomass,5.0,1.35,,min_co2,G2,blend_completeness_constraint,4,2050.0,-0.24521414029514857,0.0,0.24521414029514857,False,0.0001,True,0.0,10.0,-0.6107823255734574,1.0818056053510983e-16,1.3729394301484962e-15,0.078794852969886,0.0,True,The KKT residual norm is smaller than the tolerance kkt_tol_abs or kkt_tol_rel. GEMSEO stopped the driver.,0.0,11,0.24522413029514856,False,11,,,,,3.7453181345368614,,,,,,,,,,,,,,,,,,0.0
opt_B5_mincarb,B5,5 % biomass,5.0,1.35,,min_co2,G3,biomass_trajectory_constraint,0,2030.0,-0.41626768377526924,0.0,0.41626768377526924,False,0.0001,True,0.0,10.0,-0.6107823255734574,1.0818056053510983e-16,1.3729394301484962e-15,0.078794852969886,0.0,True,The KKT residual norm is smaller than the tolerance kkt_tol_abs or kkt_tol_rel. GEMSEO stopped the driver.,0.0,11,0.24522413029514856,False,11,,,,,1.552969421732896,,558414500000.0001,0.5584145000000001,,,,,,,,,,,,,,,0.0
opt_B5_mincarb,B5,5 % biomass,5.0,1.35,,min_co2,G3,biomass_trajectory_constraint,1,2035.0,4.061793535470315e-07,0.0,4.061793535470315e-07,True,0.0001,True,0.5220291896182738,10.0,-0.6107823255734574,1.0818056053510983e-16,1.3729394301484962e-15,0.078794852969886,0.0,True,The KKT residual norm is smaller than the tolerance kkt_tol_abs or kkt_tol_rel. GEMSEO stopped the driver.,0.0,11,0.24522413029514856,False,11,,,,,1.9352824430911528,,657937750000.0001,0.6579377500000001,,,,,,,,,,,,,,,0.1300188431683479
opt_B5_mincarb,B5,5 % biomass,5.0,1.35,,min_co2,G3,biomass_trajectory_constraint,2,2040.0,2.842170943040401e-16,0.0,2.842170943040401e-16,True,0.0001,True,0.6004183181060462,10.0,-0.6107823255734574,1.0818056053510983e-16,1.3729394301484962e-15,0.078794852969886,0.0,True,The KKT residual norm is smaller than the tolerance kkt_tol_abs or kkt_tol_rel. GEMSEO stopped the driver.,0.0,11,0.24522413029514856,False,11,,,,,2.411714024837406,,757461000000.0,0.757461,,,,,,,,,,,,,,,0.1495427778556169
opt_B5_mincarb,B5,5 % biomass,5.0,1.35,,min_co2,G3,biomass_trajectory_constraint,3,2045.0,0.0,0.0,0.0,True,0.0001,True,0.5960047070752619,10.0,-0.6107823255734574,1.0818056053510983e-16,1.3729394301484962e-15,0.078794852969886,0.0,True,The KKT residual norm is smaller than the tolerance kkt_tol_abs or kkt_tol_rel. GEMSEO stopped the driver.,0.0,11,0.24522413029514856,False,11,,,,,3.005434456537094,,772951000000.0,0.772951,,,,,,,,,,,,,,,0.14844350484209584
opt_B5_mincarb,B5,5 % biomass,5.0,1.35,,min_co2,G3,biomass_trajectory_constraint,4,2050.0,-2.842170943040401e-16,0.0,2.842170943040401e-16,True,0.0001,True,0.35561718529173536,10.0,-0.6107823255734574,1.0818056053510983e-16,1.3729394301484962e-15,0.078794852969886,0.0,True,The KKT residual norm is smaller than the tolerance kkt_tol_abs or kkt_tol_rel. GEMSEO stopped the driver.,0.0,11,0.24522413029514856,False,11,,,,,3.7453181345368614,,788441000000.0001,0.7884410000000002,,,,,,,,,,,,,,,0.08857155109702876
opt_B5_mincarb,B5,5 % biomass,5.0,1.35,,min_co2,G4,electricity_trajectory_constraint,0,2030.0,-0.6669566077203296,0.0,0.6669566077203296,False,0.0001,True,0.0,10.0,-0.6107823255734574,1.0818056053510983e-16,1.3729394301484962e-15,0.078794852969886,0.0,True,The KKT residual norm is smaller than the tolerance kkt_tol_abs or kkt_tol_rel. GEMSEO stopped the driver.,0.0,11,0.24522413029514856,False,11,,,,,1.552969421732896,,1065287574000.0001,1.065287574,,,,,,,,,,,,,,,0.0
opt_B5_mincarb,B5,5 % biomass,5.0,1.35,,min_co2,G4,electricity_trajectory_constraint,1,2035.0,-0.3493032859743781,0.0,0.3493032859743781,False,0.0001,True,0.0,10.0,-0.6107823255734574,1.0818056053510983e-16,1.3729394301484962e-15,0.078794852969886,0.0,True,The KKT residual norm is smaller than the tolerance kkt_tol_abs or kkt_tol_rel. GEMSEO stopped the driver.,0.0,11,0.24522413029514856,False,11,,,,,1.9352824430911528,,1356710238000.0002,1.3567102380000002,,,,,,,,,,,,,,,0.0
opt_B5_mincarb,B5,5 % biomass,5.0,1.35,,min_co2,G4,electricity_trajectory_constraint,2,2040.0,1.2789769243681803e-15,0.0,1.2789769243681803e-15,True,0.0001,True,1.5696981177748803,10.0,-0.6107823255734574,1.0818056053510983e-16,1.3729394301484962e-15,0.078794852969886,0.0,True,The KKT residual norm is smaller than the tolerance kkt_tol_abs or kkt_tol_rel. GEMSEO stopped the driver.,0.0,11,0.24522413029514856,False,11,,,,,2.411714024837406,,1648132902000.0002,1.6481329020000002,,,,,,,,,,,,,,,0.39095578840306056
opt_B5_mincarb,B5,5 % biomass,5.0,1.35,,min_co2,G4,electricity_trajectory_constraint,3,2045.0,-2.842170943040401e-16,0.0,2.842170943040401e-16,True,0.0001,True,1.8236569244778624,10.0,-0.6107823255734574,1.0818056053510983e-16,1.3729394301484962e-15,0.078794852969886,0.0,True,The KKT residual norm is smaller than the tolerance kkt_tol_abs or kkt_tol_rel. GEMSEO stopped the driver.,0.0,11,0.24522413029514856,False,11,,,,,3.005434456537094,,1895265009000.0002,1.8952650090000003,,,,,,,,,,,,,,,0.4542078649470576
opt_B5_mincarb,B5,5 % biomass,5.0,1.35,,min_co2,G4,electricity_trajectory_constraint,4,2050.0,0.0,0.0,0.0,True,0.0001,True,1.2132962757778862,10.0,-0.6107823255734574,1.0818056053510983e-16,1.3729394301484962e-15,0.078794852969886,0.0,True,The KKT residual norm is smaller than the tolerance kkt_tol_abs or kkt_tol_rel. GEMSEO stopped the driver.,0.0,11,0.24522413029514856,False,11,,,,,3.7453181345368614,,2142397116000.0002,2.142397116,,,,,,,,,,,,,,,0.30218880732025527
opt_B5_mincarb,B5,5 % biomass,5.0,1.35,,min_co2,G5,biofuel_use_growth_constraint,0,2030.0,0.0,0.0,0.0,True,0.0001,True,0.26281072011816453,10.0,-0.6107823255734574,1.0818056053510983e-16,1.3729394301484962e-15,0.078794852969886,0.0,True,The KKT residual norm is smaller than the tolerance kkt_tol_abs or kkt_tol_rel. GEMSEO stopped the driver.,0.0,11,0.24522413029514856,False,11,,,,,1.552969421732896,,,,,,,,volume,89799803521.1634,154900000000.0,36088527006.640396,,,0.0,,,0.0,0.06545677230614397
opt_B5_mincarb,B5,5 % biomass,5.0,1.35,,min_co2,G5,biofuel_use_growth_constraint,1,2035.0,-0.4698859785262937,0.0,0.4698859785262937,False,0.0001,True,0.0,10.0,-0.6107823255734574,1.0818056053510983e-16,1.3729394301484962e-15,0.078794852969886,0.0,True,The KKT residual norm is smaller than the tolerance kkt_tol_abs or kkt_tol_rel. GEMSEO stopped the driver.,0.0,11,0.24522413029514856,False,11,,,,,1.9352824430911528,,,,,,,,rate,385440767999.99994,154900000000.0,154900000000.0,,0.0,,,0.0,,0.0
opt_B5_mincarb,B5,5 % biomass,5.0,1.35,,min_co2,G5,biofuel_use_growth_constraint,2,2040.0,-2.6987573356172305,0.0,2.6987573356172305,False,0.0001,True,0.0,10.0,-0.6107823255734574,1.0818056053510983e-16,1.3729394301484962e-15,0.078794852969886,0.0,True,The KKT residual norm is smaller than the tolerance kkt_tol_abs or kkt_tol_rel. GEMSEO stopped the driver.,0.0,11,0.24522413029514856,False,11,,,,,2.411714024837406,,,,,,,,rate,777986759394.1534,154900000000.0,312655429926.27704,,0.0,,,0.0,,0.0
opt_B5_mincarb,B5,5 % biomass,5.0,1.35,,min_co2,G5,biofuel_use_growth_constraint,3,2045.0,-3.4109666857568874,0.0,3.4109666857568874,False,0.0001,True,0.0,10.0,-0.6107823255734574,1.0818056053510983e-16,1.3729394301484962e-15,0.078794852969886,0.0,True,The KKT residual norm is smaller than the tolerance kkt_tol_abs or kkt_tol_rel. GEMSEO stopped the driver.,0.0,11,0.24522413029514856,False,11,,,,,3.005434456537094,,,,,,,,rate,895668913049.7206,154900000000.0,359949248107.04443,,0.0,,,0.0,,0.0
opt_B5_mincarb,B5,5 % biomass,5.0,1.35,,min_co2,G5,biofuel_use_growth_constraint,4,2050.0,-3.4816923950563594,0.0,3.4816923950563594,False,0.0001,True,0.0,10.0,-0.6107823255734574,1.0818056053510983e-16,1.3729394301484962e-15,0.078794852969886,0.0,True,The KKT residual norm is smaller than the tolerance kkt_tol_abs or kkt_tol_rel. GEMSEO stopped the driver.,0.0,11,0.24522413029514856,False,11,,,,,3.7453181345368614,,,,,,,,rate,913985250739.331,154900000000.0,367310173425.9787,,0.0,,,0.0,,0.0
opt_B5_mincarb,B5,5 % biomass,5.0,1.35,,min_co2,G6,electrofuel_use_growth_constraint,0,2030.0,1.182088242414461e-15,0.0,1.182088242414461e-15,True,0.0001,True,1.0182738048251536,10.0,-0.6107823255734574,1.0818056053510983e-16,1.3729394301484962e-15,0.078794852969886,0.0,True,The KKT residual norm is smaller than the tolerance kkt_tol_abs or kkt_tol_rel. GEMSEO stopped the driver.,0.0,11,0.24522413029514856,False,11,,,,,1.552969421732896,,,,,,,,volume,0.0,154900000000.0,0.0,,,0.0,,,0.0,0.2536156689414442
opt_B5_mincarb,B5,5 % biomass,5.0,1.35,,min_co2,G6,electrofuel_use_growth_constraint,1,2035.0,-4.6965457729785344e-05,0.0,4.6965457729785344e-05,True,0.0001,True,0.3102007777814822,10.0,-0.6107823255734574,1.0818056053510983e-16,1.3729394301484962e-15,0.078794852969886,0.0,True,The KKT residual norm is smaller than the tolerance kkt_tol_abs or kkt_tol_rel. GEMSEO stopped the driver.,0.0,11,0.24522413029514856,False,11,,,,,1.9352824430911528,,,,,,,,rate,385440768000.00037,154900000000.0,154900000000.00018,,0.0,,,0.0,,0.07725994461451899
opt_B5_mincarb,B5,5 % biomass,5.0,1.35,,min_co2,G6,electrofuel_use_growth_constraint,2,2040.0,-1.5462042502888953,0.0,1.5462042502888953,False,0.0001,True,0.0,10.0,-0.6107823255734574,1.0818056053510983e-16,1.3729394301484962e-15,0.078794852969886,0.0,True,The KKT residual norm is smaller than the tolerance kkt_tol_abs or kkt_tol_rel. GEMSEO stopped the driver.,0.0,11,0.24522413029514856,False,11,,,,,2.411714024837406,,,,,,,,rate,959081869427.6638,154900000000.0,385433493050.598,,0.0,,,0.0,,0.0
opt_B5_mincarb,B5,5 % biomass,5.0,1.35,,min_co2,G6,electrofuel_use_growth_constraint,3,2045.0,-6.217299765900868,0.0,6.217299765900868,False,0.0001,True,0.0,10.0,-0.6107823255734574,1.0818056053510983e-16,1.3729394301484962e-15,0.078794852969886,0.0,True,The KKT residual norm is smaller than the tolerance kkt_tol_abs or kkt_tol_rel. GEMSEO stopped the driver.,0.0,11,0.24522413029514856,False,11,,,,,3.005434456537094,,,,,,,,rate,1790532443618.028,154900000000.0,719574831057.914,,0.0,,,0.0,,0.0
opt_B5_mincarb,B5,5 % biomass,5.0,1.35,,min_co2,G6,electrofuel_use_growth_constraint,4,2050.0,-7.25401100546254,0.0,7.25401100546254,False,0.0001,True,0.0,10.0,-0.6107823255734574,1.0818056053510983e-16,1.3729394301484962e-15,0.078794852969886,0.0,True,The KKT residual norm is smaller than the tolerance kkt_tol_abs or kkt_tol_rel. GEMSEO stopped the driver.,0.0,11,0.24522413029514856,False,11,,,,,3.7453181345368614,,,,,,,,rate,2059016893448.5603,154900000000.0,827472709879.9836,,0.0,,,0.0,,0.0
opt_B75_2_0,B75,7.5 % biomass,7.5,1.35,2.0,min_surplus_loss,G1,aviation_carbon_budget_constraint,0,,0.21000903008105182,0.0,0.21000903008105182,False,0.0001,True,73.54104117110053,1e-10,24.187351471645282,5.685236960028912e-16,1.0144499778550704e-15,0.5604255590847018,0.2099090300882853,False,Positive directional derivative for linesearch,0.0,23,0.1246043549411187,False,6,735410411711.0052,241873514716.45282,1.7478766537399129,420.7450280530125,,,,,,,,,,,,,,,,,,,
opt_B75_2_0,B75,7.5 % biomass,7.5,1.35,2.0,min_surplus_loss,G2,blend_completeness_constraint,0,2030.0,-0.8241120783219125,0.0,0.8241120783219125,False,0.0001,True,0.0,1e-10,24.187351471645282,5.685236960028912e-16,1.0144499778550704e-15,0.5604255590847018,0.2099090300882853,False,Positive directional derivative for linesearch,0.0,23,0.1246043549411187,False,6,0.0,241873514716.45282,,,1.552969421732896,,,,,,,,,,,,,,,,,,
opt_B75_2_0,B75,7.5 % biomass,7.5,1.35,2.0,min_surplus_loss,G2,blend_completeness_constraint,1,2035.0,-0.5386646994141286,0.0,0.5386646994141286,False,0.0001,True,0.0,1e-10,24.187351471645282,5.685236960028912e-16,1.0144499778550704e-15,0.5604255590847018,0.2099090300882853,False,Positive directional derivative for linesearch,0.0,23,0.1246043549411187,False,6,0.0,241873514716.45282,,,1.9352824430911528,,,,,,,,,,,,,,,,,,
opt_B75_2_0,B75,7.5 % biomass,7.5,1.35,2.0,min_surplus_loss,G2,blend_completeness_constraint,2,2040.0,-0.19543553068260822,0.0,0.19543553068260822,False,0.0001,True,0.0,1e-10,24.187351471645282,5.685236960028912e-16,1.0144499778550704e-15,0.5604255590847018,0.2099090300882853,False,Positive directional derivative for linesearch,0.0,23,0.1246043549411187,False,6,0.0,241873514716.45282,,,2.411714024837406,,,,,,,,,,,,,,,,,,
opt_B75_2_0,B75,7.5 % biomass,7.5,1.35,2.0,min_surplus_loss,G2,blend_completeness_constraint,3,2045.0,-0.14769609715563548,0.0,0.14769609715563548,False,0.0001,True,0.0,1e-10,24.187351471645282,5.685236960028912e-16,1.0144499778550704e-15,0.5604255590847018,0.2099090300882853,False,Positive directional derivative for linesearch,0.0,23,0.1246043549411187,False,6,0.0,241873514716.45282,,,3.005434456537094,,,,,,,,,,,,,,,,,,
opt_B75_2_0,B75,7.5 % biomass,7.5,1.35,2.0,min_surplus_loss,G2,blend_completeness_constraint,4,2050.0,-0.12459435494111858,0.0,0.12459435494111858,False,0.0001,True,0.0,1e-10,24.187351471645282,5.685236960028912e-16,1.0144499778550704e-15,0.5604255590847018,0.2099090300882853,False,Positive directional derivative for linesearch,0.0,23,0.1246043549411187,False,6,0.0,241873514716.45282,,,3.7453181345368614,,,,,,,,,,,,,,,,,,
opt_B75_2_0,B75,7.5 % biomass,7.5,1.35,2.0,min_surplus_loss,G3,biomass_trajectory_constraint,0,2030.0,-0.6108283546739354,0.0,0.6108283546739354,False,0.0001,True,0.0,1e-10,24.187351471645282,5.685236960028912e-16,1.0144499778550704e-15,0.5604255590847018,0.2099090300882853,False,Positive directional derivative for linesearch,0.0,23,0.1246043549411187,False,6,0.0,241873514716.45282,,,1.552969421732896,,837621750000.0,0.83762175,0.0,0.0,0.0,0.0,,,,,,,,,,,
opt_B75_2_0,B75,7.5 % biomass,7.5,1.35,2.0,min_surplus_loss,G3,biomass_trajectory_constraint,1,2035.0,-0.17794439826627367,0.0,0.17794439826627367,False,0.0001,True,0.0,1e-10,24.187351471645282,5.685236960028912e-16,1.0144499778550704e-15,0.5604255590847018,0.2099090300882853,False,Positive directional derivative for linesearch,0.0,23,0.1246043549411187,False,6,0.0,241873514716.45282,,,1.9352824430911528,,986906625000.0,0.986906625,0.0,0.0,0.0,0.0,,,,,,,,,,,
opt_B75_2_0,B75,7.5 % biomass,7.5,1.35,2.0,min_surplus_loss,G3,biomass_trajectory_constraint,2,2040.0,9.284285636439903e-05,0.0,9.284285636439903e-05,True,0.0001,True,6.498348736847412,1e-10,24.187351471645282,5.685236960028912e-16,1.0144499778550704e-15,0.5604255590847018,0.2099090300882853,False,Positive directional derivative for linesearch,0.0,23,0.1246043549411187,False,6,64983487368.47412,241873514716.45282,,,2.411714024837406,,1136191500000.0,1.1361915,57.19413265147127,57194132651.471275,137.93589185396428,137935891853.96426,,,,,,,,,,,
opt_B75_2_0,B75,7.5 % biomass,7.5,1.35,2.0,min_surplus_loss,G3,biomass_trajectory_constraint,3,2045.0,2.525695208532852e-12,0.0,2.525695208532852e-12,True,0.0001,True,6.980418307642317,1e-10,24.187351471645282,5.685236960028912e-16,1.0144499778550704e-15,0.5604255590847018,0.2099090300882853,False,Positive directional derivative for linesearch,0.0,23,0.1246043549411187,False,6,69804183076.42317,241873514716.45282,,,3.005434456537094,,1159426500000.0,1.1594265,60.2057854261768,60205785426.1768,180.9445420027106,180944542002.71057,,,,,,,,,,,
opt_B75_2_0,B75,7.5 % biomass,7.5,1.35,2.0,min_surplus_loss,G3,biomass_trajectory_constraint,4,2050.0,3.757065769605106e-12,0.0,3.757065769605106e-12,True,0.0001,True,4.373098422301819,1e-10,24.187351471645282,5.685236960028912e-16,1.0144499778550704e-15,0.5604255590847018,0.2099090300882853,False,Positive directional derivative for linesearch,0.0,23,0.1246043549411187,False,6,43730984223.01819,241873514716.45282,,,3.7453181345368614,,1182661500000.0,1.1826615,36.976754737529035,36976754737.52903,138.4897100747893,138489710074.78928,,,,,,,,,,,
opt_B75_2_0,B75,7.5 % biomass,7.5,1.35,2.0,min_surplus_loss,G4,electricity_trajectory_constraint,0,2030.0,-0.6669566077180886,0.0,0.6669566077180886,False,0.0001,True,0.0,1e-10,24.187351471645282,5.685236960028912e-16,1.0144499778550704e-15,0.5604255590847018,0.2099090300882853,False,Positive directional derivative for linesearch,0.0,23,0.1246043549411187,False,6,0.0,241873514716.45282,,,1.552969421732896,,1065287574000.0001,1.065287574,0.0,0.0,0.0,0.0,,,,,,,,,,,
opt_B75_2_0,B75,7.5 % biomass,7.5,1.35,2.0,min_surplus_loss,G4,electricity_trajectory_constraint,1,2035.0,-0.349291004234087,0.0,0.349291004234087,False,0.0001,True,0.0,1e-10,24.187351471645282,5.685236960028912e-16,1.0144499778550704e-15,0.5604255590847018,0.2099090300882853,False,Positive directional derivative for linesearch,0.0,23,0.1246043549411187,False,6,0.0,241873514716.45282,,,1.9352824430911528,,1356710238000.0002,1.3567102380000002,0.0,0.0,0.0,0.0,,,,,,,,,,,
opt_B75_2_0,B75,7.5 % biomass,7.5,1.35,2.0,min_surplus_loss,G4,electricity_trajectory_constraint,2,2040.0,3.4401637094561012e-12,0.0,3.4401637094561012e-12,True,0.0001,True,5.722136079772925,1e-10,24.187351471645282,5.685236960028912e-16,1.0144499778550704e-15,0.5604255590847018,0.2099090300882853,False,Positive directional derivative for linesearch,0.0,23,0.1246043549411187,False,6,57221360797.72925,241873514716.45282,,,2.411714024837406,,1648132902000.0002,1.6481329020000002,34.718899627749344,34718899627.749344,83.73205715916528,83732057159.16528,,,,,,,,,,,
opt_B75_2_0,B75,7.5 % biomass,7.5,1.35,2.0,min_surplus_loss,G4,electricity_trajectory_constraint,3,2045.0,2.494857653800864e-12,0.0,2.494857653800864e-12,True,0.0001,True,9.734976017058985,1e-10,24.187351471645282,5.685236960028912e-16,1.0144499778550704e-15,0.5604255590847018,0.2099090300882853,False,Positive directional derivative for linesearch,0.0,23,0.1246043549411187,False,6,97349760170.58984,241873514716.45282,,,3.005434456537094,,1895265009000.0002,1.8952650090000003,51.36472192981316,51364721929.813156,154.37330513830696,154373305138.30695,,,,,,,,,,,
opt_B75_2_0,B75,7.5 % biomass,7.5,1.35,2.0,min_surplus_loss,G4,electricity_trajectory_constraint,4,2050.0,3.745697085832944e-12,0.0,3.745697085832944e-12,True,0.0001,True,7.734041853480395,1e-10,24.187351471645282,5.685236960028912e-16,1.0144499778550704e-15,0.5604255590847018,0.2099090300882853,False,Positive directional derivative for linesearch,0.0,23,0.1246043549411187,False,6,77340418534.80396,241873514716.45282,,,3.7453181345368614,,2142397116000.0002,2.142397116,36.09994522360248,36099945223.602486,135.20577950174572,135205779501.74574,,,,,,,,,,,
opt_B75_2_0,B75,7.5 % biomass,7.5,1.35,2.0,min_surplus_loss,G5,biofuel_use_growth_constraint,0,2030.0,4.308783907787503e-05,0.0,4.308783907787503e-05,True,0.0001,True,5.872057596579881,1e-10,24.187351471645282,5.685236960028912e-16,1.0144499778550704e-15,0.5604255590847018,0.2099090300882853,False,Positive directional derivative for linesearch,0.0,23,0.1246043549411187,False,6,58720575965.79881,241873514716.45282,,,1.552969421732896,,,,,,,,volume,89799803521.1634,154900000000.0,36088527006.640396,379.08699784247136,1895434989212.3564,0.0,588.7105158258823,2943552579129.411,0.0,
opt_B75_2_0,B75,7.5 % biomass,7.5,1.35,2.0,min_surplus_loss,G5,biofuel_use_growth_constraint,1,2035.0,0.00046926385178961853,0.0,0.00046926385178961853,False,0.0001,True,1.7214867332509705,1e-10,24.187351471645282,5.685236960028912e-16,1.0144499778550704e-15,0.5604255590847018,0.2099090300882853,False,Positive directional derivative for linesearch,0.0,23,0.1246043549411187,False,6,17214867332.509705,241873514716.45282,,,1.9352824430911528,,,,,,,,rate,385457375809.7855,154900000000.0,154906674306.27316,111.13536044228343,0.0,178491434982.32178,215.07831187055814,0.0,345431340363.43335,
opt_B75_2_0,B75,7.5 % biomass,7.5,1.35,2.0,min_surplus_loss,G5,biofuel_use_growth_constraint,2,2040.0,-2.7072186608101245,0.0,2.7072186608101245,False,0.0001,True,0.0,1e-10,24.187351471645282,5.685236960028912e-16,1.0144499778550704e-15,0.5604255590847018,0.2099090300882853,False,Positive directional derivative for linesearch,0.0,23,0.1246043549411187,False,6,0.0,241873514716.45282,,,2.411714024837406,,,,,,,,rate,959322170794.4332,154900000000.0,385530064780.42755,0.0,0.0,0.0,0.0,0.0,0.0,
opt_B75_2_0,B75,7.5 % biomass,7.5,1.35,2.0,min_surplus_loss,G5,biofuel_use_growth_constraint,3,2045.0,-5.117255288084109,0.0,5.117255288084109,False,0.0001,True,0.0,1e-10,24.187351471645282,5.685236960028912e-16,1.0144499778550704e-15,0.5604255590847018,0.2099090300882853,False,Positive directional derivative for linesearch,0.0,23,0.1246043549411187,False,6,0.0,241873514716.45282,,,3.005434456537094,,,,,,,,rate,1343628104264.6191,154900000000.0,539974000234.94543,0.0,0.0,0.0,0.0,0.0,0.0,
opt_B75_2_0,B75,7.5 % biomass,7.5,1.35,2.0,min_surplus_loss,G5,biofuel_use_growth_constraint,4,2050.0,-5.222538592593515,0.0,5.222538592593515,False,0.0001,True,0.0,1e-10,24.187351471645282,5.685236960028912e-16,1.0144499778550704e-15,0.5604255590847018,0.2099090300882853,False,Positive directional derivative for linesearch,0.0,23,0.1246043549411187,False,6,0.0,241873514716.45282,,,3.7453181345368614,,,,,,,,rate,1370977876112.5369,154900000000.0,550965260140.3907,0.0,0.0,0.0,0.0,0.0,0.0,
opt_B75_2_0,B75,7.5 % biomass,7.5,1.35,2.0,min_surplus_loss,G6,electrofuel_use_growth_constraint,0,2030.0,6.284572140796482e-12,0.0,6.284572140796482e-12,True,0.0001,True,0.0,1e-10,24.187351471645282,5.685236960028912e-16,1.0144499778550704e-15,0.5604255590847018,0.2099090300882853,False,Positive directional derivative for linesearch,0.0,23,0.1246043549411187,False,6,0.0,241873514716.45282,,,1.552969421732896,,,,,,,,volume,0.0,154900000000.0,0.0,0.0,0.0,0.0,0.0,0.0,0.0,
opt_B75_2_0,B75,7.5 % biomass,7.5,1.35,2.0,min_surplus_loss,G6,electrofuel_use_growth_constraint,1,2035.0,6.590614786757585e-11,0.0,6.590614786757585e-11,True,0.0001,True,0.4308008697297405,1e-10,24.187351471645282,5.685236960028912e-16,1.0144499778550704e-15,0.5604255590847018,0.2099090300882853,False,Positive directional derivative for linesearch,0.0,23,0.1246043549411187,False,6,4308008697.297405,241873514716.45282,,,1.9352824430911528,,,,,,,,rate,385440768002.42194,154900000000.0,154900000000.97336,27.81154743252037,0.0,44665434173.86016,53.823199461353504,0.0,86440230569.71516,
opt_B75_2_0,B75,7.5 % biomass,7.5,1.35,2.0,min_surplus_loss,G6,electrofuel_use_growth_constraint,2,2040.0,-1.546321115564734,0.0,1.546321115564734,False,0.0001,True,0.0,1e-10,24.187351471645282,5.685236960028912e-16,1.0144499778550704e-15,0.5604255590847018,0.2099090300882853,False,Positive directional derivative for linesearch,0.0,23,0.1246043549411187,False,6,0.0,241873514716.45282,,,2.411714024837406,,,,,,,,rate,959099971861.1814,154900000000.0,385440768012.6276,0.0,0.0,0.0,0.0,0.0,0.0,
opt_B75_2_0,B75,7.5 % biomass,7.5,1.35,2.0,min_surplus_loss,G6,electrofuel_use_growth_constraint,3,2045.0,-6.2172997659241656,0.0,6.2172997659241656,False,0.0001,True,0.0,1e-10,24.187351471645282,5.685236960028912e-16,1.0144499778550704e-15,0.5604255590847018,0.2099090300882853,False,Positive directional derivative for linesearch,0.0,23,0.1246043549411187,False,6,0.0,241873514716.45282,,,3.005434456537094,,,,,,,,rate,1790532443623.747,154900000000.0,719574831060.2123,0.0,0.0,0.0,0.0,0.0,0.0,
opt_B75_2_0,B75,7.5 % biomass,7.5,1.35,2.0,min_surplus_loss,G6,electrofuel_use_growth_constraint,4,2050.0,-7.254011005473428,0.0,7.254011005473428,False,0.0001,True,0.0,1e-10,24.187351471645282,5.685236960028912e-16,1.0144499778550704e-15,0.5604255590847018,0.2099090300882853,False,Positive directional derivative for linesearch,0.0,23,0.1246043549411187,False,6,0.0,241873514716.45282,,,3.7453181345368614,,,,,,,,rate,2059016893453.8145,154900000000.0,827472709882.0951,0.0,0.0,0.0,0.0,0.0,0.0,
opt_B75_2_2,B75,7.5 % biomass,7.5,1.35,2.2,min_surplus_loss,G1,aviation_carbon_budget_constraint,0,,0.05987685535585197,0.0,0.05987685535585197,False,0.0001,True,83.95823149824453,1e-10,24.18733452854063,2.255941018298854e-16,4.025406559028753e-16,0.560425632844193,0.059776855385635284,False,Positive directional derivative for linesearch,4.263256414560601e-14,70,0.1246043549411489,False,7,839582314982.4453,241873345285.4063,1.9954654899519684,420.74509391924107,,,,,,,,,,,,,,,,,,,
opt_B75_2_2,B75,7.5 % biomass,7.5,1.35,2.2,min_surplus_loss,G2,blend_completeness_constraint,0,2030.0,-0.8241121528479921,0.0,0.8241121528479921,False,0.0001,True,0.0,1e-10,24.18733452854063,2.255941018298854e-16,4.025406559028753e-16,0.560425632844193,0.059776855385635284,False,Positive directional derivative for linesearch,4.263256414560601e-14,70,0.1246043549411489,False,7,0.0,241873345285.4063,,,1.552969421732896,,,,,,,,,,,,,,,,,,
opt_B75_2_2,B75,7.5 % biomass,7.5,1.35,2.2,min_surplus_loss,G2,blend_completeness_constraint,1,2035.0,-0.5386657949930026,0.0,0.5386657949930026,False,0.0001,True,0.0,1e-10,24.18733452854063,2.255941018298854e-16,4.025406559028753e-16,0.560425632844193,0.059776855385635284,False,Positive directional derivative for linesearch,4.263256414560601e-14,70,0.1246043549411489,False,7,0.0,241873345285.4063,,,1.9352824430911528,,,,,,,,,,,,,,,,,,
opt_B75_2_2,B75,7.5 % biomass,7.5,1.35,2.2,min_surplus_loss,G2,blend_completeness_constraint,2,2040.0,-0.19543621465542543,0.0,0.19543621465542543,False,0.0001,True,0.0,1e-10,24.18733452854063,2.255941018298854e-16,4.025406559028753e-16,0.560425632844193,0.059776855385635284,False,Positive directional derivative for linesearch,4.263256414560601e-14,70,0.1246043549411489,False,7,0.0,241873345285.4063,,,2.411714024837406,,,,,,,,,,,,,,,,,,
opt_B75_2_2,B75,7.5 % biomass,7.5,1.35,2.2,min_surplus_loss,G2,blend_completeness_constraint,3,2045.0,-0.14769609715674606,0.0,0.14769609715674606,False,0.0001,True,0.0,1e-10,24.18733452854063,2.255941018298854e-16,4.025406559028753e-16,0.560425632844193,0.059776855385635284,False,Positive directional derivative for linesearch,4.263256414560601e-14,70,0.1246043549411489,False,7,0.0,241873345285.4063,,,3.005434456537094,,,,,,,,,,,,,,,,,,
opt_B75_2_2,B75,7.5 % biomass,7.5,1.35,2.2,min_surplus_loss,G2,blend_completeness_constraint,4,2050.0,-0.12459435494114884,0.0,0.12459435494114884,False,0.0001,True,0.0,1e-10,24.18733452854063,2.255941018298854e-16,4.025406559028753e-16,0.560425632844193,0.059776855385635284,False,Positive directional derivative for linesearch,4.263256414560601e-14,70,0.1246043549411489,False,7,0.0,241873345285.4063,,,3.7453181345368614,,,,,,,,,,,,,,,,,,
opt_B75_2_2,B75,7.5 % biomass,7.5,1.35,2.2,min_surplus_loss,G3,biomass_trajectory_constraint,0,2030.0,-0.6108286735659422,0.0,0.6108286735659422,False,0.0001,True,0.0,1e-10,24.18733452854063,2.255941018298854e-16,4.025406559028753e-16,0.560425632844193,0.059776855385635284,False,Positive directional derivative for linesearch,4.263256414560601e-14,70,0.1246043549411489,False,7,0.0,241873345285.4063,,,1.552969421732896,,837621750000.0,0.83762175,0.0,0.0,0.0,0.0,,,,,,,,,,,
opt_B75_2_2,B75,7.5 % biomass,7.5,1.35,2.2,min_surplus_loss,G3,biomass_trajectory_constraint,1,2035.0,-0.17794801176766042,0.0,0.17794801176766042,False,0.0001,True,0.0,1e-10,24.18733452854063,2.255941018298854e-16,4.025406559028753e-16,0.560425632844193,0.059776855385635284,False,Positive directional derivative for linesearch,4.263256414560601e-14,70,0.1246043549411489,False,7,0.0,241873345285.4063,,,1.9352824430911528,,986906625000.0,0.986906625,0.0,0.0,0.0,0.0,,,,,,,,,,,
opt_B75_2_2,B75,7.5 % biomass,7.5,1.35,2.2,min_surplus_loss,G3,biomass_trajectory_constraint,2,2040.0,9.107711896078286e-05,0.0,9.107711896078286e-05,True,0.0001,True,6.498348829850796,1e-10,24.18733452854063,2.255941018298854e-16,4.025406559028753e-16,0.560425632844193,0.059776855385635284,False,Positive directional derivative for linesearch,4.263256414560601e-14,70,0.1246043549411489,False,7,64983488298.50796,241873345285.4063,,,2.411714024837406,,1136191500000.0,1.1361915,57.194133470025044,57194133470.02504,137.93589382808187,137935893828.08188,,,,,,,,,,,
opt_B75_2_2,B75,7.5 % biomass,7.5,1.35,2.2,min_surplus_loss,G3,biomass_trajectory_constraint,3,2045.0,1.4989609553595074e-12,0.0,1.4989609553595074e-12,True,0.0001,True,6.980417038205928,1e-10,24.18733452854063,2.255941018298854e-16,4.025406559028753e-16,0.560425632844193,0.059776855385635284,False,Positive directional derivative for linesearch,4.263256414560601e-14,70,0.1246043549411489,False,7,69804170382.05928,241873345285.4063,,,3.005434456537094,,1159426500000.0,1.1594265,60.20577447734658,60205774477.34658,180.94450909671897,180944509096.71896,,,,,,,,,,,
opt_B75_2_2,B75,7.5 % biomass,7.5,1.35,2.2,min_surplus_loss,G3,biomass_trajectory_constraint,4,2050.0,4.179270263193757e-12,0.0,4.179270263193757e-12,True,0.0001,True,4.373098545028002,1e-10,24.18733452854063,2.255941018298854e-16,4.025406559028753e-16,0.560425632844193,0.059776855385635284,False,Positive directional derivative for linesearch,4.263256414560601e-14,70,0.1246043549411489,False,7,43730985450.28002,241873345285.4063,,,3.7453181345368614,,1182661500000.0,1.1826615,36.97675577524087,36976755775.24087,138.48971396135025,138489713961.35025,,,,,,,,,,,
opt_B75_2_2,B75,7.5 % biomass,7.5,1.35,2.2,min_surplus_loss,G4,electricity_trajectory_constraint,0,2030.0,-0.6669566077052461,0.0,0.6669566077052461,False,0.0001,True,0.0,1e-10,24.18733452854063,2.255941018298854e-16,4.025406559028753e-16,0.560425632844193,0.059776855385635284,False,Positive directional derivative for linesearch,4.263256414560601e-14,70,0.1246043549411489,False,7,0.0,241873345285.4063,,,1.552969421732896,,1065287574000.0001,1.065287574,0.0,0.0,0.0,0.0,,,,,,,,,,,
opt_B75_2_2,B75,7.5 % biomass,7.5,1.35,2.2,min_surplus_loss,G4,electricity_trajectory_constraint,1,2035.0,-0.3492910041156584,0.0,0.3492910041156584,False,0.0001,True,0.0,1e-10,24.18733452854063,2.255941018298854e-16,4.025406559028753e-16,0.560425632844193,0.059776855385635284,False,Positive directional derivative for linesearch,4.263256414560601e-14,70,0.1246043549411489,False,7,0.0,241873345285.4063,,,1.9352824430911528,,1356710238000.0002,1.3567102380000002,0.0,0.0,0.0,0.0,,,,,,,,,,,
opt_B75_2_2,B75,7.5 % biomass,7.5,1.35,2.2,min_surplus_loss,G4,electricity_trajectory_constraint,2,2040.0,2.7142448288941523e-11,0.0,2.7142448288941523e-11,True,0.0001,True,5.722132610913267,1e-10,24.18733452854063,2.255941018298854e-16,4.025406559028753e-16,0.560425632844193,0.059776855385635284,False,Positive directional derivative for linesearch,4.263256414560601e-14,70,0.1246043549411489,False,7,57221326109.13267,241873345285.4063,,,2.411714024837406,,1648132902000.0002,1.6481329020000002,34.71887858054099,34718878580.540985,83.73200639931771,83732006399.3177,,,,,,,,,,,
opt_B75_2_2,B75,7.5 % biomass,7.5,1.35,2.2,min_surplus_loss,G4,electricity_trajectory_constraint,3,2045.0,1.4277645732363453e-12,0.0,1.4277645732363453e-12,True,0.0001,True,9.734977799750009,1e-10,24.18733452854063,2.255941018298854e-16,4.025406559028753e-16,0.560425632844193,0.059776855385635284,False,Positive directional derivative for linesearch,4.263256414560601e-14,70,0.1246043549411489,False,7,97349777997.50009,241873345285.4063,,,3.005434456537094,,1895265009000.0002,1.8952650090000003,51.36473133583826,51364731335.83826,154.3733334074989,154373333407.4989,,,,,,,,,,,
opt_B75_2_2,B75,7.5 % biomass,7.5,1.35,2.2,min_surplus_loss,G4,electricity_trajectory_constraint,4,2050.0,3.481659405224491e-12,0.0,3.481659405224491e-12,True,0.0001,True,7.734039455775847,1e-10,24.18733452854063,2.255941018298854e-16,4.025406559028753e-16,0.560425632844193,0.059776855385635284,False,Positive directional derivative for linesearch,4.263256414560601e-14,70,0.1246043549411489,False,7,77340394557.75847,241873345285.4063,,,3.7453181345368614,,2142397116000.0002,2.142397116,36.09993403191197,36099934031.91197,135.2057375853043,135205737585.3043,,,,,,,,,,,
opt_B75_2_2,B75,7.5 % biomass,7.5,1.35,2.2,min_surplus_loss,G5,biofuel_use_growth_constraint,0,2030.0,4.226839153843899e-05,0.0,4.226839153843899e-05,True,0.0001,True,5.872058248370221,1e-10,24.18733452854063,2.255941018298854e-16,4.025406559028753e-16,0.560425632844193,0.059776855385635284,False,Positive directional derivative for linesearch,4.263256414560601e-14,70,0.1246043549411489,False,7,58720582483.70221,241873345285.4063,,,1.552969421732896,,,,,,,,volume,89799803521.1634,154900000000.0,36088527006.640396,379.0870399206082,1895435199603.0408,0.0,588.7105811719422,2943552905859.7104,0.0,
opt_B75_2_2,B75,7.5 % biomass,7.5,1.35,2.2,min_surplus_loss,G5,biofuel_use_growth_constraint,1,2035.0,0.0004603624827304788,0.0,0.0004603624827304788,False,0.0001,True,1.7214868663843166,1e-10,24.18733452854063,2.255941018298854e-16,4.025406559028753e-16,0.560425632844193,0.059776855385635284,False,Positive directional derivative for linesearch,4.263256414560601e-14,70,0.1246043549411489,False,7,17214868663.843166,241873345285.4063,,,1.9352824430911528,,,,,,,,rate,385457059961.29663,154900000000.0,154906547373.8493,111.1353690370766,0.0,178491302528.1053,215.07832850391046,0.0,345431084027.11365,
opt_B75_2_2,B75,7.5 % biomass,7.5,1.35,2.2,min_surplus_loss,G5,biofuel_use_growth_constraint,2,2040.0,-2.7071975922571094,0.0,2.7071975922571094,False,0.0001,True,0.0,1e-10,24.18733452854063,2.255941018298854e-16,4.025406559028753e-16,0.560425632844193,0.059776855385635284,False,Positive directional derivative for linesearch,4.263256414560601e-14,70,0.1246043549411489,False,7,0.0,241873345285.4063,,,2.411714024837406,,,,,,,,rate,959317953911.7958,154900000000.0,385528370109.8717,0.0,0.0,0.0,0.0,0.0,0.0,
opt_B75_2_2,B75,7.5 % biomass,7.5,1.35,2.2,min_surplus_loss,G5,biofuel_use_growth_constraint,3,2045.0,-5.1172399732126665,0.0,5.1172399732126665,False,0.0001,True,0.0,1e-10,24.18733452854063,2.255941018298854e-16,4.025406559028753e-16,0.560425632844193,0.059776855385635284,False,Positive directional derivative for linesearch,4.263256414560601e-14,70,0.1246043549411489,False,7,0.0,241873345285.4063,,,3.005434456537094,,,,,,,,rate,1343625731990.4673,154900000000.0,539973046871.1691,0.0,0.0,0.0,0.0,0.0,0.0,
opt_B75_2_2,B75,7.5 % biomass,7.5,1.35,2.2,min_surplus_loss,G5,biofuel_use_growth_constraint,4,2050.0,-5.222538592582898,0.0,5.222538592582898,False,0.0001,True,0.0,1e-10,24.18733452854063,2.255941018298854e-16,4.025406559028753e-16,0.560425632844193,0.059776855385635284,False,Positive directional derivative for linesearch,4.263256414560601e-14,70,0.1246043549411489,False,7,0.0,241873345285.4063,,,3.7453181345368614,,,,,,,,rate,1370977876111.1294,154900000000.0,550965260139.8252,0.0,0.0,0.0,0.0,0.0,0.0,
opt_B75_2_2,B75,7.5 % biomass,7.5,1.35,2.2,min_surplus_loss,G6,electrofuel_use_growth_constraint,0,2030.0,4.4845275681891545e-11,0.0,4.4845275681891545e-11,True,0.0001,True,0.0,1e-10,24.18733452854063,2.255941018298854e-16,4.025406559028753e-16,0.560425632844193,0.059776855385635284,False,Positive directional derivative for linesearch,4.263256414560601e-14,70,0.1246043549411489,False,7,0.0,241873345285.4063,,,1.552969421732896,,,,,,,,volume,0.0,154900000000.0,0.0,0.0,0.0,0.0,0.0,0.0,0.0,
opt_B75_2_2,B75,7.5 % biomass,7.5,1.35,2.2,min_surplus_loss,G6,electrofuel_use_growth_constraint,1,2035.0,4.228270538704406e-10,0.0,4.228270538704406e-10,True,0.0001,True,0.4308009104570667,1e-10,24.18733452854063,2.255941018298854e-16,4.025406559028753e-16,0.560425632844193,0.059776855385635284,False,Positive directional derivative for linesearch,4.263256414560601e-14,70,0.1246043549411489,False,7,4308009104.570667,241873345285.4063,,,1.9352824430911528,,,,,,,,rate,385440768017.2851,154900000000.0,154900000006.94653,27.8115500617861,0.0,44665438398.19171,53.823204549725304,0.0,86440238744.98984,
opt_B75_2_2,B75,7.5 % biomass,7.5,1.35,2.2,min_surplus_loss,G6,electrofuel_use_growth_constraint,2,2040.0,-1.5463211165815174,0.0,1.5463211165815174,False,0.0001,True,0.0,1e-10,24.18733452854063,2.255941018298854e-16,4.025406559028753e-16,0.560425632844193,0.059776855385635284,False,Positive directional derivative for linesearch,4.263256414560601e-14,70,0.1246043549411489,False,7,0.0,241873345285.4063,,,2.411714024837406,,,,,,,,rate,959099972035.7454,154900000000.0,385440768082.781,0.0,0.0,0.0,0.0,0.0,0.0,
opt_B75_2_2,B75,7.5 % biomass,7.5,1.35,2.2,min_surplus_loss,G6,electrofuel_use_growth_constraint,3,2045.0,-6.217299766203844,0.0,6.217299766203844,False,0.0001,True,0.0,1e-10,24.18733452854063,2.255941018298854e-16,4.025406559028753e-16,0.560425632844193,0.059776855385635284,False,Positive directional derivative for linesearch,4.263256414560601e-14,70,0.1246043549411489,False,7,0.0,241873345285.4063,,,3.005434456537094,,,,,,,,rate,1790532443666.1877,154900000000.0,719574831077.2683,0.0,0.0,0.0,0.0,0.0,0.0,
opt_B75_2_2,B75,7.5 % biomass,7.5,1.35,2.2,min_surplus_loss,G6,electrofuel_use_growth_constraint,4,2050.0,-7.254011005460841,0.0,7.254011005460841,False,0.0001,True,0.0,1e-10,24.18733452854063,2.255941018298854e-16,4.025406559028753e-16,0.560425632844193,0.059776855385635284,False,Positive directional derivative for linesearch,4.263256414560601e-14,70,0.1246043549411489,False,7,0.0,241873345285.4063,,,3.7453181345368614,,,,,,,,rate,2059016893451.6177,154900000000.0,827472709881.2123,0.0,0.0,0.0,0.0,0.0,0.0,
opt_B75_2_4,B75,7.5 % biomass,7.5,1.35,2.4,min_surplus_loss,G1,aviation_carbon_budget_constraint,0,,6.124263588704738e-09,0.0,6.124263588704738e-09,True,0.0001,True,71.00165385458604,1e-10,19.486993621550276,1.5993360207877824e-16,2.7785342231795407e-16,0.5756042187443801,0.0,True,The KKT residual norm is smaller than the tolerance kkt_tol_abs or kkt_tol_rel. GEMSEO stopped the driver.,0.0,13,0.12460434494512508,False,11,710016538545.8604,194869936215.50275,2.2430543261640237,316.54005445338476,,,,,,,,,,,,,,,,,,,
opt_B75_2_4,B75,7.5 % biomass,7.5,1.35,2.4,min_surplus_loss,G2,blend_completeness_constraint,0,2030.0,-0.8559491423766454,0.0,0.8559491423766454,False,0.0001,True,0.0,1e-10,19.486993621550276,1.5993360207877824e-16,2.7785342231795407e-16,0.5756042187443801,0.0,True,The KKT residual norm is smaller than the tolerance kkt_tol_abs or kkt_tol_rel. GEMSEO stopped the driver.,0.0,13,0.12460434494512508,False,11,0.0,194869936215.50275,,,1.552969421732896,,,,,,,,,,,,,,,,,,
opt_B75_2_4,B75,7.5 % biomass,7.5,1.35,2.4,min_surplus_loss,G2,blend_completeness_constraint,1,2035.0,-0.6298919128017747,0.0,0.6298919128017747,False,0.0001,True,0.0,1e-10,19.486993621550276,1.5993360207877824e-16,2.7785342231795407e-16,0.5756042187443801,0.0,True,The KKT residual norm is smaller than the tolerance kkt_tol_abs or kkt_tol_rel. GEMSEO stopped the driver.,0.0,13,0.12460434494512508,False,11,0.0,194869936215.50275,,,1.9352824430911528,,,,,,,,,,,,,,,,,,
opt_B75_2_4,B75,7.5 % biomass,7.5,1.35,2.4,min_surplus_loss,G2,blend_completeness_constraint,2,2040.0,-0.26272695535190466,0.0,0.26272695535190466,False,0.0001,True,0.0,1e-10,19.486993621550276,1.5993360207877824e-16,2.7785342231795407e-16,0.5756042187443801,0.0,True,The KKT residual norm is smaller than the tolerance kkt_tol_abs or kkt_tol_rel. GEMSEO stopped the driver.,0.0,13,0.12460434494512508,False,11,0.0,194869936215.50275,,,2.411714024837406,,,,,,,,,,,,,,,,,,
opt_B75_2_4,B75,7.5 % biomass,7.5,1.35,2.4,min_surplus_loss,G2,blend_completeness_constraint,3,2045.0,-0.1476960971582804,0.0,0.1476960971582804,False,0.0001,True,0.0,1e-10,19.486993621550276,1.5993360207877824e-16,2.7785342231795407e-16,0.5756042187443801,0.0,True,The KKT residual norm is smaller than the tolerance kkt_tol_abs or kkt_tol_rel. GEMSEO stopped the driver.,0.0,13,0.12460434494512508,False,11,0.0,194869936215.50275,,,3.005434456537094,,,,,,,,,,,,,,,,,,
opt_B75_2_4,B75,7.5 % biomass,7.5,1.35,2.4,min_surplus_loss,G2,blend_completeness_constraint,4,2050.0,-0.12459435494512505,0.0,0.12459435494512505,False,0.0001,True,0.0,1e-10,19.486993621550276,1.5993360207877824e-16,2.7785342231795407e-16,0.5756042187443801,0.0,True,The KKT residual norm is smaller than the tolerance kkt_tol_abs or kkt_tol_rel. GEMSEO stopped the driver.,0.0,13,0.12460434494512508,False,11,0.0,194869936215.50275,,,3.7453181345368614,,,,,,,,,,,,,,,,,,
opt_B75_2_4,B75,7.5 % biomass,7.5,1.35,2.4,min_surplus_loss,G3,biomass_trajectory_constraint,0,2030.0,-0.6108451225039633,0.0,0.6108451225039633,False,0.0001,True,0.0,1e-10,19.486993621550276,1.5993360207877824e-16,2.7785342231795407e-16,0.5756042187443801,0.0,True,The KKT residual norm is smaller than the tolerance kkt_tol_abs or kkt_tol_rel. GEMSEO stopped the driver.,0.0,13,0.12460434494512508,False,11,0.0,194869936215.50275,,,1.552969421732896,,837621750000.0,0.83762175,0.0,0.0,0.0,0.0,,,,,,,,,,,
opt_B75_2_4,B75,7.5 % biomass,7.5,1.35,2.4,min_surplus_loss,G3,biomass_trajectory_constraint,1,2035.0,-0.17813480192184586,0.0,0.17813480192184586,False,0.0001,True,0.0,1e-10,19.486993621550276,1.5993360207877824e-16,2.7785342231795407e-16,0.5756042187443801,0.0,True,The KKT residual norm is smaller than the tolerance kkt_tol_abs or kkt_tol_rel. GEMSEO stopped the driver.,0.0,13,0.12460434494512508,False,11,0.0,194869936215.50275,,,1.9352824430911528,,986906625000.0,0.986906625,0.0,0.0,0.0,0.0,,,,,,,,,,,
opt_B75_2_4,B75,7.5 % biomass,7.5,1.35,2.4,min_surplus_loss,G3,biomass_trajectory_constraint,2,2040.0,2.1608377664961154e-09,0.0,2.1608377664961154e-09,True,0.0001,True,4.195744335794651,1e-10,19.486993621550276,1.5993360207877824e-16,2.7785342231795407e-16,0.5756042187443801,0.0,True,The KKT residual norm is smaller than the tolerance kkt_tol_abs or kkt_tol_rel. GEMSEO stopped the driver.,0.0,13,0.12460434494512508,False,11,41957443357.94651,194869936215.50275,,,2.411714024837406,,1136191500000.0,1.1361915,36.92814403025063,36928144030.25063,89.06012286897116,89060122868.97118,,,,,,,,,,,
opt_B75_2_4,B75,7.5 % biomass,7.5,1.35,2.4,min_surplus_loss,G3,biomass_trajectory_constraint,3,2045.0,0.0,0.0,0.0,True,0.0001,True,4.686072364877891,1e-10,19.486993621550276,1.5993360207877824e-16,2.7785342231795407e-16,0.5756042187443801,0.0,True,The KKT residual norm is smaller than the tolerance kkt_tol_abs or kkt_tol_rel. GEMSEO stopped the driver.,0.0,13,0.12460434494512508,False,11,46860723648.77891,194869936215.50275,,,3.005434456537094,,1159426500000.0,1.1594265,40.41715766267108,40417157662.67108,121.4711182746839,121471118274.68391,,,,,,,,,,,
opt_B75_2_4,B75,7.5 % biomass,7.5,1.35,2.4,min_surplus_loss,G3,biomass_trajectory_constraint,4,2050.0,0.0,0.0,0.0,True,0.0001,True,2.9911939884518253,1e-10,19.486993621550276,1.5993360207877824e-16,2.7785342231795407e-16,0.5756042187443801,0.0,True,The KKT residual norm is smaller than the tolerance kkt_tol_abs or kkt_tol_rel. GEMSEO stopped the driver.,0.0,13,0.12460434494512508,False,11,29911939884.518253,194869936215.50275,,,3.7453181345368614,,1182661500000.0,1.1826615,25.292055152313875,25292055152.313873,94.72679282166762,94726792821.6676,,,,,,,,,,,
opt_B75_2_4,B75,7.5 % biomass,7.5,1.35,2.4,min_surplus_loss,G4,electricity_trajectory_constraint,0,2030.0,-0.7780573811403496,0.0,0.7780573811403496,False,0.0001,True,0.0,1e-10,19.486993621550276,1.5993360207877824e-16,2.7785342231795407e-16,0.5756042187443801,0.0,True,The KKT residual norm is smaller than the tolerance kkt_tol_abs or kkt_tol_rel. GEMSEO stopped the driver.,0.0,13,0.12460434494512508,False,11,0.0,194869936215.50275,,,1.552969421732896,,1065287574000.0001,1.065287574,0.0,0.0,0.0,0.0,,,,,,,,,,,
opt_B75_2_4,B75,7.5 % biomass,7.5,1.35,2.4,min_surplus_loss,G4,electricity_trajectory_constraint,1,2035.0,-0.5663626617234196,0.0,0.5663626617234196,False,0.0001,True,0.0,1e-10,19.486993621550276,1.5993360207877824e-16,2.7785342231795407e-16,0.5756042187443801,0.0,True,The KKT residual norm is smaller than the tolerance kkt_tol_abs or kkt_tol_rel. GEMSEO stopped the driver.,0.0,13,0.12460434494512508,False,11,0.0,194869936215.50275,,,1.9352824430911528,,1356710238000.0002,1.3567102380000002,0.0,0.0,0.0,0.0,,,,,,,,,,,
opt_B75_2_4,B75,7.5 % biomass,7.5,1.35,2.4,min_surplus_loss,G4,electricity_trajectory_constraint,2,2040.0,-0.11176518715804776,0.0,0.11176518715804776,False,0.0001,True,0.0,1e-10,19.486993621550276,1.5993360207877824e-16,2.7785342231795407e-16,0.5756042187443801,0.0,True,The KKT residual norm is smaller than the tolerance kkt_tol_abs or kkt_tol_rel. GEMSEO stopped the driver.,0.0,13,0.12460434494512508,False,11,0.0,194869936215.50275,,,2.411714024837406,,1648132902000.0002,1.6481329020000002,0.0,0.0,0.0,0.0,,,,,,,,,,,
opt_B75_2_4,B75,7.5 % biomass,7.5,1.35,2.4,min_surplus_loss,G4,electricity_trajectory_constraint,3,2045.0,-1.4210854715202004e-16,0.0,1.4210854715202004e-16,True,0.0001,True,5.060099353607616,1e-10,19.486993621550276,1.5993360207877824e-16,2.7785342231795407e-16,0.5756042187443801,0.0,True,The KKT residual norm is smaller than the tolerance kkt_tol_abs or kkt_tol_rel. GEMSEO stopped the driver.,0.0,13,0.12460434494512508,False,11,50600993536.07616,194869936215.50275,,,3.005434456537094,,1895265009000.0002,1.8952650090000003,26.69863754978244,26698637549.78244,80.24100523471124,80241005234.71124,,,,,,,,,,,
opt_B75_2_4,B75,7.5 % biomass,7.5,1.35,2.4,min_surplus_loss,G4,electricity_trajectory_constraint,4,2050.0,0.0,0.0,0.0,True,0.0001,True,4.595911063895646,1e-10,19.486993621550276,1.5993360207877824e-16,2.7785342231795407e-16,0.5756042187443801,0.0,True,The KKT residual norm is smaller than the tolerance kkt_tol_abs or kkt_tol_rel. GEMSEO stopped the driver.,0.0,13,0.12460434494512508,False,11,45959110638.95646,194869936215.50275,,,3.7453181345368614,,2142397116000.0002,2.142397116,21.452190303899034,21452190303.899033,80.34527737072888,80345277370.72887,,,,,,,,,,,
opt_B75_2_4,B75,7.5 % biomass,7.5,1.35,2.4,min_surplus_loss,G5,biofuel_use_growth_constraint,0,2030.0,4.230437700482166e-11,0.0,4.230437700482166e-11,True,0.0001,True,3.590305147955418,1e-10,19.486993621550276,1.5993360207877824e-16,2.7785342231795407e-16,0.5756042187443801,0.0,True,The KKT residual norm is smaller than the tolerance kkt_tol_abs or kkt_tol_rel. GEMSEO stopped the driver.,0.0,13,0.12460434494512508,False,11,35903051479.55418,194869936215.50275,,,1.552969421732896,,,,,,,,volume,89799803521.1634,154900000000.0,36088527006.640396,231.78212704683136,1158910635234.1565,0.0,359.9505558079383,1799752779039.6912,0.0,
opt_B75_2_4,B75,7.5 % biomass,7.5,1.35,2.4,min_surplus_loss,G5,biofuel_use_growth_constraint,1,2035.0,4.4939850621872984e-09,0.0,4.4939850621872984e-09,True,0.0001,True,1.0701907061290572,1e-10,19.486993621550276,1.5993360207877824e-16,2.7785342231795407e-16,0.5756042187443801,0.0,True,The KKT residual norm is smaller than the tolerance kkt_tol_abs or kkt_tol_rel. GEMSEO stopped the driver.,0.0,13,0.12460434494512508,False,11,10701907061.290571,194869936215.50275,,,1.9352824430911528,,,,,,,,rate,385440768016.3057,154900000000.0,154900000006.55295,69.08913532143687,0.0,110957372416.15462,133.70699059592562,0.0,214733854768.5106,
opt_B75_2_4,B75,7.5 % biomass,7.5,1.35,2.4,min_surplus_loss,G5,biofuel_use_growth_constraint,2,2040.0,-2.7061078132646434,0.0,2.7061078132646434,False,0.0001,True,0.0,1e-10,19.486993621550276,1.5993360207877824e-16,2.7785342231795407e-16,0.5756042187443801,0.0,True,The KKT residual norm is smaller than the tolerance kkt_tol_abs or kkt_tol_rel. GEMSEO stopped the driver.,0.0,13,0.12460434494512508,False,11,0.0,194869936215.50275,,,2.411714024837406,,,,,,,,rate,959099973602.4987,154900000000.0,385440768712.424,0.0,0.0,0.0,0.0,0.0,0.0,
opt_B75_2_4,B75,7.5 % biomass,7.5,1.35,2.4,min_surplus_loss,G5,biofuel_use_growth_constraint,3,2045.0,-5.1164500473857,0.0,5.1164500473857,False,0.0001,True,0.0,1e-10,19.486993621550276,1.5993360207877824e-16,2.7785342231795407e-16,0.5756042187443801,0.0,True,The KKT residual norm is smaller than the tolerance kkt_tol_abs or kkt_tol_rel. GEMSEO stopped the driver.,0.0,13,0.12460434494512508,False,11,0.0,194869936215.50275,,,3.005434456537094,,,,,,,,rate,1343503372479.0444,154900000000.0,539923873327.8054,0.0,0.0,0.0,0.0,0.0,0.0,
opt_B75_2_4,B75,7.5 % biomass,7.5,1.35,2.4,min_surplus_loss,G5,biofuel_use_growth_constraint,4,2050.0,-5.222538592584798,0.0,5.222538592584798,False,0.0001,True,0.0,1e-10,19.486993621550276,1.5993360207877824e-16,2.7785342231795407e-16,0.5756042187443801,0.0,True,The KKT residual norm is smaller than the tolerance kkt_tol_abs or kkt_tol_rel. GEMSEO stopped the driver.,0.0,13,0.12460434494512508,False,11,0.0,194869936215.50275,,,3.7453181345368614,,,,,,,,rate,1370977876109.075,154900000000.0,550965260138.9995,0.0,0.0,0.0,0.0,0.0,0.0,
opt_B75_2_4,B75,7.5 % biomass,7.5,1.35,2.4,min_surplus_loss,G6,electrofuel_use_growth_constraint,0,2030.0,-0.3335924867252197,0.0,0.3335924867252197,False,0.0001,True,0.0,1e-10,19.486993621550276,1.5993360207877824e-16,2.7785342231795407e-16,0.5756042187443801,0.0,True,The KKT residual norm is smaller than the tolerance kkt_tol_abs or kkt_tol_rel. GEMSEO stopped the driver.,0.0,13,0.12460434494512508,False,11,0.0,194869936215.50275,,,1.552969421732896,,,,,,,,volume,0.0,154900000000.0,0.0,0.0,0.0,0.0,0.0,0.0,0.0,
opt_B75_2_4,B75,7.5 % biomass,7.5,1.35,2.4,min_surplus_loss,G6,electrofuel_use_growth_constraint,1,2035.0,-9.729082593924004e-08,0.0,9.729082593924004e-08,True,0.0001,True,0.6640628971306229,1e-10,19.486993621550276,1.5993360207877824e-16,2.7785342231795407e-16,0.5756042187443801,0.0,True,The KKT residual norm is smaller than the tolerance kkt_tol_abs or kkt_tol_rel. GEMSEO stopped the driver.,0.0,13,0.12460434494512508,False,11,6640628971.30623,194869936215.50275,,,1.9352824430911528,,,,,,,,rate,256860623717.60147,154900000000.0,103226523806.26347,42.87042589610219,0.0,45882184727.96677,82.96638256456687,0.0,88794986554.69911,
opt_B75_2_4,B75,7.5 % biomass,7.5,1.35,2.4,min_surplus_loss,G6,electrofuel_use_growth_constraint,2,2040.0,1.6579745485368585e-07,0.0,1.6579745485368585e-07,True,0.0001,True,0.3867244411714405,1e-10,19.486993621550276,1.5993360207877824e-16,2.7785342231795407e-16,0.5756042187443801,0.0,True,The KKT residual norm is smaller than the tolerance kkt_tol_abs or kkt_tol_rel. GEMSEO stopped the driver.,0.0,13,0.12460434494512508,False,11,3867244411.714405,194869936215.50275,,,2.411714024837406,,,,,,,,rate,639151389709.1312,154900000000.0,256860608647.25253,24.96607108918273,0.0,66487912634.2838,60.211023790869675,0.0,160349831382.2664,
opt_B75_2_4,B75,7.5 % biomass,7.5,1.35,2.4,min_surplus_loss,G6,electrofuel_use_growth_constraint,3,2045.0,-4.925374693777226,0.0,4.925374693777226,False,0.0001,True,0.0,1e-10,19.486993621550276,1.5993360207877824e-16,2.7785342231795407e-16,0.5756042187443801,0.0,True,The KKT residual norm is smaller than the tolerance kkt_tol_abs or kkt_tol_rel. GEMSEO stopped the driver.,0.0,13,0.12460434494512508,False,11,0.0,194869936215.50275,,,3.005434456537094,,,,,,,,rate,1590413249946.1233,154900000000.0,639151415391.157,0.0,0.0,0.0,0.0,0.0,0.0,
opt_B75_2_4,B75,7.5 % biomass,7.5,1.35,2.4,min_surplus_loss,G6,electrofuel_use_growth_constraint,4,2050.0,-7.25401100546289,0.0,7.25401100546289,False,0.0001,True,0.0,1e-10,19.486993621550276,1.5993360207877824e-16,2.7785342231795407e-16,0.5756042187443801,0.0,True,The KKT residual norm is smaller than the tolerance kkt_tol_abs or kkt_tol_rel. GEMSEO stopped the driver.,0.0,13,0.12460434494512508,False,11,0.0,194869936215.50275,,,3.7453181345368614,,,,,,,,rate,2059016893448.6782,154900000000.0,827472709880.031,0.0,0.0,0.0,0.0,0.0,0.0,
opt_B75_2_6,B75,7.5 % biomass,7.5,1.35,2.6,min_surplus_loss,G1,aviation_carbon_budget_constraint,0,,7.921355886231878e-07,0.0,7.921355886231878e-07,True,0.0001,True,70.52178710706968,1e-10,11.168107033173127,1.6124532318559717e-16,2.682133313609639e-16,0.601183104387126,0.0,True,The KKT residual norm is smaller than the tolerance kkt_tol_abs or kkt_tol_rel. GEMSEO stopped the driver.,0.0,13,0.12460434494512508,False,13,705217871070.6968,111681070331.73126,2.4906431623760783,283.1468922259894,,,,,,,,,,,,,,,,,,,
opt_B75_2_6,B75,7.5 % biomass,7.5,1.35,2.6,min_surplus_loss,G2,blend_completeness_constraint,0,2030.0,-0.9164204192445999,0.0,0.9164204192445999,False,0.0001,True,0.0,1e-10,11.168107033173127,1.6124532318559717e-16,2.682133313609639e-16,0.601183104387126,0.0,True,The KKT residual norm is smaller than the tolerance kkt_tol_abs or kkt_tol_rel. GEMSEO stopped the driver.,0.0,13,0.12460434494512508,False,13,0.0,111681070331.73126,,,1.552969421732896,,,,,,,,,,,,,,,,,,
opt_B75_2_6,B75,7.5 % biomass,7.5,1.35,2.6,min_surplus_loss,G2,blend_completeness_constraint,1,2035.0,-0.7042962570678998,0.0,0.7042962570678998,False,0.0001,True,0.0,1e-10,11.168107033173127,1.6124532318559717e-16,2.682133313609639e-16,0.601183104387126,0.0,True,The KKT residual norm is smaller than the tolerance kkt_tol_abs or kkt_tol_rel. GEMSEO stopped the driver.,0.0,13,0.12460434494512508,False,13,0.0,111681070331.73126,,,1.9352824430911528,,,,,,,,,,,,,,,,,,
opt_B75_2_6,B75,7.5 % biomass,7.5,1.35,2.6,min_surplus_loss,G2,blend_completeness_constraint,2,2040.0,-0.47671136557777644,0.0,0.47671136557777644,False,0.0001,True,0.0,1e-10,11.168107033173127,1.6124532318559717e-16,2.682133313609639e-16,0.601183104387126,0.0,True,The KKT residual norm is smaller than the tolerance kkt_tol_abs or kkt_tol_rel. GEMSEO stopped the driver.,0.0,13,0.12460434494512508,False,13,0.0,111681070331.73126,,,2.411714024837406,,,,,,,,,,,,,,,,,,
opt_B75_2_6,B75,7.5 % biomass,7.5,1.35,2.6,min_surplus_loss,G2,blend_completeness_constraint,3,2045.0,-0.14769609715710275,0.0,0.14769609715710275,False,0.0001,True,0.0,1e-10,11.168107033173127,1.6124532318559717e-16,2.682133313609639e-16,0.601183104387126,0.0,True,The KKT residual norm is smaller than the tolerance kkt_tol_abs or kkt_tol_rel. GEMSEO stopped the driver.,0.0,13,0.12460434494512508,False,13,0.0,111681070331.73126,,,3.005434456537094,,,,,,,,,,,,,,,,,,
opt_B75_2_6,B75,7.5 % biomass,7.5,1.35,2.6,min_surplus_loss,G2,blend_completeness_constraint,4,2050.0,-0.1245943549451249,0.0,0.1245943549451249,False,0.0001,True,0.0,1e-10,11.168107033173127,1.6124532318559717e-16,2.682133313609639e-16,0.601183104387126,0.0,True,The KKT residual norm is smaller than the tolerance kkt_tol_abs or kkt_tol_rel. GEMSEO stopped the driver.,0.0,13,0.12460434494512508,False,13,0.0,111681070331.73126,,,3.7453181345368614,,,,,,,,,,,,,,,,,,
opt_B75_2_6,B75,7.5 % biomass,7.5,1.35,2.6,min_surplus_loss,G3,biomass_trajectory_constraint,0,2030.0,-0.6108450477814906,0.0,0.6108450477814906,False,0.0001,True,0.0,1e-10,11.168107033173127,1.6124532318559717e-16,2.682133313609639e-16,0.601183104387126,0.0,True,The KKT residual norm is smaller than the tolerance kkt_tol_abs or kkt_tol_rel. GEMSEO stopped the driver.,0.0,13,0.12460434494512508,False,13,0.0,111681070331.73126,,,1.552969421732896,,837621750000.0,0.83762175,0.0,0.0,0.0,0.0,,,,,,,,,,,
opt_B75_2_6,B75,7.5 % biomass,7.5,1.35,2.6,min_surplus_loss,G3,biomass_trajectory_constraint,1,2035.0,-0.17813479472956842,0.0,0.17813479472956842,False,0.0001,True,0.0,1e-10,11.168107033173127,1.6124532318559717e-16,2.682133313609639e-16,0.601183104387126,0.0,True,The KKT residual norm is smaller than the tolerance kkt_tol_abs or kkt_tol_rel. GEMSEO stopped the driver.,0.0,13,0.12460434494512508,False,13,0.0,111681070331.73126,,,1.9352824430911528,,986906625000.0,0.986906625,0.0,0.0,0.0,0.0,,,,,,,,,,,
opt_B75_2_6,B75,7.5 % biomass,7.5,1.35,2.6,min_surplus_loss,G3,biomass_trajectory_constraint,2,2040.0,6.273109505627872e-08,0.0,6.273109505627872e-08,True,0.0001,True,3.4970733656880935,1e-10,11.168107033173127,1.6124532318559717e-16,2.682133313609639e-16,0.601183104387126,0.0,True,The KKT residual norm is smaller than the tolerance kkt_tol_abs or kkt_tol_rel. GEMSEO stopped the driver.,0.0,13,0.12460434494512508,False,13,34970733656.880936,111681070331.73126,,,2.411714024837406,,1136191500000.0,1.1361915,30.77890800704013,30778908007.04013,74.22992410975901,74229924109.75902,,,,,,,,,,,
opt_B75_2_6,B75,7.5 % biomass,7.5,1.35,2.6,min_surplus_loss,G3,biomass_trajectory_constraint,3,2045.0,2.842170943040401e-16,0.0,2.842170943040401e-16,True,0.0001,True,4.0063697636235585,1e-10,11.168107033173127,1.6124532318559717e-16,2.682133313609639e-16,0.601183104387126,0.0,True,The KKT residual norm is smaller than the tolerance kkt_tol_abs or kkt_tol_rel. GEMSEO stopped the driver.,0.0,13,0.12460434494512508,False,13,40063697636.23558,111681070331.73126,,,3.005434456537094,,1159426500000.0,1.1594265,34.554754127351394,34554754127.351395,103.85204869150924,103852048691.50925,,,,,,,,,,,
opt_B75_2_6,B75,7.5 % biomass,7.5,1.35,2.6,min_surplus_loss,G3,biomass_trajectory_constraint,4,2050.0,0.0,0.0,0.0,True,0.0001,True,2.548354204384273,1e-10,11.168107033173127,1.6124532318559717e-16,2.682133313609639e-16,0.601183104387126,0.0,True,The KKT residual norm is smaller than the tolerance kkt_tol_abs or kkt_tol_rel. GEMSEO stopped the driver.,0.0,13,0.12460434494512508,False,13,25483542043.842728,111681070331.73126,,,3.7453181345368614,,1182661500000.0,1.1826615,21.547621228764722,21547621228.76472,80.70269654422397,80702696544.22395,,,,,,,,,,,
opt_B75_2_6,B75,7.5 % biomass,7.5,1.35,2.6,min_surplus_loss,G4,electricity_trajectory_constraint,0,2030.0,-0.9999999601477603,0.0,0.9999999601477603,False,0.0001,True,0.0,1e-10,11.168107033173127,1.6124532318559717e-16,2.682133313609639e-16,0.601183104387126,0.0,True,The KKT residual norm is smaller than the tolerance kkt_tol_abs or kkt_tol_rel. GEMSEO stopped the driver.,0.0,13,0.12460434494512508,False,13,0.0,111681070331.73126,,,1.552969421732896,,1065287574000.0001,1.065287574,0.0,0.0,0.0,0.0,,,,,,,,,,,
opt_B75_2_6,B75,7.5 % biomass,7.5,1.35,2.6,min_surplus_loss,G4,electricity_trajectory_constraint,1,2035.0,-0.7559579510664116,0.0,0.7559579510664116,False,0.0001,True,0.0,1e-10,11.168107033173127,1.6124532318559717e-16,2.682133313609639e-16,0.601183104387126,0.0,True,The KKT residual norm is smaller than the tolerance kkt_tol_abs or kkt_tol_rel. GEMSEO stopped the driver.,0.0,13,0.12460434494512508,False,13,0.0,111681070331.73126,,,1.9352824430911528,,1356710238000.0002,1.3567102380000002,0.0,0.0,0.0,0.0,,,,,,,,,,,
opt_B75_2_6,B75,7.5 % biomass,7.5,1.35,2.6,min_surplus_loss,G4,electricity_trajectory_constraint,2,2040.0,-0.5001210211487086,0.0,0.5001210211487086,False,0.0001,True,0.0,1e-10,11.168107033173127,1.6124532318559717e-16,2.682133313609639e-16,0.601183104387126,0.0,True,The KKT residual norm is smaller than the tolerance kkt_tol_abs or kkt_tol_rel. GEMSEO stopped the driver.,0.0,13,0.12460434494512508,False,13,0.0,111681070331.73126,,,2.411714024837406,,1648132902000.0002,1.6481329020000002,0.0,0.0,0.0,0.0,,,,,,,,,,,
opt_B75_2_6,B75,7.5 % biomass,7.5,1.35,2.6,min_surplus_loss,G4,electricity_trajectory_constraint,3,2045.0,3.225864020350855e-14,0.0,3.225864020350855e-14,True,0.0001,True,3.6683753311149534,1e-10,11.168107033173127,1.6124532318559717e-16,2.682133313609639e-16,0.601183104387126,0.0,True,The KKT residual norm is smaller than the tolerance kkt_tol_abs or kkt_tol_rel. GEMSEO stopped the driver.,0.0,13,0.12460434494512508,False,13,36683753311.149536,111681070331.73126,,,3.005434456537094,,1895265009000.0002,1.8952650090000003,19.355474372686807,19355474372.686806,58.17160960229363,58171609602.293625,,,,,,,,,,,
opt_B75_2_6,B75,7.5 % biomass,7.5,1.35,2.6,min_surplus_loss,G4,electricity_trajectory_constraint,4,2050.0,0.0,0.0,0.0,True,0.0001,True,3.5902780558057827,1e-10,11.168107033173127,1.6124532318559717e-16,2.682133313609639e-16,0.601183104387126,0.0,True,The KKT residual norm is smaller than the tolerance kkt_tol_abs or kkt_tol_rel. GEMSEO stopped the driver.,0.0,13,0.12460434494512508,False,13,35902780558.05782,111681070331.73126,,,3.7453181345368614,,2142397116000.0002,2.142397116,16.758228570196515,16758228570.196514,62.764897366670745,62764897366.67074,,,,,,,,,,,
opt_B75_2_6,B75,7.5 % biomass,7.5,1.35,2.6,min_surplus_loss,G5,biofuel_use_growth_constraint,0,2030.0,1.9204258267998004e-07,0.0,1.9204258267998004e-07,True,0.0001,True,2.9525809636413225,1e-10,11.168107033173127,1.6124532318559717e-16,2.682133313609639e-16,0.601183104387126,0.0,True,The KKT residual norm is smaller than the tolerance kkt_tol_abs or kkt_tol_rel. GEMSEO stopped the driver.,0.0,13,0.12460434494512508,False,13,29525809636.413223,111681070331.73126,,,1.552969421732896,,,,,,,,volume,89799803521.1634,154900000000.0,36088527006.640396,190.61206995747722,953060349787.386,0.0,296.0147160571737,1480073580285.8684,0.0,
opt_B75_2_6,B75,7.5 % biomass,7.5,1.35,2.6,min_surplus_loss,G5,biofuel_use_growth_constraint,1,2035.0,-4.514882881061118e-07,0.0,4.514882881061118e-07,True,0.0001,True,0.8911161402674315,1e-10,11.168107033173127,1.6124532318559717e-16,2.682133313609639e-16,0.601183104387126,0.0,True,The KKT residual norm is smaller than the tolerance kkt_tol_abs or kkt_tol_rel. GEMSEO stopped the driver.,0.0,13,0.12460434494512508,False,13,8911161402.674314,111681070331.73126,,,1.9352824430911528,,,,,,,,rate,385440842021.04047,154900000000.0,154900029747.39606,57.528479035986535,0.0,92390939165.91846,111.33385545608219,0.0,178802562468.50476,
opt_B75_2_6,B75,7.5 % biomass,7.5,1.35,2.6,min_surplus_loss,G5,biofuel_use_growth_constraint,2,2040.0,-2.7061076563173794,0.0,2.7061076563173794,False,0.0001,True,0.0,1e-10,11.168107033173127,1.6124532318559717e-16,2.682133313609639e-16,0.601183104387126,0.0,True,The KKT residual norm is smaller than the tolerance kkt_tol_abs or kkt_tol_rel. GEMSEO stopped the driver.,0.0,13,0.12460434494512508,False,13,0.0,111681070331.73126,,,2.411714024837406,,,,,,,,rate,959099981995.8027,154900000000.0,385440772085.50464,0.0,0.0,0.0,0.0,0.0,0.0,
opt_B75_2_6,B75,7.5 % biomass,7.5,1.35,2.6,min_surplus_loss,G5,biofuel_use_growth_constraint,3,2045.0,-5.116450572746958,0.0,5.116450572746958,False,0.0001,True,0.0,1e-10,11.168107033173127,1.6124532318559717e-16,2.682133313609639e-16,0.601183104387126,0.0,True,The KKT residual norm is smaller than the tolerance kkt_tol_abs or kkt_tol_rel. GEMSEO stopped the driver.,0.0,13,0.12460434494512508,False,13,0.0,111681070331.73126,,,3.005434456537094,,,,,,,,rate,1343503453858.1448,154900000000.0,539923906032.24066,0.0,0.0,0.0,0.0,0.0,0.0,
opt_B75_2_6,B75,7.5 % biomass,7.5,1.35,2.6,min_surplus_loss,G5,biofuel_use_growth_constraint,4,2050.0,-5.222538592595104,0.0,5.222538592595104,False,0.0001,True,0.0,1e-10,11.168107033173127,1.6124532318559717e-16,2.682133313609639e-16,0.601183104387126,0.0,True,The KKT residual norm is smaller than the tolerance kkt_tol_abs or kkt_tol_rel. GEMSEO stopped the driver.,0.0,13,0.12460434494512508,False,13,0.0,111681070331.73126,,,3.7453181345368614,,,,,,,,rate,1370977876110.6711,154900000000.0,550965260139.641,0.0,0.0,0.0,0.0,0.0,0.0,
opt_B75_2_6,B75,7.5 % biomass,7.5,1.35,2.6,min_surplus_loss,G6,electrofuel_use_growth_constraint,0,2030.0,-0.9999998803391973,0.0,0.9999998803391973,False,0.0001,True,0.0,1e-10,11.168107033173127,1.6124532318559717e-16,2.682133313609639e-16,0.601183104387126,0.0,True,The KKT residual norm is smaller than the tolerance kkt_tol_abs or kkt_tol_rel. GEMSEO stopped the driver.,0.0,13,0.12460434494512508,False,13,0.0,111681070331.73126,,,1.552969421732896,,,,,,,,volume,0.0,154900000000.0,0.0,0.0,0.0,0.0,0.0,0.0,0.0,
opt_B75_2_6,B75,7.5 % biomass,7.5,1.35,2.6,min_surplus_loss,G6,electrofuel_use_growth_constraint,1,2035.0,-0.0667799044194215,0.0,0.0667799044194215,False,0.0001,True,0.0,1e-10,11.168107033173127,1.6124532318559717e-16,2.682133313609639e-16,0.601183104387126,0.0,True,The KKT residual norm is smaller than the tolerance kkt_tol_abs or kkt_tol_rel. GEMSEO stopped the driver.,0.0,13,0.12460434494512508,False,13,0.0,111681070331.73126,,,1.9352824430911528,,,,,,,,volume,46122.15170394655,154900000000.0,18535.458342956917,0.0,0.0,0.0,0.0,0.0,0.0,
opt_B75_2_6,B75,7.5 % biomass,7.5,1.35,2.6,min_surplus_loss,G6,electrofuel_use_growth_constraint,2,2040.0,-4.7682129540637355e-06,0.0,4.7682129540637355e-06,True,0.0001,True,0.1915230049858832,1e-10,11.168107033173127,1.6124532318559717e-16,2.682133313609639e-16,0.601183104387126,0.0,True,The KKT residual norm is smaller than the tolerance kkt_tol_abs or kkt_tol_rel. GEMSEO stopped the driver.,0.0,13,0.12460434494512508,False,13,1915230049.858832,111681070331.73126,,,2.411714024837406,,,,,,,,rate,359701070353.6115,154900000000.0,144555792805.4316,12.364299869973092,0.0,18531049572.509754,29.81915540370942,0.0,44691592148.97899,
opt_B75_2_6,B75,7.5 % biomass,7.5,1.35,2.6,min_surplus_loss,G6,electrofuel_use_growth_constraint,3,2045.0,-0.4362609402040954,0.0,0.4362609402040954,False,0.0001,True,0.0,1e-10,11.168107033173127,1.6124532318559717e-16,2.682133313609639e-16,0.601183104387126,0.0,True,The KKT residual norm is smaller than the tolerance kkt_tol_abs or kkt_tol_rel. GEMSEO stopped the driver.,0.0,13,0.12460434494512508,False,13,0.0,111681070331.73126,,,3.005434456537094,,,,,,,,rate,895049529518.6354,154900000000.0,359700331757.4249,0.0,0.0,0.0,0.0,0.0,0.0,
opt_B75_2_6,B75,7.5 % biomass,7.5,1.35,2.6,min_surplus_loss,G6,electrofuel_use_growth_constraint,4,2050.0,-7.2540110054787945,0.0,7.2540110054787945,False,0.0001,True,0.0,1e-10,11.168107033173127,1.6124532318559717e-16,2.682133313609639e-16,0.601183104387126,0.0,True,The KKT residual norm is smaller than the tolerance kkt_tol_abs or kkt_tol_rel. GEMSEO stopped the driver.,0.0,13,0.12460434494512508,False,13,0.0,111681070331.73126,,,3.7453181345368614,,,,,,,,rate,2059016893451.1416,154900000000.0,827472709881.021,0.0,0.0,0.0,0.0,0.0,0.0,
opt_B75_2_8,B75,7.5 % biomass,7.5,1.35,2.8,min_surplus_loss,G1,aviation_carbon_budget_constraint,0,,3.1113559148836517e-07,0.0,3.1113559148836517e-07,True,0.0001,True,61.699586917093335,1e-10,5.4105442357049744,1.539512110316623e-16,2.514150580234932e-16,0.6123388640360455,0.0,True,The KKT residual norm is smaller than the tolerance kkt_tol_abs or kkt_tol_rel. GEMSEO stopped the driver.,0.0,17,0.12460650339839555,False,17,616995869170.9333,54105442357.04974,2.7382319985881525,225.32636733814368,,,,,,,,,,,,,,,,,,,
opt_B75_2_8,B75,7.5 % biomass,7.5,1.35,2.8,min_surplus_loss,G2,blend_completeness_constraint,0,2030.0,-0.9164204355589334,0.0,0.9164204355589334,False,0.0001,True,0.0,1e-10,5.4105442357049744,1.539512110316623e-16,2.514150580234932e-16,0.6123388640360455,0.0,True,The KKT residual norm is smaller than the tolerance kkt_tol_abs or kkt_tol_rel. GEMSEO stopped the driver.,0.0,17,0.12460650339839555,False,17,0.0,54105442357.04974,,,1.552969421732896,,,,,,,,,,,,,,,,,,
opt_B75_2_8,B75,7.5 % biomass,7.5,1.35,2.8,min_surplus_loss,G2,blend_completeness_constraint,1,2035.0,-0.7384192960371425,0.0,0.7384192960371425,False,0.0001,True,0.0,1e-10,5.4105442357049744,1.539512110316623e-16,2.514150580234932e-16,0.6123388640360455,0.0,True,The KKT residual norm is smaller than the tolerance kkt_tol_abs or kkt_tol_rel. GEMSEO stopped the driver.,0.0,17,0.12460650339839555,False,17,0.0,54105442357.04974,,,1.9352824430911528,,,,,,,,,,,,,,,,,,
opt_B75_2_8,B75,7.5 % biomass,7.5,1.35,2.8,min_surplus_loss,G2,blend_completeness_constraint,2,2040.0,-0.5695571573961136,0.0,0.5695571573961136,False,0.0001,True,0.0,1e-10,5.4105442357049744,1.539512110316623e-16,2.514150580234932e-16,0.6123388640360455,0.0,True,The KKT residual norm is smaller than the tolerance kkt_tol_abs or kkt_tol_rel. GEMSEO stopped the driver.,0.0,17,0.12460650339839555,False,17,0.0,54105442357.04974,,,2.411714024837406,,,,,,,,,,,,,,,,,,
opt_B75_2_8,B75,7.5 % biomass,7.5,1.35,2.8,min_surplus_loss,G2,blend_completeness_constraint,3,2045.0,-0.352709182543984,0.0,0.352709182543984,False,0.0001,True,0.0,1e-10,5.4105442357049744,1.539512110316623e-16,2.514150580234932e-16,0.6123388640360455,0.0,True,The KKT residual norm is smaller than the tolerance kkt_tol_abs or kkt_tol_rel. GEMSEO stopped the driver.,0.0,17,0.12460650339839555,False,17,0.0,54105442357.04974,,,3.005434456537094,,,,,,,,,,,,,,,,,,
opt_B75_2_8,B75,7.5 % biomass,7.5,1.35,2.8,min_surplus_loss,G2,blend_completeness_constraint,4,2050.0,-0.12459651339839539,0.0,0.12459651339839539,False,0.0001,True,0.0,1e-10,5.4105442357049744,1.539512110316623e-16,2.514150580234932e-16,0.6123388640360455,0.0,True,The KKT residual norm is smaller than the tolerance kkt_tol_abs or kkt_tol_rel. GEMSEO stopped the driver.,0.0,17,0.12460650339839555,False,17,0.0,54105442357.04974,,,3.7453181345368614,,,,,,,,,,,,,,,,,,
opt_B75_2_8,B75,7.5 % biomass,7.5,1.35,2.8,min_surplus_loss,G3,biomass_trajectory_constraint,0,2030.0,-0.6108451225149509,0.0,0.6108451225149509,False,0.0001,True,0.0,1e-10,5.4105442357049744,1.539512110316623e-16,2.514150580234932e-16,0.6123388640360455,0.0,True,The KKT residual norm is smaller than the tolerance kkt_tol_abs or kkt_tol_rel. GEMSEO stopped the driver.,0.0,17,0.12460650339839555,False,17,0.0,54105442357.04974,,,1.552969421732896,,837621750000.0,0.83762175,0.0,0.0,0.0,0.0,,,,,,,,,,,
opt_B75_2_8,B75,7.5 % biomass,7.5,1.35,2.8,min_surplus_loss,G3,biomass_trajectory_constraint,1,2035.0,-0.17813480281472607,0.0,0.17813480281472607,False,0.0001,True,0.0,1e-10,5.4105442357049744,1.539512110316623e-16,2.514150580234932e-16,0.6123388640360455,0.0,True,The KKT residual norm is smaller than the tolerance kkt_tol_abs or kkt_tol_rel. GEMSEO stopped the driver.,0.0,17,0.12460650339839555,False,17,0.0,54105442357.04974,,,1.9352824430911528,,986906625000.0,0.986906625,0.0,0.0,0.0,0.0,,,,,,,,,,,
opt_B75_2_8,B75,7.5 % biomass,7.5,1.35,2.8,min_surplus_loss,G3,biomass_trajectory_constraint,2,2040.0,3.992443424749581e-09,0.0,3.992443424749581e-09,True,0.0001,True,2.30319259029406,1e-10,5.4105442357049744,1.539512110316623e-16,2.514150580234932e-16,0.6123388640360455,0.0,True,The KKT residual norm is smaller than the tolerance kkt_tol_abs or kkt_tol_rel. GEMSEO stopped the driver.,0.0,17,0.12460650339839555,False,17,23031925902.940598,54105442357.04974,,,2.411714024837406,,1136191500000.0,1.1361915,20.27116547073323,20271165470.73323,48.88825406556708,48888254065.567085,,,,,,,,,,,
opt_B75_2_8,B75,7.5 % biomass,7.5,1.35,2.8,min_surplus_loss,G3,biomass_trajectory_constraint,3,2045.0,2.2692614720654092e-08,0.0,2.2692614720654092e-08,True,0.0001,True,2.731862892416115,1e-10,5.4105442357049744,1.539512110316623e-16,2.514150580234932e-16,0.6123388640360455,0.0,True,The KKT residual norm is smaller than the tolerance kkt_tol_abs or kkt_tol_rel. GEMSEO stopped the driver.,0.0,17,0.12460650339839555,False,17,27318628924.161148,54105442357.04974,,,3.005434456537094,,1159426500000.0,1.1594265,23.562191242102152,23562191242.10215,70.81462143053035,70814621430.53035,,,,,,,,,,,
opt_B75_2_8,B75,7.5 % biomass,7.5,1.35,2.8,min_surplus_loss,G3,biomass_trajectory_constraint,4,2050.0,1.1898514529207205e-07,0.0,1.1898514529207205e-07,True,0.0001,True,1.8264445395331372,1e-10,5.4105442357049744,1.539512110316623e-16,2.514150580234932e-16,0.6123388640360455,0.0,True,The KKT residual norm is smaller than the tolerance kkt_tol_abs or kkt_tol_rel. GEMSEO stopped the driver.,0.0,17,0.12460650339839555,False,17,18264445395.33137,54105442357.04974,,,3.7453181345368614,,1182661500000.0,1.1826615,15.443510586360823,15443510586.360823,57.84086026000919,57840860260.009186,,,,,,,,,,,
opt_B75_2_8,B75,7.5 % biomass,7.5,1.35,2.8,min_surplus_loss,G4,electricity_trajectory_constraint,0,2030.0,-0.9999999601475555,0.0,0.9999999601475555,False,0.0001,True,0.0,1e-10,5.4105442357049744,1.539512110316623e-16,2.514150580234932e-16,0.6123388640360455,0.0,True,The KKT residual norm is smaller than the tolerance kkt_tol_abs or kkt_tol_rel. GEMSEO stopped the driver.,0.0,17,0.12460650339839555,False,17,0.0,54105442357.04974,,,1.552969421732896,,1065287574000.0001,1.065287574,0.0,0.0,0.0,0.0,,,,,,,,,,,
opt_B75_2_8,B75,7.5 % biomass,7.5,1.35,2.8,min_surplus_loss,G4,electricity_trajectory_constraint,1,2035.0,-0.8470424802008849,0.0,0.8470424802008849,False,0.0001,True,0.0,1e-10,5.4105442357049744,1.539512110316623e-16,2.514150580234932e-16,0.6123388640360455,0.0,True,The KKT residual norm is smaller than the tolerance kkt_tol_abs or kkt_tol_rel. GEMSEO stopped the driver.,0.0,17,0.12460650339839555,False,17,0.0,54105442357.04974,,,1.9352824430911528,,1356710238000.0002,1.3567102380000002,0.0,0.0,0.0,0.0,,,,,,,,,,,
opt_B75_2_8,B75,7.5 % biomass,7.5,1.35,2.8,min_surplus_loss,G4,electricity_trajectory_constraint,2,2040.0,-0.6866917471679855,0.0,0.6866917471679855,False,0.0001,True,0.0,1e-10,5.4105442357049744,1.539512110316623e-16,2.514150580234932e-16,0.6123388640360455,0.0,True,The KKT residual norm is smaller than the tolerance kkt_tol_abs or kkt_tol_rel. GEMSEO stopped the driver.,0.0,17,0.12460650339839555,False,17,0.0,54105442357.04974,,,2.411714024837406,,1648132902000.0002,1.6481329020000002,0.0,0.0,0.0,0.0,,,,,,,,,,,
opt_B75_2_8,B75,7.5 % biomass,7.5,1.35,2.8,min_surplus_loss,G4,electricity_trajectory_constraint,3,2045.0,-0.32204615714804574,0.0,0.32204615714804574,False,0.0001,True,0.0,1e-10,5.4105442357049744,1.539512110316623e-16,2.514150580234932e-16,0.6123388640360455,0.0,True,The KKT residual norm is smaller than the tolerance kkt_tol_abs or kkt_tol_rel. GEMSEO stopped the driver.,0.0,17,0.12460650339839555,False,17,0.0,54105442357.04974,,,3.005434456537094,,1895265009000.0002,1.8952650090000003,0.0,0.0,0.0,0.0,,,,,,,,,,,
opt_B75_2_8,B75,7.5 % biomass,7.5,1.35,2.8,min_surplus_loss,G4,electricity_trajectory_constraint,4,2050.0,-3.1395375422960115e-06,0.0,3.1395375422960115e-06,True,0.0001,True,1.951209250205996,1e-10,5.4105442357049744,1.539512110316623e-16,2.514150580234932e-16,0.6123388640360455,0.0,True,The KKT residual norm is smaller than the tolerance kkt_tol_abs or kkt_tol_rel. GEMSEO stopped the driver.,0.0,17,0.12460650339839555,False,17,19512092502.05996,54105442357.04974,,,3.7453181345368614,,2142397116000.0002,2.142397116,9.107598379562026,9107598379.562025,34.11085337305219,34110853373.052185,,,,,,,,,,,
opt_B75_2_8,B75,7.5 % biomass,7.5,1.35,2.8,min_surplus_loss,G5,biofuel_use_growth_constraint,0,2030.0,-9.850735353453842e-16,0.0,9.850735353453842e-16,True,0.0001,True,1.676218005014925,1e-10,5.4105442357049744,1.539512110316623e-16,2.514150580234932e-16,0.6123388640360455,0.0,True,The KKT residual norm is smaller than the tolerance kkt_tol_abs or kkt_tol_rel. GEMSEO stopped the driver.,0.0,17,0.12460650339839555,False,17,16762180050.149248,54105442357.04974,,,1.552969421732896,,,,,,,,volume,89799803521.1529,154900000000.0,36088527006.63617,108.2129118795949,541064559397.97437,0.0,168.05134318568733,840256715928.4364,0.0,
opt_B75_2_8,B75,7.5 % biomass,7.5,1.35,2.8,min_surplus_loss,G5,biofuel_use_growth_constraint,1,2035.0,1.882387263456262e-09,0.0,1.882387263456262e-09,True,0.0001,True,0.5289499765070756,1e-10,5.4105442357049744,1.539512110316623e-16,2.514150580234932e-16,0.6123388640360455,0.0,True,The KKT residual norm is smaller than the tolerance kkt_tol_abs or kkt_tol_rel. GEMSEO stopped the driver.,0.0,17,0.12460650339839555,False,17,5289499765.070756,54105442357.04974,,,1.9352824430911528,,,,,,,,rate,385440767999.9995,154900000000.0,154899999999.99985,34.14783579774536,0.0,54841533564.25354,66.08570708893616,0.0,106133857059.09406,
opt_B75_2_8,B75,7.5 % biomass,7.5,1.35,2.8,min_surplus_loss,G5,biofuel_use_growth_constraint,2,2040.0,-2.7061078001263623,0.0,2.7061078001263623,False,0.0001,True,0.0,1e-10,5.4105442357049744,1.539512110316623e-16,2.514150580234932e-16,0.6123388640360455,0.0,True,The KKT residual norm is smaller than the tolerance kkt_tol_abs or kkt_tol_rel. GEMSEO stopped the driver.,0.0,17,0.12460650339839555,False,17,0.0,54105442357.04974,,,2.411714024837406,,,,,,,,rate,959099972555.3074,154900000000.0,385440768291.5813,0.0,0.0,0.0,0.0,0.0,0.0,
opt_B75_2_8,B75,7.5 % biomass,7.5,1.35,2.8,min_surplus_loss,G5,biofuel_use_growth_constraint,3,2045.0,-5.116449982540561,0.0,5.116449982540561,False,0.0001,True,0.0,1e-10,5.4105442357049744,1.539512110316623e-16,2.514150580234932e-16,0.6123388640360455,0.0,True,The KKT residual norm is smaller than the tolerance kkt_tol_abs or kkt_tol_rel. GEMSEO stopped the driver.,0.0,17,0.12460650339839555,False,17,0.0,54105442357.04974,,,3.005434456537094,,,,,,,,rate,1343503374937.3264,154900000000.0,539923874315.7338,0.0,0.0,0.0,0.0,0.0,0.0,
opt_B75_2_8,B75,7.5 % biomass,7.5,1.35,2.8,min_surplus_loss,G5,biofuel_use_growth_constraint,4,2050.0,-5.2225383617286285,0.0,5.2225383617286285,False,0.0001,True,0.0,1e-10,5.4105442357049744,1.539512110316623e-16,2.514150580234932e-16,0.6123388640360455,0.0,True,The KKT residual norm is smaller than the tolerance kkt_tol_abs or kkt_tol_rel. GEMSEO stopped the driver.,0.0,17,0.12460650339839555,False,17,0.0,54105442357.04974,,,3.7453181345368614,,,,,,,,rate,1370977907220.027,154900000000.0,550965272641.7935,0.0,0.0,0.0,0.0,0.0,0.0,
opt_B75_2_8,B75,7.5 % biomass,7.5,1.35,2.8,min_surplus_loss,G6,electrofuel_use_growth_constraint,0,2030.0,-0.9999998803385822,0.0,0.9999998803385822,False,0.0001,True,0.0,1e-10,5.4105442357049744,1.539512110316623e-16,2.514150580234932e-16,0.6123388640360455,0.0,True,The KKT residual norm is smaller than the tolerance kkt_tol_abs or kkt_tol_rel. GEMSEO stopped the driver.,0.0,17,0.12460650339839555,False,17,0.0,54105442357.04974,,,1.552969421732896,,,,,,,,volume,0.0,154900000000.0,0.0,0.0,0.0,0.0,0.0,0.0,0.0,
opt_B75_2_8,B75,7.5 % biomass,7.5,1.35,2.8,min_surplus_loss,G6,electrofuel_use_growth_constraint,1,2035.0,-0.4150883756726798,0.0,0.4150883756726798,False,0.0001,True,0.0,1e-10,5.4105442357049744,1.539512110316623e-16,2.514150580234932e-16,0.6123388640360455,0.0,True,The KKT residual norm is smaller than the tolerance kkt_tol_abs or kkt_tol_rel. GEMSEO stopped the driver.,0.0,17,0.12460650339839555,False,17,0.0,54105442357.04974,,,1.9352824430911528,,,,,,,,volume,46122.38877274127,154900000000.0,18535.553615588542,0.0,0.0,0.0,0.0,0.0,0.0,
opt_B75_2_8,B75,7.5 % biomass,7.5,1.35,2.8,min_surplus_loss,G6,electrofuel_use_growth_constraint,2,2040.0,-3.3952479146387286e-07,0.0,3.3952479146387286e-07,True,0.0001,True,0.3596963128981576,1e-10,5.4105442357049744,1.539512110316623e-16,2.514150580234932e-16,0.6123388640360455,0.0,True,The KKT residual norm is smaller than the tolerance kkt_tol_abs or kkt_tol_rel. GEMSEO stopped the driver.,0.0,17,0.12460650339839555,False,17,3596963128.981576,54105442357.04974,,,2.411714024837406,,,,,,,,rate,225448785692.84973,154900000000.0,90602810608.3019,23.22119515159184,0.0,21813292705.26279,56.00288202058041,0.0,52607423945.16575,
opt_B75_2_8,B75,7.5 % biomass,7.5,1.35,2.8,min_surplus_loss,G6,electrofuel_use_growth_constraint,3,2045.0,-1.8594596327898038e-06,0.0,1.8594596327898038e-06,True,0.0001,True,0.23578054040254745,1e-10,5.4105442357049744,1.539512110316623e-16,2.514150580234932e-16,0.6123388640360455,0.0,True,The KKT residual norm is smaller than the tolerance kkt_tol_abs or kkt_tol_rel. GEMSEO stopped the driver.,0.0,17,0.12460650339839555,False,17,2357805404.0254745,54105442357.04974,,,3.005434456537094,,,,,,,,rate,560988591548.5353,154900000000.0,225448733100.45953,15.22146806988686,0.0,35579458057.61181,45.747124616317144,0.0,106931729191.26288,
opt_B75_2_8,B75,7.5 % biomass,7.5,1.35,2.8,min_surplus_loss,G6,electrofuel_use_growth_constraint,4,2050.0,-2.9732134495731946,0.0,2.9732134495731946,False,0.0001,True,0.0,1e-10,5.4105442357049744,1.539512110316623e-16,2.514150580234932e-16,0.6123388640360455,0.0,True,The KKT residual norm is smaller than the tolerance kkt_tol_abs or kkt_tol_rel. GEMSEO stopped the driver.,0.0,17,0.12460650339839555,False,17,0.0,54105442357.04974,,,3.7453181345368614,,,,,,,,rate,1395918415410.502,154900000000.0,560988303518.2382,0.0,0.0,0.0,0.0,0.0,0.0,
opt_B75_3_0,B75,7.5 % biomass,7.5,1.35,3.0,min_surplus_loss,G1,aviation_carbon_budget_constraint,0,,4.4299536010496456e-05,0.0,4.4299536010496456e-05,True,0.001,False,54.517420110096204,1e-10,-0.2250730858298828,3.7244476670305176e-16,5.963514070978432e-16,0.6245390926728288,0.0,True,The KKT residual norm is smaller than the tolerance kkt_tol_abs or kkt_tol_rel. GEMSEO stopped the driver.,0.0,19,0.19358398871832416,False,19,545174201100.96204,-2250730858.298828,2.985820834800208,182.5877141544702,,,,,,,,,,,,,,,,,,,
opt_B75_3_0,B75,7.5 % biomass,7.5,1.35,3.0,min_surplus_loss,G2,blend_completeness_constraint,0,2030.0,-0.9164204355589753,0.0,0.9164204355589753,False,0.001,False,0.0,1e-10,-0.2250730858298828,3.7244476670305176e-16,5.963514070978432e-16,0.6245390926728288,0.0,True,The KKT residual norm is smaller than the tolerance kkt_tol_abs or kkt_tol_rel. GEMSEO stopped the driver.,0.0,19,0.19358398871832416,False,19,0.0,-2250730858.298828,,,1.552969421732896,,,,,,,,,,,,,,,,,,
opt_B75_3_0,B75,7.5 % biomass,7.5,1.35,3.0,min_surplus_loss,G2,blend_completeness_constraint,1,2035.0,-0.7934855031718717,0.0,0.7934855031718717,False,0.001,False,0.0,1e-10,-0.2250730858298828,3.7244476670305176e-16,5.963514070978432e-16,0.6245390926728288,0.0,True,The KKT residual norm is smaller than the tolerance kkt_tol_abs or kkt_tol_rel. GEMSEO stopped the driver.,0.0,19,0.19358398871832416,False,19,0.0,-2250730858.298828,,,1.9352824430911528,,,,,,,,,,,,,,,,,,
opt_B75_3_0,B75,7.5 % biomass,7.5,1.35,3.0,min_surplus_loss,G2,blend_completeness_constraint,2,2040.0,-0.6281981636593001,0.0,0.6281981636593001,False,0.001,False,0.0,1e-10,-0.2250730858298828,3.7244476670305176e-16,5.963514070978432e-16,0.6245390926728288,0.0,True,The KKT residual norm is smaller than the tolerance kkt_tol_abs or kkt_tol_rel. GEMSEO stopped the driver.,0.0,19,0.19358398871832416,False,19,0.0,-2250730858.298828,,,2.411714024837406,,,,,,,,,,,,,,,,,,
opt_B75_3_0,B75,7.5 % biomass,7.5,1.35,3.0,min_surplus_loss,G2,blend_completeness_constraint,3,2045.0,-0.5070827773934715,0.0,0.5070827773934715,False,0.001,False,0.0,1e-10,-0.2250730858298828,3.7244476670305176e-16,5.963514070978432e-16,0.6245390926728288,0.0,True,The KKT residual norm is smaller than the tolerance kkt_tol_abs or kkt_tol_rel. GEMSEO stopped the driver.,0.0,19,0.19358398871832416,False,19,0.0,-2250730858.298828,,,3.005434456537094,,,,,,,,,,,,,,,,,,
opt_B75_3_0,B75,7.5 % biomass,7.5,1.35,3.0,min_surplus_loss,G2,blend_completeness_constraint,4,2050.0,-0.19374757079936814,0.0,0.19374757079936814,False,0.001,False,0.0,1e-10,-0.2250730858298828,3.7244476670305176e-16,5.963514070978432e-16,0.6245390926728288,0.0,True,The KKT residual norm is smaller than the tolerance kkt_tol_abs or kkt_tol_rel. GEMSEO stopped the driver.,0.0,19,0.19358398871832416,False,19,0.0,-2250730858.298828,,,3.7453181345368614,,,,,,,,,,,,,,,,,,
opt_B75_3_0,B75,7.5 % biomass,7.5,1.35,3.0,min_surplus_loss,G3,biomass_trajectory_constraint,0,2030.0,-0.6108451225149506,0.0,0.6108451225149506,False,0.001,False,0.0,1e-10,-0.2250730858298828,3.7244476670305176e-16,5.963514070978432e-16,0.6245390926728288,0.0,True,The KKT residual norm is smaller than the tolerance kkt_tol_abs or kkt_tol_rel. GEMSEO stopped the driver.,0.0,19,0.19358398871832416,False,19,0.0,-2250730858.298828,,,1.552969421732896,,837621750000.0,0.83762175,0.0,0.0,0.0,0.0,,,,,,,,,,,
opt_B75_3_0,B75,7.5 % biomass,7.5,1.35,3.0,min_surplus_loss,G3,biomass_trajectory_constraint,1,2035.0,-0.17812685688602173,0.0,0.17812685688602173,False,0.001,False,0.0,1e-10,-0.2250730858298828,3.7244476670305176e-16,5.963514070978432e-16,0.6245390926728288,0.0,True,The KKT residual norm is smaller than the tolerance kkt_tol_abs or kkt_tol_rel. GEMSEO stopped the driver.,0.0,19,0.19358398871832416,False,19,0.0,-2250730858.298828,,,1.9352824430911528,,986906625000.0,0.986906625,0.0,0.0,0.0,0.0,,,,,,,,,,,
opt_B75_3_0,B75,7.5 % biomass,7.5,1.35,3.0,min_surplus_loss,G3,biomass_trajectory_constraint,2,2040.0,1.304385813227782e-07,0.0,1.304385813227782e-07,True,0.001,False,1.416120303800449,1e-10,-0.2250730858298828,3.7244476670305176e-16,5.963514070978432e-16,0.6245390926728288,0.0,True,The KKT residual norm is smaller than the tolerance kkt_tol_abs or kkt_tol_rel. GEMSEO stopped the driver.,0.0,19,0.19358398871832416,False,19,14161203038.00449,-2250730858.298828,,,2.411714024837406,,1136191500000.0,1.1361915,12.463746681791308,12463746681.79131,30.05899267449678,30058992674.49678,,,,,,,,,,,
opt_B75_3_0,B75,7.5 % biomass,7.5,1.35,3.0,min_surplus_loss,G3,biomass_trajectory_constraint,3,2045.0,6.864363855640931e-07,0.0,6.864363855640931e-07,True,0.001,False,1.827366055302089,1e-10,-0.2250730858298828,3.7244476670305176e-16,5.963514070978432e-16,0.6245390926728288,0.0,True,The KKT residual norm is smaller than the tolerance kkt_tol_abs or kkt_tol_rel. GEMSEO stopped the driver.,0.0,19,0.19358398871832416,False,19,18273660553.02089,-2250730858.298828,,,3.005434456537094,,1159426500000.0,1.1594265,15.760947807403825,15760947807.403826,47.36849560805422,47368495608.05422,,,,,,,,,,,
opt_B75_3_0,B75,7.5 % biomass,7.5,1.35,3.0,min_surplus_loss,G3,biomass_trajectory_constraint,4,2050.0,4.297074036401227e-06,0.0,4.297074036401227e-06,True,0.001,False,1.2791864874980041,1e-10,-0.2250730858298828,3.7244476670305176e-16,5.963514070978432e-16,0.6245390926728288,0.0,True,The KKT residual norm is smaller than the tolerance kkt_tol_abs or kkt_tol_rel. GEMSEO stopped the driver.,0.0,19,0.19358398871832416,False,19,12791864874.980042,-2250730858.298828,,,3.7453181345368614,,1182661500000.0,1.1826615,10.816167495923425,10816167495.923426,40.509988268670156,40509988268.67016,,,,,,,,,,,
opt_B75_3_0,B75,7.5 % biomass,7.5,1.35,3.0,min_surplus_loss,G4,electricity_trajectory_constraint,0,2030.0,-0.9999999601477151,0.0,0.9999999601477151,False,0.001,False,0.0,1e-10,-0.2250730858298828,3.7244476670305176e-16,5.963514070978432e-16,0.6245390926728288,0.0,True,The KKT residual norm is smaller than the tolerance kkt_tol_abs or kkt_tol_rel. GEMSEO stopped the driver.,0.0,19,0.19358398871832416,False,19,0.0,-2250730858.298828,,,1.552969421732896,,1065287574000.0001,1.065287574,0.0,0.0,0.0,0.0,,,,,,,,,,,
opt_B75_3_0,B75,7.5 % biomass,7.5,1.35,3.0,min_surplus_loss,G4,electricity_trajectory_constraint,1,2035.0,-0.999999968488997,0.0,0.999999968488997,False,0.001,False,0.0,1e-10,-0.2250730858298828,3.7244476670305176e-16,5.963514070978432e-16,0.6245390926728288,0.0,True,The KKT residual norm is smaller than the tolerance kkt_tol_abs or kkt_tol_rel. GEMSEO stopped the driver.,0.0,19,0.19358398871832416,False,19,0.0,-2250730858.298828,,,1.9352824430911528,,1356710238000.0002,1.3567102380000002,0.0,0.0,0.0,0.0,,,,,,,,,,,
opt_B75_3_0,B75,7.5 % biomass,7.5,1.35,3.0,min_surplus_loss,G4,electricity_trajectory_constraint,2,2040.0,-0.8110868090983794,0.0,0.8110868090983794,False,0.001,False,0.0,1e-10,-0.2250730858298828,3.7244476670305176e-16,5.963514070978432e-16,0.6245390926728288,0.0,True,The KKT residual norm is smaller than the tolerance kkt_tol_abs or kkt_tol_rel. GEMSEO stopped the driver.,0.0,19,0.19358398871832416,False,19,0.0,-2250730858.298828,,,2.411714024837406,,1648132902000.0002,1.6481329020000002,0.0,0.0,0.0,0.0,,,,,,,,,,,
opt_B75_3_0,B75,7.5 % biomass,7.5,1.35,3.0,min_surplus_loss,G4,electricity_trajectory_constraint,3,2045.0,-0.5912313337310288,0.0,0.5912313337310288,False,0.001,False,0.0,1e-10,-0.2250730858298828,3.7244476670305176e-16,5.963514070978432e-16,0.6245390926728288,0.0,True,The KKT residual norm is smaller than the tolerance kkt_tol_abs or kkt_tol_rel. GEMSEO stopped the driver.,0.0,19,0.19358398871832416,False,19,0.0,-2250730858.298828,,,3.005434456537094,,1895265009000.0002,1.8952650090000003,0.0,0.0,0.0,0.0,,,,,,,,,,,
opt_B75_3_0,B75,7.5 % biomass,7.5,1.35,3.0,min_surplus_loss,G4,electricity_trajectory_constraint,4,2050.0,-0.10024926816642306,0.0,0.10024926816642306,False,0.001,False,0.0,1e-10,-0.2250730858298828,3.7244476670305176e-16,5.963514070978432e-16,0.6245390926728288,0.0,True,The KKT residual norm is smaller than the tolerance kkt_tol_abs or kkt_tol_rel. GEMSEO stopped the driver.,0.0,19,0.19358398871832416,False,19,0.0,-2250730858.298828,,,3.7453181345368614,,2142397116000.0002,2.142397116,0.0,0.0,0.0,0.0,,,,,,,,,,,
opt_B75_3_0,B75,7.5 % biomass,7.5,1.35,3.0,min_surplus_loss,G5,biofuel_use_growth_constraint,0,2030.0,0.0,0.0,0.0,True,0.001,False,0.7457902596098966,1e-10,-0.2250730858298828,3.7244476670305176e-16,5.963514070978432e-16,0.6245390926728288,0.0,True,The KKT residual norm is smaller than the tolerance kkt_tol_abs or kkt_tol_rel. GEMSEO stopped the driver.,0.0,19,0.19358398871832416,False,19,7457902596.098967,-2250730858.298828,,,1.552969421732896,,,,,,,,volume,89799803521.1529,154900000000.0,36088527006.63617,48.14656291865053,240732814593.2526,0.0,74.7701399742032,373850699871.0159,0.0,
opt_B75_3_0,B75,7.5 % biomass,7.5,1.35,3.0,min_surplus_loss,G5,biofuel_use_growth_constraint,1,2035.0,2.4059374089792053e-05,0.0,2.4059374089792053e-05,True,0.001,False,0.2668628286142178,1e-10,-0.2250730858298828,3.7244476670305176e-16,5.963514070978432e-16,0.6245390926728288,0.0,True,The KKT residual norm is smaller than the tolerance kkt_tol_abs or kkt_tol_rel. GEMSEO stopped the driver.,0.0,19,0.19358398871832416,False,19,2668628286.1421776,-2250730858.298828,,,1.9352824430911528,,,,,,,,rate,385440767999.9986,154900000000.0,154899999999.99948,17.2280715696719,0.0,27668338070.722004,33.34118443710387,0.0,53546048897.77883,
opt_B75_3_0,B75,7.5 % biomass,7.5,1.35,3.0,min_surplus_loss,G5,biofuel_use_growth_constraint,2,2040.0,-2.706167222120292,0.0,2.706167222120292,False,0.001,False,0.0,1e-10,-0.2250730858298828,3.7244476670305176e-16,5.963514070978432e-16,0.6245390926728288,0.0,True,The KKT residual norm is smaller than the tolerance kkt_tol_abs or kkt_tol_rel. GEMSEO stopped the driver.,0.0,19,0.19358398871832416,False,19,0.0,-2250730858.298828,,,2.411714024837406,,,,,,,,rate,959099971826.4155,154900000000.0,385440767998.656,0.0,0.0,0.0,0.0,0.0,0.0,
opt_B75_3_0,B75,7.5 % biomass,7.5,1.35,3.0,min_surplus_loss,G5,biofuel_use_growth_constraint,3,2045.0,-5.11644871837718,0.0,5.11644871837718,False,0.001,False,0.0,1e-10,-0.2250730858298828,3.7244476670305176e-16,5.963514070978432e-16,0.6245390926728288,0.0,True,The KKT residual norm is smaller than the tolerance kkt_tol_abs or kkt_tol_rel. GEMSEO stopped the driver.,0.0,19,0.19358398871832416,False,19,0.0,-2250730858.298828,,,3.005434456537094,,,,,,,,rate,1343503369581.801,154900000000.0,539923872163.46826,0.0,0.0,0.0,0.0,0.0,0.0,
opt_B75_3_0,B75,7.5 % biomass,7.5,1.35,3.0,min_surplus_loss,G5,biofuel_use_growth_constraint,4,2050.0,-5.22252907744123,0.0,5.22252907744123,False,0.001,False,0.0,1e-10,-0.2250730858298828,3.7244476670305176e-16,5.963514070978432e-16,0.6245390926728288,0.0,True,The KKT residual norm is smaller than the tolerance kkt_tol_abs or kkt_tol_rel. GEMSEO stopped the driver.,0.0,19,0.19358398871832416,False,19,0.0,-2250730858.298828,,,3.7453181345368614,,,,,,,,rate,1370977876181.6858,154900000000.0,550965260168.1802,0.0,0.0,0.0,0.0,0.0,0.0,
opt_B75_3_0,B75,7.5 % biomass,7.5,1.35,3.0,min_surplus_loss,G6,electrofuel_use_growth_constraint,0,2030.0,-0.9999998803390613,0.0,0.9999998803390613,False,0.001,False,0.0,1e-10,-0.2250730858298828,3.7244476670305176e-16,5.963514070978432e-16,0.6245390926728288,0.0,True,The KKT residual norm is smaller than the tolerance kkt_tol_abs or kkt_tol_rel. GEMSEO stopped the driver.,0.0,19,0.19358398871832416,False,19,0.0,-2250730858.298828,,,1.552969421732896,,,,,,,,volume,0.0,154900000000.0,0.0,0.0,0.0,0.0,0.0,0.0,0.0,
opt_B75_3_0,B75,7.5 % biomass,7.5,1.35,3.0,min_surplus_loss,G6,electrofuel_use_growth_constraint,1,2035.0,-0.999999879501498,0.0,0.999999879501498,False,0.001,False,0.0,1e-10,-0.2250730858298828,3.7244476670305176e-16,5.963514070978432e-16,0.6245390926728288,0.0,True,The KKT residual norm is smaller than the tolerance kkt_tol_abs or kkt_tol_rel. GEMSEO stopped the driver.,0.0,19,0.19358398871832416,False,19,0.0,-2250730858.298828,,,1.9352824430911528,,,,,,,,volume,46122.15185041602,154900000000.0,18535.458401819713,0.0,0.0,0.0,0.0,0.0,0.0,
opt_B75_3_0,B75,7.5 % biomass,7.5,1.35,3.0,min_surplus_loss,G6,electrofuel_use_growth_constraint,2,2040.0,-0.12241977128783342,0.0,0.12241977128783342,False,0.001,False,0.0,1e-10,-0.2250730858298828,3.7244476670305176e-16,5.963514070978432e-16,0.6245390926728288,0.0,True,The KKT residual norm is smaller than the tolerance kkt_tol_abs or kkt_tol_rel. GEMSEO stopped the driver.,0.0,19,0.19358398871832416,False,19,0.0,-2250730858.298828,,,2.411714024837406,,,,,,,,volume,46444.97597206698,154900000000.0,18665.19417601715,0.0,0.0,0.0,0.0,0.0,0.0,
opt_B75_3_0,B75,7.5 % biomass,7.5,1.35,3.0,min_surplus_loss,G6,electrofuel_use_growth_constraint,3,2045.0,-6.637407979828531e-05,0.0,6.637407979828531e-05,True,0.001,False,0.21902583677049614,1e-10,-0.2250730858298828,3.7244476670305176e-16,5.963514070978432e-16,0.6245390926728288,0.0,True,The KKT residual norm is smaller than the tolerance kkt_tol_abs or kkt_tol_rel. GEMSEO stopped the driver.,0.0,19,0.19358398871832416,False,19,2190258367.7049613,-2250730858.298828,,,3.005434456537094,,,,,,,,rate,338317346191.5758,154900000000.0,135962153658.52296,14.139821612039777,0.0,19932278847.531612,42.496307082112224,0.0,59905157645.67699,
opt_B75_3_0,B75,7.5 % biomass,7.5,1.35,3.0,min_surplus_loss,G6,electrofuel_use_growth_constraint,4,2050.0,-0.00039520748367614944,0.0,0.00039520748367614944,True,0.001,False,0.12010147783356062,1e-10,-0.2250730858298828,3.7244476670305176e-16,5.963514070978432e-16,0.6245390926728288,0.0,True,The KKT residual norm is smaller than the tolerance kkt_tol_abs or kkt_tol_rel. GEMSEO stopped the driver.,0.0,19,0.19358398871832416,False,19,1201014778.335606,-2250730858.298828,,,3.7453181345368614,,,,,,,,rate,841841817031.2135,154900000000.0,338317345450.4299,7.753484689061369,0.0,27196698495.679653,29.039266811795443,0.0,101860288075.40038,
opt_B75_3_2,B75,7.5 % biomass,7.5,1.35,3.2,min_surplus_loss,G1,aviation_carbon_budget_constraint,0,,8.629887830284422e-05,0.0,8.629887830284422e-05,True,0.003,False,57.15525074780312,1e-10,-4.675037393263782,1.1036986408548878e-16,1.750303957128151e-16,0.6305754131218473,0.0,True,The KKT residual norm is smaller than the tolerance kkt_tol_abs or kkt_tol_rel. GEMSEO stopped the driver.,0.0,19,0.45417816539573636,False,18,571552507478.0312,-46750373932.63782,3.2334096710122635,176.7646434047743,,,,,,,,,,,,,,,,,,,
opt_B75_3_2,B75,7.5 % biomass,7.5,1.35,3.2,min_surplus_loss,G2,blend_completeness_constraint,0,2030.0,-0.9164204355589872,0.0,0.9164204355589872,False,0.003,False,0.0,1e-10,-4.675037393263782,1.1036986408548878e-16,1.750303957128151e-16,0.6305754131218473,0.0,True,The KKT residual norm is smaller than the tolerance kkt_tol_abs or kkt_tol_rel. GEMSEO stopped the driver.,0.0,19,0.45417816539573636,False,18,0.0,-46750373932.63782,,,1.552969421732896,,,,,,,,,,,,,,,,,,
opt_B75_3_2,B75,7.5 % biomass,7.5,1.35,3.2,min_surplus_loss,G2,blend_completeness_constraint,1,2035.0,-0.793487574667347,0.0,0.793487574667347,False,0.003,False,0.0,1e-10,-4.675037393263782,1.1036986408548878e-16,1.750303957128151e-16,0.6305754131218473,0.0,True,The KKT residual norm is smaller than the tolerance kkt_tol_abs or kkt_tol_rel. GEMSEO stopped the driver.,0.0,19,0.45417816539573636,False,18,0.0,-46750373932.63782,,,1.9352824430911528,,,,,,,,,,,,,,,,,,
opt_B75_3_2,B75,7.5 % biomass,7.5,1.35,3.2,min_surplus_loss,G2,blend_completeness_constraint,2,2040.0,-0.6673874086380357,0.0,0.6673874086380357,False,0.003,False,0.0,1e-10,-4.675037393263782,1.1036986408548878e-16,1.750303957128151e-16,0.6305754131218473,0.0,True,The KKT residual norm is smaller than the tolerance kkt_tol_abs or kkt_tol_rel. GEMSEO stopped the driver.,0.0,19,0.45417816539573636,False,18,0.0,-46750373932.63782,,,2.411714024837406,,,,,,,,,,,,,,,,,,
opt_B75_3_2,B75,7.5 % biomass,7.5,1.35,3.2,min_surplus_loss,G2,blend_completeness_constraint,3,2045.0,-0.6059505403294563,0.0,0.6059505403294563,False,0.003,False,0.0,1e-10,-4.675037393263782,1.1036986408548878e-16,1.750303957128151e-16,0.6305754131218473,0.0,True,The KKT residual norm is smaller than the tolerance kkt_tol_abs or kkt_tol_rel. GEMSEO stopped the driver.,0.0,19,0.45417816539573636,False,18,0.0,-46750373932.63782,,,3.005434456537094,,,,,,,,,,,,,,,,,,
opt_B75_3_2,B75,7.5 % biomass,7.5,1.35,3.2,min_surplus_loss,G2,blend_completeness_constraint,4,2050.0,-0.4545904915105898,0.0,0.4545904915105898,False,0.003,False,0.0,1e-10,-4.675037393263782,1.1036986408548878e-16,1.750303957128151e-16,0.6305754131218473,0.0,True,The KKT residual norm is smaller than the tolerance kkt_tol_abs or kkt_tol_rel. GEMSEO stopped the driver.,0.0,19,0.45417816539573636,False,18,0.0,-46750373932.63782,,,3.7453181345368614,,,,,,,,,,,,,,,,,,
opt_B75_3_2,B75,7.5 % biomass,7.5,1.35,3.2,min_surplus_loss,G3,biomass_trajectory_constraint,0,2030.0,-0.6108451225149407,0.0,0.6108451225149407,False,0.003,False,0.0,1e-10,-4.675037393263782,1.1036986408548878e-16,1.750303957128151e-16,0.6305754131218473,0.0,True,The KKT residual norm is smaller than the tolerance kkt_tol_abs or kkt_tol_rel. GEMSEO stopped the driver.,0.0,19,0.45417816539573636,False,18,0.0,-46750373932.63782,,,1.552969421732896,,837621750000.0,0.83762175,0.0,0.0,0.0,0.0,,,,,,,,,,,
opt_B75_3_2,B75,7.5 % biomass,7.5,1.35,3.2,min_surplus_loss,G3,biomass_trajectory_constraint,1,2035.0,-0.17813480343714957,0.0,0.17813480343714957,False,0.003,False,0.0,1e-10,-4.675037393263782,1.1036986408548878e-16,1.750303957128151e-16,0.6305754131218473,0.0,True,The KKT residual norm is smaller than the tolerance kkt_tol_abs or kkt_tol_rel. GEMSEO stopped the driver.,0.0,19,0.45417816539573636,False,18,0.0,-46750373932.63782,,,1.9352824430911528,,986906625000.0,0.986906625,0.0,0.0,0.0,0.0,,,,,,,,,,,
opt_B75_3_2,B75,7.5 % biomass,7.5,1.35,3.2,min_surplus_loss,G3,biomass_trajectory_constraint,2,2040.0,1.4076814507291147e-06,0.0,1.4076814507291147e-06,True,0.003,False,1.3194348214508866,1e-10,-4.675037393263782,1.1036986408548878e-16,1.750303957128151e-16,0.6305754131218473,0.0,True,The KKT residual norm is smaller than the tolerance kkt_tol_abs or kkt_tol_rel. GEMSEO stopped the driver.,0.0,19,0.45417816539573636,False,18,13194348214.508865,-46750373932.63782,,,2.411714024837406,,1136191500000.0,1.1361915,11.61278553352042,11612785533.52042,28.006717738620132,28006717738.620132,,,,,,,,,,,
opt_B75_3_2,B75,7.5 % biomass,7.5,1.35,3.2,min_surplus_loss,G3,biomass_trajectory_constraint,3,2045.0,6.948456652082768e-06,0.0,6.948456652082768e-06,True,0.003,False,1.767370988024563,1e-10,-4.675037393263782,1.1036986408548878e-16,1.750303957128151e-16,0.6305754131218473,0.0,True,The KKT residual norm is smaller than the tolerance kkt_tol_abs or kkt_tol_rel. GEMSEO stopped the driver.,0.0,19,0.45417816539573636,False,18,17673709880.24563,-46750373932.63782,,,3.005434456537094,,1159426500000.0,1.1594265,15.243493123751811,15243493123.751812,45.81331947210995,45813319472.109955,,,,,,,,,,,
opt_B75_3_2,B75,7.5 % biomass,7.5,1.35,3.2,min_surplus_loss,G3,biomass_trajectory_constraint,4,2050.0,2.7314740495825163e-05,0.0,2.7314740495825163e-05,True,0.003,False,1.2424699931406695,1e-10,-4.675037393263782,1.1036986408548878e-16,1.750303957128151e-16,0.6305754131218473,0.0,True,The KKT residual norm is smaller than the tolerance kkt_tol_abs or kkt_tol_rel. GEMSEO stopped the driver.,0.0,19,0.45417816539573636,False,18,12424699931.406694,-46750373932.63782,,,3.7453181345368614,,1182661500000.0,1.1826615,10.505711001336133,10505711001.336134,39.34722992950763,39347229929.50763,,,,,,,,,,,
opt_B75_3_2,B75,7.5 % biomass,7.5,1.35,3.2,min_surplus_loss,G4,electricity_trajectory_constraint,0,2030.0,-0.9999999601477602,0.0,0.9999999601477602,False,0.003,False,0.0,1e-10,-4.675037393263782,1.1036986408548878e-16,1.750303957128151e-16,0.6305754131218473,0.0,True,The KKT residual norm is smaller than the tolerance kkt_tol_abs or kkt_tol_rel. GEMSEO stopped the driver.,0.0,19,0.45417816539573636,False,18,0.0,-46750373932.63782,,,1.552969421732896,,1065287574000.0001,1.065287574,0.0,0.0,0.0,0.0,,,,,,,,,,,
opt_B75_3_2,B75,7.5 % biomass,7.5,1.35,3.2,min_surplus_loss,G4,electricity_trajectory_constraint,1,2035.0,-0.999999968489037,0.0,0.999999968489037,False,0.003,False,0.0,1e-10,-4.675037393263782,1.1036986408548878e-16,1.750303957128151e-16,0.6305754131218473,0.0,True,The KKT residual norm is smaller than the tolerance kkt_tol_abs or kkt_tol_rel. GEMSEO stopped the driver.,0.0,19,0.45417816539573636,False,18,0.0,-46750373932.63782,,,1.9352824430911528,,1356710238000.0002,1.3567102380000002,0.0,0.0,0.0,0.0,,,,,,,,,,,
opt_B75_3_2,B75,7.5 % biomass,7.5,1.35,3.2,min_surplus_loss,G4,electricity_trajectory_constraint,2,2040.0,-0.8972938619344818,0.0,0.8972938619344818,False,0.003,False,0.0,1e-10,-4.675037393263782,1.1036986408548878e-16,1.750303957128151e-16,0.6305754131218473,0.0,True,The KKT residual norm is smaller than the tolerance kkt_tol_abs or kkt_tol_rel. GEMSEO stopped the driver.,0.0,19,0.45417816539573636,False,18,0.0,-46750373932.63782,,,2.411714024837406,,1648132902000.0002,1.6481329020000002,0.0,0.0,0.0,0.0,,,,,,,,,,,
opt_B75_3_2,B75,7.5 % biomass,7.5,1.35,3.2,min_surplus_loss,G4,electricity_trajectory_constraint,3,2045.0,-0.7778970958914109,0.0,0.7778970958914109,False,0.003,False,0.0,1e-10,-4.675037393263782,1.1036986408548878e-16,1.750303957128151e-16,0.6305754131218473,0.0,True,The KKT residual norm is smaller than the tolerance kkt_tol_abs or kkt_tol_rel. GEMSEO stopped the driver.,0.0,19,0.45417816539573636,False,18,0.0,-46750373932.63782,,,3.005434456537094,,1895265009000.0002,1.8952650090000003,0.0,0.0,0.0,0.0,,,,,,,,,,,
opt_B75_3_2,B75,7.5 % biomass,7.5,1.35,3.2,min_surplus_loss,G4,electricity_trajectory_constraint,4,2050.0,-0.5115329126571756,0.0,0.5115329126571756,False,0.003,False,0.0,1e-10,-4.675037393263782,1.1036986408548878e-16,1.750303957128151e-16,0.6305754131218473,0.0,True,The KKT residual norm is smaller than the tolerance kkt_tol_abs or kkt_tol_rel. GEMSEO stopped the driver.,0.0,19,0.45417816539573636,False,18,0.0,-46750373932.63782,,,3.7453181345368614,,2142397116000.0002,2.142397116,0.0,0.0,0.0,0.0,,,,,,,,,,,
opt_B75_3_2,B75,7.5 % biomass,7.5,1.35,3.2,min_surplus_loss,G5,biofuel_use_growth_constraint,0,2030.0,-2.9552206060361524e-15,0.0,2.9552206060361524e-15,True,0.003,False,0.6176800713414883,1e-10,-4.675037393263782,1.1036986408548878e-16,1.750303957128151e-16,0.6305754131218473,0.0,True,The KKT residual norm is smaller than the tolerance kkt_tol_abs or kkt_tol_rel. GEMSEO stopped the driver.,0.0,19,0.45417816539573636,False,18,6176800713.414883,-46750373932.63782,,,1.552969421732896,,,,,,,,volume,89799803521.1529,154900000000.0,36088527006.63617,39.87605366956025,199380268347.8012,0.0,61.92629200820691,309631460041.0345,0.0,
opt_B75_3_2,B75,7.5 % biomass,7.5,1.35,3.2,min_surplus_loss,G5,biofuel_use_growth_constraint,1,2035.0,-2.364176484828922e-15,0.0,2.364176484828922e-15,True,0.003,False,0.23079629901310378,1e-10,-4.675037393263782,1.1036986408548878e-16,1.750303957128151e-16,0.6305754131218473,0.0,True,The KKT residual norm is smaller than the tolerance kkt_tol_abs or kkt_tol_rel. GEMSEO stopped the driver.,0.0,19,0.45417816539573636,False,18,2307962990.1310377,-46750373932.63782,,,1.9352824430911528,,,,,,,,rate,385440767999.9987,154900000000.0,154899999999.9995,14.899696514725873,0.0,23928960281.678524,28.835121072335422,0.0,46309296714.557976,
opt_B75_3_2,B75,7.5 % biomass,7.5,1.35,3.2,min_surplus_loss,G5,biofuel_use_growth_constraint,2,2040.0,-2.7061029027059624,0.0,2.7061029027059624,False,0.003,False,0.0,1e-10,-4.675037393263782,1.1036986408548878e-16,1.750303957128151e-16,0.6305754131218473,0.0,True,The KKT residual norm is smaller than the tolerance kkt_tol_abs or kkt_tol_rel. GEMSEO stopped the driver.,0.0,19,0.45417816539573636,False,18,0.0,-46750373932.63782,,,2.411714024837406,,,,,,,,rate,959099971829.7565,154900000000.0,385440767999.99866,0.0,0.0,0.0,0.0,0.0,0.0,
opt_B75_3_2,B75,7.5 % biomass,7.5,1.35,3.2,min_surplus_loss,G5,biofuel_use_growth_constraint,3,2045.0,-5.116437522925294,0.0,5.116437522925294,False,0.003,False,0.0,1e-10,-4.675037393263782,1.1036986408548878e-16,1.750303957128151e-16,0.6305754131218473,0.0,True,The KKT residual norm is smaller than the tolerance kkt_tol_abs or kkt_tol_rel. GEMSEO stopped the driver.,0.0,19,0.45417816539573636,False,18,0.0,-46750373932.63782,,,3.005434456537094,,,,,,,,rate,1343503369571.1135,154900000000.0,539923872159.17316,0.0,0.0,0.0,0.0,0.0,0.0,
opt_B75_3_2,B75,7.5 % biomass,7.5,1.35,3.2,min_surplus_loss,G5,biofuel_use_growth_constraint,4,2050.0,-5.222500988406064,0.0,5.222500988406064,False,0.003,False,0.0,1e-10,-4.675037393263782,1.1036986408548878e-16,1.750303957128151e-16,0.6305754131218473,0.0,True,The KKT residual norm is smaller than the tolerance kkt_tol_abs or kkt_tol_rel. GEMSEO stopped the driver.,0.0,19,0.45417816539573636,False,18,0.0,-46750373932.63782,,,3.7453181345368614,,,,,,,,rate,1370977876422.8718,154900000000.0,550965260265.1074,0.0,0.0,0.0,0.0,0.0,0.0,
opt_B75_3_2,B75,7.5 % biomass,7.5,1.35,3.2,min_surplus_loss,G6,electrofuel_use_growth_constraint,0,2030.0,-0.9999998803391968,0.0,0.9999998803391968,False,0.003,False,0.0,1e-10,-4.675037393263782,1.1036986408548878e-16,1.750303957128151e-16,0.6305754131218473,0.0,True,The KKT residual norm is smaller than the tolerance kkt_tol_abs or kkt_tol_rel. GEMSEO stopped the driver.,0.0,19,0.45417816539573636,False,18,0.0,-46750373932.63782,,,1.552969421732896,,,,,,,,volume,0.0,154900000000.0,0.0,0.0,0.0,0.0,0.0,0.0,0.0,
opt_B75_3_2,B75,7.5 % biomass,7.5,1.35,3.2,min_surplus_loss,G6,electrofuel_use_growth_constraint,1,2035.0,-0.9999998795016515,0.0,0.9999998795016515,False,0.003,False,0.0,1e-10,-4.675037393263782,1.1036986408548878e-16,1.750303957128151e-16,0.6305754131218473,0.0,True,The KKT residual norm is smaller than the tolerance kkt_tol_abs or kkt_tol_rel. GEMSEO stopped the driver.,0.0,19,0.45417816539573636,False,18,0.0,-46750373932.63782,,,1.9352824430911528,,,,,,,,volume,46122.15185041591,154900000000.0,18535.45840181967,0.0,0.0,0.0,0.0,0.0,0.0,
opt_B75_3_2,B75,7.5 % biomass,7.5,1.35,3.2,min_surplus_loss,G6,electrofuel_use_growth_constraint,2,2040.0,-0.5228873341058833,0.0,0.5228873341058833,False,0.003,False,0.0,1e-10,-4.675037393263782,1.1036986408548878e-16,1.750303957128151e-16,0.6305754131218473,0.0,True,The KKT residual norm is smaller than the tolerance kkt_tol_abs or kkt_tol_rel. GEMSEO stopped the driver.,0.0,19,0.45417816539573636,False,18,0.0,-46750373932.63782,,,2.411714024837406,,,,,,,,volume,46444.975972060674,154900000000.0,18665.194176014615,0.0,0.0,0.0,0.0,0.0,0.0,
opt_B75_3_2,B75,7.5 % biomass,7.5,1.35,3.2,min_surplus_loss,G6,electrofuel_use_growth_constraint,3,2045.0,-0.0007397058109383432,0.0,0.0007397058109383432,True,0.003,False,0.22870746422598714,1e-10,-4.675037393263782,1.1036986408548878e-16,1.750303957128151e-16,0.6305754131218473,0.0,True,The KKT residual norm is smaller than the tolerance kkt_tol_abs or kkt_tol_rel. GEMSEO stopped the driver.,0.0,19,0.45417816539573636,False,18,2287074642.2598715,-46750373932.63782,,,3.005434456537094,,,,,,,,rate,183890584448.90463,154900000000.0,73901501595.01378,14.764845979728028,0.0,11312983985.459366,44.374776852937806,0.0,34000431876.151917,
opt_B75_3_2,B75,7.5 % biomass,7.5,1.35,3.2,min_surplus_loss,G6,electrofuel_use_growth_constraint,4,2050.0,-0.002684858576913517,0.0,0.002684858576913517,True,0.003,False,0.12561429147225467,1e-10,-4.675037393263782,1.1036986408548878e-16,1.750303957128151e-16,0.6305754131218473,0.0,True,The KKT residual norm is smaller than the tolerance kkt_tol_abs or kkt_tol_rel. GEMSEO stopped the driver.,0.0,19,0.45417816539573636,False,18,1256142914.7225466,-46750373932.63782,,,3.7453181345368614,,,,,,,,rate,457578613254.63806,154900000000.0,183890582101.43317,8.109379694787261,0.0,15461161312.900314,30.372206830731727,0.0,57906967846.20529,
opt_B75_3_4,B75,7.5 % biomass,7.5,1.35,3.4,min_surplus_loss,G1,aviation_carbon_budget_constraint,0,,3.799853212439435e-06,0.0,3.799853212439435e-06,True,0.0003,False,52.014304855488604,1e-10,-9.098332759196332,2.0026854743534788e-16,3.140570519369464e-16,0.6376820587221077,0.0,True,The KKT residual norm is smaller than the tolerance kkt_tol_abs or kkt_tol_rel. GEMSEO stopped the driver.,0.0,31,0.636181449447268,False,30,520143048554.88605,-90983327591.96332,3.480998507224318,149.42351956641264,,,,,,,,,,,,,,,,,,,
opt_B75_3_4,B75,7.5 % biomass,7.5,1.35,3.4,min_surplus_loss,G2,blend_completeness_constraint,0,2030.0,-0.9181273971869901,0.0,0.9181273971869901,False,0.0003,False,0.0,1e-10,-9.098332759196332,2.0026854743534788e-16,3.140570519369464e-16,0.6376820587221077,0.0,True,The KKT residual norm is smaller than the tolerance kkt_tol_abs or kkt_tol_rel. GEMSEO stopped the driver.,0.0,31,0.636181449447268,False,30,0.0,-90983327591.96332,,,1.552969421732896,,,,,,,,,,,,,,,,,,
opt_B75_3_4,B75,7.5 % biomass,7.5,1.35,3.4,min_surplus_loss,G2,blend_completeness_constraint,1,2035.0,-0.7977924028504333,0.0,0.7977924028504333,False,0.0003,False,0.0,1e-10,-9.098332759196332,2.0026854743534788e-16,3.140570519369464e-16,0.6376820587221077,0.0,True,The KKT residual norm is smaller than the tolerance kkt_tol_abs or kkt_tol_rel. GEMSEO stopped the driver.,0.0,31,0.636181449447268,False,30,0.0,-90983327591.96332,,,1.9352824430911528,,,,,,,,,,,,,,,,,,
opt_B75_3_4,B75,7.5 % biomass,7.5,1.35,3.4,min_surplus_loss,G2,blend_completeness_constraint,2,2040.0,-0.7125959608480845,0.0,0.7125959608480845,False,0.0003,False,0.0,1e-10,-9.098332759196332,2.0026854743534788e-16,3.140570519369464e-16,0.6376820587221077,0.0,True,The KKT residual norm is smaller than the tolerance kkt_tol_abs or kkt_tol_rel. GEMSEO stopped the driver.,0.0,31,0.636181449447268,False,30,0.0,-90983327591.96332,,,2.411714024837406,,,,,,,,,,,,,,,,,,
opt_B75_3_4,B75,7.5 % biomass,7.5,1.35,3.4,min_surplus_loss,G2,blend_completeness_constraint,3,2045.0,-0.7156479422115636,0.0,0.7156479422115636,False,0.0003,False,0.0,1e-10,-9.098332759196332,2.0026854743534788e-16,3.140570519369464e-16,0.6376820587221077,0.0,True,The KKT residual norm is smaller than the tolerance kkt_tol_abs or kkt_tol_rel. GEMSEO stopped the driver.,0.0,31,0.636181449447268,False,30,0.0,-90983327591.96332,,,3.005434456537094,,,,,,,,,,,,,,,,,,
opt_B75_3_4,B75,7.5 % biomass,7.5,1.35,3.4,min_surplus_loss,G2,blend_completeness_constraint,4,2050.0,-0.6361960055834007,0.0,0.6361960055834007,False,0.0003,False,0.0,1e-10,-9.098332759196332,2.0026854743534788e-16,3.140570519369464e-16,0.6376820587221077,0.0,True,The KKT residual norm is smaller than the tolerance kkt_tol_abs or kkt_tol_rel. GEMSEO stopped the driver.,0.0,31,0.636181449447268,False,30,0.0,-90983327591.96332,,,3.7453181345368614,,,,,,,,,,,,,,,,,,
opt_B75_3_4,B75,7.5 % biomass,7.5,1.35,3.4,min_surplus_loss,G3,biomass_trajectory_constraint,0,2030.0,-0.6186671013628892,0.0,0.6186671013628892,False,0.0003,False,0.0,1e-10,-9.098332759196332,2.0026854743534788e-16,3.140570519369464e-16,0.6376820587221077,0.0,True,The KKT residual norm is smaller than the tolerance kkt_tol_abs or kkt_tol_rel. GEMSEO stopped the driver.,0.0,31,0.636181449447268,False,30,0.0,-90983327591.96332,,,1.552969421732896,,837621750000.0,0.83762175,0.0,0.0,0.0,0.0,,,,,,,,,,,
opt_B75_3_4,B75,7.5 % biomass,7.5,1.35,3.4,min_surplus_loss,G3,biomass_trajectory_constraint,1,2035.0,-0.19466112558389115,0.0,0.19466112558389115,False,0.0003,False,0.0,1e-10,-9.098332759196332,2.0026854743534788e-16,3.140570519369464e-16,0.6376820587221077,0.0,True,The KKT residual norm is smaller than the tolerance kkt_tol_abs or kkt_tol_rel. GEMSEO stopped the driver.,0.0,31,0.636181449447268,False,30,0.0,-90983327591.96332,,,1.9352824430911528,,986906625000.0,0.986906625,0.0,0.0,0.0,0.0,,,,,,,,,,,
opt_B75_3_4,B75,7.5 % biomass,7.5,1.35,3.4,min_surplus_loss,G3,biomass_trajectory_constraint,2,2040.0,-6.323830348264892e-14,0.0,6.323830348264892e-14,True,0.0003,False,0.7458604587880391,1e-10,-9.098332759196332,2.0026854743534788e-16,3.140570519369464e-16,0.6376820587221077,0.0,True,The KKT residual norm is smaller than the tolerance kkt_tol_abs or kkt_tol_rel. GEMSEO stopped the driver.,0.0,31,0.636181449447268,False,30,7458604587.88039,-90983327591.96332,,,2.411714024837406,,1136191500000.0,1.1361915,6.56456643785875,6564566437.85875,15.83185694516088,15831856945.16088,,,,,,,,,,,
opt_B75_3_4,B75,7.5 % biomass,7.5,1.35,3.4,min_surplus_loss,G3,biomass_trajectory_constraint,3,2045.0,4.52186839083879e-09,0.0,4.52186839083879e-09,True,0.0003,False,1.2191712033856485,1e-10,-9.098332759196332,2.0026854743534788e-16,3.140570519369464e-16,0.6376820587221077,0.0,True,The KKT residual norm is smaller than the tolerance kkt_tol_abs or kkt_tol_rel. GEMSEO stopped the driver.,0.0,31,0.636181449447268,False,30,12191712033.856485,-90983327591.96332,,,3.005434456537094,,1159426500000.0,1.1594265,10.515295306650732,10515295306.650732,31.603030835270896,31603030835.270897,,,,,,,,,,,
opt_B75_3_4,B75,7.5 % biomass,7.5,1.35,3.4,min_surplus_loss,G3,biomass_trajectory_constraint,4,2050.0,1.0949788340042233e-06,0.0,1.0949788340042233e-06,True,0.0003,False,0.9089175016367157,1e-10,-9.098332759196332,2.0026854743534788e-16,3.140570519369464e-16,0.6376820587221077,0.0,True,The KKT residual norm is smaller than the tolerance kkt_tol_abs or kkt_tol_rel. GEMSEO stopped the driver.,0.0,31,0.636181449447268,False,30,9089175016.367157,-90983327591.96332,,,3.7453181345368614,,1182661500000.0,1.1826615,7.685356305559246,7685356305.559246,28.78410434158826,28784104341.58826,,,,,,,,,,,
opt_B75_3_4,B75,7.5 % biomass,7.5,1.35,3.4,min_surplus_loss,G4,electricity_trajectory_constraint,0,2030.0,-0.9999999601344975,0.0,0.9999999601344975,False,0.0003,False,0.0,1e-10,-9.098332759196332,2.0026854743534788e-16,3.140570519369464e-16,0.6376820587221077,0.0,True,The KKT residual norm is smaller than the tolerance kkt_tol_abs or kkt_tol_rel. GEMSEO stopped the driver.,0.0,31,0.636181449447268,False,30,0.0,-90983327591.96332,,,1.552969421732896,,1065287574000.0001,1.065287574,0.0,0.0,0.0,0.0,,,,,,,,,,,
opt_B75_3_4,B75,7.5 % biomass,7.5,1.35,3.4,min_surplus_loss,G4,electricity_trajectory_constraint,1,2035.0,-0.9999999684652675,0.0,0.9999999684652675,False,0.0003,False,0.0,1e-10,-9.098332759196332,2.0026854743534788e-16,3.140570519369464e-16,0.6376820587221077,0.0,True,The KKT residual norm is smaller than the tolerance kkt_tol_abs or kkt_tol_rel. GEMSEO stopped the driver.,0.0,31,0.636181449447268,False,30,0.0,-90983327591.96332,,,1.9352824430911528,,1356710238000.0002,1.3567102380000002,0.0,0.0,0.0,0.0,,,,,,,,,,,
opt_B75_3_4,B75,7.5 % biomass,7.5,1.35,3.4,min_surplus_loss,G4,electricity_trajectory_constraint,2,2040.0,-0.999999973891643,0.0,0.999999973891643,False,0.0003,False,0.0,1e-10,-9.098332759196332,2.0026854743534788e-16,3.140570519369464e-16,0.6376820587221077,0.0,True,The KKT residual norm is smaller than the tolerance kkt_tol_abs or kkt_tol_rel. GEMSEO stopped the driver.,0.0,31,0.636181449447268,False,30,0.0,-90983327591.96332,,,2.411714024837406,,1648132902000.0002,1.6481329020000002,0.0,0.0,0.0,0.0,,,,,,,,,,,
opt_B75_3_4,B75,7.5 % biomass,7.5,1.35,3.4,min_surplus_loss,G4,electricity_trajectory_constraint,3,2045.0,-0.9999999765830065,0.0,0.9999999765830065,False,0.0003,False,0.0,1e-10,-9.098332759196332,2.0026854743534788e-16,3.140570519369464e-16,0.6376820587221077,0.0,True,The KKT residual norm is smaller than the tolerance kkt_tol_abs or kkt_tol_rel. GEMSEO stopped the driver.,0.0,31,0.636181449447268,False,30,0.0,-90983327591.96332,,,3.005434456537094,,1895265009000.0002,1.8952650090000003,0.0,0.0,0.0,0.0,,,,,,,,,,,
opt_B75_3_4,B75,7.5 % biomass,7.5,1.35,3.4,min_surplus_loss,G4,electricity_trajectory_constraint,4,2050.0,-0.834443797158709,0.0,0.834443797158709,False,0.0003,False,0.0,1e-10,-9.098332759196332,2.0026854743534788e-16,3.140570519369464e-16,0.6376820587221077,0.0,True,The KKT residual norm is smaller than the tolerance kkt_tol_abs or kkt_tol_rel. GEMSEO stopped the driver.,0.0,31,0.636181449447268,False,30,0.0,-90983327591.96332,,,3.7453181345368614,,2142397116000.0002,2.142397116,0.0,0.0,0.0,0.0,,,,,,,,,,,
opt_B75_3_4,B75,7.5 % biomass,7.5,1.35,3.4,min_surplus_loss,G5,biofuel_use_growth_constraint,0,2030.0,-0.020099912145258077,0.0,0.020099912145258077,False,0.0003,False,0.0,1e-10,-9.098332759196332,2.0026854743534788e-16,3.140570519369464e-16,0.6376820587221077,0.0,True,The KKT residual norm is smaller than the tolerance kkt_tol_abs or kkt_tol_rel. GEMSEO stopped the driver.,0.0,31,0.636181449447268,False,30,0.0,-90983327591.96332,,,1.552969421732896,,,,,,,,volume,89799803521.1529,154900000000.0,36088527006.63617,0.0,0.0,0.0,0.0,0.0,0.0,
opt_B75_3_4,B75,7.5 % biomass,7.5,1.35,3.4,min_surplus_loss,G5,biofuel_use_growth_constraint,1,2035.0,-2.0902597386733882e-05,0.0,2.0902597386733882e-05,True,0.0003,False,0.05483951605214328,1e-10,-9.098332759196332,2.0026854743534788e-16,3.140570519369464e-16,0.6376820587221077,0.0,True,The KKT residual norm is smaller than the tolerance kkt_tol_abs or kkt_tol_rel. GEMSEO stopped the driver.,0.0,31,0.636181449447268,False,30,548395160.5214328,-90983327591.96332,,,1.9352824430911528,,,,,,,,rate,377689165003.5521,154900000000.0,151784804608.55203,3.540317369408862,0.0,5571414629.58169,6.851514047987626,0.0,10782260915.810642,
opt_B75_3_4,B75,7.5 % biomass,7.5,1.35,3.4,min_surplus_loss,G5,biofuel_use_growth_constraint,2,2040.0,-2.58160243889425,0.0,2.58160243889425,False,0.0003,False,0.0,1e-10,-9.098332759196332,2.0026854743534788e-16,3.140570519369464e-16,0.6376820587221077,0.0,True,The KKT residual norm is smaller than the tolerance kkt_tol_abs or kkt_tol_rel. GEMSEO stopped the driver.,0.0,31,0.636181449447268,False,30,0.0,-90983327591.96332,,,2.411714024837406,,,,,,,,rate,939811503063.3251,154900000000.0,377689165004.22986,0.0,0.0,0.0,0.0,0.0,0.0,
opt_B75_3_4,B75,7.5 % biomass,7.5,1.35,3.4,min_surplus_loss,G5,biofuel_use_growth_constraint,3,2045.0,-5.116450012536025,0.0,5.116450012536025,False,0.0003,False,0.0,1e-10,-9.098332759196332,2.0026854743534788e-16,3.140570519369464e-16,0.6376820587221077,0.0,True,The KKT residual norm is smaller than the tolerance kkt_tol_abs or kkt_tol_rel. GEMSEO stopped the driver.,0.0,31,0.636181449447268,False,30,0.0,-90983327591.96332,,,3.005434456537094,,,,,,,,rate,1343503369572.1343,154900000000.0,539923872159.58344,0.0,0.0,0.0,0.0,0.0,0.0,
opt_B75_3_4,B75,7.5 % biomass,7.5,1.35,3.4,min_surplus_loss,G5,biofuel_use_growth_constraint,4,2050.0,-5.222534659818987,0.0,5.222534659818987,False,0.0003,False,0.0,1e-10,-9.098332759196332,2.0026854743534788e-16,3.140570519369464e-16,0.6376820587221077,0.0,True,The KKT residual norm is smaller than the tolerance kkt_tol_abs or kkt_tol_rel. GEMSEO stopped the driver.,0.0,31,0.636181449447268,False,30,0.0,-90983327591.96332,,,3.7453181345368614,,,,,,,,rate,1370977876108.6648,154900000000.0,550965260138.8347,0.0,0.0,0.0,0.0,0.0,0.0,
opt_B75_3_4,B75,7.5 % biomass,7.5,1.35,3.4,min_surplus_loss,G6,electrofuel_use_growth_constraint,0,2030.0,-0.9999998802993745,0.0,0.9999998802993745,False,0.0003,False,0.0,1e-10,-9.098332759196332,2.0026854743534788e-16,3.140570519369464e-16,0.6376820587221077,0.0,True,The KKT residual norm is smaller than the tolerance kkt_tol_abs or kkt_tol_rel. GEMSEO stopped the driver.,0.0,31,0.636181449447268,False,30,0.0,-90983327591.96332,,,1.552969421732896,,,,,,,,volume,0.0,154900000000.0,0.0,0.0,0.0,0.0,0.0,0.0,0.0,
opt_B75_3_4,B75,7.5 % biomass,7.5,1.35,3.4,min_surplus_loss,G6,electrofuel_use_growth_constraint,1,2035.0,-0.9999998794107566,0.0,0.9999998794107566,False,0.0003,False,0.0,1e-10,-9.098332759196332,2.0026854743534788e-16,3.140570519369464e-16,0.6376820587221077,0.0,True,The KKT residual norm is smaller than the tolerance kkt_tol_abs or kkt_tol_rel. GEMSEO stopped the driver.,0.0,31,0.636181449447268,False,30,0.0,-90983327591.96332,,,1.9352824430911528,,,,,,,,volume,46137.50055503793,154900000000.0,18541.626701966765,0.0,0.0,0.0,0.0,0.0,0.0,
opt_B75_3_4,B75,7.5 % biomass,7.5,1.35,3.4,min_surplus_loss,G6,electrofuel_use_growth_constraint,2,2040.0,-0.9999998787158381,0.0,0.9999998787158381,False,0.0003,False,0.0,1e-10,-9.098332759196332,2.0026854743534788e-16,3.140570519369464e-16,0.6376820587221077,0.0,True,The KKT residual norm is smaller than the tolerance kkt_tol_abs or kkt_tol_rel. GEMSEO stopped the driver.,0.0,31,0.636181449447268,False,30,0.0,-90983327591.96332,,,2.411714024837406,,,,,,,,volume,46479.99365543405,154900000000.0,18679.26699758635,0.0,0.0,0.0,0.0,0.0,0.0,
opt_B75_3_4,B75,7.5 % biomass,7.5,1.35,3.4,min_surplus_loss,G6,electrofuel_use_growth_constraint,3,2045.0,-0.9999998749068885,0.0,0.9999998749068885,False,0.0003,False,0.0,1e-10,-9.098332759196332,2.0026854743534788e-16,3.140570519369464e-16,0.6376820587221077,0.0,True,The KKT residual norm is smaller than the tolerance kkt_tol_abs or kkt_tol_rel. GEMSEO stopped the driver.,0.0,31,0.636181449447268,False,30,0.0,-90983327591.96332,,,3.005434456537094,,,,,,,,volume,46747.79508512954,154900000000.0,18786.89038593491,0.0,0.0,0.0,0.0,0.0,0.0,
opt_B75_3_4,B75,7.5 % biomass,7.5,1.35,3.4,min_surplus_loss,G6,electrofuel_use_growth_constraint,4,2050.0,-0.00028145310049964504,0.0,0.00028145310049964504,True,0.0003,False,0.012365769359746894,1e-10,-9.098332759196332,2.0026854743534788e-16,3.140570519369464e-16,0.6376820587221077,0.0,True,The KKT residual norm is smaller than the tolerance kkt_tol_abs or kkt_tol_rel. GEMSEO stopped the driver.,0.0,31,0.636181449447268,False,30,123657693.59746894,-90983327591.96332,,,3.7453181345368614,,,,,,,,volume,48215.80710784609,154900000000.0,19376.85149331521,0.7983066081179403,3991533040.5897007,0.0,2.9899122163047336,14949561081.523664,0.0,
opt_B75_3_6,B75,7.5 % biomass,7.5,1.35,3.6,min_surplus_loss,G1,aviation_carbon_budget_constraint,0,,1.6382570847600503e-05,0.0,1.6382570847600503e-05,True,0.0003,False,54.15014156373132,1e-10,-12.578058515856833,8.210209988395745e-17,1.2653355727934854e-16,0.6488563322589626,0.0,True,The KKT residual norm is smaller than the tolerance kkt_tol_abs or kkt_tol_rel. GEMSEO stopped the driver.,0.0,30,0.7058823666273918,False,29,541501415637.3132,-125780585158.56833,3.7285873434363737,145.22964483869376,,,,,,,,,,,,,,,,,,,
opt_B75_3_6,B75,7.5 % biomass,7.5,1.35,3.6,min_surplus_loss,G2,blend_completeness_constraint,0,2030.0,-0.97999999,0.0,0.97999999,False,0.0003,False,0.0,1e-10,-12.578058515856833,8.210209988395745e-17,1.2653355727934854e-16,0.6488563322589626,0.0,True,The KKT residual norm is smaller than the tolerance kkt_tol_abs or kkt_tol_rel. GEMSEO stopped the driver.,0.0,30,0.7058823666273918,False,29,0.0,-125780585158.56833,,,1.552969421732896,,,,,,,,,,,,,,,,,,
opt_B75_3_6,B75,7.5 % biomass,7.5,1.35,3.6,min_surplus_loss,G2,blend_completeness_constraint,1,2035.0,-0.9188395117827878,0.0,0.9188395117827878,False,0.0003,False,0.0,1e-10,-12.578058515856833,8.210209988395745e-17,1.2653355727934854e-16,0.6488563322589626,0.0,True,The KKT residual norm is smaller than the tolerance kkt_tol_abs or kkt_tol_rel. GEMSEO stopped the driver.,0.0,30,0.7058823666273918,False,29,0.0,-125780585158.56833,,,1.9352824430911528,,,,,,,,,,,,,,,,,,
opt_B75_3_6,B75,7.5 % biomass,7.5,1.35,3.6,min_surplus_loss,G2,blend_completeness_constraint,2,2040.0,-0.7976061914274329,0.0,0.7976061914274329,False,0.0003,False,0.0,1e-10,-12.578058515856833,8.210209988395745e-17,1.2653355727934854e-16,0.6488563322589626,0.0,True,The KKT residual norm is smaller than the tolerance kkt_tol_abs or kkt_tol_rel. GEMSEO stopped the driver.,0.0,30,0.7058823666273918,False,29,0.0,-125780585158.56833,,,2.411714024837406,,,,,,,,,,,,,,,,,,
opt_B75_3_6,B75,7.5 % biomass,7.5,1.35,3.6,min_surplus_loss,G2,blend_completeness_constraint,3,2045.0,-0.7156579435536944,0.0,0.7156579435536944,False,0.0003,False,0.0,1e-10,-12.578058515856833,8.210209988395745e-17,1.2653355727934854e-16,0.6488563322589626,0.0,True,The KKT residual norm is smaller than the tolerance kkt_tol_abs or kkt_tol_rel. GEMSEO stopped the driver.,0.0,30,0.7058823666273918,False,29,0.0,-125780585158.56833,,,3.005434456537094,,,,,,,,,,,,,,,,,,
opt_B75_3_6,B75,7.5 % biomass,7.5,1.35,3.6,min_surplus_loss,G2,blend_completeness_constraint,4,2050.0,-0.7059580161283524,0.0,0.7059580161283524,False,0.0003,False,0.0,1e-10,-12.578058515856833,8.210209988395745e-17,1.2653355727934854e-16,0.6488563322589626,0.0,True,The KKT residual norm is smaller than the tolerance kkt_tol_abs or kkt_tol_rel. GEMSEO stopped the driver.,0.0,30,0.7058823666273918,False,29,0.0,-125780585158.56833,,,3.7453181345368614,,,,,,,,,,,,,,,,,,
opt_B75_3_6,B75,7.5 % biomass,7.5,1.35,3.6,min_surplus_loss,G3,biomass_trajectory_constraint,0,2030.0,-0.9056975419328488,0.0,0.9056975419328488,False,0.0003,False,0.0,1e-10,-12.578058515856833,8.210209988395745e-17,1.2653355727934854e-16,0.6488563322589626,0.0,True,The KKT residual norm is smaller than the tolerance kkt_tol_abs or kkt_tol_rel. GEMSEO stopped the driver.,0.0,30,0.7058823666273918,False,29,0.0,-125780585158.56833,,,1.552969421732896,,837621750000.0,0.83762175,0.0,0.0,0.0,0.0,,,,,,,,,,,
opt_B75_3_6,B75,7.5 % biomass,7.5,1.35,3.6,min_surplus_loss,G3,biomass_trajectory_constraint,1,2035.0,-0.6697225882729592,0.0,0.6697225882729592,False,0.0003,False,0.0,1e-10,-12.578058515856833,8.210209988395745e-17,1.2653355727934854e-16,0.6488563322589626,0.0,True,The KKT residual norm is smaller than the tolerance kkt_tol_abs or kkt_tol_rel. GEMSEO stopped the driver.,0.0,30,0.7058823666273918,False,29,0.0,-125780585158.56833,,,1.9352824430911528,,986906625000.0,0.986906625,0.0,0.0,0.0,0.0,,,,,,,,,,,
opt_B75_3_6,B75,7.5 % biomass,7.5,1.35,3.6,min_surplus_loss,G3,biomass_trajectory_constraint,2,2040.0,-0.2861776574159994,0.0,0.2861776574159994,False,0.0003,False,0.0,1e-10,-12.578058515856833,8.210209988395745e-17,1.2653355727934854e-16,0.6488563322589626,0.0,True,The KKT residual norm is smaller than the tolerance kkt_tol_abs or kkt_tol_rel. GEMSEO stopped the driver.,0.0,30,0.7058823666273918,False,29,0.0,-125780585158.56833,,,2.411714024837406,,1136191500000.0,1.1361915,0.0,0.0,0.0,0.0,,,,,,,,,,,
opt_B75_3_6,B75,7.5 % biomass,7.5,1.35,3.6,min_surplus_loss,G3,biomass_trajectory_constraint,3,2045.0,4.263256414560601e-15,0.0,4.263256414560601e-15,True,0.0003,False,1.1424819442018093,1e-10,-12.578058515856833,8.210209988395745e-17,1.2653355727934854e-16,0.6488563322589626,0.0,True,The KKT residual norm is smaller than the tolerance kkt_tol_abs or kkt_tol_rel. GEMSEO stopped the driver.,0.0,30,0.7058823666273918,False,29,11424819442.018093,-125780585158.56833,,,3.005434456537094,,1159426500000.0,1.1594265,9.853853989035176,9853853989.035175,29.615112308331813,29615112308.33181,,,,,,,,,,,
opt_B75_3_6,B75,7.5 % biomass,7.5,1.35,3.6,min_surplus_loss,G3,biomass_trajectory_constraint,4,2050.0,4.292343067646698e-06,0.0,4.292343067646698e-06,True,0.0003,False,0.8611686703481846,1e-10,-12.578058515856833,8.210209988395745e-17,1.2653355727934854e-16,0.6488563322589626,0.0,True,The KKT residual norm is smaller than the tolerance kkt_tol_abs or kkt_tol_rel. GEMSEO stopped the driver.,0.0,30,0.7058823666273918,False,29,8611686703.481846,-125780585158.56833,,,3.7453181345368614,,1182661500000.0,1.1826615,7.2816158330019585,7281615833.001958,27.27196782807297,27271967828.072968,,,,,,,,,,,
opt_B75_3_6,B75,7.5 % biomass,7.5,1.35,3.6,min_surplus_loss,G4,electricity_trajectory_constraint,0,2030.0,-0.9999999596474151,0.0,0.9999999596474151,False,0.0003,False,0.0,1e-10,-12.578058515856833,8.210209988395745e-17,1.2653355727934854e-16,0.6488563322589626,0.0,True,The KKT residual norm is smaller than the tolerance kkt_tol_abs or kkt_tol_rel. GEMSEO stopped the driver.,0.0,30,0.7058823666273918,False,29,0.0,-125780585158.56833,,,1.552969421732896,,1065287574000.0001,1.065287574,0.0,0.0,0.0,0.0,,,,,,,,,,,
opt_B75_3_6,B75,7.5 % biomass,7.5,1.35,3.6,min_surplus_loss,G4,electricity_trajectory_constraint,1,2035.0,-0.9999999677803738,0.0,0.9999999677803738,False,0.0003,False,0.0,1e-10,-12.578058515856833,8.210209988395745e-17,1.2653355727934854e-16,0.6488563322589626,0.0,True,The KKT residual norm is smaller than the tolerance kkt_tol_abs or kkt_tol_rel. GEMSEO stopped the driver.,0.0,30,0.7058823666273918,False,29,0.0,-125780585158.56833,,,1.9352824430911528,,1356710238000.0002,1.3567102380000002,0.0,0.0,0.0,0.0,,,,,,,,,,,
opt_B75_3_6,B75,7.5 % biomass,7.5,1.35,3.6,min_surplus_loss,G4,electricity_trajectory_constraint,2,2040.0,-0.9999999735363647,0.0,0.9999999735363647,False,0.0003,False,0.0,1e-10,-12.578058515856833,8.210209988395745e-17,1.2653355727934854e-16,0.6488563322589626,0.0,True,The KKT residual norm is smaller than the tolerance kkt_tol_abs or kkt_tol_rel. GEMSEO stopped the driver.,0.0,30,0.7058823666273918,False,29,0.0,-125780585158.56833,,,2.411714024837406,,1648132902000.0002,1.6481329020000002,0.0,0.0,0.0,0.0,,,,,,,,,,,
opt_B75_3_6,B75,7.5 % biomass,7.5,1.35,3.6,min_surplus_loss,G4,electricity_trajectory_constraint,3,2045.0,-0.9999999765830972,0.0,0.9999999765830972,False,0.0003,False,0.0,1e-10,-12.578058515856833,8.210209988395745e-17,1.2653355727934854e-16,0.6488563322589626,0.0,True,The KKT residual norm is smaller than the tolerance kkt_tol_abs or kkt_tol_rel. GEMSEO stopped the driver.,0.0,30,0.7058823666273918,False,29,0.0,-125780585158.56833,,,3.005434456537094,,1895265009000.0002,1.8952650090000003,0.0,0.0,0.0,0.0,,,,,,,,,,,
opt_B75_3_6,B75,7.5 % biomass,7.5,1.35,3.6,min_surplus_loss,G4,electricity_trajectory_constraint,4,2050.0,-0.9679376641592559,0.0,0.9679376641592559,False,0.0003,False,0.0,1e-10,-12.578058515856833,8.210209988395745e-17,1.2653355727934854e-16,0.6488563322589626,0.0,True,The KKT residual norm is smaller than the tolerance kkt_tol_abs or kkt_tol_rel. GEMSEO stopped the driver.,0.0,30,0.7058823666273918,False,29,0.0,-125780585158.56833,,,3.7453181345368614,,2142397116000.0002,2.142397116,0.0,0.0,0.0,0.0,,,,,,,,,,,
opt_B75_3_6,B75,7.5 % biomass,7.5,1.35,3.6,min_surplus_loss,G5,biofuel_use_growth_constraint,0,2030.0,-0.7576737090472304,0.0,0.7576737090472304,False,0.0003,False,0.0,1e-10,-12.578058515856833,8.210209988395745e-17,1.2653355727934854e-16,0.6488563322589626,0.0,True,The KKT residual norm is smaller than the tolerance kkt_tol_abs or kkt_tol_rel. GEMSEO stopped the driver.,0.0,30,0.7058823666273918,False,29,0.0,-125780585158.56833,,,1.552969421732896,,,,,,,,volume,89799803521.1529,154900000000.0,36088527006.63617,0.0,0.0,0.0,0.0,0.0,0.0,
opt_B75_3_6,B75,7.5 % biomass,7.5,1.35,3.6,min_surplus_loss,G5,biofuel_use_growth_constraint,1,2035.0,-3.565963847092e-05,0.0,3.565963847092e-05,True,0.0003,False,0.5195533528497123,1e-10,-12.578058515856833,8.210209988395745e-17,1.2653355727934854e-16,0.6488563322589626,0.0,True,The KKT residual norm is smaller than the tolerance kkt_tol_abs or kkt_tol_rel. GEMSEO stopped the driver.,0.0,30,0.7058823666273918,False,29,5195533528.497123,-125780585158.56833,,,1.9352824430911528,,,,,,,,volume,93402431691.42697,154900000000.0,37536342468.58402,33.54121064233133,167706053211.65662,0.0,64.91171607612596,324558580380.6297,0.0,
opt_B75_3_6,B75,7.5 % biomass,7.5,1.35,3.6,min_surplus_loss,G5,biofuel_use_growth_constraint,2,2040.0,-0.00011168547619794399,0.0,0.00011168547619794399,True,0.0003,False,0.19292626830910106,1e-10,-12.578058515856833,8.210209988395745e-17,1.2653355727934854e-16,0.6488563322589626,0.0,True,The KKT residual norm is smaller than the tolerance kkt_tol_abs or kkt_tol_rel. GEMSEO stopped the driver.,0.0,30,0.7058823666273918,False,29,1929262683.0910106,-125780585158.56833,,,2.411714024837406,,,,,,,,rate,385440767992.77515,154900000000.0,154899999997.09653,12.454891433770243,0.0,20002595497.912666,30.03763634865096,0.0,48240540095.46553,
opt_B75_3_6,B75,7.5 % biomass,7.5,1.35,3.6,min_surplus_loss,G5,biofuel_use_growth_constraint,3,2045.0,-2.634328356346872,0.0,2.634328356346872,False,0.0003,False,0.0,1e-10,-12.578058515856833,8.210209988395745e-17,1.2653355727934854e-16,0.6488563322589626,0.0,True,The KKT residual norm is smaller than the tolerance kkt_tol_abs or kkt_tol_rel. GEMSEO stopped the driver.,0.0,30,0.7058823666273918,False,29,0.0,-125780585158.56833,,,3.005434456537094,,,,,,,,rate,959099971621.6475,154900000000.0,385440767916.3643,0.0,0.0,0.0,0.0,0.0,0.0,
opt_B75_3_6,B75,7.5 % biomass,7.5,1.35,3.6,min_surplus_loss,G5,biofuel_use_growth_constraint,4,2050.0,-5.222523019130534,0.0,5.222523019130534,False,0.0003,False,0.0,1e-10,-12.578058515856833,8.210209988395745e-17,1.2653355727934854e-16,0.6488563322589626,0.0,True,The KKT residual norm is smaller than the tolerance kkt_tol_abs or kkt_tol_rel. GEMSEO stopped the driver.,0.0,30,0.7058823666273918,False,29,0.0,-125780585158.56833,,,3.7453181345368614,,,,,,,,rate,1370977876105.728,154900000000.0,550965260137.6544,0.0,0.0,0.0,0.0,0.0,0.0,
opt_B75_3_6,B75,7.5 % biomass,7.5,1.35,3.6,min_surplus_loss,G6,electrofuel_use_growth_constraint,0,2030.0,-0.9999998788368545,0.0,0.9999998788368545,False,0.0003,False,0.0,1e-10,-12.578058515856833,8.210209988395745e-17,1.2653355727934854e-16,0.6488563322589626,0.0,True,The KKT residual norm is smaller than the tolerance kkt_tol_abs or kkt_tol_rel. GEMSEO stopped the driver.,0.0,30,0.7058823666273918,False,29,0.0,-125780585158.56833,,,1.552969421732896,,,,,,,,volume,0.0,154900000000.0,0.0,0.0,0.0,0.0,0.0,0.0,0.0,
opt_B75_3_6,B75,7.5 % biomass,7.5,1.35,3.6,min_surplus_loss,G6,electrofuel_use_growth_constraint,1,2035.0,-0.9999998767917142,0.0,0.9999998767917142,False,0.0003,False,0.0,1e-10,-12.578058515856833,8.210209988395745e-17,1.2653355727934854e-16,0.6488563322589626,0.0,True,The KKT residual norm is smaller than the tolerance kkt_tol_abs or kkt_tol_rel. GEMSEO stopped the driver.,0.0,30,0.7058823666273918,False,29,0.0,-125780585158.56833,,,1.9352824430911528,,,,,,,,volume,46701.21584571349,154900000000.0,18768.17123429201,0.0,0.0,0.0,0.0,0.0,0.0,
opt_B75_3_6,B75,7.5 % biomass,7.5,1.35,3.6,min_surplus_loss,G6,electrofuel_use_growth_constraint,2,2040.0,-0.9999998770654239,0.0,0.9999998770654239,False,0.0003,False,0.0,1e-10,-12.578058515856833,8.210209988395745e-17,1.2653355727934854e-16,0.6488563322589626,0.0,True,The KKT residual norm is smaller than the tolerance kkt_tol_abs or kkt_tol_rel. GEMSEO stopped the driver.,0.0,30,0.7058823666273918,False,29,0.0,-125780585158.56833,,,2.411714024837406,,,,,,,,volume,47489.47123869914,154900000000.0,19084.953397753965,0.0,0.0,0.0,0.0,0.0,0.0,
opt_B75_3_6,B75,7.5 % biomass,7.5,1.35,3.6,min_surplus_loss,G6,electrofuel_use_growth_constraint,3,2045.0,-0.9999998749073727,0.0,0.9999998749073727,False,0.0003,False,0.0,1e-10,-12.578058515856833,8.210209988395745e-17,1.2653355727934854e-16,0.6488563322589626,0.0,True,The KKT residual norm is smaller than the tolerance kkt_tol_abs or kkt_tol_rel. GEMSEO stopped the driver.,0.0,30,0.7058823666273918,False,29,0.0,-125780585158.56833,,,3.005434456537094,,,,,,,,volume,47383.86933225404,154900000000.0,19042.514359991503,0.0,0.0,0.0,0.0,0.0,0.0,
opt_B75_3_6,B75,7.5 % biomass,7.5,1.35,3.6,min_surplus_loss,G6,electrofuel_use_growth_constraint,4,2050.0,-0.8063901488024509,0.0,0.8063901488024509,False,0.0003,False,0.0,1e-10,-12.578058515856833,8.210209988395745e-17,1.2653355727934854e-16,0.6488563322589626,0.0,True,The KKT residual norm is smaller than the tolerance kkt_tol_abs or kkt_tol_rel. GEMSEO stopped the driver.,0.0,30,0.7058823666273918,False,29,0.0,-125780585158.56833,,,3.7453181345368614,,,,,,,,volume,48215.798304899086,154900000000.0,19376.847955608242,0.0,0.0,0.0,0.0,0.0,0.0,
opt_B75_3_8,B75,7.5 % biomass,7.5,1.35,3.8,min_surplus_loss,G1,aviation_carbon_budget_constraint,0,,1.70619881900404e-07,0.0,1.70619881900404e-07,True,0.0001,True,39.50988025007437,1e-10,-15.38236973374413,2.824564531856924e-16,4.3053720087562836e-16,0.656055859078452,0.0,True,The KKT residual norm is smaller than the tolerance kkt_tol_abs or kkt_tol_rel. GEMSEO stopped the driver.,0.0,38,0.7222782615222365,False,37,395098802500.74365,-153823697337.44128,3.9761761796484274,99.36652317445305,,,,,,,,,,,,,,,,,,,
opt_B75_3_8,B75,7.5 % biomass,7.5,1.35,3.8,min_surplus_loss,G2,blend_completeness_constraint,0,2030.0,-0.97999999,0.0,0.97999999,False,0.0001,True,0.0,1e-10,-15.38236973374413,2.824564531856924e-16,4.3053720087562836e-16,0.656055859078452,0.0,True,The KKT residual norm is smaller than the tolerance kkt_tol_abs or kkt_tol_rel. GEMSEO stopped the driver.,0.0,38,0.7222782615222365,False,37,0.0,-153823697337.44128,,,1.552969421732896,,,,,,,,,,,,,,,,,,
opt_B75_3_8,B75,7.5 % biomass,7.5,1.35,3.8,min_surplus_loss,G2,blend_completeness_constraint,1,2035.0,-0.97999999,0.0,0.97999999,False,0.0001,True,0.0,1e-10,-15.38236973374413,2.824564531856924e-16,4.3053720087562836e-16,0.656055859078452,0.0,True,The KKT residual norm is smaller than the tolerance kkt_tol_abs or kkt_tol_rel. GEMSEO stopped the driver.,0.0,38,0.7222782615222365,False,37,0.0,-153823697337.44128,,,1.9352824430911528,,,,,,,,,,,,,,,,,,
opt_B75_3_8,B75,7.5 % biomass,7.5,1.35,3.8,min_surplus_loss,G2,blend_completeness_constraint,2,2040.0,-0.9297043236402055,0.0,0.9297043236402055,False,0.0001,True,0.0,1e-10,-15.38236973374413,2.824564531856924e-16,4.3053720087562836e-16,0.656055859078452,0.0,True,The KKT residual norm is smaller than the tolerance kkt_tol_abs or kkt_tol_rel. GEMSEO stopped the driver.,0.0,38,0.7222782615222365,False,37,0.0,-153823697337.44128,,,2.411714024837406,,,,,,,,,,,,,,,,,,
opt_B75_3_8,B75,7.5 % biomass,7.5,1.35,3.8,min_surplus_loss,G2,blend_completeness_constraint,3,2045.0,-0.8272384683531172,0.0,0.8272384683531172,False,0.0001,True,0.0,1e-10,-15.38236973374413,2.824564531856924e-16,4.3053720087562836e-16,0.656055859078452,0.0,True,The KKT residual norm is smaller than the tolerance kkt_tol_abs or kkt_tol_rel. GEMSEO stopped the driver.,0.0,38,0.7222782615222365,False,37,0.0,-153823697337.44128,,,3.005434456537094,,,,,,,,,,,,,,,,,,
opt_B75_3_8,B75,7.5 % biomass,7.5,1.35,3.8,min_surplus_loss,G2,blend_completeness_constraint,4,2050.0,-0.7222782715222366,0.0,0.7222782715222366,False,0.0001,True,0.0,1e-10,-15.38236973374413,2.824564531856924e-16,4.3053720087562836e-16,0.656055859078452,0.0,True,The KKT residual norm is smaller than the tolerance kkt_tol_abs or kkt_tol_rel. GEMSEO stopped the driver.,0.0,38,0.7222782615222365,False,37,0.0,-153823697337.44128,,,3.7453181345368614,,,,,,,,,,,,,,,,,,
opt_B75_3_8,B75,7.5 % biomass,7.5,1.35,3.8,min_surplus_loss,G3,biomass_trajectory_constraint,0,2030.0,-0.905697541932874,0.0,0.905697541932874,False,0.0001,True,0.0,1e-10,-15.38236973374413,2.824564531856924e-16,4.3053720087562836e-16,0.656055859078452,0.0,True,The KKT residual norm is smaller than the tolerance kkt_tol_abs or kkt_tol_rel. GEMSEO stopped the driver.,0.0,38,0.7222782615222365,False,37,0.0,-153823697337.44128,,,1.552969421732896,,837621750000.0,0.83762175,0.0,0.0,0.0,0.0,,,,,,,,,,,
opt_B75_3_8,B75,7.5 % biomass,7.5,1.35,3.8,min_surplus_loss,G3,biomass_trajectory_constraint,1,2035.0,-0.9177042344735722,0.0,0.9177042344735722,False,0.0001,True,0.0,1e-10,-15.38236973374413,2.824564531856924e-16,4.3053720087562836e-16,0.656055859078452,0.0,True,The KKT residual norm is smaller than the tolerance kkt_tol_abs or kkt_tol_rel. GEMSEO stopped the driver.,0.0,38,0.7222782615222365,False,37,0.0,-153823697337.44128,,,1.9352824430911528,,986906625000.0,0.986906625,0.0,0.0,0.0,0.0,,,,,,,,,,,
opt_B75_3_8,B75,7.5 % biomass,7.5,1.35,3.8,min_surplus_loss,G3,biomass_trajectory_constraint,2,2040.0,-0.7466921568086995,0.0,0.7466921568086995,False,0.0001,True,0.0,1e-10,-15.38236973374413,2.824564531856924e-16,4.3053720087562836e-16,0.656055859078452,0.0,True,The KKT residual norm is smaller than the tolerance kkt_tol_abs or kkt_tol_rel. GEMSEO stopped the driver.,0.0,38,0.7222782615222365,False,37,0.0,-153823697337.44128,,,2.411714024837406,,1136191500000.0,1.1361915,0.0,0.0,0.0,0.0,,,,,,,,,,,
opt_B75_3_8,B75,7.5 % biomass,7.5,1.35,3.8,min_surplus_loss,G3,biomass_trajectory_constraint,3,2045.0,-0.38232121708298983,0.0,0.38232121708298983,False,0.0001,True,0.0,1e-10,-15.38236973374413,2.824564531856924e-16,4.3053720087562836e-16,0.656055859078452,0.0,True,The KKT residual norm is smaller than the tolerance kkt_tol_abs or kkt_tol_rel. GEMSEO stopped the driver.,0.0,38,0.7222782615222365,False,37,0.0,-153823697337.44128,,,3.005434456537094,,1159426500000.0,1.1594265,0.0,0.0,0.0,0.0,,,,,,,,,,,
opt_B75_3_8,B75,7.5 % biomass,7.5,1.35,3.8,min_surplus_loss,G3,biomass_trajectory_constraint,4,2050.0,1.708016839074844e-11,0.0,1.708016839074844e-11,True,0.0001,True,0.25191548051376644,1e-10,-15.38236973374413,2.824564531856924e-16,4.3053720087562836e-16,0.656055859078452,0.0,True,The KKT residual norm is smaller than the tolerance kkt_tol_abs or kkt_tol_rel. GEMSEO stopped the driver.,0.0,38,0.7222782615222365,False,37,2519154805.1376643,-153823697337.44128,,,3.7453181345368614,,1182661500000.0,1.1826615,2.1300725568031633,2130072556.8031633,7.977799374874186,7977799374.8741865,,,,,,,,,,,
opt_B75_3_8,B75,7.5 % biomass,7.5,1.35,3.8,min_surplus_loss,G4,electricity_trajectory_constraint,0,2030.0,-0.9999999596474151,0.0,0.9999999596474151,False,0.0001,True,0.0,1e-10,-15.38236973374413,2.824564531856924e-16,4.3053720087562836e-16,0.656055859078452,0.0,True,The KKT residual norm is smaller than the tolerance kkt_tol_abs or kkt_tol_rel. GEMSEO stopped the driver.,0.0,38,0.7222782615222365,False,37,0.0,-153823697337.44128,,,1.552969421732896,,1065287574000.0001,1.065287574,0.0,0.0,0.0,0.0,,,,,,,,,,,
opt_B75_3_8,B75,7.5 % biomass,7.5,1.35,3.8,min_surplus_loss,G4,electricity_trajectory_constraint,1,2035.0,-0.9999999674213026,0.0,0.9999999674213026,False,0.0001,True,0.0,1e-10,-15.38236973374413,2.824564531856924e-16,4.3053720087562836e-16,0.656055859078452,0.0,True,The KKT residual norm is smaller than the tolerance kkt_tol_abs or kkt_tol_rel. GEMSEO stopped the driver.,0.0,38,0.7222782615222365,False,37,0.0,-153823697337.44128,,,1.9352824430911528,,1356710238000.0002,1.3567102380000002,0.0,0.0,0.0,0.0,,,,,,,,,,,
opt_B75_3_8,B75,7.5 % biomass,7.5,1.35,3.8,min_surplus_loss,G4,electricity_trajectory_constraint,2,2040.0,-0.99999997296187,0.0,0.99999997296187,False,0.0001,True,0.0,1e-10,-15.38236973374413,2.824564531856924e-16,4.3053720087562836e-16,0.656055859078452,0.0,True,The KKT residual norm is smaller than the tolerance kkt_tol_abs or kkt_tol_rel. GEMSEO stopped the driver.,0.0,38,0.7222782615222365,False,37,0.0,-153823697337.44128,,,2.411714024837406,,1648132902000.0002,1.6481329020000002,0.0,0.0,0.0,0.0,,,,,,,,,,,
opt_B75_3_8,B75,7.5 % biomass,7.5,1.35,3.8,min_surplus_loss,G4,electricity_trajectory_constraint,3,2045.0,-0.9999999761940126,0.0,0.9999999761940126,False,0.0001,True,0.0,1e-10,-15.38236973374413,2.824564531856924e-16,4.3053720087562836e-16,0.656055859078452,0.0,True,The KKT residual norm is smaller than the tolerance kkt_tol_abs or kkt_tol_rel. GEMSEO stopped the driver.,0.0,38,0.7222782615222365,False,37,0.0,-153823697337.44128,,,3.005434456537094,,1895265009000.0002,1.8952650090000003,0.0,0.0,0.0,0.0,,,,,,,,,,,
opt_B75_3_8,B75,7.5 % biomass,7.5,1.35,3.8,min_surplus_loss,G4,electricity_trajectory_constraint,4,2050.0,-0.9999999783654484,0.0,0.9999999783654484,False,0.0001,True,0.0,1e-10,-15.38236973374413,2.824564531856924e-16,4.3053720087562836e-16,0.656055859078452,0.0,True,The KKT residual norm is smaller than the tolerance kkt_tol_abs or kkt_tol_rel. GEMSEO stopped the driver.,0.0,38,0.7222782615222365,False,37,0.0,-153823697337.44128,,,3.7453181345368614,,2142397116000.0002,2.142397116,0.0,0.0,0.0,0.0,,,,,,,,,,,
opt_B75_3_8,B75,7.5 % biomass,7.5,1.35,3.8,min_surplus_loss,G5,biofuel_use_growth_constraint,0,2030.0,-0.7576737090472239,0.0,0.7576737090472239,False,0.0001,True,0.0,1e-10,-15.38236973374413,2.824564531856924e-16,4.3053720087562836e-16,0.656055859078452,0.0,True,The KKT residual norm is smaller than the tolerance kkt_tol_abs or kkt_tol_rel. GEMSEO stopped the driver.,0.0,38,0.7222782615222365,False,37,0.0,-153823697337.44128,,,1.552969421732896,,,,,,,,volume,89799803521.15388,154900000000.0,36088527006.636566,0.0,0.0,0.0,0.0,0.0,0.0,
opt_B75_3_8,B75,7.5 % biomass,7.5,1.35,3.8,min_surplus_loss,G5,biofuel_use_growth_constraint,1,2035.0,-0.7508372417630595,0.0,0.7508372417630595,False,0.0001,True,0.0,1e-10,-15.38236973374413,2.824564531856924e-16,4.3053720087562836e-16,0.656055859078452,0.0,True,The KKT residual norm is smaller than the tolerance kkt_tol_abs or kkt_tol_rel. GEMSEO stopped the driver.,0.0,38,0.7222782615222365,False,37,0.0,-153823697337.44128,,,1.9352824430911528,,,,,,,,volume,93402431691.42946,154900000000.0,37536342468.58502,0.0,0.0,0.0,0.0,0.0,0.0,
opt_B75_3_8,B75,7.5 % biomass,7.5,1.35,3.8,min_surplus_loss,G5,biofuel_use_growth_constraint,2,2040.0,-0.11706293386627316,0.0,0.11706293386627316,False,0.0001,True,0.0,1e-10,-15.38236973374413,2.824564531856924e-16,4.3053720087562836e-16,0.656055859078452,0.0,True,The KKT residual norm is smaller than the tolerance kkt_tol_abs or kkt_tol_rel. GEMSEO stopped the driver.,0.0,38,0.7222782615222365,False,37,0.0,-153823697337.44128,,,2.411714024837406,,,,,,,,volume,96037484891.84459,154900000000.0,38595311250.90206,0.0,0.0,0.0,0.0,0.0,0.0,
opt_B75_3_8,B75,7.5 % biomass,7.5,1.35,3.8,min_surplus_loss,G5,biofuel_use_growth_constraint,3,2045.0,-2.514880771427635e-06,0.0,2.514880771427635e-06,True,0.0001,True,0.03669048466857988,1e-10,-15.38236973374413,2.824564531856924e-16,4.3053720087562836e-16,0.656055859078452,0.0,True,The KKT residual norm is smaller than the tolerance kkt_tol_abs or kkt_tol_rel. GEMSEO stopped the driver.,0.0,38,0.7222782615222365,False,37,366904846.6857988,-153823697337.44128,,,3.005434456537094,,,,,,,,rate,340319940866.25037,154900000000.0,136766951544.11429,2.368656208429947,0.0,3358753919.9389863,7.118840984505872,0.0,10094514762.013662,
opt_B75_3_8,B75,7.5 % biomass,7.5,1.35,3.8,min_surplus_loss,G5,biofuel_use_growth_constraint,4,2050.0,-1.8387172226781006,0.0,1.8387172226781006,False,0.0001,True,0.0,1e-10,-15.38236973374413,2.824564531856924e-16,4.3053720087562836e-16,0.656055859078452,0.0,True,The KKT residual norm is smaller than the tolerance kkt_tol_abs or kkt_tol_rel. GEMSEO stopped the driver.,0.0,38,0.7222782615222365,False,37,0.0,-153823697337.44128,,,3.7453181345368614,,,,,,,,rate,846823945918.7319,154900000000.0,340319551311.2189,0.0,0.0,0.0,0.0,0.0,0.0,
opt_B75_3_8,B75,7.5 % biomass,7.5,1.35,3.8,min_surplus_loss,G6,electrofuel_use_growth_constraint,0,2030.0,-0.9999998788368545,0.0,0.9999998788368545,False,0.0001,True,0.0,1e-10,-15.38236973374413,2.824564531856924e-16,4.3053720087562836e-16,0.656055859078452,0.0,True,The KKT residual norm is smaller than the tolerance kkt_tol_abs or kkt_tol_rel. GEMSEO stopped the driver.,0.0,38,0.7222782615222365,False,37,0.0,-153823697337.44128,,,1.552969421732896,,,,,,,,volume,0.0,154900000000.0,0.0,0.0,0.0,0.0,0.0,0.0,0.0,
opt_B75_3_8,B75,7.5 % biomass,7.5,1.35,3.8,min_surplus_loss,G6,electrofuel_use_growth_constraint,1,2035.0,-0.9999998754186208,0.0,0.9999998754186208,False,0.0001,True,0.0,1e-10,-15.38236973374413,2.824564531856924e-16,4.3053720087562836e-16,0.656055859078452,0.0,True,The KKT residual norm is smaller than the tolerance kkt_tol_abs or kkt_tol_rel. GEMSEO stopped the driver.,0.0,38,0.7222782615222365,False,37,0.0,-153823697337.44128,,,1.9352824430911528,,,,,,,,volume,46701.21584571472,154900000000.0,18768.17123429251,0.0,0.0,0.0,0.0,0.0,0.0,
opt_B75_3_8,B75,7.5 % biomass,7.5,1.35,3.8,min_surplus_loss,G6,electrofuel_use_growth_constraint,2,2040.0,-0.9999998743966574,0.0,0.9999998743966574,False,0.0001,True,0.0,1e-10,-15.38236973374413,2.824564531856924e-16,4.3053720087562836e-16,0.656055859078452,0.0,True,The KKT residual norm is smaller than the tolerance kkt_tol_abs or kkt_tol_rel. GEMSEO stopped the driver.,0.0,38,0.7222782615222365,False,37,0.0,-153823697337.44128,,,2.411714024837406,,,,,,,,volume,48018.742445922304,154900000000.0,19297.655625451032,0.0,0.0,0.0,0.0,0.0,0.0,
opt_B75_3_8,B75,7.5 % biomass,7.5,1.35,3.8,min_surplus_loss,G6,electrofuel_use_growth_constraint,3,2045.0,-0.99999987282889,0.0,0.99999987282889,False,0.0001,True,0.0,1e-10,-15.38236973374413,2.824564531856924e-16,4.3053720087562836e-16,0.656055859078452,0.0,True,The KKT residual norm is smaller than the tolerance kkt_tol_abs or kkt_tol_rel. GEMSEO stopped the driver.,0.0,38,0.7222782615222365,False,37,0.0,-153823697337.44128,,,3.005434456537094,,,,,,,,volume,48412.64881456418,154900000000.0,19455.95776048265,0.0,0.0,0.0,0.0,0.0,0.0,
opt_B75_3_8,B75,7.5 % biomass,7.5,1.35,3.8,min_surplus_loss,G6,electrofuel_use_growth_constraint,4,2050.0,-0.9999998693587908,0.0,0.9999998693587908,False,0.0001,True,0.0,1e-10,-15.38236973374413,2.824564531856924e-16,4.3053720087562836e-16,0.656055859078452,0.0,True,The KKT residual norm is smaller than the tolerance kkt_tol_abs or kkt_tol_rel. GEMSEO stopped the driver.,0.0,38,0.7222782615222365,False,37,0.0,-153823697337.44128,,,3.7453181345368614,,,,,,,,volume,49016.93026584959,154900000000.0,19698.804922939813,0.0,0.0,0.0,0.0,0.0,0.0,
opt_B75_mincarb,B75,7.5 % biomass,7.5,1.35,,min_co2,G2,blend_completeness_constraint,0,2030.0,-0.824115997214842,0.0,0.824115997214842,False,0.0001,True,0.0,10.0,-1.508188220580515,4.6190575516186036e-17,6.027061300714934e-16,0.07663863566595362,0.0,True,The KKT residual norm is smaller than the tolerance kkt_tol_abs or kkt_tol_rel. GEMSEO stopped the driver.,0.0,12,0.12460434494512508,False,12,,,,,1.552969421732896,,,,,,,,,,,,,,,,,,0.0
opt_B75_mincarb,B75,7.5 % biomass,7.5,1.35,,min_co2,G2,blend_completeness_constraint,1,2035.0,-0.5387224342850844,0.0,0.5387224342850844,False,0.0001,True,0.0,10.0,-1.508188220580515,4.6190575516186036e-17,6.027061300714934e-16,0.07663863566595362,0.0,True,The KKT residual norm is smaller than the tolerance kkt_tol_abs or kkt_tol_rel. GEMSEO stopped the driver.,0.0,12,0.12460434494512508,False,12,,,,,1.9352824430911528,,,,,,,,,,,,,,,,,,0.0
opt_B75_mincarb,B75,7.5 % biomass,7.5,1.35,,min_co2,G2,blend_completeness_constraint,2,2040.0,-0.19547149472136596,0.0,0.19547149472136596,False,0.0001,True,0.0,10.0,-1.508188220580515,4.6190575516186036e-17,6.027061300714934e-16,0.07663863566595362,0.0,True,The KKT residual norm is smaller than the tolerance kkt_tol_abs or kkt_tol_rel. GEMSEO stopped the driver.,0.0,12,0.12460434494512508,False,12,,,,,2.411714024837406,,,,,,,,,,,,,,,,,,0.0
opt_B75_mincarb,B75,7.5 % biomass,7.5,1.35,,min_co2,G2,blend_completeness_constraint,3,2045.0,-0.14769609715828025,0.0,0.14769609715828025,False,0.0001,True,0.0,10.0,-1.508188220580515,4.6190575516186036e-17,6.027061300714934e-16,0.07663863566595362,0.0,True,The KKT residual norm is smaller than the tolerance kkt_tol_abs or kkt_tol_rel. GEMSEO stopped the driver.,0.0,12,0.12460434494512508,False,12,,,,,3.005434456537094,,,,,,,,,,,,,,,,,,0.0
opt_B75_mincarb,B75,7.5 % biomass,7.5,1.35,,min_co2,G2,blend_completeness_constraint,4,2050.0,-0.12459435494512505,0.0,0.12459435494512505,False,0.0001,True,0.0,10.0,-1.508188220580515,4.6190575516186036e-17,6.027061300714934e-16,0.07663863566595362,0.0,True,The KKT residual norm is smaller than the tolerance kkt_tol_abs or kkt_tol_rel. GEMSEO stopped the driver.,0.0,12,0.12460434494512508,False,12,,,,,3.7453181345368614,,,,,,,,,,,,,,,,,,0.0
opt_B75_mincarb,B75,7.5 % biomass,7.5,1.35,,min_co2,G3,biomass_trajectory_constraint,0,2030.0,-0.6108451225166727,0.0,0.6108451225166727,False,0.0001,True,0.0,10.0,-1.508188220580515,4.6190575516186036e-17,6.027061300714934e-16,0.07663863566595362,0.0,True,The KKT residual norm is smaller than the tolerance kkt_tol_abs or kkt_tol_rel. GEMSEO stopped the driver.,0.0,12,0.12460434494512508,False,12,,,,,1.552969421732896,,837621750000.0,0.83762175,,,,,,,,,,,,,,,0.0
opt_B75_mincarb,B75,7.5 % biomass,7.5,1.35,,min_co2,G3,biomass_trajectory_constraint,1,2035.0,-0.17813480295226072,0.0,0.17813480295226072,False,0.0001,True,0.0,10.0,-1.508188220580515,4.6190575516186036e-17,6.027061300714934e-16,0.07663863566595362,0.0,True,The KKT residual norm is smaller than the tolerance kkt_tol_abs or kkt_tol_rel. GEMSEO stopped the driver.,0.0,12,0.12460434494512508,False,12,,,,,1.9352824430911528,,986906625000.0,0.986906625,,,,,,,,,,,,,,,0.0
opt_B75_mincarb,B75,7.5 % biomass,7.5,1.35,,min_co2,G3,biomass_trajectory_constraint,2,2040.0,-2.842170943040401e-16,0.0,2.842170943040401e-16,True,0.0001,True,0.9023208697134969,10.0,-1.508188220580515,4.6190575516186036e-17,6.027061300714934e-16,0.07663863566595362,0.0,True,The KKT residual norm is smaller than the tolerance kkt_tol_abs or kkt_tol_rel. GEMSEO stopped the driver.,0.0,12,0.12460434494512508,False,12,,,,,2.411714024837406,,1136191500000.0,1.1361915,,,,,,,,,,,,,,,0.2247359304421157
opt_B75_mincarb,B75,7.5 % biomass,7.5,1.35,,min_co2,G3,biomass_trajectory_constraint,3,2045.0,0.0,0.0,0.0,True,0.0001,True,0.8928733218432532,10.0,-1.508188220580515,4.6190575516186036e-17,6.027061300714934e-16,0.07663863566595362,0.0,True,The KKT residual norm is smaller than the tolerance kkt_tol_abs or kkt_tol_rel. GEMSEO stopped the driver.,0.0,12,0.12460434494512508,False,12,,,,,3.005434456537094,,1159426500000.0,1.1594265,,,,,,,,,,,,,,,0.2223828833916914
opt_B75_mincarb,B75,7.5 % biomass,7.5,1.35,,min_co2,G3,biomass_trajectory_constraint,4,2050.0,0.0,0.0,0.0,True,0.0001,True,0.5324482842460971,10.0,-1.508188220580515,4.6190575516186036e-17,6.027061300714934e-16,0.07663863566595362,0.0,True,The KKT residual norm is smaller than the tolerance kkt_tol_abs or kkt_tol_rel. GEMSEO stopped the driver.,0.0,12,0.12460434494512508,False,12,,,,,3.7453181345368614,,1182661500000.0,1.1826615,,,,,,,,,,,,,,,0.13261386784764165
opt_B75_mincarb,B75,7.5 % biomass,7.5,1.35,,min_co2,G4,electricity_trajectory_constraint,0,2030.0,-0.6669566077201824,0.0,0.6669566077201824,False,0.0001,True,0.0,10.0,-1.508188220580515,4.6190575516186036e-17,6.027061300714934e-16,0.07663863566595362,0.0,True,The KKT residual norm is smaller than the tolerance kkt_tol_abs or kkt_tol_rel. GEMSEO stopped the driver.,0.0,12,0.12460434494512508,False,12,,,,,1.552969421732896,,1065287574000.0001,1.065287574,,,,,,,,,,,,,,,0.0
opt_B75_mincarb,B75,7.5 % biomass,7.5,1.35,,min_co2,G4,electricity_trajectory_constraint,1,2035.0,-0.34929101296545684,0.0,0.34929101296545684,False,0.0001,True,0.0,10.0,-1.508188220580515,4.6190575516186036e-17,6.027061300714934e-16,0.07663863566595362,0.0,True,The KKT residual norm is smaller than the tolerance kkt_tol_abs or kkt_tol_rel. GEMSEO stopped the driver.,0.0,12,0.12460434494512508,False,12,,,,,1.9352824430911528,,1356710238000.0002,1.3567102380000002,,,,,,,,,,,,,,,0.0
opt_B75_mincarb,B75,7.5 % biomass,7.5,1.35,,min_co2,G4,electricity_trajectory_constraint,2,2040.0,-4.263256414560601e-16,0.0,4.263256414560601e-16,True,0.0001,True,1.572840426267284,10.0,-1.508188220580515,4.6190575516186036e-17,6.027061300714934e-16,0.07663863566595362,0.0,True,The KKT residual norm is smaller than the tolerance kkt_tol_abs or kkt_tol_rel. GEMSEO stopped the driver.,0.0,12,0.12460434494512508,False,12,,,,,2.411714024837406,,1648132902000.0002,1.6481329020000002,,,,,,,,,,,,,,,0.3917384253191287
opt_B75_mincarb,B75,7.5 % biomass,7.5,1.35,,min_co2,G4,electricity_trajectory_constraint,3,2045.0,-1.4210854715202004e-16,0.0,1.4210854715202004e-16,True,0.0001,True,1.8193411883807884,10.0,-1.508188220580515,4.6190575516186036e-17,6.027061300714934e-16,0.07663863566595362,0.0,True,The KKT residual norm is smaller than the tolerance kkt_tol_abs or kkt_tol_rel. GEMSEO stopped the driver.,0.0,12,0.12460434494512508,False,12,,,,,3.005434456537094,,1895265009000.0002,1.8952650090000003,,,,,,,,,,,,,,,0.4531329690869779
opt_B75_mincarb,B75,7.5 % biomass,7.5,1.35,,min_co2,G4,electricity_trajectory_constraint,4,2050.0,0.0,0.0,0.0,True,0.0001,True,1.2091230494352752,10.0,-1.508188220580515,4.6190575516186036e-17,6.027061300714934e-16,0.07663863566595362,0.0,True,The KKT residual norm is smaller than the tolerance kkt_tol_abs or kkt_tol_rel. GEMSEO stopped the driver.,0.0,12,0.12460434494512508,False,12,,,,,3.7453181345368614,,2142397116000.0002,2.142397116,,,,,,,,,,,,,,,0.3011494055547281
opt_B75_mincarb,B75,7.5 % biomass,7.5,1.35,,min_co2,G5,biofuel_use_growth_constraint,0,2030.0,1.9701470706907683e-16,0.0,1.9701470706907683e-16,True,0.0001,True,0.9047377172241675,10.0,-1.508188220580515,4.6190575516186036e-17,6.027061300714934e-16,0.07663863566595362,0.0,True,The KKT residual norm is smaller than the tolerance kkt_tol_abs or kkt_tol_rel. GEMSEO stopped the driver.,0.0,12,0.12460434494512508,False,12,,,,,1.552969421732896,,,,,,,,volume,89799803521.1634,154900000000.0,36088527006.640396,,,0.0,,,0.0,0.22533788091481144
opt_B75_mincarb,B75,7.5 % biomass,7.5,1.35,,min_co2,G5,biofuel_use_growth_constraint,1,2035.0,1.4736109044645739e-09,0.0,1.4736109044645739e-09,True,0.0001,True,0.2582459851137182,10.0,-1.508188220580515,4.6190575516186036e-17,6.027061300714934e-16,0.07663863566595362,0.0,True,The KKT residual norm is smaller than the tolerance kkt_tol_abs or kkt_tol_rel. GEMSEO stopped the driver.,0.0,12,0.12460434494512508,False,12,,,,,1.9352824430911528,,,,,,,,rate,385440768000.0,154900000000.0,154900000000.00003,,0.0,,,0.0,,0.06431985970345568
opt_B75_mincarb,B75,7.5 % biomass,7.5,1.35,,min_co2,G5,biofuel_use_growth_constraint,2,2040.0,-2.7061078130233387,0.0,2.7061078130233387,False,0.0001,True,0.0,10.0,-1.508188220580515,4.6190575516186036e-17,6.027061300714934e-16,0.07663863566595362,0.0,True,The KKT residual norm is smaller than the tolerance kkt_tol_abs or kkt_tol_rel. GEMSEO stopped the driver.,0.0,12,0.12460434494512508,False,12,,,,,2.411714024837406,,,,,,,,rate,959099972397.7495,154900000000.0,385440768228.2623,,0.0,,,0.0,,0.0
opt_B75_mincarb,B75,7.5 % biomass,7.5,1.35,,min_co2,G5,biofuel_use_growth_constraint,3,2045.0,-5.116450028633004,0.0,5.116450028633004,False,0.0001,True,0.0,10.0,-1.508188220580515,4.6190575516186036e-17,6.027061300714934e-16,0.07663863566595362,0.0,True,The KKT residual norm is smaller than the tolerance kkt_tol_abs or kkt_tol_rel. GEMSEO stopped the driver.,0.0,12,0.12460434494512508,False,12,,,,,3.005434456537094,,,,,,,,rate,1343503369574.2517,154900000000.0,539923872160.4343,,0.0,,,0.0,,0.0
opt_B75_mincarb,B75,7.5 % biomass,7.5,1.35,,min_co2,G5,biofuel_use_growth_constraint,4,2050.0,-5.2225385925847965,0.0,5.2225385925847965,False,0.0001,True,0.0,10.0,-1.508188220580515,4.6190575516186036e-17,6.027061300714934e-16,0.07663863566595362,0.0,True,The KKT residual norm is smaller than the tolerance kkt_tol_abs or kkt_tol_rel. GEMSEO stopped the driver.,0.0,12,0.12460434494512508,False,12,,,,,3.7453181345368614,,,,,,,,rate,1370977876109.0747,154900000000.0,550965260138.9994,,0.0,,,0.0,,0.0
opt_B75_mincarb,B75,7.5 % biomass,7.5,1.35,,min_co2,G6,electrofuel_use_growth_constraint,0,2030.0,-2.1671617777598452e-15,0.0,2.1671617777598452e-15,True,0.0001,True,1.014710181365476,10.0,-1.508188220580515,4.6190575516186036e-17,6.027061300714934e-16,0.07663863566595362,0.0,True,The KKT residual norm is smaller than the tolerance kkt_tol_abs or kkt_tol_rel. GEMSEO stopped the driver.,0.0,12,0.12460434494512508,False,12,,,,,1.552969421732896,,,,,,,,volume,0.0,154900000000.0,0.0,,,0.0,,,0.0,0.25272809750113134
opt_B75_mincarb,B75,7.5 % biomass,7.5,1.35,,min_co2,G6,electrofuel_use_growth_constraint,1,2035.0,-3.330732647259825e-08,0.0,3.330732647259825e-08,True,0.0001,True,0.30931009046729085,10.0,-1.508188220580515,4.6190575516186036e-17,6.027061300714934e-16,0.07663863566595362,0.0,True,The KKT residual norm is smaller than the tolerance kkt_tol_abs or kkt_tol_rel. GEMSEO stopped the driver.,0.0,12,0.12460434494512508,False,12,,,,,1.9352824430911528,,,,,,,,rate,385440767999.9991,154900000000.0,154899999999.99966,,0.0,,,0.0,,0.07703810618762841
opt_B75_mincarb,B75,7.5 % biomass,7.5,1.35,,min_co2,G6,electrofuel_use_growth_constraint,2,2040.0,-1.5463210324985106,0.0,1.5463210324985106,False,0.0001,True,0.0,10.0,-1.508188220580515,4.6190575516186036e-17,6.027061300714934e-16,0.07663863566595362,0.0,True,The KKT residual norm is smaller than the tolerance kkt_tol_abs or kkt_tol_rel. GEMSEO stopped the driver.,0.0,12,0.12460434494512508,False,12,,,,,2.411714024837406,,,,,,,,rate,959099958991.756,154900000000.0,385440762840.6942,,0.0,,,0.0,,0.0
opt_B75_mincarb,B75,7.5 % biomass,7.5,1.35,,min_co2,G6,electrofuel_use_growth_constraint,3,2045.0,-6.217299765897715,0.0,6.217299765897715,False,0.0001,True,0.0,10.0,-1.508188220580515,4.6190575516186036e-17,6.027061300714934e-16,0.07663863566595362,0.0,True,The KKT residual norm is smaller than the tolerance kkt_tol_abs or kkt_tol_rel. GEMSEO stopped the driver.,0.0,12,0.12460434494512508,False,12,,,,,3.005434456537094,,,,,,,,rate,1790532443617.587,154900000000.0,719574831057.7367,,0.0,,,0.0,,0.0
opt_B75_mincarb,B75,7.5 % biomass,7.5,1.35,,min_co2,G6,electrofuel_use_growth_constraint,4,2050.0,-7.254011005462888,0.0,7.254011005462888,False,0.0001,True,0.0,10.0,-1.508188220580515,4.6190575516186036e-17,6.027061300714934e-16,0.07663863566595362,0.0,True,The KKT residual norm is smaller than the tolerance kkt_tol_abs or kkt_tol_rel. GEMSEO stopped the driver.,0.0,12,0.12460434494512508,False,12,,,,,3.7453181345368614,,,,,,,,rate,2059016893448.678,154900000000.0,827472709880.0309,,0.0,,,0.0,,0.0
opt_main_2_0,main,9.9 % biomass,9.9,1.35,2.0,min_surplus_loss,G1,aviation_carbon_budget_constraint,0,,0.10385827340317379,0.0,0.10385827340317379,False,0.0001,True,73.9077489562778,1e-10,26.290821339373004,5.389269641386925e-16,9.666115375614575e-16,0.5575424492638309,0.10375827340331022,False,Positive directional derivative for linesearch,0.0,15,0.0055263126395285736,False,5,739077489562.778,262908213393.73004,1.7478766537399129,422.84304672265165,,,,,,,,,,,,,,,,,,,
opt_main_2_0,main,9.9 % biomass,9.9,1.35,2.0,min_surplus_loss,G2,blend_completeness_constraint,0,2030.0,-0.8241136724138025,0.0,0.8241136724138025,False,0.0001,True,0.0,1e-10,26.290821339373004,5.389269641386925e-16,9.666115375614575e-16,0.5575424492638309,0.10375827340331022,False,Positive directional derivative for linesearch,0.0,15,0.0055263126395285736,False,5,0.0,262908213393.73004,,,1.552969421732896,,,,,,,,,,,,,,,,,,
opt_main_2_0,main,9.9 % biomass,9.9,1.35,2.0,min_surplus_loss,G2,blend_completeness_constraint,1,2035.0,-0.5386875221375486,0.0,0.5386875221375486,False,0.0001,True,0.0,1e-10,26.290821339373004,5.389269641386925e-16,9.666115375614575e-16,0.5575424492638309,0.10375827340331022,False,Positive directional derivative for linesearch,0.0,15,0.0055263126395285736,False,5,0.0,262908213393.73004,,,1.9352824430911528,,,,,,,,,,,,,,,,,,
opt_main_2_0,main,9.9 % biomass,9.9,1.35,2.0,min_surplus_loss,G2,blend_completeness_constraint,2,2040.0,-0.06946066071498053,0.0,0.06946066071498053,False,0.0001,True,0.0,1e-10,26.290821339373004,5.389269641386925e-16,9.666115375614575e-16,0.5575424492638309,0.10375827340331022,False,Positive directional derivative for linesearch,0.0,15,0.0055263126395285736,False,5,0.0,262908213393.73004,,,2.411714024837406,,,,,,,,,,,,,,,,,,
opt_main_2_0,main,9.9 % biomass,9.9,1.35,2.0,min_surplus_loss,G2,blend_completeness_constraint,3,2045.0,-0.023649211014297008,0.0,0.023649211014297008,False,0.0001,True,0.0,1e-10,26.290821339373004,5.389269641386925e-16,9.666115375614575e-16,0.5575424492638309,0.10375827340331022,False,Positive directional derivative for linesearch,0.0,15,0.0055263126395285736,False,5,0.0,262908213393.73004,,,3.005434456537094,,,,,,,,,,,,,,,,,,
opt_main_2_0,main,9.9 % biomass,9.9,1.35,2.0,min_surplus_loss,G2,blend_completeness_constraint,4,2050.0,-0.005516312639528564,0.0,0.005516312639528564,False,0.0001,True,0.0,1e-10,26.290821339373004,5.389269641386925e-16,9.666115375614575e-16,0.5575424492638309,0.10375827340331022,False,Positive directional derivative for linesearch,0.0,15,0.0055263126395285736,False,5,0.0,262908213393.73004,,,3.7453181345368614,,,,,,,,,,,,,,,,,,
opt_main_2_0,main,9.9 % biomass,9.9,1.35,2.0,min_surplus_loss,G3,biomass_trajectory_constraint,0,2030.0,-0.7051781631373555,0.0,0.7051781631373555,False,0.0001,True,0.0,1e-10,26.290821339373004,5.389269641386925e-16,9.666115375614575e-16,0.5575424492638309,0.10375827340331022,False,Positive directional derivative for linesearch,0.0,15,0.0055263126395285736,False,5,0.0,262908213393.73004,,,1.552969421732896,,1105660710000.0002,1.1056607100000002,0.0,0.0,0.0,0.0,,,,,,,,,,,
opt_main_2_0,main,9.9 % biomass,9.9,1.35,2.0,min_surplus_loss,G3,biomass_trajectory_constraint,1,2035.0,-0.37728762892023837,0.0,0.37728762892023837,False,0.0001,True,0.0,1e-10,26.290821339373004,5.389269641386925e-16,9.666115375614575e-16,0.5575424492638309,0.10375827340331022,False,Positive directional derivative for linesearch,0.0,15,0.0055263126395285736,False,5,0.0,262908213393.73004,,,1.9352824430911528,,1302716745000.0002,1.3027167450000003,0.0,0.0,0.0,0.0,,,,,,,,,,,
opt_main_2_0,main,9.9 % biomass,9.9,1.35,2.0,min_surplus_loss,G3,biomass_trajectory_constraint,2,2040.0,3.148754647952501e-07,0.0,3.148754647952501e-07,True,0.0001,True,8.637540807767943,1e-10,26.290821339373004,5.389269641386925e-16,9.666115375614575e-16,0.5575424492638309,0.10375827340331022,False,Positive directional derivative for linesearch,0.0,15,0.0055263126395285736,False,5,86375408077.67943,262908213393.73004,,,2.411714024837406,,1499772780000.0,1.49977278,57.59232947118791,57592329471.18791,138.89622870872054,138896228708.72055,,,,,,,,,,,
opt_main_2_0,main,9.9 % biomass,9.9,1.35,2.0,min_surplus_loss,G3,biomass_trajectory_constraint,3,2045.0,2.0435209080460483e-12,0.0,2.0435209080460483e-12,True,0.0001,True,9.23251553604575,1e-10,26.290821339373004,5.389269641386925e-16,9.666115375614575e-16,0.5575424492638309,0.10375827340331022,False,Positive directional derivative for linesearch,0.0,15,0.0055263126395285736,False,5,92325155360.45749,262908213393.73004,,,3.005434456537094,,1530442980000.0,1.53044298,60.325772712197015,60325772712.197014,181.3051559264621,181305155926.4621,,,,,,,,,,,
opt_main_2_0,main,9.9 % biomass,9.9,1.35,2.0,min_surplus_loss,G3,biomass_trajectory_constraint,4,2050.0,3.027764705620939e-12,0.0,3.027764705620939e-12,True,0.0001,True,5.783703380035168,1e-10,26.290821339373004,5.389269641386925e-16,9.666115375614575e-16,0.5575424492638309,0.10375827340331022,False,Positive directional derivative for linesearch,0.0,15,0.0055263126395285736,False,5,57837033800.35168,262908213393.73004,,,3.7453181345368614,,1561113180000.0,1.56111318,37.04858465185188,37048584651.85188,138.75873595550487,138758735955.50488,,,,,,,,,,,
opt_main_2_0,main,9.9 % biomass,9.9,1.35,2.0,min_surplus_loss,G4,electricity_trajectory_constraint,0,2030.0,-0.6669566077193515,0.0,0.6669566077193515,False,0.0001,True,0.0,1e-10,26.290821339373004,5.389269641386925e-16,9.666115375614575e-16,0.5575424492638309,0.10375827340331022,False,Positive directional derivative for linesearch,0.0,15,0.0055263126395285736,False,5,0.0,262908213393.73004,,,1.552969421732896,,1065287574000.0001,1.065287574,0.0,0.0,0.0,0.0,,,,,,,,,,,
opt_main_2_0,main,9.9 % biomass,9.9,1.35,2.0,min_surplus_loss,G4,electricity_trajectory_constraint,1,2035.0,-0.34929100425392023,0.0,0.34929100425392023,False,0.0001,True,0.0,1e-10,26.290821339373004,5.389269641386925e-16,9.666115375614575e-16,0.5575424492638309,0.10375827340331022,False,Positive directional derivative for linesearch,0.0,15,0.0055263126395285736,False,5,0.0,262908213393.73004,,,1.9352824430911528,,1356710238000.0002,1.3567102380000002,0.0,0.0,0.0,0.0,,,,,,,,,,,
opt_main_2_0,main,9.9 % biomass,9.9,1.35,2.0,min_surplus_loss,G4,electricity_trajectory_constraint,2,2040.0,-1.3216094885137864e-14,0.0,1.3216094885137864e-14,True,0.0001,True,5.7471731026778725,1e-10,26.290821339373004,5.389269641386925e-16,9.666115375614575e-16,0.5575424492638309,0.10375827340331022,False,Positive directional derivative for linesearch,0.0,15,0.0055263126395285736,False,5,57471731026.778725,262908213393.73004,,,2.411714024837406,,1648132902000.0002,1.6481329020000002,34.87081105961607,34870811059.616066,84.09842408993138,84098424089.93138,,,,,,,,,,,
opt_main_2_0,main,9.9 % biomass,9.9,1.35,2.0,min_surplus_loss,G4,electricity_trajectory_constraint,3,2045.0,2.0634161046473308e-12,0.0,2.0634161046473308e-12,True,0.0001,True,9.702737076093126,1e-10,26.290821339373004,5.389269641386925e-16,9.666115375614575e-16,0.5575424492638309,0.10375827340331022,False,Positive directional derivative for linesearch,0.0,15,0.0055263126395285736,False,5,97027370760.93126,262908213393.73004,,,3.005434456537094,,1895265009000.0002,1.8952650090000003,51.19461938049807,51194619380.49807,153.86207307545058,153862073075.4506,,,,,,,,,,,
opt_main_2_0,main,9.9 % biomass,9.9,1.35,2.0,min_surplus_loss,G4,electricity_trajectory_constraint,4,2050.0,3.020517169716186e-12,0.0,3.020517169716186e-12,True,0.0001,True,7.717720141687476,1e-10,26.290821339373004,5.389269641386925e-16,9.666115375614575e-16,0.5575424492638309,0.10375827340331022,False,Positive directional derivative for linesearch,0.0,15,0.0055263126395285736,False,5,77177201416.87476,262908213393.73004,,,3.7453181345368614,,2142397116000.0002,2.142397116,36.02376088004161,36023760880.0416,134.9204448982394,134920444898.23938,,,,,,,,,,,
opt_main_2_0,main,9.9 % biomass,9.9,1.35,2.0,min_surplus_loss,G5,biofuel_use_growth_constraint,0,2030.0,2.5560966839430178e-05,0.0,2.5560966839430178e-05,True,0.0001,True,5.889673701177777,1e-10,26.290821339373004,5.389269641386925e-16,9.666115375614575e-16,0.5575424492638309,0.10375827340331022,False,Positive directional derivative for linesearch,0.0,15,0.0055263126395285736,False,5,58896737011.77777,262908213393.73004,,,1.552969421732896,,,,,,,,volume,89799803521.1634,154900000000.0,36088527006.640396,380.2242544336848,1901121272168.4236,0.0,590.476640536701,2952383202683.5044,0.0,
opt_main_2_0,main,9.9 % biomass,9.9,1.35,2.0,min_surplus_loss,G5,biofuel_use_growth_constraint,1,2035.0,0.0002849793383544764,0.0,0.0002849793383544764,False,0.0001,True,1.723060539766517,1e-10,26.290821339373004,5.389269641386925e-16,9.666115375614575e-16,0.5575424492638309,0.10375827340331022,False,Positive directional derivative for linesearch,0.0,15,0.0055263126395285736,False,5,17230605397.66517,262908213393.73004,,,1.9352824430911528,,,,,,,,rate,385450620238.68933,154900000000.0,154903959393.76343,111.23696189583711,0.0,178651483150.9078,215.27493937981313,0.0,345741078774.1468,
opt_main_2_0,main,9.9 % biomass,9.9,1.35,2.0,min_surplus_loss,G5,biofuel_use_growth_constraint,2,2040.0,-1.5915725909888696,0.0,1.5915725909888696,False,0.0001,True,0.0,1e-10,26.290821339373004,5.389269641386925e-16,9.666115375614575e-16,0.5575424492638309,0.10375827340331022,False,Positive directional derivative for linesearch,0.0,15,0.0055263126395285736,False,5,0.0,262908213393.73004,,,2.411714024837406,,,,,,,,rate,959234330007.3746,154900000000.0,385494763538.20044,0.0,0.0,0.0,0.0,0.0,0.0,
opt_main_2_0,main,9.9 % biomass,9.9,1.35,2.0,min_surplus_loss,G5,biofuel_use_growth_constraint,3,2045.0,-6.75371764274018,0.0,6.75371764274018,False,0.0001,True,0.0,1e-10,26.290821339373004,5.389269641386925e-16,9.666115375614575e-16,0.5575424492638309,0.10375827340331022,False,Positive directional derivative for linesearch,0.0,15,0.0055263126395285736,False,5,0.0,262908213393.73004,,,3.005434456537094,,,,,,,,rate,1773425006245.4502,154900000000.0,712699735663.1987,0.0,0.0,0.0,0.0,0.0,0.0,
opt_main_2_0,main,9.9 % biomass,9.9,1.35,2.0,min_surplus_loss,G5,biofuel_use_growth_constraint,4,2050.0,-6.893750942221536,0.0,6.893750942221536,False,0.0001,True,0.0,1e-10,26.290821339373004,5.389269641386925e-16,9.666115375614575e-16,0.5575424492638309,0.10375827340331022,False,Positive directional derivative for linesearch,0.0,15,0.0055263126395285736,False,5,0.0,262908213393.73004,,,3.7453181345368614,,,,,,,,rate,1809690796467.7537,154900000000.0,727274143384.9963,0.0,0.0,0.0,0.0,0.0,0.0,
opt_main_2_0,main,9.9 % biomass,9.9,1.35,2.0,min_surplus_loss,G6,electrofuel_use_growth_constraint,0,2030.0,1.3493537287161071e-12,0.0,1.3493537287161071e-12,True,0.0001,True,0.0,1e-10,26.290821339373004,5.389269641386925e-16,9.666115375614575e-16,0.5575424492638309,0.10375827340331022,False,Positive directional derivative for linesearch,0.0,15,0.0055263126395285736,False,5,0.0,262908213393.73004,,,1.552969421732896,,,,,,,,volume,0.0,154900000000.0,0.0,0.0,0.0,0.0,0.0,0.0,0.0,
opt_main_2_0,main,9.9 % biomass,9.9,1.35,2.0,min_surplus_loss,G6,electrofuel_use_growth_constraint,1,2035.0,9.007512407198192e-13,0.0,9.007512407198192e-13,True,0.0001,True,0.4256533320407445,1e-10,26.290821339373004,5.389269641386925e-16,9.666115375614575e-16,0.5575424492638309,0.10375827340331022,False,Positive directional derivative for linesearch,0.0,15,0.0055263126395285736,False,5,4256533320.407445,262908213393.73004,,,1.9352824430911528,,,,,,,,rate,385440768000.52,154900000000.0,154900000000.209,27.479233830906683,0.0,44131737466.04393,53.18007878255015,0.0,85407376701.14285,
opt_main_2_0,main,9.9 % biomass,9.9,1.35,2.0,min_surplus_loss,G6,electrofuel_use_growth_constraint,2,2040.0,-1.546321115389539,0.0,1.546321115389539,False,0.0001,True,0.0,1e-10,26.290821339373004,5.389269641386925e-16,9.666115375614575e-16,0.5575424492638309,0.10375827340331022,False,Positive directional derivative for linesearch,0.0,15,0.0055263126395285736,False,5,0.0,262908213393.73004,,,2.411714024837406,,,,,,,,rate,959099971831.4009,154900000000.0,385440768000.65955,0.0,0.0,0.0,0.0,0.0,0.0,
opt_main_2_0,main,9.9 % biomass,9.9,1.35,2.0,min_surplus_loss,G6,electrofuel_use_growth_constraint,3,2045.0,-6.217299765883645,0.0,6.217299765883645,False,0.0001,True,0.0,1e-10,26.290821339373004,5.389269641386925e-16,9.666115375614575e-16,0.5575424492638309,0.10375827340331022,False,Positive directional derivative for linesearch,0.0,15,0.0055263126395285736,False,5,0.0,262908213393.73004,,,3.005434456537094,,,,,,,,rate,1790532443617.1504,154900000000.0,719574831057.5613,0.0,0.0,0.0,0.0,0.0,0.0,
opt_main_2_0,main,9.9 % biomass,9.9,1.35,2.0,min_surplus_loss,G6,electrofuel_use_growth_constraint,4,2050.0,-7.2540110054723135,0.0,7.2540110054723135,False,0.0001,True,0.0,1e-10,26.290821339373004,5.389269641386925e-16,9.666115375614575e-16,0.5575424492638309,0.10375827340331022,False,Positive directional derivative for linesearch,0.0,15,0.0055263126395285736,False,5,0.0,262908213393.73004,,,3.7453181345368614,,,,,,,,rate,2059016893453.015,154900000000.0,827472709881.7738,0.0,0.0,0.0,0.0,0.0,0.0,
opt_main_2_2,main,9.9 % biomass,9.9,1.35,2.2,min_surplus_loss,G1,aviation_carbon_budget_constraint,0,,1.3146261181969464e-08,0.0,1.3146261181969464e-08,True,0.0001,True,64.07629243748568,1e-10,23.553426754004114,5.781497893371208e-16,1.0187724214023828e-15,0.567496505786124,0.0,True,The KKT residual norm is smaller than the tolerance kkt_tol_abs or kkt_tol_rel. GEMSEO stopped the driver.,0.0,9,0.005526302643245909,False,9,640762924374.8567,235534267540.04114,1.9954654899519684,321.10949931300496,,,,,,,,,,,,,,,,,,,
opt_main_2_2,main,9.9 % biomass,9.9,1.35,2.2,min_surplus_loss,G2,blend_completeness_constraint,0,2030.0,-0.8484796394472385,0.0,0.8484796394472385,False,0.0001,True,0.0,1e-10,23.553426754004114,5.781497893371208e-16,1.0187724214023828e-15,0.567496505786124,0.0,True,The KKT residual norm is smaller than the tolerance kkt_tol_abs or kkt_tol_rel. GEMSEO stopped the driver.,0.0,9,0.005526302643245909,False,9,0.0,235534267540.04114,,,1.552969421732896,,,,,,,,,,,,,,,,,,
opt_main_2_2,main,9.9 % biomass,9.9,1.35,2.2,min_surplus_loss,G2,blend_completeness_constraint,1,2035.0,-0.6088173584034076,0.0,0.6088173584034076,False,0.0001,True,0.0,1e-10,23.553426754004114,5.781497893371208e-16,1.0187724214023828e-15,0.567496505786124,0.0,True,The KKT residual norm is smaller than the tolerance kkt_tol_abs or kkt_tol_rel. GEMSEO stopped the driver.,0.0,9,0.005526302643245909,False,9,0.0,235534267540.04114,,,1.9352824430911528,,,,,,,,,,,,,,,,,,
opt_main_2_2,main,9.9 % biomass,9.9,1.35,2.2,min_surplus_loss,G2,blend_completeness_constraint,2,2040.0,-0.07338661981805955,0.0,0.07338661981805955,False,0.0001,True,0.0,1e-10,23.553426754004114,5.781497893371208e-16,1.0187724214023828e-15,0.567496505786124,0.0,True,The KKT residual norm is smaller than the tolerance kkt_tol_abs or kkt_tol_rel. GEMSEO stopped the driver.,0.0,9,0.005526302643245909,False,9,0.0,235534267540.04114,,,2.411714024837406,,,,,,,,,,,,,,,,,,
opt_main_2_2,main,9.9 % biomass,9.9,1.35,2.2,min_surplus_loss,G2,blend_completeness_constraint,3,2045.0,-0.023649211016816735,0.0,0.023649211016816735,False,0.0001,True,0.0,1e-10,23.553426754004114,5.781497893371208e-16,1.0187724214023828e-15,0.567496505786124,0.0,True,The KKT residual norm is smaller than the tolerance kkt_tol_abs or kkt_tol_rel. GEMSEO stopped the driver.,0.0,9,0.005526302643245909,False,9,0.0,235534267540.04114,,,3.005434456537094,,,,,,,,,,,,,,,,,,
opt_main_2_2,main,9.9 % biomass,9.9,1.35,2.2,min_surplus_loss,G2,blend_completeness_constraint,4,2050.0,-0.00551631264324584,0.0,0.00551631264324584,False,0.0001,True,0.0,1e-10,23.553426754004114,5.781497893371208e-16,1.0187724214023828e-15,0.567496505786124,0.0,True,The KKT residual norm is smaller than the tolerance kkt_tol_abs or kkt_tol_rel. GEMSEO stopped the driver.,0.0,9,0.005526302643245909,False,9,0.0,235534267540.04114,,,3.7453181345368614,,,,,,,,,,,,,,,,,,
opt_main_2_2,main,9.9 % biomass,9.9,1.35,2.2,min_surplus_loss,G3,biomass_trajectory_constraint,0,2030.0,-0.7051856988509624,0.0,0.7051856988509624,False,0.0001,True,0.0,1e-10,23.553426754004114,5.781497893371208e-16,1.0187724214023828e-15,0.567496505786124,0.0,True,The KKT residual norm is smaller than the tolerance kkt_tol_abs or kkt_tol_rel. GEMSEO stopped the driver.,0.0,9,0.005526302643245909,False,9,0.0,235534267540.04114,,,1.552969421732896,,1105660710000.0002,1.1056607100000002,0.0,0.0,0.0,0.0,,,,,,,,,,,
opt_main_2_2,main,9.9 % biomass,9.9,1.35,2.2,min_surplus_loss,G3,biomass_trajectory_constraint,1,2035.0,-0.3773748487293467,0.0,0.3773748487293467,False,0.0001,True,0.0,1e-10,23.553426754004114,5.781497893371208e-16,1.0187724214023828e-15,0.567496505786124,0.0,True,The KKT residual norm is smaller than the tolerance kkt_tol_abs or kkt_tol_rel. GEMSEO stopped the driver.,0.0,9,0.005526302643245909,False,9,0.0,235534267540.04114,,,1.9352824430911528,,1302716745000.0002,1.3027167450000003,0.0,0.0,0.0,0.0,,,,,,,,,,,
opt_main_2_2,main,9.9 % biomass,9.9,1.35,2.2,min_surplus_loss,G3,biomass_trajectory_constraint,2,2040.0,4.368082500150194e-09,0.0,4.368082500150194e-09,True,0.0001,True,5.64386251562755,1e-10,23.553426754004114,5.781497893371208e-16,1.0187724214023828e-15,0.567496505786124,0.0,True,The KKT residual norm is smaller than the tolerance kkt_tol_abs or kkt_tol_rel. GEMSEO stopped the driver.,0.0,9,0.005526302643245909,False,9,56438625156.2755,235534267540.04114,,,2.411714024837406,,1499772780000.0,1.49977278,37.63145051630787,37631450516.30788,90.75629698515453,90756296985.15454,,,,,,,,,,,
opt_main_2_2,main,9.9 % biomass,9.9,1.35,2.2,min_surplus_loss,G3,biomass_trajectory_constraint,3,2045.0,-2.842170943040401e-16,0.0,2.842170943040401e-16,True,0.0001,True,6.251679817952194,1e-10,23.553426754004114,5.781497893371208e-16,1.0187724214023828e-15,0.567496505786124,0.0,True,The KKT residual norm is smaller than the tolerance kkt_tol_abs or kkt_tol_rel. GEMSEO stopped the driver.,0.0,9,0.005526302643245909,False,9,62516798179.52194,235534267540.04114,,,3.005434456537094,,1530442980000.0,1.53044298,40.84882546850713,40848825468.507126,122.76846757212134,122768467572.12132,,,,,,,,,,,
opt_main_2_2,main,9.9 % biomass,9.9,1.35,2.2,min_surplus_loss,G3,biomass_trajectory_constraint,4,2050.0,-2.842170943040401e-16,0.0,2.842170943040401e-16,True,0.0001,True,4.006080793692499,1e-10,23.553426754004114,5.781497893371208e-16,1.0187724214023828e-15,0.567496505786124,0.0,True,The KKT residual norm is smaller than the tolerance kkt_tol_abs or kkt_tol_rel. GEMSEO stopped the driver.,0.0,9,0.005526302643245909,False,9,40060807936.92499,235534267540.04114,,,3.7453181345368614,,1561113180000.0,1.56111318,25.661693495486972,25661693495.486973,96.11120601157397,96111206011.57397,,,,,,,,,,,
opt_main_2_2,main,9.9 % biomass,9.9,1.35,2.2,min_surplus_loss,G4,electricity_trajectory_constraint,0,2030.0,-0.7516480876576782,0.0,0.7516480876576782,False,0.0001,True,0.0,1e-10,23.553426754004114,5.781497893371208e-16,1.0187724214023828e-15,0.567496505786124,0.0,True,The KKT residual norm is smaller than the tolerance kkt_tol_abs or kkt_tol_rel. GEMSEO stopped the driver.,0.0,9,0.005526302643245909,False,9,0.0,235534267540.04114,,,1.552969421732896,,1065287574000.0001,1.065287574,0.0,0.0,0.0,0.0,,,,,,,,,,,
opt_main_2_2,main,9.9 % biomass,9.9,1.35,2.2,min_surplus_loss,G4,electricity_trajectory_constraint,1,2035.0,-0.5147635103677611,0.0,0.5147635103677611,False,0.0001,True,0.0,1e-10,23.553426754004114,5.781497893371208e-16,1.0187724214023828e-15,0.567496505786124,0.0,True,The KKT residual norm is smaller than the tolerance kkt_tol_abs or kkt_tol_rel. GEMSEO stopped the driver.,0.0,9,0.005526302643245909,False,9,0.0,235534267540.04114,,,1.9352824430911528,,1356710238000.0002,1.3567102380000002,0.0,0.0,0.0,0.0,,,,,,,,,,,
opt_main_2_2,main,9.9 % biomass,9.9,1.35,2.2,min_surplus_loss,G4,electricity_trajectory_constraint,2,2040.0,-0.006072772077702666,0.0,0.006072772077702666,False,0.0001,True,0.0,1e-10,23.553426754004114,5.781497893371208e-16,1.0187724214023828e-15,0.567496505786124,0.0,True,The KKT residual norm is smaller than the tolerance kkt_tol_abs or kkt_tol_rel. GEMSEO stopped the driver.,0.0,9,0.005526302643245909,False,9,0.0,235534267540.04114,,,2.411714024837406,,1648132902000.0002,1.6481329020000002,0.0,0.0,0.0,0.0,,,,,,,,,,,
opt_main_2_2,main,9.9 % biomass,9.9,1.35,2.2,min_surplus_loss,G4,electricity_trajectory_constraint,3,2045.0,-2.842170943040401e-16,0.0,2.842170943040401e-16,True,0.0001,True,5.106468138613247,1e-10,23.553426754004114,5.781497893371208e-16,1.0187724214023828e-15,0.567496505786124,0.0,True,The KKT residual norm is smaller than the tolerance kkt_tol_abs or kkt_tol_rel. GEMSEO stopped the driver.,0.0,9,0.005526302643245909,False,9,51064681386.13246,235534267540.04114,,,3.005434456537094,,1895265009000.0002,1.8952650090000003,26.94329349386118,26943293493.86118,80.9763026390421,80976302639.0421,,,,,,,,,,,
opt_main_2_2,main,9.9 % biomass,9.9,1.35,2.2,min_surplus_loss,G4,electricity_trajectory_constraint,4,2050.0,0.0,0.0,0.0,True,0.0001,True,4.664402532093222,1e-10,23.553426754004114,5.781497893371208e-16,1.0187724214023828e-15,0.567496505786124,0.0,True,The KKT residual norm is smaller than the tolerance kkt_tol_abs or kkt_tol_rel. GEMSEO stopped the driver.,0.0,9,0.005526302643245909,False,9,46644025320.93222,235534267540.04114,,,3.7453181345368614,,2142397116000.0002,2.142397116,21.771885787458377,21771885787.458378,81.54263866283321,81542638662.83322,,,,,,,,,,,
opt_main_2_2,main,9.9 % biomass,9.9,1.35,2.2,min_surplus_loss,G5,biofuel_use_growth_constraint,0,2030.0,8.740084643822628e-11,0.0,8.740084643822628e-11,True,0.0001,True,3.645136575888646,1e-10,23.553426754004114,5.781497893371208e-16,1.0187724214023828e-15,0.567496505786124,0.0,True,The KKT residual norm is smaller than the tolerance kkt_tol_abs or kkt_tol_rel. GEMSEO stopped the driver.,0.0,9,0.005526302643245909,False,9,36451365758.88646,235534267540.04114,,,1.552969421732896,,,,,,,,volume,89799803521.1634,154900000000.0,36088527006.640396,235.32192226524506,1176609611326.225,0.0,365.4477495413311,1827238747706.6553,0.0,
opt_main_2_2,main,9.9 % biomass,9.9,1.35,2.2,min_surplus_loss,G5,biofuel_use_growth_constraint,1,2035.0,9.222137076843931e-09,0.0,9.222137076843931e-09,True,0.0001,True,1.08202690676569,1e-10,23.553426754004114,5.781497893371208e-16,1.0187724214023828e-15,0.567496505786124,0.0,True,The KKT residual norm is smaller than the tolerance kkt_tol_abs or kkt_tol_rel. GEMSEO stopped the driver.,0.0,9,0.005526302643245909,False,9,10820269067.6569,235534267540.04114,,,1.9352824430911528,,,,,,,,rate,385440768033.68774,154900000000.0,154900000013.5384,69.85325414885023,0.0,112184549703.27176,135.18577634705406,0.0,217108789426.82864,
opt_main_2_2,main,9.9 % biomass,9.9,1.35,2.2,min_surplus_loss,G5,biofuel_use_growth_constraint,2,2040.0,-1.5907066565714105,0.0,1.5907066565714105,False,0.0001,True,0.0,1e-10,23.553426754004114,5.781497893371208e-16,1.0187724214023828e-15,0.567496505786124,0.0,True,The KKT residual norm is smaller than the tolerance kkt_tol_abs or kkt_tol_rel. GEMSEO stopped the driver.,0.0,9,0.005526302643245909,False,9,0.0,235534267540.04114,,,2.411714024837406,,,,,,,,rate,959099975468.1732,154900000000.0,385440769462.1968,0.0,0.0,0.0,0.0,0.0,0.0,
opt_main_2_2,main,9.9 % biomass,9.9,1.35,2.2,min_surplus_loss,G5,biofuel_use_growth_constraint,3,2045.0,-6.753714087810572,0.0,6.753714087810572,False,0.0001,True,0.0,1e-10,23.553426754004114,5.781497893371208e-16,1.0187724214023828e-15,0.567496505786124,0.0,True,The KKT residual norm is smaller than the tolerance kkt_tol_abs or kkt_tol_rel. GEMSEO stopped the driver.,0.0,9,0.005526302643245909,False,9,0.0,235534267540.04114,,,3.005434456537094,,,,,,,,rate,1773424455585.3677,154900000000.0,712699514365.2617,0.0,0.0,0.0,0.0,0.0,0.0,
opt_main_2_2,main,9.9 % biomass,9.9,1.35,2.2,min_surplus_loss,G5,biofuel_use_growth_constraint,4,2050.0,-6.893750942212165,0.0,6.893750942212165,False,0.0001,True,0.0,1e-10,23.553426754004114,5.781497893371208e-16,1.0187724214023828e-15,0.567496505786124,0.0,True,The KKT residual norm is smaller than the tolerance kkt_tol_abs or kkt_tol_rel. GEMSEO stopped the driver.,0.0,9,0.005526302643245909,False,9,0.0,235534267540.04114,,,3.7453181345368614,,,,,,,,rate,1809690796464.0554,154900000000.0,727274143383.5101,0.0,0.0,0.0,0.0,0.0,0.0,
opt_main_2_2,main,9.9 % biomass,9.9,1.35,2.2,min_surplus_loss,G6,electrofuel_use_growth_constraint,0,2030.0,-0.2542956320416973,0.0,0.2542956320416973,False,0.0001,True,0.0,1e-10,23.553426754004114,5.781497893371208e-16,1.0187724214023828e-15,0.567496505786124,0.0,True,The KKT residual norm is smaller than the tolerance kkt_tol_abs or kkt_tol_rel. GEMSEO stopped the driver.,0.0,9,0.005526302643245909,False,9,0.0,235534267540.04114,,,1.552969421732896,,,,,,,,volume,0.0,154900000000.0,0.0,0.0,0.0,0.0,0.0,0.0,0.0,
opt_main_2_2,main,9.9 % biomass,9.9,1.35,2.2,min_surplus_loss,G6,electrofuel_use_growth_constraint,1,2035.0,-1.941196945515504e-07,0.0,1.941196945515504e-07,True,0.0001,True,0.6580526680702087,1e-10,23.553426754004114,5.781497893371208e-16,1.0187724214023828e-15,0.567496505786124,0.0,True,The KKT residual norm is smaller than the tolerance kkt_tol_abs or kkt_tol_rel. GEMSEO stopped the driver.,0.0,9,0.005526302643245909,False,9,6580526680.702086,235534267540.04114,,,1.9352824430911528,,,,,,,,rate,287424864286.80273,154900000000.0,115509606596.74109,42.48241885540405,0.0,50877097808.70674,82.215479350908,0.0,98461554144.62152,
opt_main_2_2,main,9.9 % biomass,9.9,1.35,2.2,min_surplus_loss,G6,electrofuel_use_growth_constraint,2,2040.0,3.462604157735333e-07,0.0,3.462604157735333e-07,True,0.0001,True,0.3847713303791035,1e-10,23.553426754004114,5.781497893371208e-16,1.0187724214023828e-15,0.567496505786124,0.0,True,The KKT residual norm is smaller than the tolerance kkt_tol_abs or kkt_tol_rel. GEMSEO stopped the driver.,0.0,9,0.005526302643245909,False,9,3847713303.7910347,235534267540.04114,,,2.411714024837406,,,,,,,,rate,715204963480.4927,154900000000.0,287424834217.66205,24.83998259387369,0.0,74023661849.61462,59.90693439836222,0.0,178523903452.5372,
opt_main_2_2,main,9.9 % biomass,9.9,1.35,2.2,min_surplus_loss,G6,electrofuel_use_growth_constraint,3,2045.0,-6.147102894193632,0.0,6.147102894193632,False,0.0001,True,0.0,1e-10,23.553426754004114,5.781497893371208e-16,1.0187724214023828e-15,0.567496505786124,0.0,True,The KKT residual norm is smaller than the tolerance kkt_tol_abs or kkt_tol_rel. GEMSEO stopped the driver.,0.0,9,0.005526302643245909,False,9,0.0,235534267540.04114,,,3.005434456537094,,,,,,,,rate,1779658948190.6597,154900000000.0,715205017116.2311,0.0,0.0,0.0,0.0,0.0,0.0,
opt_main_2_2,main,9.9 % biomass,9.9,1.35,2.2,min_surplus_loss,G6,electrofuel_use_growth_constraint,4,2050.0,-7.25401100546312,0.0,7.25401100546312,False,0.0001,True,0.0,1e-10,23.553426754004114,5.781497893371208e-16,1.0187724214023828e-15,0.567496505786124,0.0,True,The KKT residual norm is smaller than the tolerance kkt_tol_abs or kkt_tol_rel. GEMSEO stopped the driver.,0.0,9,0.005526302643245909,False,9,0.0,235534267540.04114,,,3.7453181345368614,,,,,,,,rate,2059016893448.7654,154900000000.0,827472709880.066,0.0,0.0,0.0,0.0,0.0,0.0,
opt_main_2_4,main,9.9 % biomass,9.9,1.35,2.4,min_surplus_loss,G1,aviation_carbon_budget_constraint,0,,1.4521741619957753e-11,0.0,1.4521741619957753e-11,True,0.0001,True,69.55193880718362,1e-10,15.741350047826959,6.095276231102658e-16,1.0353378017142363e-15,0.588723431232835,0.0,True,The KKT residual norm is smaller than the tolerance kkt_tol_abs or kkt_tol_rel. GEMSEO stopped the driver.,0.0,11,0.005526302643245547,False,11,695519388071.8362,157413500478.2696,2.2430543261640237,310.0769250030978,,,,,,,,,,,,,,,,,,,
opt_main_2_4,main,9.9 % biomass,9.9,1.35,2.4,min_surplus_loss,G2,blend_completeness_constraint,0,2030.0,-0.8782610265331893,0.0,0.8782610265331893,False,0.0001,True,0.0,1e-10,15.741350047826959,6.095276231102658e-16,1.0353378017142363e-15,0.588723431232835,0.0,True,The KKT residual norm is smaller than the tolerance kkt_tol_abs or kkt_tol_rel. GEMSEO stopped the driver.,0.0,11,0.005526302643245547,False,11,0.0,157413500478.2696,,,1.552969421732896,,,,,,,,,,,,,,,,,,
opt_main_2_4,main,9.9 % biomass,9.9,1.35,2.4,min_surplus_loss,G2,blend_completeness_constraint,1,2035.0,-0.6916961076861148,0.0,0.6916961076861148,False,0.0001,True,0.0,1e-10,15.741350047826959,6.095276231102658e-16,1.0353378017142363e-15,0.588723431232835,0.0,True,The KKT residual norm is smaller than the tolerance kkt_tol_abs or kkt_tol_rel. GEMSEO stopped the driver.,0.0,11,0.005526302643245547,False,11,0.0,157413500478.2696,,,1.9352824430911528,,,,,,,,,,,,,,,,,,
opt_main_2_4,main,9.9 % biomass,9.9,1.35,2.4,min_surplus_loss,G2,blend_completeness_constraint,2,2040.0,-0.3290087364249638,0.0,0.3290087364249638,False,0.0001,True,0.0,1e-10,15.741350047826959,6.095276231102658e-16,1.0353378017142363e-15,0.588723431232835,0.0,True,The KKT residual norm is smaller than the tolerance kkt_tol_abs or kkt_tol_rel. GEMSEO stopped the driver.,0.0,11,0.005526302643245547,False,11,0.0,157413500478.2696,,,2.411714024837406,,,,,,,,,,,,,,,,,,
opt_main_2_4,main,9.9 % biomass,9.9,1.35,2.4,min_surplus_loss,G2,blend_completeness_constraint,3,2045.0,-0.023649211016137883,0.0,0.023649211016137883,False,0.0001,True,0.0,1e-10,15.741350047826959,6.095276231102658e-16,1.0353378017142363e-15,0.588723431232835,0.0,True,The KKT residual norm is smaller than the tolerance kkt_tol_abs or kkt_tol_rel. GEMSEO stopped the driver.,0.0,11,0.005526302643245547,False,11,0.0,157413500478.2696,,,3.005434456537094,,,,,,,,,,,,,,,,,,
opt_main_2_4,main,9.9 % biomass,9.9,1.35,2.4,min_surplus_loss,G2,blend_completeness_constraint,4,2050.0,-0.0055163126432455556,0.0,0.0055163126432455556,False,0.0001,True,0.0,1e-10,15.741350047826959,6.095276231102658e-16,1.0353378017142363e-15,0.588723431232835,0.0,True,The KKT residual norm is smaller than the tolerance kkt_tol_abs or kkt_tol_rel. GEMSEO stopped the driver.,0.0,11,0.005526302643245547,False,11,0.0,157413500478.2696,,,3.7453181345368614,,,,,,,,,,,,,,,,,,
opt_main_2_4,main,9.9 % biomass,9.9,1.35,2.4,min_surplus_loss,G3,biomass_trajectory_constraint,0,2030.0,-0.7051856988784533,0.0,0.7051856988784533,False,0.0001,True,0.0,1e-10,15.741350047826959,6.095276231102658e-16,1.0353378017142363e-15,0.588723431232835,0.0,True,The KKT residual norm is smaller than the tolerance kkt_tol_abs or kkt_tol_rel. GEMSEO stopped the driver.,0.0,11,0.005526302643245547,False,11,0.0,157413500478.2696,,,1.552969421732896,,1105660710000.0002,1.1056607100000002,0.0,0.0,0.0,0.0,,,,,,,,,,,
opt_main_2_4,main,9.9 % biomass,9.9,1.35,2.4,min_surplus_loss,G3,biomass_trajectory_constraint,1,2035.0,-0.37737485109058627,0.0,0.37737485109058627,False,0.0001,True,0.0,1e-10,15.741350047826959,6.095276231102658e-16,1.0353378017142363e-15,0.588723431232835,0.0,True,The KKT residual norm is smaller than the tolerance kkt_tol_abs or kkt_tol_rel. GEMSEO stopped the driver.,0.0,11,0.005526302643245547,False,11,0.0,157413500478.2696,,,1.9352824430911528,,1302716745000.0002,1.3027167450000003,0.0,0.0,0.0,0.0,,,,,,,,,,,
opt_main_2_4,main,9.9 % biomass,9.9,1.35,2.4,min_surplus_loss,G3,biomass_trajectory_constraint,2,2040.0,3.140598892059643e-12,0.0,3.140598892059643e-12,True,0.0001,True,5.378430202763784,1e-10,15.741350047826959,6.095276231102658e-16,1.0353378017142363e-15,0.588723431232835,0.0,True,The KKT residual norm is smaller than the tolerance kkt_tol_abs or kkt_tol_rel. GEMSEO stopped the driver.,0.0,11,0.005526302643245547,False,11,53784302027.63784,157413500478.2696,,,2.411714024837406,,1499772780000.0,1.49977278,35.8616336720272,35861633672.0272,86.48800488040936,86488004880.40935,,,,,,,,,,,
opt_main_2_4,main,9.9 % biomass,9.9,1.35,2.4,min_surplus_loss,G3,biomass_trajectory_constraint,3,2045.0,-1.4210854715202004e-16,0.0,1.4210854715202004e-16,True,0.0001,True,6.038960466003463,1e-10,15.741350047826959,6.095276231102658e-16,1.0353378017142363e-15,0.588723431232835,0.0,True,The KKT residual norm is smaller than the tolerance kkt_tol_abs or kkt_tol_rel. GEMSEO stopped the driver.,0.0,11,0.005526302643245547,False,11,60389604660.03462,157413500478.2696,,,3.005434456537094,,1530442980000.0,1.53044298,39.45890532951095,39458905329.51095,118.59115369454739,118591153694.54738,,,,,,,,,,,
opt_main_2_4,main,9.9 % biomass,9.9,1.35,2.4,min_surplus_loss,G3,biomass_trajectory_constraint,4,2050.0,2.842170943040401e-16,0.0,2.842170943040401e-16,True,0.0001,True,3.8133028695439597,1e-10,15.741350047826959,6.095276231102658e-16,1.0353378017142363e-15,0.588723431232835,0.0,True,The KKT residual norm is smaller than the tolerance kkt_tol_abs or kkt_tol_rel. GEMSEO stopped the driver.,0.0,11,0.005526302643245547,False,11,38133028695.4396,157413500478.2696,,,3.7453181345368614,,1561113180000.0,1.56111318,24.42681874957945,24426818749.57945,91.48620723184493,91486207231.84492,,,,,,,,,,,
opt_main_2_4,main,9.9 % biomass,9.9,1.35,2.4,min_surplus_loss,G4,electricity_trajectory_constraint,0,2030.0,-0.8582280536183439,0.0,0.8582280536183439,False,0.0001,True,0.0,1e-10,15.741350047826959,6.095276231102658e-16,1.0353378017142363e-15,0.588723431232835,0.0,True,The KKT residual norm is smaller than the tolerance kkt_tol_abs or kkt_tol_rel. GEMSEO stopped the driver.,0.0,11,0.005526302643245547,False,11,0.0,157413500478.2696,,,1.552969421732896,,1065287574000.0001,1.065287574,0.0,0.0,0.0,0.0,,,,,,,,,,,
opt_main_2_4,main,9.9 % biomass,9.9,1.35,2.4,min_surplus_loss,G4,electricity_trajectory_constraint,1,2035.0,-0.7230022183790104,0.0,0.7230022183790104,False,0.0001,True,0.0,1e-10,15.741350047826959,6.095276231102658e-16,1.0353378017142363e-15,0.588723431232835,0.0,True,The KKT residual norm is smaller than the tolerance kkt_tol_abs or kkt_tol_rel. GEMSEO stopped the driver.,0.0,11,0.005526302643245547,False,11,0.0,157413500478.2696,,,1.9352824430911528,,1356710238000.0002,1.3567102380000002,0.0,0.0,0.0,0.0,,,,,,,,,,,
opt_main_2_4,main,9.9 % biomass,9.9,1.35,2.4,min_surplus_loss,G4,electricity_trajectory_constraint,2,2040.0,-0.4326155957244788,0.0,0.4326155957244788,False,0.0001,True,0.0,1e-10,15.741350047826959,6.095276231102658e-16,1.0353378017142363e-15,0.588723431232835,0.0,True,The KKT residual norm is smaller than the tolerance kkt_tol_abs or kkt_tol_rel. GEMSEO stopped the driver.,0.0,11,0.005526302643245547,False,11,0.0,157413500478.2696,,,2.411714024837406,,1648132902000.0002,1.6481329020000002,0.0,0.0,0.0,0.0,,,,,,,,,,,
opt_main_2_4,main,9.9 % biomass,9.9,1.35,2.4,min_surplus_loss,G4,electricity_trajectory_constraint,3,2045.0,4.263256414560601e-16,0.0,4.263256414560601e-16,True,0.0001,True,4.777545851738854,1e-10,15.741350047826959,6.095276231102658e-16,1.0353378017142363e-15,0.588723431232835,0.0,True,The KKT residual norm is smaller than the tolerance kkt_tol_abs or kkt_tol_rel. GEMSEO stopped the driver.,0.0,11,0.005526302643245547,False,11,47775458517.388535,157413500478.2696,,,3.005434456537094,,1895265009000.0002,1.8952650090000003,25.207798535043036,25207798535.043037,75.76038629066362,75760386290.66362,,,,,,,,,,,
opt_main_2_4,main,9.9 % biomass,9.9,1.35,2.4,min_surplus_loss,G4,electricity_trajectory_constraint,4,2050.0,0.0,0.0,0.0,True,0.0001,True,4.333284318592184,1e-10,15.741350047826959,6.095276231102658e-16,1.0353378017142363e-15,0.588723431232835,0.0,True,The KKT residual norm is smaller than the tolerance kkt_tol_abs or kkt_tol_rel. GEMSEO stopped the driver.,0.0,11,0.005526302643245547,False,11,43332843185.92184,157413500478.2696,,,3.7453181345368614,,2142397116000.0002,2.142397116,20.22633566032201,20226335660.32201,75.75406174383363,75754061743.83363,,,,,,,,,,,
opt_main_2_4,main,9.9 % biomass,9.9,1.35,2.4,min_surplus_loss,G5,biofuel_use_growth_constraint,0,2030.0,4.1116969365316335e-13,0.0,4.1116969365316335e-13,True,0.0001,True,3.5062064304011247,1e-10,15.741350047826959,6.095276231102658e-16,1.0353378017142363e-15,0.588723431232835,0.0,True,The KKT residual norm is smaller than the tolerance kkt_tol_abs or kkt_tol_rel. GEMSEO stopped the driver.,0.0,11,0.005526302643245547,False,11,35062064304.011246,157413500478.2696,,,1.552969421732896,,,,,,,,volume,89799803521.1634,154900000000.0,36088527006.640396,226.35290060691574,1131764503034.5784,0.0,351.5191331630856,1757595665815.4275,0.0,
opt_main_2_4,main,9.9 % biomass,9.9,1.35,2.4,min_surplus_loss,G5,biofuel_use_growth_constraint,1,2035.0,3.2062173428421563e-12,0.0,3.2062173428421563e-12,True,0.0001,True,1.0479860473275233,1e-10,15.741350047826959,6.095276231102658e-16,1.0353378017142363e-15,0.588723431232835,0.0,True,The KKT residual norm is smaller than the tolerance kkt_tol_abs or kkt_tol_rel. GEMSEO stopped the driver.,0.0,11,0.005526302643245547,False,11,10479860473.275232,157413500478.2696,,,1.9352824430911528,,,,,,,,rate,385440768000.1584,154900000000.0,154900000000.0637,67.65565186104088,0.0,108655193386.96228,130.9327952225597,0.0,210278488112.46204,
opt_main_2_4,main,9.9 % biomass,9.9,1.35,2.4,min_surplus_loss,G5,biofuel_use_growth_constraint,2,2040.0,-1.5907066531701668,0.0,1.5907066531701668,False,0.0001,True,0.0,1e-10,15.741350047826959,6.095276231102658e-16,1.0353378017142363e-15,0.588723431232835,0.0,True,The KKT residual norm is smaller than the tolerance kkt_tol_abs or kkt_tol_rel. GEMSEO stopped the driver.,0.0,11,0.005526302643245547,False,11,0.0,157413500478.2696,,,2.411714024837406,,,,,,,,rate,959099971831.3896,154900000000.0,385440768000.655,0.0,0.0,0.0,0.0,0.0,0.0,
opt_main_2_4,main,9.9 % biomass,9.9,1.35,2.4,min_surplus_loss,G5,biofuel_use_growth_constraint,3,2045.0,-6.753714037849757,0.0,6.753714037849757,False,0.0001,True,0.0,1e-10,15.741350047826959,6.095276231102658e-16,1.0353378017142363e-15,0.588723431232835,0.0,True,The KKT residual norm is smaller than the tolerance kkt_tol_abs or kkt_tol_rel. GEMSEO stopped the driver.,0.0,11,0.005526302643245547,False,11,0.0,157413500478.2696,,,3.005434456537094,,,,,,,,rate,1773424447846.8643,154900000000.0,712699511255.3308,0.0,0.0,0.0,0.0,0.0,0.0,
opt_main_2_4,main,9.9 % biomass,9.9,1.35,2.4,min_surplus_loss,G5,biofuel_use_growth_constraint,4,2050.0,-6.893750942219019,0.0,6.893750942219019,False,0.0001,True,0.0,1e-10,15.741350047826959,6.095276231102658e-16,1.0353378017142363e-15,0.588723431232835,0.0,True,The KKT residual norm is smaller than the tolerance kkt_tol_abs or kkt_tol_rel. GEMSEO stopped the driver.,0.0,11,0.005526302643245547,False,11,0.0,157413500478.2696,,,3.7453181345368614,,,,,,,,rate,1809690796465.1177,154900000000.0,727274143383.937,0.0,0.0,0.0,0.0,0.0,0.0,
opt_main_2_4,main,9.9 % biomass,9.9,1.35,2.4,min_surplus_loss,G6,electrofuel_use_growth_constraint,0,2030.0,-0.5743138892134184,0.0,0.5743138892134184,False,0.0001,True,0.0,1e-10,15.741350047826959,6.095276231102658e-16,1.0353378017142363e-15,0.588723431232835,0.0,True,The KKT residual norm is smaller than the tolerance kkt_tol_abs or kkt_tol_rel. GEMSEO stopped the driver.,0.0,11,0.005526302643245547,False,11,0.0,157413500478.2696,,,1.552969421732896,,,,,,,,volume,0.0,154900000000.0,0.0,0.0,0.0,0.0,0.0,0.0,0.0,
opt_main_2_4,main,9.9 % biomass,9.9,1.35,2.4,min_surplus_loss,G6,electrofuel_use_growth_constraint,1,2035.0,-1.173791953099782e-10,0.0,1.173791953099782e-10,True,0.0001,True,0.6642907781599825,1e-10,15.741350047826959,6.095276231102658e-16,1.0353378017142363e-15,0.588723431232835,0.0,True,The KKT residual norm is smaller than the tolerance kkt_tol_abs or kkt_tol_rel. GEMSEO stopped the driver.,0.0,11,0.005526302643245547,False,11,6642907781.599825,157413500478.2696,,,1.9352824430911528,,,,,,,,rate,164076781468.5131,154900000000.0,65938778560.8415,42.88513738928228,0.0,29318563815.285122,82.99485345902995,0.0,56739701808.36886,
opt_main_2_4,main,9.9 % biomass,9.9,1.35,2.4,min_surplus_loss,G6,electrofuel_use_growth_constraint,2,2040.0,2.170487386015171e-10,0.0,2.170487386015171e-10,True,0.0001,True,0.38554209625098956,1e-10,15.741350047826959,6.095276231102658e-16,1.0353378017142363e-15,0.588723431232835,0.0,True,The KKT residual norm is smaller than the tolerance kkt_tol_abs or kkt_tol_rel. GEMSEO stopped the driver.,0.0,11,0.005526302643245547,False,11,3855420962.5098953,157413500478.2696,,,2.411714024837406,,,,,,,,rate,408275536818.4877,154900000000.0,164076781450.33105,24.88974152685536,0.0,42341135763.12617,60.02693871489506,0.0,102114710947.47603,
opt_main_2_4,main,9.9 % biomass,9.9,1.35,2.4,min_surplus_loss,G6,electrofuel_use_growth_constraint,3,2045.0,-1.2165750418288315,0.0,1.2165750418288315,False,0.0001,True,0.0,1e-10,15.741350047826959,6.095276231102658e-16,1.0353378017142363e-15,0.588723431232835,0.0,True,The KKT residual norm is smaller than the tolerance kkt_tol_abs or kkt_tol_rel. GEMSEO stopped the driver.,0.0,11,0.005526302643245547,False,11,0.0,157413500478.2696,,,3.005434456537094,,,,,,,,rate,1015920183859.8384,154900000000.0,408275536852.1085,0.0,0.0,0.0,0.0,0.0,0.0,
opt_main_2_4,main,9.9 % biomass,9.9,1.35,2.4,min_surplus_loss,G6,electrofuel_use_growth_constraint,4,2050.0,-7.2540110054709315,0.0,7.2540110054709315,False,0.0001,True,0.0,1e-10,15.741350047826959,6.095276231102658e-16,1.0353378017142363e-15,0.588723431232835,0.0,True,The KKT residual norm is smaller than the tolerance kkt_tol_abs or kkt_tol_rel. GEMSEO stopped the driver.,0.0,11,0.005526302643245547,False,11,0.0,157413500478.2696,,,3.7453181345368614,,,,,,,,rate,2059016893449.9756,154900000000.0,827472709880.5524,0.0,0.0,0.0,0.0,0.0,0.0,
opt_main_2_6,main,9.9 % biomass,9.9,1.35,2.6,min_surplus_loss,G1,aviation_carbon_budget_constraint,0,,1.8732298268493088e-09,0.0,1.8732298268493088e-09,True,0.0001,True,57.02566837107131,1e-10,8.820338330545423,9.93498412932028e-17,1.6379321288918414e-16,0.6065565205099119,0.0,True,The KKT residual norm is smaller than the tolerance kkt_tol_abs or kkt_tol_rel. GEMSEO stopped the driver.,0.0,20,0.005526302643245402,False,17,570256683710.7131,88203383305.45424,2.4906431623760783,228.95960863646448,,,,,,,,,,,,,,,,,,,
opt_main_2_6,main,9.9 % biomass,9.9,1.35,2.6,min_surplus_loss,G2,blend_completeness_constraint,0,2030.0,-0.9164204355580913,0.0,0.9164204355580913,False,0.0001,True,0.0,1e-10,8.820338330545423,9.93498412932028e-17,1.6379321288918414e-16,0.6065565205099119,0.0,True,The KKT residual norm is smaller than the tolerance kkt_tol_abs or kkt_tol_rel. GEMSEO stopped the driver.,0.0,20,0.005526302643245402,False,17,0.0,88203383305.45424,,,1.552969421732896,,,,,,,,,,,,,,,,,,
opt_main_2_6,main,9.9 % biomass,9.9,1.35,2.6,min_surplus_loss,G2,blend_completeness_constraint,1,2035.0,-0.7310710697690204,0.0,0.7310710697690204,False,0.0001,True,0.0,1e-10,8.820338330545423,9.93498412932028e-17,1.6379321288918414e-16,0.6065565205099119,0.0,True,The KKT residual norm is smaller than the tolerance kkt_tol_abs or kkt_tol_rel. GEMSEO stopped the driver.,0.0,20,0.005526302643245402,False,17,0.0,88203383305.45424,,,1.9352824430911528,,,,,,,,,,,,,,,,,,
opt_main_2_6,main,9.9 % biomass,9.9,1.35,2.6,min_surplus_loss,G2,blend_completeness_constraint,2,2040.0,-0.44317185499535666,0.0,0.44317185499535666,False,0.0001,True,0.0,1e-10,8.820338330545423,9.93498412932028e-17,1.6379321288918414e-16,0.6065565205099119,0.0,True,The KKT residual norm is smaller than the tolerance kkt_tol_abs or kkt_tol_rel. GEMSEO stopped the driver.,0.0,20,0.005526302643245402,False,17,0.0,88203383305.45424,,,2.411714024837406,,,,,,,,,,,,,,,,,,
opt_main_2_6,main,9.9 % biomass,9.9,1.35,2.6,min_surplus_loss,G2,blend_completeness_constraint,3,2045.0,-0.18237312623658597,0.0,0.18237312623658597,False,0.0001,True,0.0,1e-10,8.820338330545423,9.93498412932028e-17,1.6379321288918414e-16,0.6065565205099119,0.0,True,The KKT residual norm is smaller than the tolerance kkt_tol_abs or kkt_tol_rel. GEMSEO stopped the driver.,0.0,20,0.005526302643245402,False,17,0.0,88203383305.45424,,,3.005434456537094,,,,,,,,,,,,,,,,,,
opt_main_2_6,main,9.9 % biomass,9.9,1.35,2.6,min_surplus_loss,G2,blend_completeness_constraint,4,2050.0,-0.005516312643245413,0.0,0.005516312643245413,False,0.0001,True,0.0,1e-10,8.820338330545423,9.93498412932028e-17,1.6379321288918414e-16,0.6065565205099119,0.0,True,The KKT residual norm is smaller than the tolerance kkt_tol_abs or kkt_tol_rel. GEMSEO stopped the driver.,0.0,20,0.005526302643245402,False,17,0.0,88203383305.45424,,,3.7453181345368614,,,,,,,,,,,,,,,,,,
opt_main_2_6,main,9.9 % biomass,9.9,1.35,2.6,min_surplus_loss,G3,biomass_trajectory_constraint,0,2030.0,-0.7051856988756066,0.0,0.7051856988756066,False,0.0001,True,0.0,1e-10,8.820338330545423,9.93498412932028e-17,1.6379321288918414e-16,0.6065565205099119,0.0,True,The KKT residual norm is smaller than the tolerance kkt_tol_abs or kkt_tol_rel. GEMSEO stopped the driver.,0.0,20,0.005526302643245402,False,17,0.0,88203383305.45424,,,1.552969421732896,,1105660710000.0002,1.1056607100000002,0.0,0.0,0.0,0.0,,,,,,,,,,,
opt_main_2_6,main,9.9 % biomass,9.9,1.35,2.6,min_surplus_loss,G3,biomass_trajectory_constraint,1,2035.0,-0.3773748510919507,0.0,0.3773748510919507,False,0.0001,True,0.0,1e-10,8.820338330545423,9.93498412932028e-17,1.6379321288918414e-16,0.6065565205099119,0.0,True,The KKT residual norm is smaller than the tolerance kkt_tol_abs or kkt_tol_rel. GEMSEO stopped the driver.,0.0,20,0.005526302643245402,False,17,0.0,88203383305.45424,,,1.9352824430911528,,1302716745000.0002,1.3027167450000003,0.0,0.0,0.0,0.0,,,,,,,,,,,
opt_main_2_6,main,9.9 % biomass,9.9,1.35,2.6,min_surplus_loss,G3,biomass_trajectory_constraint,2,2040.0,4.3520742565306136e-10,0.0,4.3520742565306136e-10,True,0.0001,True,3.100459387592829,1e-10,8.820338330545423,9.93498412932028e-17,1.6379321288918414e-16,0.6065565205099119,0.0,True,The KKT residual norm is smaller than the tolerance kkt_tol_abs or kkt_tol_rel. GEMSEO stopped the driver.,0.0,20,0.005526302643245402,False,17,31004593875.928288,88203383305.45424,,,2.411714024837406,,1499772780000.0,1.49977278,20.67286077556914,20672860775.56914,49.857028265951186,49857028265.95119,,,,,,,,,,,
opt_main_2_6,main,9.9 % biomass,9.9,1.35,2.6,min_surplus_loss,G3,biomass_trajectory_constraint,3,2045.0,7.335412988140888e-10,0.0,7.335412988140888e-10,True,0.0001,True,3.6670498934273192,1e-10,8.820338330545423,9.93498412932028e-17,1.6379321288918414e-16,0.6065565205099119,0.0,True,The KKT residual norm is smaller than the tolerance kkt_tol_abs or kkt_tol_rel. GEMSEO stopped the driver.,0.0,20,0.005526302643245402,False,17,36670498934.27319,88203383305.45424,,,3.005434456537094,,1530442980000.0,1.53044298,23.96070903227848,23960709032.27848,72.01234052866931,72012340528.66931,,,,,,,,,,,
opt_main_2_6,main,9.9 % biomass,9.9,1.35,2.6,min_surplus_loss,G3,biomass_trajectory_constraint,4,2050.0,-1.4210854715202004e-16,0.0,1.4210854715202004e-16,True,0.0001,True,2.4399579498425603,1e-10,8.820338330545423,9.93498412932028e-17,1.6379321288918414e-16,0.6065565205099119,0.0,True,The KKT residual norm is smaller than the tolerance kkt_tol_abs or kkt_tol_rel. GEMSEO stopped the driver.,0.0,20,0.005526302643245402,False,17,24399579498.425602,88203383305.45424,,,3.7453181345368614,,1561113180000.0,1.56111318,15.629603164599253,15629603164.599253,58.537836167988296,58537836167.9883,,,,,,,,,,,
opt_main_2_6,main,9.9 % biomass,9.9,1.35,2.6,min_surplus_loss,G4,electricity_trajectory_constraint,0,2030.0,-0.9999999601442958,0.0,0.9999999601442958,False,0.0001,True,0.0,1e-10,8.820338330545423,9.93498412932028e-17,1.6379321288918414e-16,0.6065565205099119,0.0,True,The KKT residual norm is smaller than the tolerance kkt_tol_abs or kkt_tol_rel. GEMSEO stopped the driver.,0.0,20,0.005526302643245402,False,17,0.0,88203383305.45424,,,1.552969421732896,,1065287574000.0001,1.065287574,0.0,0.0,0.0,0.0,,,,,,,,,,,
opt_main_2_6,main,9.9 % biomass,9.9,1.35,2.6,min_surplus_loss,G4,electricity_trajectory_constraint,1,2035.0,-0.8271967135609148,0.0,0.8271967135609148,False,0.0001,True,0.0,1e-10,8.820338330545423,9.93498412932028e-17,1.6379321288918414e-16,0.6065565205099119,0.0,True,The KKT residual norm is smaller than the tolerance kkt_tol_abs or kkt_tol_rel. GEMSEO stopped the driver.,0.0,20,0.005526302643245402,False,17,0.0,88203383305.45424,,,1.9352824430911528,,1356710238000.0002,1.3567102380000002,0.0,0.0,0.0,0.0,,,,,,,,,,,
opt_main_2_6,main,9.9 % biomass,9.9,1.35,2.6,min_surplus_loss,G4,electricity_trajectory_constraint,2,2040.0,-0.646040890220523,0.0,0.646040890220523,False,0.0001,True,0.0,1e-10,8.820338330545423,9.93498412932028e-17,1.6379321288918414e-16,0.6065565205099119,0.0,True,The KKT residual norm is smaller than the tolerance kkt_tol_abs or kkt_tol_rel. GEMSEO stopped the driver.,0.0,20,0.005526302643245402,False,17,0.0,88203383305.45424,,,2.411714024837406,,1648132902000.0002,1.6481329020000002,0.0,0.0,0.0,0.0,,,,,,,,,,,
opt_main_2_6,main,9.9 % biomass,9.9,1.35,2.6,min_surplus_loss,G4,electricity_trajectory_constraint,3,2045.0,-0.23408317078820418,0.0,0.23408317078820418,False,0.0001,True,0.0,1e-10,8.820338330545423,9.93498412932028e-17,1.6379321288918414e-16,0.6065565205099119,0.0,True,The KKT residual norm is smaller than the tolerance kkt_tol_abs or kkt_tol_rel. GEMSEO stopped the driver.,0.0,20,0.005526302643245402,False,17,0.0,88203383305.45424,,,3.005434456537094,,1895265009000.0002,1.8952650090000003,0.0,0.0,0.0,0.0,,,,,,,,,,,
opt_main_2_6,main,9.9 % biomass,9.9,1.35,2.6,min_surplus_loss,G4,electricity_trajectory_constraint,4,2050.0,2.842170943040401e-16,0.0,2.842170943040401e-16,True,0.0001,True,1.974156759332013,1e-10,8.820338330545423,9.93498412932028e-17,1.6379321288918414e-16,0.6065565205099119,0.0,True,The KKT residual norm is smaller than the tolerance kkt_tol_abs or kkt_tol_rel. GEMSEO stopped the driver.,0.0,20,0.005526302643245402,False,17,19741567593.32013,88203383305.45424,,,3.7453181345368614,,2142397116000.0002,2.142397116,9.214709750066769,9214709750.066769,34.5120195314187,34512019531.4187,,,,,,,,,,,
opt_main_2_6,main,9.9 % biomass,9.9,1.35,2.6,min_surplus_loss,G5,biofuel_use_growth_constraint,0,2030.0,-5.910441212072305e-15,0.0,5.910441212072305e-15,True,0.0001,True,1.739337779376336,1e-10,8.820338330545423,9.93498412932028e-17,1.6379321288918414e-16,0.6065565205099119,0.0,True,The KKT residual norm is smaller than the tolerance kkt_tol_abs or kkt_tol_rel. GEMSEO stopped the driver.,0.0,20,0.005526302643245402,False,17,17393377793.76336,88203383305.45424,,,1.552969421732896,,,,,,,,volume,89799803521.1634,154900000000.0,36088527006.640396,112.28778433675505,561438921683.7753,0.0,174.37949550911864,871897477545.5931,0.0,
opt_main_2_6,main,9.9 % biomass,9.9,1.35,2.6,min_surplus_loss,G5,biofuel_use_growth_constraint,1,2035.0,1.7819980254398e-11,0.0,1.7819980254398e-11,True,0.0001,True,0.5449374163349852,1e-10,8.820338330545423,9.93498412932028e-17,1.6379321288918414e-16,0.6065565205099119,0.0,True,The KKT residual norm is smaller than the tolerance kkt_tol_abs or kkt_tol_rel. GEMSEO stopped the driver.,0.0,20,0.005526302643245402,False,17,5449374163.349852,88203383305.45424,,,1.9352824430911528,,,,,,,,rate,385440767999.9976,154900000000.0,154899999999.99908,35.17994940832699,0.0,56499111325.61092,68.08313843877022,0.0,109341738198.70734,
opt_main_2_6,main,9.9 % biomass,9.9,1.35,2.6,min_surplus_loss,G5,biofuel_use_growth_constraint,2,2040.0,-1.5907066512099721,0.0,1.5907066512099721,False,0.0001,True,0.0,1e-10,8.820338330545423,9.93498412932028e-17,1.6379321288918414e-16,0.6065565205099119,0.0,True,The KKT residual norm is smaller than the tolerance kkt_tol_abs or kkt_tol_rel. GEMSEO stopped the driver.,0.0,20,0.005526302643245402,False,17,0.0,88203383305.45424,,,2.411714024837406,,,,,,,,rate,959099971836.6224,154900000000.0,385440768002.75793,0.0,0.0,0.0,0.0,0.0,0.0,
opt_main_2_6,main,9.9 % biomass,9.9,1.35,2.6,min_surplus_loss,G5,biofuel_use_growth_constraint,3,2045.0,-6.753714039360585,0.0,6.753714039360585,False,0.0001,True,0.0,1e-10,8.820338330545423,9.93498412932028e-17,1.6379321288918414e-16,0.6065565205099119,0.0,True,The KKT residual norm is smaller than the tolerance kkt_tol_abs or kkt_tol_rel. GEMSEO stopped the driver.,0.0,20,0.005526302643245402,False,17,0.0,88203383305.45424,,,3.005434456537094,,,,,,,,rate,1773424448615.424,154900000000.0,712699511564.1978,0.0,0.0,0.0,0.0,0.0,0.0,
opt_main_2_6,main,9.9 % biomass,9.9,1.35,2.6,min_surplus_loss,G5,biofuel_use_growth_constraint,4,2050.0,-6.893750950805772,0.0,6.893750950805772,False,0.0001,True,0.0,1e-10,8.820338330545423,9.93498412932028e-17,1.6379321288918414e-16,0.6065565205099119,0.0,True,The KKT residual norm is smaller than the tolerance kkt_tol_abs or kkt_tol_rel. GEMSEO stopped the driver.,0.0,20,0.005526302643245402,False,17,0.0,88203383305.45424,,,3.7453181345368614,,,,,,,,rate,1809690797795.2056,154900000000.0,727274143918.4695,0.0,0.0,0.0,0.0,0.0,0.0,
opt_main_2_6,main,9.9 % biomass,9.9,1.35,2.6,min_surplus_loss,G6,electrofuel_use_growth_constraint,0,2030.0,-0.9999998803287947,0.0,0.9999998803287947,False,0.0001,True,0.0,1e-10,8.820338330545423,9.93498412932028e-17,1.6379321288918414e-16,0.6065565205099119,0.0,True,The KKT residual norm is smaller than the tolerance kkt_tol_abs or kkt_tol_rel. GEMSEO stopped the driver.,0.0,20,0.005526302643245402,False,17,0.0,88203383305.45424,,,1.552969421732896,,,,,,,,volume,0.0,154900000000.0,0.0,0.0,0.0,0.0,0.0,0.0,0.0,
opt_main_2_6,main,9.9 % biomass,9.9,1.35,2.6,min_surplus_loss,G6,electrofuel_use_growth_constraint,1,2035.0,-0.33919789563626845,0.0,0.33919789563626845,False,0.0001,True,0.0,1e-10,8.820338330545423,9.93498412932028e-17,1.6379321288918414e-16,0.6065565205099119,0.0,True,The KKT residual norm is smaller than the tolerance kkt_tol_abs or kkt_tol_rel. GEMSEO stopped the driver.,0.0,20,0.005526302643245402,False,17,0.0,88203383305.45424,,,1.9352824430911528,,,,,,,,volume,46126.16130097581,154900000000.0,18537.0697100758,0.0,0.0,0.0,0.0,0.0,0.0,
opt_main_2_6,main,9.9 % biomass,9.9,1.35,2.6,min_surplus_loss,G6,electrofuel_use_growth_constraint,2,2040.0,-2.5695634894866648e-08,0.0,2.5695634894866648e-08,True,0.0001,True,0.35426818731989695,1e-10,8.820338330545423,9.93498412932028e-17,1.6379321288918414e-16,0.6065565205099119,0.0,True,The KKT residual norm is smaller than the tolerance kkt_tol_abs or kkt_tol_rel. GEMSEO stopped the driver.,0.0,20,0.005526302643245402,False,17,3542681873.1989694,88203383305.45424,,,2.411714024837406,,,,,,,,rate,254700070601.97278,154900000000.0,102358245965.94202,22.870767418973333,0.0,24271608651.390865,55.15775054313239,0.0,58536178989.92426,
opt_main_2_6,main,9.9 % biomass,9.9,1.35,2.6,min_surplus_loss,G6,electrofuel_use_growth_constraint,3,2045.0,2.8636290203609183e-08,0.0,2.8636290203609183e-08,True,0.0001,True,0.23378908371758278,1e-10,8.820338330545423,9.93498412932028e-17,1.6379321288918414e-16,0.6065565205099119,0.0,True,The KKT residual norm is smaller than the tolerance kkt_tol_abs or kkt_tol_rel. GEMSEO stopped the driver.,0.0,20,0.005526302643245402,False,17,2337890837.1758275,88203383305.45424,,,3.005434456537094,,,,,,,,rate,633775269776.1555,154900000000.0,254700066621.71893,15.09290404890786,0.0,39856288897.092545,45.3607338777959,0.0,119785463961.01875,
opt_main_2_6,main,9.9 % biomass,9.9,1.35,2.6,min_surplus_loss,G6,electrofuel_use_growth_constraint,4,2050.0,-4.142447395897148,0.0,4.142447395897148,False,0.0001,True,0.0,1e-10,8.820338330545423,9.93498412932028e-17,1.6379321288918414e-16,0.6065565205099119,0.0,True,The KKT residual norm is smaller than the tolerance kkt_tol_abs or kkt_tol_rel. GEMSEO stopped the driver.,0.0,20,0.005526302643245402,False,17,0.0,88203383305.45424,,,3.7453181345368614,,,,,,,,rate,1577035690326.9966,154900000000.0,633775274211.9169,0.0,0.0,0.0,0.0,0.0,0.0,
opt_main_2_8,main,9.9 % biomass,9.9,1.35,2.8,min_surplus_loss,G1,aviation_carbon_budget_constraint,0,,2.684028839577077e-07,0.0,2.684028839577077e-07,True,0.0001,True,57.84448073475222,1e-10,2.8795859250385805,3.8915071494165194e-16,6.27854816217366e-16,0.6198100339281722,0.0,True,The KKT residual norm is smaller than the tolerance kkt_tol_abs or kkt_tol_rel. GEMSEO stopped the driver.,0.0,18,0.005526309591894527,False,18,578444807347.5221,28795859250.385803,2.738231998588134,211.2475523059315,,,,,,,,,,,,,,,,,,,
opt_main_2_8,main,9.9 % biomass,9.9,1.35,2.8,min_surplus_loss,G2,blend_completeness_constraint,0,2030.0,-0.9164204355589642,0.0,0.9164204355589642,False,0.0001,True,0.0,1e-10,2.8795859250385805,3.8915071494165194e-16,6.27854816217366e-16,0.6198100339281722,0.0,True,The KKT residual norm is smaller than the tolerance kkt_tol_abs or kkt_tol_rel. GEMSEO stopped the driver.,0.0,18,0.005526309591894527,False,18,0.0,28795859250.385803,,,1.552969421732896,,,,,,,,,,,,,,,,,,
opt_main_2_8,main,9.9 % biomass,9.9,1.35,2.8,min_surplus_loss,G2,blend_completeness_constraint,1,2035.0,-0.7934875672501951,0.0,0.7934875672501951,False,0.0001,True,0.0,1e-10,2.8795859250385805,3.8915071494165194e-16,6.27854816217366e-16,0.6198100339281722,0.0,True,The KKT residual norm is smaller than the tolerance kkt_tol_abs or kkt_tol_rel. GEMSEO stopped the driver.,0.0,18,0.005526309591894527,False,18,0.0,28795859250.385803,,,1.9352824430911528,,,,,,,,,,,,,,,,,,
opt_main_2_8,main,9.9 % biomass,9.9,1.35,2.8,min_surplus_loss,G2,blend_completeness_constraint,2,2040.0,-0.5150852472252146,0.0,0.5150852472252146,False,0.0001,True,0.0,1e-10,2.8795859250385805,3.8915071494165194e-16,6.27854816217366e-16,0.6198100339281722,0.0,True,The KKT residual norm is smaller than the tolerance kkt_tol_abs or kkt_tol_rel. GEMSEO stopped the driver.,0.0,18,0.005526309591894527,False,18,0.0,28795859250.385803,,,2.411714024837406,,,,,,,,,,,,,,,,,,
opt_main_2_8,main,9.9 % biomass,9.9,1.35,2.8,min_surplus_loss,G2,blend_completeness_constraint,3,2045.0,-0.373157849174203,0.0,0.373157849174203,False,0.0001,True,0.0,1e-10,2.8795859250385805,3.8915071494165194e-16,6.27854816217366e-16,0.6198100339281722,0.0,True,The KKT residual norm is smaller than the tolerance kkt_tol_abs or kkt_tol_rel. GEMSEO stopped the driver.,0.0,18,0.005526309591894527,False,18,0.0,28795859250.385803,,,3.005434456537094,,,,,,,,,,,,,,,,,,
opt_main_2_8,main,9.9 % biomass,9.9,1.35,2.8,min_surplus_loss,G2,blend_completeness_constraint,4,2050.0,-0.005516319591894501,0.0,0.005516319591894501,False,0.0001,True,0.0,1e-10,2.8795859250385805,3.8915071494165194e-16,6.27854816217366e-16,0.6198100339281722,0.0,True,The KKT residual norm is smaller than the tolerance kkt_tol_abs or kkt_tol_rel. GEMSEO stopped the driver.,0.0,18,0.005526309591894527,False,18,0.0,28795859250.385803,,,3.7453181345368614,,,,,,,,,,,,,,,,,,
opt_main_2_8,main,9.9 % biomass,9.9,1.35,2.8,min_surplus_loss,G3,biomass_trajectory_constraint,0,2030.0,-0.7051856988756049,0.0,0.7051856988756049,False,0.0001,True,0.0,1e-10,2.8795859250385805,3.8915071494165194e-16,6.27854816217366e-16,0.6198100339281722,0.0,True,The KKT residual norm is smaller than the tolerance kkt_tol_abs or kkt_tol_rel. GEMSEO stopped the driver.,0.0,18,0.005526309591894527,False,18,0.0,28795859250.385803,,,1.552969421732896,,1105660710000.0002,1.1056607100000002,0.0,0.0,0.0,0.0,,,,,,,,,,,
opt_main_2_8,main,9.9 % biomass,9.9,1.35,2.8,min_surplus_loss,G3,biomass_trajectory_constraint,1,2035.0,-0.3773748295349046,0.0,0.3773748295349046,False,0.0001,True,0.0,1e-10,2.8795859250385805,3.8915071494165194e-16,6.27854816217366e-16,0.6198100339281722,0.0,True,The KKT residual norm is smaller than the tolerance kkt_tol_abs or kkt_tol_rel. GEMSEO stopped the driver.,0.0,18,0.005526309591894527,False,18,0.0,28795859250.385803,,,1.9352824430911528,,1302716745000.0002,1.3027167450000003,0.0,0.0,0.0,0.0,,,,,,,,,,,
opt_main_2_8,main,9.9 % biomass,9.9,1.35,2.8,min_surplus_loss,G3,biomass_trajectory_constraint,2,2040.0,4.607772439157997e-09,0.0,4.607772439157997e-09,True,0.0001,True,2.6797242990815437,1e-10,2.8795859250385805,3.8915071494165194e-16,6.27854816217366e-16,0.6198100339281722,0.0,True,The KKT residual norm is smaller than the tolerance kkt_tol_abs or kkt_tol_rel. GEMSEO stopped the driver.,0.0,18,0.005526309591894527,False,18,26797242990.815437,28795859250.385803,,,2.411714024837406,,1499772780000.0,1.49977278,17.86753523478099,17867535234.78099,43.09138531499783,43091385314.997826,,,,,,,,,,,
opt_main_2_8,main,9.9 % biomass,9.9,1.35,2.8,min_surplus_loss,G3,biomass_trajectory_constraint,3,2045.0,2.536200938152433e-08,0.0,2.536200938152433e-08,True,0.0001,True,3.1902541205567814,1e-10,2.8795859250385805,3.8915071494165194e-16,6.27854816217366e-16,0.6198100339281722,0.0,True,The KKT residual norm is smaller than the tolerance kkt_tol_abs or kkt_tol_rel. GEMSEO stopped the driver.,0.0,18,0.005526309591894527,False,18,31902541205.567814,28795859250.385803,,,3.005434456537094,,1530442980000.0,1.53044298,20.845298794188214,20845298794.188213,62.64917925286439,62649179252.864395,,,,,,,,,,,
opt_main_2_8,main,9.9 % biomass,9.9,1.35,2.8,min_surplus_loss,G3,biomass_trajectory_constraint,4,2050.0,7.814293212504708e-10,0.0,7.814293212504708e-10,True,0.0001,True,2.1757574644354283,1e-10,2.8795859250385805,3.8915071494165194e-16,6.27854816217366e-16,0.6198100339281722,0.0,True,The KKT residual norm is smaller than the tolerance kkt_tol_abs or kkt_tol_rel. GEMSEO stopped the driver.,0.0,18,0.005526309591894527,False,18,21757574644.354282,28795859250.385803,,,3.7453181345368614,,1561113180000.0,1.56111318,13.937217956454818,13937217956.454819,52.199315157303005,52199315157.30301,,,,,,,,,,,
opt_main_2_8,main,9.9 % biomass,9.9,1.35,2.8,min_surplus_loss,G4,electricity_trajectory_constraint,0,2030.0,-0.999999960147611,0.0,0.999999960147611,False,0.0001,True,0.0,1e-10,2.8795859250385805,3.8915071494165194e-16,6.27854816217366e-16,0.6198100339281722,0.0,True,The KKT residual norm is smaller than the tolerance kkt_tol_abs or kkt_tol_rel. GEMSEO stopped the driver.,0.0,18,0.005526309591894527,False,18,0.0,28795859250.385803,,,1.552969421732896,,1065287574000.0001,1.065287574,0.0,0.0,0.0,0.0,,,,,,,,,,,
opt_main_2_8,main,9.9 % biomass,9.9,1.35,2.8,min_surplus_loss,G4,electricity_trajectory_constraint,1,2035.0,-0.9999999684883886,0.0,0.9999999684883886,False,0.0001,True,0.0,1e-10,2.8795859250385805,3.8915071494165194e-16,6.27854816217366e-16,0.6198100339281722,0.0,True,The KKT residual norm is smaller than the tolerance kkt_tol_abs or kkt_tol_rel. GEMSEO stopped the driver.,0.0,18,0.005526309591894527,False,18,0.0,28795859250.385803,,,1.9352824430911528,,1356710238000.0002,1.3567102380000002,0.0,0.0,0.0,0.0,,,,,,,,,,,
opt_main_2_8,main,9.9 % biomass,9.9,1.35,2.8,min_surplus_loss,G4,electricity_trajectory_constraint,2,2040.0,-0.7891331430989982,0.0,0.7891331430989982,False,0.0001,True,0.0,1e-10,2.8795859250385805,3.8915071494165194e-16,6.27854816217366e-16,0.6198100339281722,0.0,True,The KKT residual norm is smaller than the tolerance kkt_tol_abs or kkt_tol_rel. GEMSEO stopped the driver.,0.0,18,0.005526309591894527,False,18,0.0,28795859250.385803,,,2.411714024837406,,1648132902000.0002,1.6481329020000002,0.0,0.0,0.0,0.0,,,,,,,,,,,
opt_main_2_8,main,9.9 % biomass,9.9,1.35,2.8,min_surplus_loss,G4,electricity_trajectory_constraint,3,2045.0,-0.5437147395068304,0.0,0.5437147395068304,False,0.0001,True,0.0,1e-10,2.8795859250385805,3.8915071494165194e-16,6.27854816217366e-16,0.6198100339281722,0.0,True,The KKT residual norm is smaller than the tolerance kkt_tol_abs or kkt_tol_rel. GEMSEO stopped the driver.,0.0,18,0.005526309591894527,False,18,0.0,28795859250.385803,,,3.005434456537094,,1895265009000.0002,1.8952650090000003,0.0,0.0,0.0,0.0,,,,,,,,,,,
opt_main_2_8,main,9.9 % biomass,9.9,1.35,2.8,min_surplus_loss,G4,electricity_trajectory_constraint,4,2050.0,-1.003481969519271e-08,0.0,1.003481969519271e-08,True,0.0001,True,1.5158971850708527,1e-10,2.8795859250385805,3.8915071494165194e-16,6.27854816217366e-16,0.6198100339281722,0.0,True,The KKT residual norm is smaller than the tolerance kkt_tol_abs or kkt_tol_rel. GEMSEO stopped the driver.,0.0,18,0.005526309591894527,False,18,15158971850.708527,28795859250.385803,,,3.7453181345368614,,2142397116000.0002,2.142397116,7.075705870539701,7075705870.5397005,26.50076951158127,26500769511.58127,,,,,,,,,,,
opt_main_2_8,main,9.9 % biomass,9.9,1.35,2.8,min_surplus_loss,G5,biofuel_use_growth_constraint,0,2030.0,-1.9701470706907683e-16,0.0,1.9701470706907683e-16,True,0.0001,True,1.383205043100554,1e-10,2.8795859250385805,3.8915071494165194e-16,6.27854816217366e-16,0.6198100339281722,0.0,True,The KKT residual norm is smaller than the tolerance kkt_tol_abs or kkt_tol_rel. GEMSEO stopped the driver.,0.0,18,0.005526309591894527,False,18,13832050431.005539,28795859250.385803,,,1.552969421732896,,,,,,,,volume,89799803521.1634,154900000000.0,36088527006.640396,89.296645777957,446483228889.7849,0.0,138.67496035648114,693374801782.4055,0.0,
opt_main_2_8,main,9.9 % biomass,9.9,1.35,2.8,min_surplus_loss,G5,biofuel_use_growth_constraint,1,2035.0,8.614423304853937e-08,0.0,8.614423304853937e-08,True,0.0001,True,0.4471414031210283,1e-10,2.8795859250385805,3.8915071494165194e-16,6.27854816217366e-16,0.6198100339281722,0.0,True,The KKT residual norm is smaller than the tolerance kkt_tol_abs or kkt_tol_rel. GEMSEO stopped the driver.,0.0,18,0.005526309591894527,False,18,4471414031.210282,28795859250.385803,,,1.9352824430911528,,,,,,,,rate,385440767999.9998,154900000000.0,154899999999.99997,28.866455979407892,0.0,46359620675.588196,55.864745451211725,0.0,89718959961.83145,
opt_main_2_8,main,9.9 % biomass,9.9,1.35,2.8,min_surplus_loss,G5,biofuel_use_growth_constraint,2,2040.0,-1.5907068463203413,0.0,1.5907068463203413,False,0.0001,True,0.0,1e-10,2.8795859250385805,3.8915071494165194e-16,6.27854816217366e-16,0.6198100339281722,0.0,True,The KKT residual norm is smaller than the tolerance kkt_tol_abs or kkt_tol_rel. GEMSEO stopped the driver.,0.0,18,0.005526309591894527,False,18,0.0,28795859250.385803,,,2.411714024837406,,,,,,,,rate,959100005033.2587,154900000000.0,385440781343.7415,0.0,0.0,0.0,0.0,0.0,0.0,
opt_main_2_8,main,9.9 % biomass,9.9,1.35,2.8,min_surplus_loss,G5,biofuel_use_growth_constraint,3,2045.0,-6.753713971490816,0.0,6.753713971490816,False,0.0001,True,0.0,1e-10,2.8795859250385805,3.8915071494165194e-16,6.27854816217366e-16,0.6198100339281722,0.0,True,The KKT residual norm is smaller than the tolerance kkt_tol_abs or kkt_tol_rel. GEMSEO stopped the driver.,0.0,18,0.005526309591894527,False,18,0.0,28795859250.385803,,,3.005434456537094,,,,,,,,rate,1773424456015.7874,154900000000.0,712699514538.2378,0.0,0.0,0.0,0.0,0.0,0.0,
opt_main_2_8,main,9.9 % biomass,9.9,1.35,2.8,min_surplus_loss,G5,biofuel_use_growth_constraint,4,2050.0,-6.893751234816637,0.0,6.893751234816637,False,0.0001,True,0.0,1e-10,2.8795859250385805,3.8915071494165194e-16,6.27854816217366e-16,0.6198100339281722,0.0,True,The KKT residual norm is smaller than the tolerance kkt_tol_abs or kkt_tol_rel. GEMSEO stopped the driver.,0.0,18,0.005526309591894527,False,18,0.0,28795859250.385803,,,3.7453181345368614,,,,,,,,rate,1809690842369.4534,154900000000.0,727274161831.86,0.0,0.0,0.0,0.0,0.0,0.0,
opt_main_2_8,main,9.9 % biomass,9.9,1.35,2.8,min_surplus_loss,G6,electrofuel_use_growth_constraint,0,2030.0,-0.9999998803387489,0.0,0.9999998803387489,False,0.0001,True,0.0,1e-10,2.8795859250385805,3.8915071494165194e-16,6.27854816217366e-16,0.6198100339281722,0.0,True,The KKT residual norm is smaller than the tolerance kkt_tol_abs or kkt_tol_rel. GEMSEO stopped the driver.,0.0,18,0.005526309591894527,False,18,0.0,28795859250.385803,,,1.552969421732896,,,,,,,,volume,0.0,154900000000.0,0.0,0.0,0.0,0.0,0.0,0.0,0.0,
opt_main_2_8,main,9.9 % biomass,9.9,1.35,2.8,min_surplus_loss,G6,electrofuel_use_growth_constraint,1,2035.0,-0.999999879499172,0.0,0.999999879499172,False,0.0001,True,0.0,1e-10,2.8795859250385805,3.8915071494165194e-16,6.27854816217366e-16,0.6198100339281722,0.0,True,The KKT residual norm is smaller than the tolerance kkt_tol_abs or kkt_tol_rel. GEMSEO stopped the driver.,0.0,18,0.005526309591894527,False,18,0.0,28795859250.385803,,,1.9352824430911528,,,,,,,,volume,46122.324540160495,154900000000.0,18535.527801954937,0.0,0.0,0.0,0.0,0.0,0.0,
opt_main_2_8,main,9.9 % biomass,9.9,1.35,2.8,min_surplus_loss,G6,electrofuel_use_growth_constraint,2,2040.0,-0.020435875204982377,0.0,0.020435875204982377,False,0.0001,True,0.0,1e-10,2.8795859250385805,3.8915071494165194e-16,6.27854816217366e-16,0.6198100339281722,0.0,True,The KKT residual norm is smaller than the tolerance kkt_tol_abs or kkt_tol_rel. GEMSEO stopped the driver.,0.0,18,0.005526309591894527,False,18,0.0,28795859250.385803,,,2.411714024837406,,,,,,,,volume,46445.9316848072,154900000000.0,18665.57825553273,0.0,0.0,0.0,0.0,0.0,0.0,
opt_main_2_8,main,9.9 % biomass,9.9,1.35,2.8,min_surplus_loss,G6,electrofuel_use_growth_constraint,3,2045.0,-2.2439377317681013e-06,0.0,2.2439377317681013e-06,True,0.0001,True,0.13191058384314736,1e-10,2.8795859250385805,3.8915071494165194e-16,6.27854816217366e-16,0.6198100339281722,0.0,True,The KKT residual norm is smaller than the tolerance kkt_tol_abs or kkt_tol_rel. GEMSEO stopped the driver.,0.0,18,0.005526309591894527,False,18,1319105838.4314735,28795859250.385803,,,3.005434456537094,,,,,,,,rate,377563948566.2393,154900000000.0,151734482930.74823,8.515854347524039,0.0,13396998303.608967,25.59384208289996,0.0,40263800315.83539,
opt_main_2_8,main,9.9 % biomass,9.9,1.35,2.8,min_surplus_loss,G6,electrofuel_use_growth_constraint,4,2050.0,-0.02665255179739906,0.0,0.02665255179739906,False,0.0001,True,0.0,1e-10,2.8795859250385805,3.8915071494165194e-16,6.27854816217366e-16,0.6198100339281722,0.0,True,The KKT residual norm is smaller than the tolerance kkt_tol_abs or kkt_tol_rel. GEMSEO stopped the driver.,0.0,18,0.005526309591894527,False,18,0.0,28795859250.385803,,,3.7453181345368614,,,,,,,,rate,939499059591.2617,154900000000.0,377563600980.28467,0.0,0.0,0.0,0.0,0.0,0.0,
opt_main_3_0,main,9.9 % biomass,9.9,1.35,3.0,min_surplus_loss,G1,aviation_carbon_budget_constraint,0,,4.6414959733026246e-05,0.0,4.6414959733026246e-05,True,0.003,False,53.756005539800306,1e-10,-1.6573396901193604,8.326672684688674e-17,1.3308345040697436e-16,0.6256730389259811,0.0,True,The KKT residual norm is smaller than the tolerance kkt_tol_abs or kkt_tol_rel. GEMSEO stopped the driver.,0.0,19,0.28535911213501947,False,19,537560055398.00305,-16573396901.193604,2.985820834800208,180.03761281743922,,,,,,,,,,,,,,,,,,,
opt_main_3_0,main,9.9 % biomass,9.9,1.35,3.0,min_surplus_loss,G2,blend_completeness_constraint,0,2030.0,-0.9164204355589867,0.0,0.9164204355589867,False,0.003,False,0.0,1e-10,-1.6573396901193604,8.326672684688674e-17,1.3308345040697436e-16,0.6256730389259811,0.0,True,The KKT residual norm is smaller than the tolerance kkt_tol_abs or kkt_tol_rel. GEMSEO stopped the driver.,0.0,19,0.28535911213501947,False,19,0.0,-16573396901.193604,,,1.552969421732896,,,,,,,,,,,,,,,,,,
opt_main_3_0,main,9.9 % biomass,9.9,1.35,3.0,min_surplus_loss,G2,blend_completeness_constraint,1,2035.0,-0.7934875746673474,0.0,0.7934875746673474,False,0.003,False,0.0,1e-10,-1.6573396901193604,8.326672684688674e-17,1.3308345040697436e-16,0.6256730389259811,0.0,True,The KKT residual norm is smaller than the tolerance kkt_tol_abs or kkt_tol_rel. GEMSEO stopped the driver.,0.0,19,0.28535911213501947,False,19,0.0,-16573396901.193604,,,1.9352824430911528,,,,,,,,,,,,,,,,,,
opt_main_3_0,main,9.9 % biomass,9.9,1.35,3.0,min_surplus_loss,G2,blend_completeness_constraint,2,2040.0,-0.557014630382799,0.0,0.557014630382799,False,0.003,False,0.0,1e-10,-1.6573396901193604,8.326672684688674e-17,1.3308345040697436e-16,0.6256730389259811,0.0,True,The KKT residual norm is smaller than the tolerance kkt_tol_abs or kkt_tol_rel. GEMSEO stopped the driver.,0.0,19,0.28535911213501947,False,19,0.0,-16573396901.193604,,,2.411714024837406,,,,,,,,,,,,,,,,,,
opt_main_3_0,main,9.9 % biomass,9.9,1.35,3.0,min_surplus_loss,G2,blend_completeness_constraint,3,2045.0,-0.4792797236287538,0.0,0.4792797236287538,False,0.003,False,0.0,1e-10,-1.6573396901193604,8.326672684688674e-17,1.3308345040697436e-16,0.6256730389259811,0.0,True,The KKT residual norm is smaller than the tolerance kkt_tol_abs or kkt_tol_rel. GEMSEO stopped the driver.,0.0,19,0.28535911213501947,False,19,0.0,-16573396901.193604,,,3.005434456537094,,,,,,,,,,,,,,,,,,
opt_main_3_0,main,9.9 % biomass,9.9,1.35,3.0,min_surplus_loss,G2,blend_completeness_constraint,4,2050.0,-0.2855775685572543,0.0,0.2855775685572543,False,0.003,False,0.0,1e-10,-1.6573396901193604,8.326672684688674e-17,1.3308345040697436e-16,0.6256730389259811,0.0,True,The KKT residual norm is smaller than the tolerance kkt_tol_abs or kkt_tol_rel. GEMSEO stopped the driver.,0.0,19,0.28535911213501947,False,19,0.0,-16573396901.193604,,,3.7453181345368614,,,,,,,,,,,,,,,,,,
opt_main_3_0,main,9.9 % biomass,9.9,1.35,3.0,min_surplus_loss,G3,biomass_trajectory_constraint,0,2030.0,-0.7051856988749627,0.0,0.7051856988749627,False,0.003,False,0.0,1e-10,-1.6573396901193604,8.326672684688674e-17,1.3308345040697436e-16,0.6256730389259811,0.0,True,The KKT residual norm is smaller than the tolerance kkt_tol_abs or kkt_tol_rel. GEMSEO stopped the driver.,0.0,19,0.28535911213501947,False,19,0.0,-16573396901.193604,,,1.552969421732896,,1105660710000.0002,1.1056607100000002,0.0,0.0,0.0,0.0,,,,,,,,,,,
opt_main_3_0,main,9.9 % biomass,9.9,1.35,3.0,min_surplus_loss,G3,biomass_trajectory_constraint,1,2035.0,-0.3773748510887843,0.0,0.3773748510887843,False,0.003,False,0.0,1e-10,-1.6573396901193604,8.326672684688674e-17,1.3308345040697436e-16,0.6256730389259811,0.0,True,The KKT residual norm is smaller than the tolerance kkt_tol_abs or kkt_tol_rel. GEMSEO stopped the driver.,0.0,19,0.28535911213501947,False,19,0.0,-16573396901.193604,,,1.9352824430911528,,1302716745000.0002,1.3027167450000003,0.0,0.0,0.0,0.0,,,,,,,,,,,
opt_main_3_0,main,9.9 % biomass,9.9,1.35,3.0,min_surplus_loss,G3,biomass_trajectory_constraint,2,2040.0,7.315974421828741e-07,0.0,7.315974421828741e-07,True,0.003,False,1.8027118912926934,1e-10,-1.6573396901193604,8.326672684688674e-17,1.3308345040697436e-16,0.6256730389259811,0.0,True,The KKT residual norm is smaller than the tolerance kkt_tol_abs or kkt_tol_rel. GEMSEO stopped the driver.,0.0,19,0.28535911213501947,False,19,18027118912.926933,-16573396901.193604,,,2.411714024837406,,1499772780000.0,1.49977278,12.019900049744157,12019900049.744156,28.988561527111816,28988561527.111813,,,,,,,,,,,
opt_main_3_0,main,9.9 % biomass,9.9,1.35,3.0,min_surplus_loss,G3,biomass_trajectory_constraint,3,2045.0,3.574320462007563e-06,0.0,3.574320462007563e-06,True,0.003,False,2.37621463039502,1e-10,-1.6573396901193604,8.326672684688674e-17,1.3308345040697436e-16,0.6256730389259811,0.0,True,The KKT residual norm is smaller than the tolerance kkt_tol_abs or kkt_tol_rel. GEMSEO stopped the driver.,0.0,19,0.28535911213501947,False,19,23762146303.950195,-16573396901.193604,,,3.005434456537094,,1530442980000.0,1.53044298,15.52631925166542,15526319251.66542,46.663334862150485,46663334862.15048,,,,,,,,,,,
opt_main_3_0,main,9.9 % biomass,9.9,1.35,3.0,min_surplus_loss,G3,biomass_trajectory_constraint,4,2050.0,1.56488355615636e-05,0.0,1.56488355615636e-05,True,0.003,False,1.6684346051748182,1e-10,-1.6573396901193604,8.326672684688674e-17,1.3308345040697436e-16,0.6256730389259811,0.0,True,The KKT residual norm is smaller than the tolerance kkt_tol_abs or kkt_tol_rel. GEMSEO stopped the driver.,0.0,19,0.28535911213501947,False,19,16684346051.748182,-16573396901.193604,,,3.7453181345368614,,1561113180000.0,1.56111318,10.687467292889156,10687467292.889156,40.02796506432733,40027965064.32733,,,,,,,,,,,
opt_main_3_0,main,9.9 % biomass,9.9,1.35,3.0,min_surplus_loss,G4,electricity_trajectory_constraint,0,2030.0,-0.9999999601477582,0.0,0.9999999601477582,False,0.003,False,0.0,1e-10,-1.6573396901193604,8.326672684688674e-17,1.3308345040697436e-16,0.6256730389259811,0.0,True,The KKT residual norm is smaller than the tolerance kkt_tol_abs or kkt_tol_rel. GEMSEO stopped the driver.,0.0,19,0.28535911213501947,False,19,0.0,-16573396901.193604,,,1.552969421732896,,1065287574000.0001,1.065287574,0.0,0.0,0.0,0.0,,,,,,,,,,,
opt_main_3_0,main,9.9 % biomass,9.9,1.35,3.0,min_surplus_loss,G4,electricity_trajectory_constraint,1,2035.0,-0.999999968489037,0.0,0.999999968489037,False,0.003,False,0.0,1e-10,-1.6573396901193604,8.326672684688674e-17,1.3308345040697436e-16,0.6256730389259811,0.0,True,The KKT residual norm is smaller than the tolerance kkt_tol_abs or kkt_tol_rel. GEMSEO stopped the driver.,0.0,19,0.28535911213501947,False,19,0.0,-16573396901.193604,,,1.9352824430911528,,1356710238000.0002,1.3567102380000002,0.0,0.0,0.0,0.0,,,,,,,,,,,
opt_main_3_0,main,9.9 % biomass,9.9,1.35,3.0,min_surplus_loss,G4,electricity_trajectory_constraint,2,2040.0,-0.8759563241642304,0.0,0.8759563241642304,False,0.003,False,0.0,1e-10,-1.6573396901193604,8.326672684688674e-17,1.3308345040697436e-16,0.6256730389259811,0.0,True,The KKT residual norm is smaller than the tolerance kkt_tol_abs or kkt_tol_rel. GEMSEO stopped the driver.,0.0,19,0.28535911213501947,False,19,0.0,-16573396901.193604,,,2.411714024837406,,1648132902000.0002,1.6481329020000002,0.0,0.0,0.0,0.0,,,,,,,,,,,
opt_main_3_0,main,9.9 % biomass,9.9,1.35,3.0,min_surplus_loss,G4,electricity_trajectory_constraint,3,2045.0,-0.7316532832058528,0.0,0.7316532832058528,False,0.003,False,0.0,1e-10,-1.6573396901193604,8.326672684688674e-17,1.3308345040697436e-16,0.6256730389259811,0.0,True,The KKT residual norm is smaller than the tolerance kkt_tol_abs or kkt_tol_rel. GEMSEO stopped the driver.,0.0,19,0.28535911213501947,False,19,0.0,-16573396901.193604,,,3.005434456537094,,1895265009000.0002,1.8952650090000003,0.0,0.0,0.0,0.0,,,,,,,,,,,
opt_main_3_0,main,9.9 % biomass,9.9,1.35,3.0,min_surplus_loss,G4,electricity_trajectory_constraint,4,2050.0,-0.4095250277876838,0.0,0.4095250277876838,False,0.003,False,0.0,1e-10,-1.6573396901193604,8.326672684688674e-17,1.3308345040697436e-16,0.6256730389259811,0.0,True,The KKT residual norm is smaller than the tolerance kkt_tol_abs or kkt_tol_rel. GEMSEO stopped the driver.,0.0,19,0.28535911213501947,False,19,0.0,-16573396901.193604,,,3.7453181345368614,,2142397116000.0002,2.142397116,0.0,0.0,0.0,0.0,,,,,,,,,,,
opt_main_3_0,main,9.9 % biomass,9.9,1.35,3.0,min_surplus_loss,G5,biofuel_use_growth_constraint,0,2030.0,0.0,0.0,0.0,True,0.003,False,0.6830213749261898,1e-10,-1.6573396901193604,8.326672684688674e-17,1.3308345040697436e-16,0.6256730389259811,0.0,True,The KKT residual norm is smaller than the tolerance kkt_tol_abs or kkt_tol_rel. GEMSEO stopped the driver.,0.0,19,0.28535911213501947,False,19,6830213749.261897,-16573396901.193604,,,1.552969421732896,,,,,,,,volume,89799803521.1529,154900000000.0,36088527006.63617,44.094343119831485,220471715599.1574,0.0,68.4771665364966,342385832682.483,0.0,
opt_main_3_0,main,9.9 % biomass,9.9,1.35,3.0,min_surplus_loss,G5,biofuel_use_growth_constraint,1,2035.0,-3.9402941413815366e-16,0.0,3.9402941413815366e-16,True,0.003,False,0.24838954382712558,1e-10,-1.6573396901193604,8.326672684688674e-17,1.3308345040697436e-16,0.6256730389259811,0.0,True,The KKT residual norm is smaller than the tolerance kkt_tol_abs or kkt_tol_rel. GEMSEO stopped the driver.,0.0,19,0.28535911213501947,False,19,2483895438.2712555,-16573396901.193604,,,1.9352824430911528,,,,,,,,rate,385440768000.0,154900000000.0,154900000000.00003,16.035477329059106,0.0,25753027903.99638,31.0331777415143,0.0,49839382759.04074,
opt_main_3_0,main,9.9 % biomass,9.9,1.35,3.0,min_surplus_loss,G5,biofuel_use_growth_constraint,2,2040.0,-1.5907032870850444,0.0,1.5907032870850444,False,0.003,False,0.0,1e-10,-1.6573396901193604,8.326672684688674e-17,1.3308345040697436e-16,0.6256730389259811,0.0,True,The KKT residual norm is smaller than the tolerance kkt_tol_abs or kkt_tol_rel. GEMSEO stopped the driver.,0.0,19,0.28535911213501947,False,19,0.0,-16573396901.193604,,,2.411714024837406,,,,,,,,rate,959099971829.7592,154900000000.0,385440767999.99976,0.0,0.0,0.0,0.0,0.0,0.0,
opt_main_3_0,main,9.9 % biomass,9.9,1.35,3.0,min_surplus_loss,G5,biofuel_use_growth_constraint,3,2045.0,-6.7537056318616235,0.0,6.7537056318616235,False,0.003,False,0.0,1e-10,-1.6573396901193604,8.326672684688674e-17,1.3308345040697436e-16,0.6256730389259811,0.0,True,The KKT residual norm is smaller than the tolerance kkt_tol_abs or kkt_tol_rel. GEMSEO stopped the driver.,0.0,19,0.28535911213501947,False,19,0.0,-16573396901.193604,,,3.005434456537094,,,,,,,,rate,1773424447836.017,154900000000.0,712699511250.9716,0.0,0.0,0.0,0.0,0.0,0.0,
opt_main_3_0,main,9.9 % biomass,9.9,1.35,3.0,min_surplus_loss,G5,biofuel_use_growth_constraint,4,2050.0,-6.893717755281456,0.0,6.893717755281456,False,0.003,False,0.0,1e-10,-1.6573396901193604,8.326672684688674e-17,1.3308345040697436e-16,0.6256730389259811,0.0,True,The KKT residual norm is smaller than the tolerance kkt_tol_abs or kkt_tol_rel. GEMSEO stopped the driver.,0.0,19,0.28535911213501947,False,19,0.0,-16573396901.193604,,,3.7453181345368614,,,,,,,,rate,1809690796562.702,154900000000.0,727274143423.1539,0.0,0.0,0.0,0.0,0.0,0.0,
opt_main_3_0,main,9.9 % biomass,9.9,1.35,3.0,min_surplus_loss,G6,electrofuel_use_growth_constraint,0,2030.0,-0.999999880339191,0.0,0.999999880339191,False,0.003,False,0.0,1e-10,-1.6573396901193604,8.326672684688674e-17,1.3308345040697436e-16,0.6256730389259811,0.0,True,The KKT residual norm is smaller than the tolerance kkt_tol_abs or kkt_tol_rel. GEMSEO stopped the driver.,0.0,19,0.28535911213501947,False,19,0.0,-16573396901.193604,,,1.552969421732896,,,,,,,,volume,0.0,154900000000.0,0.0,0.0,0.0,0.0,0.0,0.0,0.0,
opt_main_3_0,main,9.9 % biomass,9.9,1.35,3.0,min_surplus_loss,G6,electrofuel_use_growth_constraint,1,2035.0,-0.9999998795016515,0.0,0.9999998795016515,False,0.003,False,0.0,1e-10,-1.6573396901193604,8.326672684688674e-17,1.3308345040697436e-16,0.6256730389259811,0.0,True,The KKT residual norm is smaller than the tolerance kkt_tol_abs or kkt_tol_rel. GEMSEO stopped the driver.,0.0,19,0.28535911213501947,False,19,0.0,-16573396901.193604,,,1.9352824430911528,,,,,,,,volume,46122.17484813993,154900000000.0,18535.467644089164,0.0,0.0,0.0,0.0,0.0,0.0,
opt_main_3_0,main,9.9 % biomass,9.9,1.35,3.0,min_surplus_loss,G6,electrofuel_use_growth_constraint,2,2040.0,-0.4237656095337248,0.0,0.4237656095337248,False,0.003,False,0.0,1e-10,-1.6573396901193604,8.326672684688674e-17,1.3308345040697436e-16,0.6256730389259811,0.0,True,The KKT residual norm is smaller than the tolerance kkt_tol_abs or kkt_tol_rel. GEMSEO stopped the driver.,0.0,19,0.28535911213501947,False,19,0.0,-16573396901.193604,,,2.411714024837406,,,,,,,,volume,46445.01625388735,154900000000.0,18665.210364377315,0.0,0.0,0.0,0.0,0.0,0.0,
opt_main_3_0,main,9.9 % biomass,9.9,1.35,3.0,min_surplus_loss,G6,electrofuel_use_growth_constraint,3,2045.0,-0.0003527506546769164,0.0,0.0003527506546769164,True,0.003,False,0.22766094323538333,1e-10,-1.6573396901193604,8.326672684688674e-17,1.3308345040697436e-16,0.6256730389259811,0.0,True,The KKT residual norm is smaller than the tolerance kkt_tol_abs or kkt_tol_rel. GEMSEO stopped the driver.,0.0,19,0.28535911213501947,False,19,2276609432.353833,-16573396901.193604,,,3.005434456537094,,,,,,,,rate,222100781676.72815,154900000000.0,89257322883.2016,14.697284908675488,0.0,13601160278.093359,44.171726482075954,0.0,40877395748.66543,
opt_main_3_0,main,9.9 % biomass,9.9,1.35,3.0,min_surplus_loss,G6,electrofuel_use_growth_constraint,4,2050.0,-0.0014041369152327675,0.0,0.0014041369152327675,True,0.003,False,0.12522005359552751,1e-10,-1.6573396901193604,8.326672684688674e-17,1.3308345040697436e-16,0.6256730389259811,0.0,True,The KKT residual norm is smaller than the tolerance kkt_tol_abs or kkt_tol_rel. GEMSEO stopped the driver.,0.0,19,0.28535911213501947,False,19,1252200535.955275,-16573396901.193604,,,3.7453181345368614,,,,,,,,rate,552657815700.9109,154900000000.0,222100781129.80286,8.083928572984345,0.0,18615192947.61546,30.27688428269896,0.0,69719819724.60687,
opt_main_3_2,main,9.9 % biomass,9.9,1.35,3.2,min_surplus_loss,G1,aviation_carbon_budget_constraint,0,,1.2767931760471549e-09,0.0,1.2767931760471549e-09,True,0.0001,True,52.93651040776051,1e-10,-6.160678678796863,1.4768600685300367e-16,2.335318304226511e-16,0.6324020438058411,0.0,True,The KKT residual norm is smaller than the tolerance kkt_tol_abs or kkt_tol_rel. GEMSEO stopped the driver.,0.0,23,0.5152537996756564,False,22,529365104077.60504,-61606786787.96863,3.2334096710122635,163.71730091098541,,,,,,,,,,,,,,,,,,,
opt_main_3_2,main,9.9 % biomass,9.9,1.35,3.2,min_surplus_loss,G2,blend_completeness_constraint,0,2030.0,-0.9164204355589824,0.0,0.9164204355589824,False,0.0001,True,0.0,1e-10,-6.160678678796863,1.4768600685300367e-16,2.335318304226511e-16,0.6324020438058411,0.0,True,The KKT residual norm is smaller than the tolerance kkt_tol_abs or kkt_tol_rel. GEMSEO stopped the driver.,0.0,23,0.5152537996756564,False,22,0.0,-61606786787.96863,,,1.552969421732896,,,,,,,,,,,,,,,,,,
opt_main_3_2,main,9.9 % biomass,9.9,1.35,3.2,min_surplus_loss,G2,blend_completeness_constraint,1,2035.0,-0.7934875746673261,0.0,0.7934875746673261,False,0.0001,True,0.0,1e-10,-6.160678678796863,1.4768600685300367e-16,2.335318304226511e-16,0.6324020438058411,0.0,True,The KKT residual norm is smaller than the tolerance kkt_tol_abs or kkt_tol_rel. GEMSEO stopped the driver.,0.0,23,0.5152537996756564,False,22,0.0,-61606786787.96863,,,1.9352824430911528,,,,,,,,,,,,,,,,,,
opt_main_3_2,main,9.9 % biomass,9.9,1.35,3.2,min_surplus_loss,G2,blend_completeness_constraint,2,2040.0,-0.614792451058312,0.0,0.614792451058312,False,0.0001,True,0.0,1e-10,-6.160678678796863,1.4768600685300367e-16,2.335318304226511e-16,0.6324020438058411,0.0,True,The KKT residual norm is smaller than the tolerance kkt_tol_abs or kkt_tol_rel. GEMSEO stopped the driver.,0.0,23,0.5152537996756564,False,22,0.0,-61606786787.96863,,,2.411714024837406,,,,,,,,,,,,,,,,,,
opt_main_3_2,main,9.9 % biomass,9.9,1.35,3.2,min_surplus_loss,G2,blend_completeness_constraint,3,2045.0,-0.5715230759691461,0.0,0.5715230759691461,False,0.0001,True,0.0,1e-10,-6.160678678796863,1.4768600685300367e-16,2.335318304226511e-16,0.6324020438058411,0.0,True,The KKT residual norm is smaller than the tolerance kkt_tol_abs or kkt_tol_rel. GEMSEO stopped the driver.,0.0,23,0.5152537996756564,False,22,0.0,-61606786787.96863,,,3.005434456537094,,,,,,,,,,,,,,,,,,
opt_main_3_2,main,9.9 % biomass,9.9,1.35,3.2,min_surplus_loss,G2,blend_completeness_constraint,4,2050.0,-0.5152438096756563,0.0,0.5152438096756563,False,0.0001,True,0.0,1e-10,-6.160678678796863,1.4768600685300367e-16,2.335318304226511e-16,0.6324020438058411,0.0,True,The KKT residual norm is smaller than the tolerance kkt_tol_abs or kkt_tol_rel. GEMSEO stopped the driver.,0.0,23,0.5152537996756564,False,22,0.0,-61606786787.96863,,,3.7453181345368614,,,,,,,,,,,,,,,,,,
opt_main_3_2,main,9.9 % biomass,9.9,1.35,3.2,min_surplus_loss,G3,biomass_trajectory_constraint,0,2030.0,-0.7051856988747985,0.0,0.7051856988747985,False,0.0001,True,0.0,1e-10,-6.160678678796863,1.4768600685300367e-16,2.335318304226511e-16,0.6324020438058411,0.0,True,The KKT residual norm is smaller than the tolerance kkt_tol_abs or kkt_tol_rel. GEMSEO stopped the driver.,0.0,23,0.5152537996756564,False,22,0.0,-61606786787.96863,,,1.552969421732896,,1105660710000.0002,1.1056607100000002,0.0,0.0,0.0,0.0,,,,,,,,,,,
opt_main_3_2,main,9.9 % biomass,9.9,1.35,3.2,min_surplus_loss,G3,biomass_trajectory_constraint,1,2035.0,-0.3773748510880724,0.0,0.3773748510880724,False,0.0001,True,0.0,1e-10,-6.160678678796863,1.4768600685300367e-16,2.335318304226511e-16,0.6324020438058411,0.0,True,The KKT residual norm is smaller than the tolerance kkt_tol_abs or kkt_tol_rel. GEMSEO stopped the driver.,0.0,23,0.5152537996756564,False,22,0.0,-61606786787.96863,,,1.9352824430911528,,1302716745000.0002,1.3027167450000003,0.0,0.0,0.0,0.0,,,,,,,,,,,
opt_main_3_2,main,9.9 % biomass,9.9,1.35,3.2,min_surplus_loss,G3,biomass_trajectory_constraint,2,2040.0,-1.9895196601282807e-15,0.0,1.9895196601282807e-15,True,0.0001,True,1.3721705747958874,1e-10,-6.160678678796863,1.4768600685300367e-16,2.335318304226511e-16,0.6324020438058411,0.0,True,The KKT residual norm is smaller than the tolerance kkt_tol_abs or kkt_tol_rel. GEMSEO stopped the driver.,0.0,23,0.5152537996756564,False,22,13721705747.958874,-61606786787.96863,,,2.411714024837406,,1499772780000.0,1.49977278,9.149189751236099,9149189751.2361,22.065229238954757,22065229238.954758,,,,,,,,,,,
opt_main_3_2,main,9.9 % biomass,9.9,1.35,3.2,min_surplus_loss,G3,biomass_trajectory_constraint,3,2045.0,2.0049142790412588e-10,0.0,2.0049142790412588e-10,True,0.0001,True,1.9822820789525042,1e-10,-6.160678678796863,1.4768600685300367e-16,2.335318304226511e-16,0.6324020438058411,0.0,True,The KKT residual norm is smaller than the tolerance kkt_tol_abs or kkt_tol_rel. GEMSEO stopped the driver.,0.0,23,0.5152537996756564,False,22,19822820789.52504,-61606786787.96863,,,3.005434456537094,,1530442980000.0,1.53044298,12.952341935355893,12952341935.355892,38.92741474536895,38927414745.36895,,,,,,,,,,,
opt_main_3_2,main,9.9 % biomass,9.9,1.35,3.2,min_surplus_loss,G3,biomass_trajectory_constraint,4,2050.0,7.164760518207913e-10,0.0,7.164760518207913e-10,True,0.0001,True,1.42700059754227,1e-10,-6.160678678796863,1.4768600685300367e-16,2.335318304226511e-16,0.6324020438058411,0.0,True,The KKT residual norm is smaller than the tolerance kkt_tol_abs or kkt_tol_rel. GEMSEO stopped the driver.,0.0,23,0.5152537996756564,False,22,14270005975.422699,-61606786787.96863,,,3.7453181345368614,,1561113180000.0,1.56111318,9.140916980422073,9140916980.422071,34.23564213307072,34235642133.070713,,,,,,,,,,,
opt_main_3_2,main,9.9 % biomass,9.9,1.35,3.2,min_surplus_loss,G4,electricity_trajectory_constraint,0,2030.0,-0.9999999601477579,0.0,0.9999999601477579,False,0.0001,True,0.0,1e-10,-6.160678678796863,1.4768600685300367e-16,2.335318304226511e-16,0.6324020438058411,0.0,True,The KKT residual norm is smaller than the tolerance kkt_tol_abs or kkt_tol_rel. GEMSEO stopped the driver.,0.0,23,0.5152537996756564,False,22,0.0,-61606786787.96863,,,1.552969421732896,,1065287574000.0001,1.065287574,0.0,0.0,0.0,0.0,,,,,,,,,,,
opt_main_3_2,main,9.9 % biomass,9.9,1.35,3.2,min_surplus_loss,G4,electricity_trajectory_constraint,1,2035.0,-0.9999999684890345,0.0,0.9999999684890345,False,0.0001,True,0.0,1e-10,-6.160678678796863,1.4768600685300367e-16,2.335318304226511e-16,0.6324020438058411,0.0,True,The KKT residual norm is smaller than the tolerance kkt_tol_abs or kkt_tol_rel. GEMSEO stopped the driver.,0.0,23,0.5152537996756564,False,22,0.0,-61606786787.96863,,,1.9352824430911528,,1356710238000.0002,1.3567102380000002,0.0,0.0,0.0,0.0,,,,,,,,,,,
opt_main_3_2,main,9.9 % biomass,9.9,1.35,3.2,min_surplus_loss,G4,electricity_trajectory_constraint,2,2040.0,-0.9999999742873378,0.0,0.9999999742873378,False,0.0001,True,0.0,1e-10,-6.160678678796863,1.4768600685300367e-16,2.335318304226511e-16,0.6324020438058411,0.0,True,The KKT residual norm is smaller than the tolerance kkt_tol_abs or kkt_tol_rel. GEMSEO stopped the driver.,0.0,23,0.5152537996756564,False,22,0.0,-61606786787.96863,,,2.411714024837406,,1648132902000.0002,1.6481329020000002,0.0,0.0,0.0,0.0,,,,,,,,,,,
opt_main_3_2,main,9.9 % biomass,9.9,1.35,3.2,min_surplus_loss,G4,electricity_trajectory_constraint,3,2045.0,-0.9055348457601932,0.0,0.9055348457601932,False,0.0001,True,0.0,1e-10,-6.160678678796863,1.4768600685300367e-16,2.335318304226511e-16,0.6324020438058411,0.0,True,The KKT residual norm is smaller than the tolerance kkt_tol_abs or kkt_tol_rel. GEMSEO stopped the driver.,0.0,23,0.5152537996756564,False,22,0.0,-61606786787.96863,,,3.005434456537094,,1895265009000.0002,1.8952650090000003,0.0,0.0,0.0,0.0,,,,,,,,,,,
opt_main_3_2,main,9.9 % biomass,9.9,1.35,3.2,min_surplus_loss,G4,electricity_trajectory_constraint,4,2050.0,-0.7920553128144057,0.0,0.7920553128144057,False,0.0001,True,0.0,1e-10,-6.160678678796863,1.4768600685300367e-16,2.335318304226511e-16,0.6324020438058411,0.0,True,The KKT residual norm is smaller than the tolerance kkt_tol_abs or kkt_tol_rel. GEMSEO stopped the driver.,0.0,23,0.5152537996756564,False,22,0.0,-61606786787.96863,,,3.7453181345368614,,2142397116000.0002,2.142397116,0.0,0.0,0.0,0.0,,,,,,,,,,,
opt_main_3_2,main,9.9 % biomass,9.9,1.35,3.2,min_surplus_loss,G5,biofuel_use_growth_constraint,0,2030.0,3.9402941413815366e-16,0.0,3.9402941413815366e-16,True,0.0001,True,0.3181092531792973,1e-10,-6.160678678796863,1.4768600685300367e-16,2.335318304226511e-16,0.6324020438058411,0.0,True,The KKT residual norm is smaller than the tolerance kkt_tol_abs or kkt_tol_rel. GEMSEO stopped the driver.,0.0,23,0.5152537996756564,False,22,3181092531.7929726,-61606786787.96863,,,1.552969421732896,,,,,,,,volume,89799803521.1529,154900000000.0,36088527006.63617,20.536426932168965,102682134660.8448,0.0,31.89244305731031,159462215286.5515,0.0,
opt_main_3_2,main,9.9 % biomass,9.9,1.35,3.2,min_surplus_loss,G5,biofuel_use_growth_constraint,1,2035.0,-1.3791029494835378e-14,0.0,1.3791029494835378e-14,True,0.0001,True,0.14495150035618162,1e-10,-6.160678678796863,1.4768600685300367e-16,2.335318304226511e-16,0.6324020438058411,0.0,True,The KKT residual norm is smaller than the tolerance kkt_tol_abs or kkt_tol_rel. GEMSEO stopped the driver.,0.0,23,0.5152537996756564,False,22,1449515003.5618162,-61606786787.96863,,,1.9352824430911528,,,,,,,,rate,385440768000.00006,154900000000.0,154900000000.00006,9.357746956499783,0.0,15028571556.928915,18.1098833918037,0.0,29084530678.8636,
opt_main_3_2,main,9.9 % biomass,9.9,1.35,3.2,min_surplus_loss,G5,biofuel_use_growth_constraint,2,2040.0,-1.5907066531866294,0.0,1.5907066531866294,False,0.0001,True,0.0,1e-10,-6.160678678796863,1.4768600685300367e-16,2.335318304226511e-16,0.6324020438058411,0.0,True,The KKT residual norm is smaller than the tolerance kkt_tol_abs or kkt_tol_rel. GEMSEO stopped the driver.,0.0,23,0.5152537996756564,False,22,0.0,-61606786787.96863,,,2.411714024837406,,,,,,,,rate,959099971829.7546,154900000000.0,385440767999.9979,0.0,0.0,0.0,0.0,0.0,0.0,
opt_main_3_2,main,9.9 % biomass,9.9,1.35,3.2,min_surplus_loss,G5,biofuel_use_growth_constraint,3,2045.0,-6.753714036848194,0.0,6.753714036848194,False,0.0001,True,0.0,1e-10,-6.160678678796863,1.4768600685300367e-16,2.335318304226511e-16,0.6324020438058411,0.0,True,The KKT residual norm is smaller than the tolerance kkt_tol_abs or kkt_tol_rel. GEMSEO stopped the driver.,0.0,23,0.5152537996756564,False,22,0.0,-61606786787.96863,,,3.005434456537094,,,,,,,,rate,1773424447836.4507,154900000000.0,712699511251.1458,0.0,0.0,0.0,0.0,0.0,0.0,
opt_main_3_2,main,9.9 % biomass,9.9,1.35,3.2,min_surplus_loss,G5,biofuel_use_growth_constraint,4,2050.0,-6.893750941120073,0.0,6.893750941120073,False,0.0001,True,0.0,1e-10,-6.160678678796863,1.4768600685300367e-16,2.335318304226511e-16,0.6324020438058411,0.0,True,The KKT residual norm is smaller than the tolerance kkt_tol_abs or kkt_tol_rel. GEMSEO stopped the driver.,0.0,23,0.5152537996756564,False,22,0.0,-61606786787.96863,,,3.7453181345368614,,,,,,,,rate,1809690796825.2483,154900000000.0,727274143528.6654,0.0,0.0,0.0,0.0,0.0,0.0,
opt_main_3_2,main,9.9 % biomass,9.9,1.35,3.2,min_surplus_loss,G6,electrofuel_use_growth_constraint,0,2030.0,-0.9999998803391897,0.0,0.9999998803391897,False,0.0001,True,0.0,1e-10,-6.160678678796863,1.4768600685300367e-16,2.335318304226511e-16,0.6324020438058411,0.0,True,The KKT residual norm is smaller than the tolerance kkt_tol_abs or kkt_tol_rel. GEMSEO stopped the driver.,0.0,23,0.5152537996756564,False,22,0.0,-61606786787.96863,,,1.552969421732896,,,,,,,,volume,0.0,154900000000.0,0.0,0.0,0.0,0.0,0.0,0.0,0.0,
opt_main_3_2,main,9.9 % biomass,9.9,1.35,3.2,min_surplus_loss,G6,electrofuel_use_growth_constraint,1,2035.0,-0.9999998795016418,0.0,0.9999998795016418,False,0.0001,True,0.0,1e-10,-6.160678678796863,1.4768600685300367e-16,2.335318304226511e-16,0.6324020438058411,0.0,True,The KKT residual norm is smaller than the tolerance kkt_tol_abs or kkt_tol_rel. GEMSEO stopped the driver.,0.0,23,0.5152537996756564,False,22,0.0,-61606786787.96863,,,1.9352824430911528,,,,,,,,volume,46122.154610591584,154900000000.0,18535.459511072368,0.0,0.0,0.0,0.0,0.0,0.0,
opt_main_3_2,main,9.9 % biomass,9.9,1.35,3.2,min_surplus_loss,G6,electrofuel_use_growth_constraint,2,2040.0,-0.9999998805540056,0.0,0.9999998805540056,False,0.0001,True,0.0,1e-10,-6.160678678796863,1.4768600685300367e-16,2.335318304226511e-16,0.6324020438058411,0.0,True,The KKT residual norm is smaller than the tolerance kkt_tol_abs or kkt_tol_rel. GEMSEO stopped the driver.,0.0,23,0.5152537996756564,False,22,0.0,-61606786787.96863,,,2.411714024837406,,,,,,,,volume,46444.97971127548,154900000000.0,18665.195678721182,0.0,0.0,0.0,0.0,0.0,0.0,
opt_main_3_2,main,9.9 % biomass,9.9,1.35,3.2,min_surplus_loss,G6,electrofuel_use_growth_constraint,3,2045.0,-0.49536903054886494,0.0,0.49536903054886494,False,0.0001,True,0.0,1e-10,-6.160678678796863,1.4768600685300367e-16,2.335318304226511e-16,0.6324020438058411,0.0,True,The KKT residual norm is smaller than the tolerance kkt_tol_abs or kkt_tol_rel. GEMSEO stopped the driver.,0.0,23,0.5152537996756564,False,22,0.0,-61606786787.96863,,,3.005434456537094,,,,,,,,volume,46039.355813777904,154900000000.0,18502.184531643,0.0,0.0,0.0,0.0,0.0,0.0,
opt_main_3_2,main,9.9 % biomass,9.9,1.35,3.2,min_surplus_loss,G6,electrofuel_use_growth_constraint,4,2050.0,-2.551182411346534e-08,0.0,2.551182411346534e-08,True,0.0001,True,0.07296633527265803,1e-10,-6.160678678796863,1.4768600685300367e-16,2.335318304226511e-16,0.6324020438058411,0.0,True,The KKT residual norm is smaller than the tolerance kkt_tol_abs or kkt_tol_rel. GEMSEO stopped the driver.,0.0,23,0.5152537996756564,False,22,729663352.7265803,-61606786787.96863,,,3.7453181345368614,,,,,,,,rate,194505348421.83,154900000000.0,78167337167.98082,4.710544562469853,0.0,3817608797.415648,17.642487973362346,0.0,14298159459.528286,
opt_main_3_4,main,9.9 % biomass,9.9,1.35,3.4,min_surplus_loss,G1,aviation_carbon_budget_constraint,0,,4.055324923020147e-05,0.0,4.055324923020147e-05,True,0.0003,False,44.59156929280733,1e-10,-9.828599867391548,4.3249964837975335e-16,6.743329451471597e-16,0.6413740445164947,0.0,True,The KKT residual norm is smaller than the tolerance kkt_tol_abs or kkt_tol_rel. GEMSEO stopped the driver.,0.0,29,0.6193976417019731,False,28,445915692928.07324,-98285998673.91547,3.480998507224318,128.09993799268761,,,,,,,,,,,,,,,,,,,
opt_main_3_4,main,9.9 % biomass,9.9,1.35,3.4,min_surplus_loss,G2,blend_completeness_constraint,0,2030.0,-0.9491234098031637,0.0,0.9491234098031637,False,0.0003,False,0.0,1e-10,-9.828599867391548,4.3249964837975335e-16,6.743329451471597e-16,0.6413740445164947,0.0,True,The KKT residual norm is smaller than the tolerance kkt_tol_abs or kkt_tol_rel. GEMSEO stopped the driver.,0.0,29,0.6193976417019731,False,28,0.0,-98285998673.91547,,,1.552969421732896,,,,,,,,,,,,,,,,,,
opt_main_3_4,main,9.9 % biomass,9.9,1.35,3.4,min_surplus_loss,G2,blend_completeness_constraint,1,2035.0,-0.8752937676673054,0.0,0.8752937676673054,False,0.0003,False,0.0,1e-10,-9.828599867391548,4.3249964837975335e-16,6.743329451471597e-16,0.6413740445164947,0.0,True,The KKT residual norm is smaller than the tolerance kkt_tol_abs or kkt_tol_rel. GEMSEO stopped the driver.,0.0,29,0.6193976417019731,False,28,0.0,-98285998673.91547,,,1.9352824430911528,,,,,,,,,,,,,,,,,,
opt_main_3_4,main,9.9 % biomass,9.9,1.35,3.4,min_surplus_loss,G2,blend_completeness_constraint,2,2040.0,-0.6859182982715157,0.0,0.6859182982715157,False,0.0003,False,0.0,1e-10,-9.828599867391548,4.3249964837975335e-16,6.743329451471597e-16,0.6413740445164947,0.0,True,The KKT residual norm is smaller than the tolerance kkt_tol_abs or kkt_tol_rel. GEMSEO stopped the driver.,0.0,29,0.6193976417019731,False,28,0.0,-98285998673.91547,,,2.411714024837406,,,,,,,,,,,,,,,,,,
opt_main_3_4,main,9.9 % biomass,9.9,1.35,3.4,min_surplus_loss,G2,blend_completeness_constraint,3,2045.0,-0.619397641701973,0.0,0.619397641701973,False,0.0003,False,0.0,1e-10,-9.828599867391548,4.3249964837975335e-16,6.743329451471597e-16,0.6413740445164947,0.0,True,The KKT residual norm is smaller than the tolerance kkt_tol_abs or kkt_tol_rel. GEMSEO stopped the driver.,0.0,29,0.6193976417019731,False,28,0.0,-98285998673.91547,,,3.005434456537094,,,,,,,,,,,,,,,,,,
opt_main_3_4,main,9.9 % biomass,9.9,1.35,3.4,min_surplus_loss,G2,blend_completeness_constraint,4,2050.0,-0.6287050782314829,0.0,0.6287050782314829,False,0.0003,False,0.0,1e-10,-9.828599867391548,4.3249964837975335e-16,6.743329451471597e-16,0.6413740445164947,0.0,True,The KKT residual norm is smaller than the tolerance kkt_tol_abs or kkt_tol_rel. GEMSEO stopped the driver.,0.0,29,0.6193976417019731,False,28,0.0,-98285998673.91547,,,3.7453181345368614,,,,,,,,,,,,,,,,,,
opt_main_3_4,main,9.9 % biomass,9.9,1.35,3.4,min_surplus_loss,G3,biomass_trajectory_constraint,0,2030.0,-0.8193681117264476,0.0,0.8193681117264476,False,0.0003,False,0.0,1e-10,-9.828599867391548,4.3249964837975335e-16,6.743329451471597e-16,0.6413740445164947,0.0,True,The KKT residual norm is smaller than the tolerance kkt_tol_abs or kkt_tol_rel. GEMSEO stopped the driver.,0.0,29,0.6193976417019731,False,28,0.0,-98285998673.91547,,,1.552969421732896,,1105660710000.0002,1.1056607100000002,0.0,0.0,0.0,0.0,,,,,,,,,,,
opt_main_3_4,main,9.9 % biomass,9.9,1.35,3.4,min_surplus_loss,G3,biomass_trajectory_constraint,1,2035.0,-0.6185286712144045,0.0,0.6185286712144045,False,0.0003,False,0.0,1e-10,-9.828599867391548,4.3249964837975335e-16,6.743329451471597e-16,0.6413740445164947,0.0,True,The KKT residual norm is smaller than the tolerance kkt_tol_abs or kkt_tol_rel. GEMSEO stopped the driver.,0.0,29,0.6193976417019731,False,28,0.0,-98285998673.91547,,,1.9352824430911528,,1302716745000.0002,1.3027167450000003,0.0,0.0,0.0,0.0,,,,,,,,,,,
opt_main_3_4,main,9.9 % biomass,9.9,1.35,3.4,min_surplus_loss,G3,biomass_trajectory_constraint,2,2040.0,-0.17554227731744235,0.0,0.17554227731744235,False,0.0003,False,0.0,1e-10,-9.828599867391548,4.3249964837975335e-16,6.743329451471597e-16,0.6413740445164947,0.0,True,The KKT residual norm is smaller than the tolerance kkt_tol_abs or kkt_tol_rel. GEMSEO stopped the driver.,0.0,29,0.6193976417019731,False,28,0.0,-98285998673.91547,,,2.411714024837406,,1499772780000.0,1.49977278,0.0,0.0,0.0,0.0,,,,,,,,,,,
opt_main_3_4,main,9.9 % biomass,9.9,1.35,3.4,min_surplus_loss,G3,biomass_trajectory_constraint,3,2045.0,2.842170943040401e-16,0.0,2.842170943040401e-16,True,0.0003,False,0.972141048664271,1e-10,-9.828599867391548,4.3249964837975335e-16,6.743329451471597e-16,0.6413740445164947,0.0,True,The KKT residual norm is smaller than the tolerance kkt_tol_abs or kkt_tol_rel. GEMSEO stopped the driver.,0.0,29,0.6193976417019731,False,28,9721410486.64271,-98285998673.91547,,,3.005434456537094,,1530442980000.0,1.53044298,6.352023965402951,6352023965.402951,19.090591694371415,19090591694.371414,,,,,,,,,,,
opt_main_3_4,main,9.9 % biomass,9.9,1.35,3.4,min_surplus_loss,G3,biomass_trajectory_constraint,4,2050.0,1.0796918109576836e-05,0.0,1.0796918109576836e-05,True,0.0003,False,0.8217103005462136,1e-10,-9.828599867391548,4.3249964837975335e-16,6.743329451471597e-16,0.6413740445164947,0.0,True,The KKT residual norm is smaller than the tolerance kkt_tol_abs or kkt_tol_rel. GEMSEO stopped the driver.,0.0,29,0.6193976417019731,False,28,8217103005.462136,-98285998673.91547,,,3.7453181345368614,,1561113180000.0,1.56111318,5.263617725309408,5263617725.309408,19.71392291987099,19713922919.87099,,,,,,,,,,,
opt_main_3_4,main,9.9 % biomass,9.9,1.35,3.4,min_surplus_loss,G4,electricity_trajectory_constraint,0,2030.0,-0.9999999598922042,0.0,0.9999999598922042,False,0.0003,False,0.0,1e-10,-9.828599867391548,4.3249964837975335e-16,6.743329451471597e-16,0.6413740445164947,0.0,True,The KKT residual norm is smaller than the tolerance kkt_tol_abs or kkt_tol_rel. GEMSEO stopped the driver.,0.0,29,0.6193976417019731,False,28,0.0,-98285998673.91547,,,1.552969421732896,,1065287574000.0001,1.065287574,0.0,0.0,0.0,0.0,,,,,,,,,,,
opt_main_3_4,main,9.9 % biomass,9.9,1.35,3.4,min_surplus_loss,G4,electricity_trajectory_constraint,1,2035.0,-0.9999999680306396,0.0,0.9999999680306396,False,0.0003,False,0.0,1e-10,-9.828599867391548,4.3249964837975335e-16,6.743329451471597e-16,0.6413740445164947,0.0,True,The KKT residual norm is smaller than the tolerance kkt_tol_abs or kkt_tol_rel. GEMSEO stopped the driver.,0.0,29,0.6193976417019731,False,28,0.0,-98285998673.91547,,,1.9352824430911528,,1356710238000.0002,1.3567102380000002,0.0,0.0,0.0,0.0,,,,,,,,,,,
opt_main_3_4,main,9.9 % biomass,9.9,1.35,3.4,min_surplus_loss,G4,electricity_trajectory_constraint,2,2040.0,-0.9999999740010219,0.0,0.9999999740010219,False,0.0003,False,0.0,1e-10,-9.828599867391548,4.3249964837975335e-16,6.743329451471597e-16,0.6413740445164947,0.0,True,The KKT residual norm is smaller than the tolerance kkt_tol_abs or kkt_tol_rel. GEMSEO stopped the driver.,0.0,29,0.6193976417019731,False,28,0.0,-98285998673.91547,,,2.411714024837406,,1648132902000.0002,1.6481329020000002,0.0,0.0,0.0,0.0,,,,,,,,,,,
opt_main_3_4,main,9.9 % biomass,9.9,1.35,3.4,min_surplus_loss,G4,electricity_trajectory_constraint,3,2045.0,-0.9999999769073902,0.0,0.9999999769073902,False,0.0003,False,0.0,1e-10,-9.828599867391548,4.3249964837975335e-16,6.743329451471597e-16,0.6413740445164947,0.0,True,The KKT residual norm is smaller than the tolerance kkt_tol_abs or kkt_tol_rel. GEMSEO stopped the driver.,0.0,29,0.6193976417019731,False,28,0.0,-98285998673.91547,,,3.005434456537094,,1895265009000.0002,1.8952650090000003,0.0,0.0,0.0,0.0,,,,,,,,,,,
opt_main_3_4,main,9.9 % biomass,9.9,1.35,3.4,min_surplus_loss,G4,electricity_trajectory_constraint,4,2050.0,-0.9999999786392073,0.0,0.9999999786392073,False,0.0003,False,0.0,1e-10,-9.828599867391548,4.3249964837975335e-16,6.743329451471597e-16,0.6413740445164947,0.0,True,The KKT residual norm is smaller than the tolerance kkt_tol_abs or kkt_tol_rel. GEMSEO stopped the driver.,0.0,29,0.6193976417019731,False,28,0.0,-98285998673.91547,,,3.7453181345368614,,2142397116000.0002,2.142397116,0.0,0.0,0.0,0.0,,,,,,,,,,,
opt_main_3_4,main,9.9 % biomass,9.9,1.35,3.4,min_surplus_loss,G5,biofuel_use_growth_constraint,0,2030.0,-0.38730282898721163,0.0,0.38730282898721163,False,0.0003,False,0.0,1e-10,-9.828599867391548,4.3249964837975335e-16,6.743329451471597e-16,0.6413740445164947,0.0,True,The KKT residual norm is smaller than the tolerance kkt_tol_abs or kkt_tol_rel. GEMSEO stopped the driver.,0.0,29,0.6193976417019731,False,28,0.0,-98285998673.91547,,,1.552969421732896,,,,,,,,volume,89799803521.1529,154900000000.0,36088527006.63617,0.0,0.0,0.0,0.0,0.0,0.0,
opt_main_3_4,main,9.9 % biomass,9.9,1.35,3.4,min_surplus_loss,G5,biofuel_use_growth_constraint,1,2035.0,-3.7321511378820824e-05,0.0,3.7321511378820824e-05,True,0.0003,False,0.10922435333104627,1e-10,-9.828599867391548,4.3249964837975335e-16,6.743329451471597e-16,0.6413740445164947,0.0,True,The KKT residual norm is smaller than the tolerance kkt_tol_abs or kkt_tol_rel. GEMSEO stopped the driver.,0.0,29,0.6193976417019731,False,28,1092243533.3104627,-98285998673.91547,,,1.9352824430911528,,,,,,,,rate,236233021264.56912,154900000000.0,94936753015.91805,7.051281686962316,0.0,6940606569.577651,13.646221650068336,0.0,13432034038.506742,
opt_main_3_4,main,9.9 % biomass,9.9,1.35,3.4,min_surplus_loss,G5,biofuel_use_growth_constraint,2,2040.0,-0.0002119962844854543,0.0,0.0002119962844854543,True,0.0003,False,0.07501632726025641,1e-10,-9.828599867391548,4.3249964837975335e-16,6.743329451471597e-16,0.6413740445164947,0.0,True,The KKT residual norm is smaller than the tolerance kkt_tol_abs or kkt_tol_rel. GEMSEO stopped the driver.,0.0,29,0.6193976417019731,False,28,750163272.6025641,-98285998673.91547,,,2.411714024837406,,,,,,,,rate,587823350521.2755,154900000000.0,236233020882.07132,4.842887492592409,0.0,11861509800.388538,11.679659686594771,0.0,28606569541.343376,
opt_main_3_4,main,9.9 % biomass,9.9,1.35,3.4,min_surplus_loss,G5,biofuel_use_growth_constraint,3,2045.0,-4.743959575385538,0.0,4.743959575385538,False,0.0003,False,0.0,1e-10,-9.828599867391548,4.3249964837975335e-16,6.743329451471597e-16,0.6413740445164947,0.0,True,The KKT residual norm is smaller than the tolerance kkt_tol_abs or kkt_tol_rel. GEMSEO stopped the driver.,0.0,29,0.6193976417019731,False,28,0.0,-98285998673.91547,,,3.005434456537094,,,,,,,,rate,1462692591612.9282,154900000000.0,587823347323.8685,0.0,0.0,0.0,0.0,0.0,0.0,
opt_main_3_4,main,9.9 % biomass,9.9,1.35,3.4,min_surplus_loss,G5,biofuel_use_growth_constraint,4,2050.0,-6.893699233487118,0.0,6.893699233487118,False,0.0003,False,0.0,1e-10,-9.828599867391548,4.3249964837975335e-16,6.743329451471597e-16,0.6413740445164947,0.0,True,The KKT residual norm is smaller than the tolerance kkt_tol_abs or kkt_tol_rel. GEMSEO stopped the driver.,0.0,29,0.6193976417019731,False,28,0.0,-98285998673.91547,,,3.7453181345368614,,,,,,,,rate,1809690796462.8708,154900000000.0,727274143383.034,0.0,0.0,0.0,0.0,0.0,0.0,
opt_main_3_4,main,9.9 % biomass,9.9,1.35,3.4,min_surplus_loss,G6,electrofuel_use_growth_constraint,0,2030.0,-0.9999998795718614,0.0,0.9999998795718614,False,0.0003,False,0.0,1e-10,-9.828599867391548,4.3249964837975335e-16,6.743329451471597e-16,0.6413740445164947,0.0,True,The KKT residual norm is smaller than the tolerance kkt_tol_abs or kkt_tol_rel. GEMSEO stopped the driver.,0.0,29,0.6193976417019731,False,28,0.0,-98285998673.91547,,,1.552969421732896,,,,,,,,volume,0.0,154900000000.0,0.0,0.0,0.0,0.0,0.0,0.0,0.0,
opt_main_3_4,main,9.9 % biomass,9.9,1.35,3.4,min_surplus_loss,G6,electrofuel_use_growth_constraint,1,2035.0,-0.9999998777487337,0.0,0.9999998777487337,False,0.0003,False,0.0,1e-10,-9.828599867391548,4.3249964837975335e-16,6.743329451471597e-16,0.6413740445164947,0.0,True,The KKT residual norm is smaller than the tolerance kkt_tol_abs or kkt_tol_rel. GEMSEO stopped the driver.,0.0,29,0.6193976417019731,False,28,0.0,-98285998673.91547,,,1.9352824430911528,,,,,,,,volume,46417.76532696233,154900000000.0,18654.25882802949,0.0,0.0,0.0,0.0,0.0,0.0,
opt_main_3_4,main,9.9 % biomass,9.9,1.35,3.4,min_surplus_loss,G6,electrofuel_use_growth_constraint,2,2040.0,-0.9999998792239491,0.0,0.9999998792239491,False,0.0003,False,0.0,1e-10,-9.828599867391548,4.3249964837975335e-16,6.743329451471597e-16,0.6413740445164947,0.0,True,The KKT residual norm is smaller than the tolerance kkt_tol_abs or kkt_tol_rel. GEMSEO stopped the driver.,0.0,29,0.6193976417019731,False,28,0.0,-98285998673.91547,,,2.411714024837406,,,,,,,,volume,47120.255926828264,154900000000.0,18936.574044668,0.0,0.0,0.0,0.0,0.0,0.0,
opt_main_3_4,main,9.9 % biomass,9.9,1.35,3.4,min_surplus_loss,G6,electrofuel_use_growth_constraint,3,2045.0,-0.9999998766397394,0.0,0.9999998766397394,False,0.0003,False,0.0,1e-10,-9.828599867391548,4.3249964837975335e-16,6.743329451471597e-16,0.6413740445164947,0.0,True,The KKT residual norm is smaller than the tolerance kkt_tol_abs or kkt_tol_rel. GEMSEO stopped the driver.,0.0,29,0.6193976417019731,False,28,0.0,-98285998673.91547,,,3.005434456537094,,,,,,,,volume,46551.05717518364,154900000000.0,18707.825832362258,0.0,0.0,0.0,0.0,0.0,0.0,
opt_main_3_4,main,9.9 % biomass,9.9,1.35,3.4,min_surplus_loss,G6,electrofuel_use_growth_constraint,4,2050.0,-0.9999998710118962,0.0,0.9999998710118962,False,0.0003,False,0.0,1e-10,-9.828599867391548,4.3249964837975335e-16,6.743329451471597e-16,0.6413740445164947,0.0,True,The KKT residual norm is smaller than the tolerance kkt_tol_abs or kkt_tol_rel. GEMSEO stopped the driver.,0.0,29,0.6193976417019731,False,28,0.0,-98285998673.91547,,,3.7453181345368614,,,,,,,,volume,47548.07227426276,154900000000.0,19108.503839643927,0.0,0.0,0.0,0.0,0.0,0.0,
opt_main_3_6,main,9.9 % biomass,9.9,1.35,3.6,min_surplus_loss,G1,aviation_carbon_budget_constraint,0,,2.0469906994252845e-11,0.0,2.0469906994252845e-11,True,0.0001,True,38.984255023243854,1e-10,-12.882552832373804,1.4946834900704541e-16,2.297091663868678e-16,0.6506851744667266,0.0,True,The KKT residual norm is smaller than the tolerance kkt_tol_abs or kkt_tol_rel. GEMSEO stopped the driver.,0.0,35,0.628709288572393,False,31,389842550232.43854,-128825528323.73804,3.7285873434363737,104.55502696448795,,,,,,,,,,,,,,,,,,,
opt_main_3_6,main,9.9 % biomass,9.9,1.35,3.6,min_surplus_loss,G2,blend_completeness_constraint,0,2030.0,-0.97999999,0.0,0.97999999,False,0.0001,True,0.0,1e-10,-12.882552832373804,1.4946834900704541e-16,2.297091663868678e-16,0.6506851744667266,0.0,True,The KKT residual norm is smaller than the tolerance kkt_tol_abs or kkt_tol_rel. GEMSEO stopped the driver.,0.0,35,0.628709288572393,False,31,0.0,-128825528323.73804,,,1.552969421732896,,,,,,,,,,,,,,,,,,
opt_main_3_6,main,9.9 % biomass,9.9,1.35,3.6,min_surplus_loss,G2,blend_completeness_constraint,1,2035.0,-0.945454942448034,0.0,0.945454942448034,False,0.0001,True,0.0,1e-10,-12.882552832373804,1.4946834900704541e-16,2.297091663868678e-16,0.6506851744667266,0.0,True,The KKT residual norm is smaller than the tolerance kkt_tol_abs or kkt_tol_rel. GEMSEO stopped the driver.,0.0,35,0.628709288572393,False,31,0.0,-128825528323.73804,,,1.9352824430911528,,,,,,,,,,,,,,,,,,
opt_main_3_6,main,9.9 % biomass,9.9,1.35,3.6,min_surplus_loss,G2,blend_completeness_constraint,2,2040.0,-0.8647923122092679,0.0,0.8647923122092679,False,0.0001,True,0.0,1e-10,-12.882552832373804,1.4946834900704541e-16,2.297091663868678e-16,0.6506851744667266,0.0,True,The KKT residual norm is smaller than the tolerance kkt_tol_abs or kkt_tol_rel. GEMSEO stopped the driver.,0.0,35,0.628709288572393,False,31,0.0,-128825528323.73804,,,2.411714024837406,,,,,,,,,,,,,,,,,,
opt_main_3_6,main,9.9 % biomass,9.9,1.35,3.6,min_surplus_loss,G2,blend_completeness_constraint,3,2045.0,-0.6631966319286693,0.0,0.6631966319286693,False,0.0001,True,0.0,1e-10,-12.882552832373804,1.4946834900704541e-16,2.297091663868678e-16,0.6506851744667266,0.0,True,The KKT residual norm is smaller than the tolerance kkt_tol_abs or kkt_tol_rel. GEMSEO stopped the driver.,0.0,35,0.628709288572393,False,31,0.0,-128825528323.73804,,,3.005434456537094,,,,,,,,,,,,,,,,,,
opt_main_3_6,main,9.9 % biomass,9.9,1.35,3.6,min_surplus_loss,G2,blend_completeness_constraint,4,2050.0,-0.6287092985723931,0.0,0.6287092985723931,False,0.0001,True,0.0,1e-10,-12.882552832373804,1.4946834900704541e-16,2.297091663868678e-16,0.6506851744667266,0.0,True,The KKT residual norm is smaller than the tolerance kkt_tol_abs or kkt_tol_rel. GEMSEO stopped the driver.,0.0,35,0.628709288572393,False,31,0.0,-128825528323.73804,,,3.7453181345368614,,,,,,,,,,,,,,,,,,
opt_main_3_6,main,9.9 % biomass,9.9,1.35,3.6,min_surplus_loss,G3,biomass_trajectory_constraint,0,2030.0,-0.9285587438885219,0.0,0.9285587438885219,False,0.0001,True,0.0,1e-10,-12.882552832373804,1.4946834900704541e-16,2.297091663868678e-16,0.6506851744667266,0.0,True,The KKT residual norm is smaller than the tolerance kkt_tol_abs or kkt_tol_rel. GEMSEO stopped the driver.,0.0,35,0.628709288572393,False,31,0.0,-128825528323.73804,,,1.552969421732896,,1105660710000.0002,1.1056607100000002,0.0,0.0,0.0,0.0,,,,,,,,,,,
opt_main_3_6,main,9.9 % biomass,9.9,1.35,3.6,min_surplus_loss,G3,biomass_trajectory_constraint,1,2035.0,-0.8310329407385302,0.0,0.8310329407385302,False,0.0001,True,0.0,1e-10,-12.882552832373804,1.4946834900704541e-16,2.297091663868678e-16,0.6506851744667266,0.0,True,The KKT residual norm is smaller than the tolerance kkt_tol_abs or kkt_tol_rel. GEMSEO stopped the driver.,0.0,35,0.628709288572393,False,31,0.0,-128825528323.73804,,,1.9352824430911528,,1302716745000.0002,1.3027167450000003,0.0,0.0,0.0,0.0,,,,,,,,,,,
opt_main_3_6,main,9.9 % biomass,9.9,1.35,3.6,min_surplus_loss,G3,biomass_trajectory_constraint,2,2040.0,-0.6347982885341267,0.0,0.6347982885341267,False,0.0001,True,0.0,1e-10,-12.882552832373804,1.4946834900704541e-16,2.297091663868678e-16,0.6506851744667266,0.0,True,The KKT residual norm is smaller than the tolerance kkt_tol_abs or kkt_tol_rel. GEMSEO stopped the driver.,0.0,35,0.628709288572393,False,31,0.0,-128825528323.73804,,,2.411714024837406,,1499772780000.0,1.49977278,0.0,0.0,0.0,0.0,,,,,,,,,,,
opt_main_3_6,main,9.9 % biomass,9.9,1.35,3.6,min_surplus_loss,G3,biomass_trajectory_constraint,3,2045.0,-0.10947247413346232,0.0,0.10947247413346232,False,0.0001,True,0.0,1e-10,-12.882552832373804,1.4946834900704541e-16,2.297091663868678e-16,0.6506851744667266,0.0,True,The KKT residual norm is smaller than the tolerance kkt_tol_abs or kkt_tol_rel. GEMSEO stopped the driver.,0.0,35,0.628709288572393,False,31,0.0,-128825528323.73804,,,3.005434456537094,,1530442980000.0,1.53044298,0.0,0.0,0.0,0.0,,,,,,,,,,,
opt_main_3_6,main,9.9 % biomass,9.9,1.35,3.6,min_surplus_loss,G3,biomass_trajectory_constraint,4,2050.0,-1.4210854715202004e-16,0.0,1.4210854715202004e-16,True,0.0001,True,0.4073132991795356,1e-10,-12.882552832373804,1.4946834900704541e-16,2.297091663868678e-16,0.6506851744667266,0.0,True,The KKT residual norm is smaller than the tolerance kkt_tol_abs or kkt_tol_rel. GEMSEO stopped the driver.,0.0,35,0.628709288572393,False,31,4073132991.7953563,-128825528323.73804,,,3.7453181345368614,,1561113180000.0,1.56111318,2.609120878599818,2609120878.599818,9.771987741818647,9771987741.818647,,,,,,,,,,,
opt_main_3_6,main,9.9 % biomass,9.9,1.35,3.6,min_surplus_loss,G4,electricity_trajectory_constraint,0,2030.0,-0.9999999596474151,0.0,0.9999999596474151,False,0.0001,True,0.0,1e-10,-12.882552832373804,1.4946834900704541e-16,2.297091663868678e-16,0.6506851744667266,0.0,True,The KKT residual norm is smaller than the tolerance kkt_tol_abs or kkt_tol_rel. GEMSEO stopped the driver.,0.0,35,0.628709288572393,False,31,0.0,-128825528323.73804,,,1.552969421732896,,1065287574000.0001,1.065287574,0.0,0.0,0.0,0.0,,,,,,,,,,,
opt_main_3_6,main,9.9 % biomass,9.9,1.35,3.6,min_surplus_loss,G4,electricity_trajectory_constraint,1,2035.0,-0.9999999676252165,0.0,0.9999999676252165,False,0.0001,True,0.0,1e-10,-12.882552832373804,1.4946834900704541e-16,2.297091663868678e-16,0.6506851744667266,0.0,True,The KKT residual norm is smaller than the tolerance kkt_tol_abs or kkt_tol_rel. GEMSEO stopped the driver.,0.0,35,0.628709288572393,False,31,0.0,-128825528323.73804,,,1.9352824430911528,,1356710238000.0002,1.3567102380000002,0.0,0.0,0.0,0.0,,,,,,,,,,,
opt_main_3_6,main,9.9 % biomass,9.9,1.35,3.6,min_surplus_loss,G4,electricity_trajectory_constraint,2,2040.0,-0.9999999732476494,0.0,0.9999999732476494,False,0.0001,True,0.0,1e-10,-12.882552832373804,1.4946834900704541e-16,2.297091663868678e-16,0.6506851744667266,0.0,True,The KKT residual norm is smaller than the tolerance kkt_tol_abs or kkt_tol_rel. GEMSEO stopped the driver.,0.0,35,0.628709288572393,False,31,0.0,-128825528323.73804,,,2.411714024837406,,1648132902000.0002,1.6481329020000002,0.0,0.0,0.0,0.0,,,,,,,,,,,
opt_main_3_6,main,9.9 % biomass,9.9,1.35,3.6,min_surplus_loss,G4,electricity_trajectory_constraint,3,2045.0,-0.9999999767611087,0.0,0.9999999767611087,False,0.0001,True,0.0,1e-10,-12.882552832373804,1.4946834900704541e-16,2.297091663868678e-16,0.6506851744667266,0.0,True,The KKT residual norm is smaller than the tolerance kkt_tol_abs or kkt_tol_rel. GEMSEO stopped the driver.,0.0,35,0.628709288572393,False,31,0.0,-128825528323.73804,,,3.005434456537094,,1895265009000.0002,1.8952650090000003,0.0,0.0,0.0,0.0,,,,,,,,,,,
opt_main_3_6,main,9.9 % biomass,9.9,1.35,3.6,min_surplus_loss,G4,electricity_trajectory_constraint,4,2050.0,-0.9999999786391952,0.0,0.9999999786391952,False,0.0001,True,0.0,1e-10,-12.882552832373804,1.4946834900704541e-16,2.297091663868678e-16,0.6506851744667266,0.0,True,The KKT residual norm is smaller than the tolerance kkt_tol_abs or kkt_tol_rel. GEMSEO stopped the driver.,0.0,35,0.628709288572393,False,31,0.0,-128825528323.73804,,,3.7453181345368614,,2142397116000.0002,2.142397116,0.0,0.0,0.0,0.0,,,,,,,,,,,
opt_main_3_6,main,9.9 % biomass,9.9,1.35,3.6,min_surplus_loss,G5,biofuel_use_growth_constraint,0,2030.0,-0.7576737090472304,0.0,0.7576737090472304,False,0.0001,True,0.0,1e-10,-12.882552832373804,1.4946834900704541e-16,2.297091663868678e-16,0.6506851744667266,0.0,True,The KKT residual norm is smaller than the tolerance kkt_tol_abs or kkt_tol_rel. GEMSEO stopped the driver.,0.0,35,0.628709288572393,False,31,0.0,-128825528323.73804,,,1.552969421732896,,,,,,,,volume,89799803521.1529,154900000000.0,36088527006.63617,0.0,0.0,0.0,0.0,0.0,0.0,
opt_main_3_6,main,9.9 % biomass,9.9,1.35,3.6,min_surplus_loss,G5,biofuel_use_growth_constraint,1,2035.0,-0.3247235296613311,0.0,0.3247235296613311,False,0.0001,True,0.0,1e-10,-12.882552832373804,1.4946834900704541e-16,2.297091663868678e-16,0.6506851744667266,0.0,True,The KKT residual norm is smaller than the tolerance kkt_tol_abs or kkt_tol_rel. GEMSEO stopped the driver.,0.0,35,0.628709288572393,False,31,0.0,-128825528323.73804,,,1.9352824430911528,,,,,,,,volume,93402431691.42697,154900000000.0,37536342468.58402,0.0,0.0,0.0,0.0,0.0,0.0,
opt_main_3_6,main,9.9 % biomass,9.9,1.35,3.6,min_surplus_loss,G5,biofuel_use_growth_constraint,2,2040.0,-4.545966604588646e-10,0.0,4.545966604588646e-10,True,0.0001,True,0.08881938695189137,1e-10,-12.882552832373804,1.4946834900704541e-16,2.297091663868678e-16,0.6506851744667266,0.0,True,The KKT residual norm is smaller than the tolerance kkt_tol_abs or kkt_tol_rel. GEMSEO stopped the driver.,0.0,35,0.628709288572393,False,31,888193869.5189136,-128825528323.73804,,,2.411714024837406,,,,,,,,rate,260279081339.66568,154900000000.0,104600325255.45981,5.733982372620488,0.0,6218481934.847907,13.828725706219295,0.0,14997200095.470745,
opt_main_3_6,main,9.9 % biomass,9.9,1.35,3.6,min_surplus_loss,G5,biofuel_use_growth_constraint,3,2045.0,1.8080748920674628e-10,0.0,1.8080748920674628e-10,True,0.0001,True,0.06156170340690606,1e-10,-12.882552832373804,1.4946834900704541e-16,2.297091663868678e-16,0.6506851744667266,0.0,True,The KKT residual norm is smaller than the tolerance kkt_tol_abs or kkt_tol_rel. GEMSEO stopped the driver.,0.0,35,0.628709288572393,False,31,615617034.0690606,-128825528323.73804,,,3.005434456537094,,,,,,,,rate,647657643503.8967,154900000000.0,260279081269.24866,3.9742868564819918,0.0,10724905250.323484,11.94445865863347,0.0,32232999782.41779,
opt_main_3_6,main,9.9 % biomass,9.9,1.35,3.6,min_surplus_loss,G5,biofuel_use_growth_constraint,4,2050.0,-5.614788199085416,0.0,5.614788199085416,False,0.0001,True,0.0,1e-10,-12.882552832373804,1.4946834900704541e-16,2.297091663868678e-16,0.6506851744667266,0.0,True,The KKT residual norm is smaller than the tolerance kkt_tol_abs or kkt_tol_rel. GEMSEO stopped the driver.,0.0,35,0.628709288572393,False,31,0.0,-128825528323.73804,,,3.7453181345368614,,,,,,,,rate,1611579467553.3064,154900000000.0,647657643531.9038,0.0,0.0,0.0,0.0,0.0,0.0,
opt_main_3_6,main,9.9 % biomass,9.9,1.35,3.6,min_surplus_loss,G6,electrofuel_use_growth_constraint,0,2030.0,-0.9999998788368545,0.0,0.9999998788368545,False,0.0001,True,0.0,1e-10,-12.882552832373804,1.4946834900704541e-16,2.297091663868678e-16,0.6506851744667266,0.0,True,The KKT residual norm is smaller than the tolerance kkt_tol_abs or kkt_tol_rel. GEMSEO stopped the driver.,0.0,35,0.628709288572393,False,31,0.0,-128825528323.73804,,,1.552969421732896,,,,,,,,volume,0.0,154900000000.0,0.0,0.0,0.0,0.0,0.0,0.0,0.0,
opt_main_3_6,main,9.9 % biomass,9.9,1.35,3.6,min_surplus_loss,G6,electrofuel_use_growth_constraint,1,2035.0,-0.99999987619839,0.0,0.99999987619839,False,0.0001,True,0.0,1e-10,-12.882552832373804,1.4946834900704541e-16,2.297091663868678e-16,0.6506851744667266,0.0,True,The KKT residual norm is smaller than the tolerance kkt_tol_abs or kkt_tol_rel. GEMSEO stopped the driver.,0.0,35,0.628709288572393,False,31,0.0,-128825528323.73804,,,1.9352824430911528,,,,,,,,volume,46701.21584571349,154900000000.0,18768.17123429201,0.0,0.0,0.0,0.0,0.0,0.0,
opt_main_3_6,main,9.9 % biomass,9.9,1.35,3.6,min_surplus_loss,G6,electrofuel_use_growth_constraint,2,2040.0,-0.9999998757242211,0.0,0.9999998757242211,False,0.0001,True,0.0,1e-10,-12.882552832373804,1.4946834900704541e-16,2.297091663868678e-16,0.6506851744667266,0.0,True,The KKT residual norm is smaller than the tolerance kkt_tol_abs or kkt_tol_rel. GEMSEO stopped the driver.,0.0,35,0.628709288572393,False,31,0.0,-128825528323.73804,,,2.411714024837406,,,,,,,,volume,47718.18763045221,154900000000.0,19176.869385952057,0.0,0.0,0.0,0.0,0.0,0.0,
opt_main_3_6,main,9.9 % biomass,9.9,1.35,3.6,min_surplus_loss,G6,electrofuel_use_growth_constraint,3,2045.0,-0.9999998758583067,0.0,0.9999998758583067,False,0.0001,True,0.0,1e-10,-12.882552832373804,1.4946834900704541e-16,2.297091663868678e-16,0.6506851744667266,0.0,True,The KKT residual norm is smaller than the tolerance kkt_tol_abs or kkt_tol_rel. GEMSEO stopped the driver.,0.0,35,0.628709288572393,False,31,0.0,-128825528323.73804,,,3.005434456537094,,,,,,,,volume,47900.951638730905,154900000000.0,19250.318141851094,0.0,0.0,0.0,0.0,0.0,0.0,
opt_main_3_6,main,9.9 % biomass,9.9,1.35,3.6,min_surplus_loss,G6,electrofuel_use_growth_constraint,4,2050.0,-0.9999998710118229,0.0,0.9999998710118229,False,0.0001,True,0.0,1e-10,-12.882552832373804,1.4946834900704541e-16,2.297091663868678e-16,0.6506851744667266,0.0,True,The KKT residual norm is smaller than the tolerance kkt_tol_abs or kkt_tol_rel. GEMSEO stopped the driver.,0.0,35,0.628709288572393,False,31,0.0,-128825528323.73804,,,3.7453181345368614,,,,,,,,volume,47849.26957919445,154900000000.0,19229.548281247775,0.0,0.0,0.0,0.0,0.0,0.0,
opt_main_3_8,main,9.9 % biomass,9.9,1.35,3.8,min_surplus_loss,G1,aviation_carbon_budget_constraint,0,,7.562038093679262e-07,0.0,7.562038093679262e-07,True,0.0001,True,35.76815700065053,1e-10,-15.444072063413838,5.093828734435133e-16,7.759472068106375e-16,0.6564658896540411,0.0,True,The KKT residual norm is smaller than the tolerance kkt_tol_abs or kkt_tol_rel. GEMSEO stopped the driver.,0.0,27,0.6502608568068715,False,27,357681570006.5053,-154440720634.13837,3.9761761796484274,89.956167394507,,,,,,,,,,,,,,,,,,,
opt_main_3_8,main,9.9 % biomass,9.9,1.35,3.8,min_surplus_loss,G2,blend_completeness_constraint,0,2030.0,-0.979999989996206,0.0,0.979999989996206,False,0.0001,True,0.0,1e-10,-15.444072063413838,5.093828734435133e-16,7.759472068106375e-16,0.6564658896540411,0.0,True,The KKT residual norm is smaller than the tolerance kkt_tol_abs or kkt_tol_rel. GEMSEO stopped the driver.,0.0,27,0.6502608568068715,False,27,0.0,-154440720634.13837,,,1.552969421732896,,,,,,,,,,,,,,,,,,
opt_main_3_8,main,9.9 % biomass,9.9,1.35,3.8,min_surplus_loss,G2,blend_completeness_constraint,1,2035.0,-0.9799999899706022,0.0,0.9799999899706022,False,0.0001,True,0.0,1e-10,-15.444072063413838,5.093828734435133e-16,7.759472068106375e-16,0.6564658896540411,0.0,True,The KKT residual norm is smaller than the tolerance kkt_tol_abs or kkt_tol_rel. GEMSEO stopped the driver.,0.0,27,0.6502608568068715,False,27,0.0,-154440720634.13837,,,1.9352824430911528,,,,,,,,,,,,,,,,,,
opt_main_3_8,main,9.9 % biomass,9.9,1.35,3.8,min_surplus_loss,G2,blend_completeness_constraint,2,2040.0,-0.9419400229381377,0.0,0.9419400229381377,False,0.0001,True,0.0,1e-10,-15.444072063413838,5.093828734435133e-16,7.759472068106375e-16,0.6564658896540411,0.0,True,The KKT residual norm is smaller than the tolerance kkt_tol_abs or kkt_tol_rel. GEMSEO stopped the driver.,0.0,27,0.6502608568068715,False,27,0.0,-154440720634.13837,,,2.411714024837406,,,,,,,,,,,,,,,,,,
opt_main_3_8,main,9.9 % biomass,9.9,1.35,3.8,min_surplus_loss,G2,blend_completeness_constraint,3,2045.0,-0.8576714229147642,0.0,0.8576714229147642,False,0.0001,True,0.0,1e-10,-15.444072063413838,5.093828734435133e-16,7.759472068106375e-16,0.6564658896540411,0.0,True,The KKT residual norm is smaller than the tolerance kkt_tol_abs or kkt_tol_rel. GEMSEO stopped the driver.,0.0,27,0.6502608568068715,False,27,0.0,-154440720634.13837,,,3.005434456537094,,,,,,,,,,,,,,,,,,
opt_main_3_8,main,9.9 % biomass,9.9,1.35,3.8,min_surplus_loss,G2,blend_completeness_constraint,4,2050.0,-0.6502608668068715,0.0,0.6502608668068715,False,0.0001,True,0.0,1e-10,-15.444072063413838,5.093828734435133e-16,7.759472068106375e-16,0.6564658896540411,0.0,True,The KKT residual norm is smaller than the tolerance kkt_tol_abs or kkt_tol_rel. GEMSEO stopped the driver.,0.0,27,0.6502608568068715,False,27,0.0,-154440720634.13837,,,3.7453181345368614,,,,,,,,,,,,,,,,,,
opt_main_3_8,main,9.9 % biomass,9.9,1.35,3.8,min_surplus_loss,G3,biomass_trajectory_constraint,0,2030.0,-0.9285587438750629,0.0,0.9285587438750629,False,0.0001,True,0.0,1e-10,-15.444072063413838,5.093828734435133e-16,7.759472068106375e-16,0.6564658896540411,0.0,True,The KKT residual norm is smaller than the tolerance kkt_tol_abs or kkt_tol_rel. GEMSEO stopped the driver.,0.0,27,0.6502608568068715,False,27,0.0,-154440720634.13837,,,1.552969421732896,,1105660710000.0002,1.1056607100000002,0.0,0.0,0.0,0.0,,,,,,,,,,,
opt_main_3_8,main,9.9 % biomass,9.9,1.35,3.8,min_surplus_loss,G3,biomass_trajectory_constraint,1,2035.0,-0.9376547230053204,0.0,0.9376547230053204,False,0.0001,True,0.0,1e-10,-15.444072063413838,5.093828734435133e-16,7.759472068106375e-16,0.6564658896540411,0.0,True,The KKT residual norm is smaller than the tolerance kkt_tol_abs or kkt_tol_rel. GEMSEO stopped the driver.,0.0,27,0.6502608568068715,False,27,0.0,-154440720634.13837,,,1.9352824430911528,,1302716745000.0002,1.3027167450000003,0.0,0.0,0.0,0.0,,,,,,,,,,,
opt_main_3_8,main,9.9 % biomass,9.9,1.35,3.8,min_surplus_loss,G3,biomass_trajectory_constraint,2,2040.0,-0.8411820123092423,0.0,0.8411820123092423,False,0.0001,True,0.0,1e-10,-15.444072063413838,5.093828734435133e-16,7.759472068106375e-16,0.6564658896540411,0.0,True,The KKT residual norm is smaller than the tolerance kkt_tol_abs or kkt_tol_rel. GEMSEO stopped the driver.,0.0,27,0.6502608568068715,False,27,0.0,-154440720634.13837,,,2.411714024837406,,1499772780000.0,1.49977278,0.0,0.0,0.0,0.0,,,,,,,,,,,
opt_main_3_8,main,9.9 % biomass,9.9,1.35,3.8,min_surplus_loss,G3,biomass_trajectory_constraint,3,2045.0,-0.6127319002964896,0.0,0.6127319002964896,False,0.0001,True,0.0,1e-10,-15.444072063413838,5.093828734435133e-16,7.759472068106375e-16,0.6564658896540411,0.0,True,The KKT residual norm is smaller than the tolerance kkt_tol_abs or kkt_tol_rel. GEMSEO stopped the driver.,0.0,27,0.6502608568068715,False,27,0.0,-154440720634.13837,,,3.005434456537094,,1530442980000.0,1.53044298,0.0,0.0,0.0,0.0,,,,,,,,,,,
opt_main_3_8,main,9.9 % biomass,9.9,1.35,3.8,min_surplus_loss,G3,biomass_trajectory_constraint,4,2050.0,-0.05529531933069194,0.0,0.05529531933069194,False,0.0001,True,0.0,1e-10,-15.444072063413838,5.093828734435133e-16,7.759472068106375e-16,0.6564658896540411,0.0,True,The KKT residual norm is smaller than the tolerance kkt_tol_abs or kkt_tol_rel. GEMSEO stopped the driver.,0.0,27,0.6502608568068715,False,27,0.0,-154440720634.13837,,,3.7453181345368614,,1561113180000.0,1.56111318,0.0,0.0,0.0,0.0,,,,,,,,,,,
opt_main_3_8,main,9.9 % biomass,9.9,1.35,3.8,min_surplus_loss,G4,electricity_trajectory_constraint,0,2030.0,-0.999999959647392,0.0,0.999999959647392,False,0.0001,True,0.0,1e-10,-15.444072063413838,5.093828734435133e-16,7.759472068106375e-16,0.6564658896540411,0.0,True,The KKT residual norm is smaller than the tolerance kkt_tol_abs or kkt_tol_rel. GEMSEO stopped the driver.,0.0,27,0.6502608568068715,False,27,0.0,-154440720634.13837,,,1.552969421732896,,1065287574000.0001,1.065287574,0.0,0.0,0.0,0.0,,,,,,,,,,,
opt_main_3_8,main,9.9 % biomass,9.9,1.35,3.8,min_surplus_loss,G4,electricity_trajectory_constraint,1,2035.0,-0.9999999674103117,0.0,0.9999999674103117,False,0.0001,True,0.0,1e-10,-15.444072063413838,5.093828734435133e-16,7.759472068106375e-16,0.6564658896540411,0.0,True,The KKT residual norm is smaller than the tolerance kkt_tol_abs or kkt_tol_rel. GEMSEO stopped the driver.,0.0,27,0.6502608568068715,False,27,0.0,-154440720634.13837,,,1.9352824430911528,,1356710238000.0002,1.3567102380000002,0.0,0.0,0.0,0.0,,,,,,,,,,,
opt_main_3_8,main,9.9 % biomass,9.9,1.35,3.8,min_surplus_loss,G4,electricity_trajectory_constraint,2,2040.0,-0.9999999728135804,0.0,0.9999999728135804,False,0.0001,True,0.0,1e-10,-15.444072063413838,5.093828734435133e-16,7.759472068106375e-16,0.6564658896540411,0.0,True,The KKT residual norm is smaller than the tolerance kkt_tol_abs or kkt_tol_rel. GEMSEO stopped the driver.,0.0,27,0.6502608568068715,False,27,0.0,-154440720634.13837,,,2.411714024837406,,1648132902000.0002,1.6481329020000002,0.0,0.0,0.0,0.0,,,,,,,,,,,
opt_main_3_8,main,9.9 % biomass,9.9,1.35,3.8,min_surplus_loss,G4,electricity_trajectory_constraint,3,2045.0,-0.9999999758874546,0.0,0.9999999758874546,False,0.0001,True,0.0,1e-10,-15.444072063413838,5.093828734435133e-16,7.759472068106375e-16,0.6564658896540411,0.0,True,The KKT residual norm is smaller than the tolerance kkt_tol_abs or kkt_tol_rel. GEMSEO stopped the driver.,0.0,27,0.6502608568068715,False,27,0.0,-154440720634.13837,,,3.005434456537094,,1895265009000.0002,1.8952650090000003,0.0,0.0,0.0,0.0,,,,,,,,,,,
opt_main_3_8,main,9.9 % biomass,9.9,1.35,3.8,min_surplus_loss,G4,electricity_trajectory_constraint,4,2050.0,-0.9999999782021978,0.0,0.9999999782021978,False,0.0001,True,0.0,1e-10,-15.444072063413838,5.093828734435133e-16,7.759472068106375e-16,0.6564658896540411,0.0,True,The KKT residual norm is smaller than the tolerance kkt_tol_abs or kkt_tol_rel. GEMSEO stopped the driver.,0.0,27,0.6502608568068715,False,27,0.0,-154440720634.13837,,,3.7453181345368614,,2142397116000.0002,2.142397116,0.0,0.0,0.0,0.0,,,,,,,,,,,
opt_main_3_8,main,9.9 % biomass,9.9,1.35,3.8,min_surplus_loss,G5,biofuel_use_growth_constraint,0,2030.0,-0.757673709001507,0.0,0.757673709001507,False,0.0001,True,0.0,1e-10,-15.444072063413838,5.093828734435133e-16,7.759472068106375e-16,0.6564658896540411,0.0,True,The KKT residual norm is smaller than the tolerance kkt_tol_abs or kkt_tol_rel. GEMSEO stopped the driver.,0.0,27,0.6502608568068715,False,27,0.0,-154440720634.13837,,,1.552969421732896,,,,,,,,volume,89799803521.15388,154900000000.0,36088527006.636566,0.0,0.0,0.0,0.0,0.0,0.0,
opt_main_3_8,main,9.9 % biomass,9.9,1.35,3.8,min_surplus_loss,G5,biofuel_use_growth_constraint,1,2035.0,-0.7508372414404656,0.0,0.7508372414404656,False,0.0001,True,0.0,1e-10,-15.444072063413838,5.093828734435133e-16,7.759472068106375e-16,0.6564658896540411,0.0,True,The KKT residual norm is smaller than the tolerance kkt_tol_abs or kkt_tol_rel. GEMSEO stopped the driver.,0.0,27,0.6502608568068715,False,27,0.0,-154440720634.13837,,,1.9352824430911528,,,,,,,,volume,93402431709.05058,154900000000.0,37536342475.66656,0.0,0.0,0.0,0.0,0.0,0.0,
opt_main_3_8,main,9.9 % biomass,9.9,1.35,3.8,min_surplus_loss,G5,biofuel_use_growth_constraint,2,2040.0,-0.2692737107495715,0.0,0.2692737107495715,False,0.0001,True,0.0,1e-10,-15.444072063413838,5.093828734435133e-16,7.759472068106375e-16,0.6564658896540411,0.0,True,The KKT residual norm is smaller than the tolerance kkt_tol_abs or kkt_tol_rel. GEMSEO stopped the driver.,0.0,27,0.6502608568068715,False,27,0.0,-154440720634.13837,,,2.411714024837406,,,,,,,,volume,96037485016.18547,154900000000.0,38595311300.87187,0.0,0.0,0.0,0.0,0.0,0.0,
opt_main_3_8,main,9.9 % biomass,9.9,1.35,3.8,min_surplus_loss,G5,biofuel_use_growth_constraint,3,2045.0,-1.0501328712891886e-05,0.0,1.0501328712891886e-05,True,0.0001,True,0.06043248723567407,1e-10,-15.444072063413838,5.093828734435133e-16,7.759472068106375e-16,0.6564658896540411,0.0,True,The KKT residual norm is smaller than the tolerance kkt_tol_abs or kkt_tol_rel. GEMSEO stopped the driver.,0.0,27,0.6502608568068715,False,27,604324872.3567407,-154440720634.13837,,,3.005434456537094,,,,,,,,rate,281651702126.4752,154900000000.0,113189502204.89137,3.9013871682165315,0.0,4578468069.094065,11.725363423649643,0.0,13760285693.010159,
opt_main_3_8,main,9.9 % biomass,9.9,1.35,3.8,min_surplus_loss,G5,biofuel_use_growth_constraint,4,2050.0,-4.8452022035228124e-05,0.0,4.8452022035228124e-05,True,0.0001,True,0.03315467155338464,1e-10,-15.444072063413838,5.093828734435133e-16,7.759472068106375e-16,0.6564658896540411,0.0,True,The KKT residual norm is smaller than the tolerance kkt_tol_abs or kkt_tol_rel. GEMSEO stopped the driver.,0.0,27,0.6502608568068715,False,27,331546715.5338464,-154440720634.13837,,,3.7453181345368614,,,,,,,,rate,700835515795.1465,154900000000.0,281650075470.6576,2.1403919660028814,0.0,6250261281.239241,8.016448845287597,0.0,23409216922.218925,
opt_main_3_8,main,9.9 % biomass,9.9,1.35,3.8,min_surplus_loss,G6,electrofuel_use_growth_constraint,0,2030.0,-0.9999998788367854,0.0,0.9999998788367854,False,0.0001,True,0.0,1e-10,-15.444072063413838,5.093828734435133e-16,7.759472068106375e-16,0.6564658896540411,0.0,True,The KKT residual norm is smaller than the tolerance kkt_tol_abs or kkt_tol_rel. GEMSEO stopped the driver.,0.0,27,0.6502608568068715,False,27,0.0,-154440720634.13837,,,1.552969421732896,,,,,,,,volume,0.0,154900000000.0,0.0,0.0,0.0,0.0,0.0,0.0,0.0,
opt_main_3_8,main,9.9 % biomass,9.9,1.35,3.8,min_surplus_loss,G6,electrofuel_use_growth_constraint,1,2035.0,-0.9999998753765913,0.0,0.9999998753765913,False,0.0001,True,0.0,1e-10,-15.444072063413838,5.093828734435133e-16,7.759472068106375e-16,0.6564658896540411,0.0,True,The KKT residual norm is smaller than the tolerance kkt_tol_abs or kkt_tol_rel. GEMSEO stopped the driver.,0.0,27,0.6502608568068715,False,27,0.0,-154440720634.13837,,,1.9352824430911528,,,,,,,,volume,46701.242497971674,154900000000.0,18768.18194523682,0.0,0.0,0.0,0.0,0.0,0.0,
opt_main_3_8,main,9.9 % biomass,9.9,1.35,3.8,min_surplus_loss,G6,electrofuel_use_growth_constraint,2,2040.0,-0.9999998737077908,0.0,0.9999998737077908,False,0.0001,True,0.0,1e-10,-15.444072063413838,5.093828734435133e-16,7.759472068106375e-16,0.6564658896540411,0.0,True,The KKT residual norm is smaller than the tolerance kkt_tol_abs or kkt_tol_rel. GEMSEO stopped the driver.,0.0,27,0.6502608568068715,False,27,0.0,-154440720634.13837,,,2.411714024837406,,,,,,,,volume,48034.9423470714,154900000000.0,19304.16600239174,0.0,0.0,0.0,0.0,0.0,0.0,
opt_main_3_8,main,9.9 % biomass,9.9,1.35,3.8,min_surplus_loss,G6,electrofuel_use_growth_constraint,3,2045.0,-0.9999998711912634,0.0,0.9999998711912634,False,0.0001,True,0.0,1e-10,-15.444072063413838,5.093828734435133e-16,7.759472068106375e-16,0.6564658896540411,0.0,True,The KKT residual norm is smaller than the tolerance kkt_tol_abs or kkt_tol_rel. GEMSEO stopped the driver.,0.0,27,0.6502608568068715,False,27,0.0,-154440720634.13837,,,3.005434456537094,,,,,,,,volume,48678.16614090696,154900000000.0,19562.66321892159,0.0,0.0,0.0,0.0,0.0,0.0,
opt_main_3_8,main,9.9 % biomass,9.9,1.35,3.8,min_surplus_loss,G6,electrofuel_use_growth_constraint,4,2050.0,-0.999999868372995,0.0,0.999999868372995,False,0.0001,True,0.0,1e-10,-15.444072063413838,5.093828734435133e-16,7.759472068106375e-16,0.6564658896540411,0.0,True,The KKT residual norm is smaller than the tolerance kkt_tol_abs or kkt_tol_rel. GEMSEO stopped the driver.,0.0,27,0.6502608568068715,False,27,0.0,-154440720634.13837,,,3.7453181345368614,,,,,,,,volume,49648.13834475424,154900000000.0,19952.47329312719,0.0,0.0,0.0,0.0,0.0,0.0,
opt_main_mincarb,main,9.9 % biomass,9.9,1.35,,min_co2,G2,blend_completeness_constraint,0,2030.0,-0.8241159972148248,0.0,0.8241159972148248,False,0.0001,True,0.0,10.0,-2.253277410308943,1.9081958235744878e-17,2.543519245898645e-16,0.07502187477650901,0.0,True,The KKT residual norm is smaller than the tolerance kkt_tol_abs or kkt_tol_rel. GEMSEO stopped the driver.,0.0,12,0.005526302643245763,False,12,,,,,1.552969421732896,,,,,,,,,,,,,,,,,,0.0
opt_main_mincarb,main,9.9 % biomass,9.9,1.35,,min_co2,G2,blend_completeness_constraint,1,2035.0,-0.5387224339272266,0.0,0.5387224339272266,False,0.0001,True,0.0,10.0,-2.253277410308943,1.9081958235744878e-17,2.543519245898645e-16,0.07502187477650901,0.0,True,The KKT residual norm is smaller than the tolerance kkt_tol_abs or kkt_tol_rel. GEMSEO stopped the driver.,0.0,12,0.005526302643245763,False,12,,,,,1.9352824430911528,,,,,,,,,,,,,,,,,,0.0
opt_main_mincarb,main,9.9 % biomass,9.9,1.35,,min_co2,G2,blend_completeness_constraint,2,2040.0,-0.06946082708470129,0.0,0.06946082708470129,False,0.0001,True,0.0,10.0,-2.253277410308943,1.9081958235744878e-17,2.543519245898645e-16,0.07502187477650901,0.0,True,The KKT residual norm is smaller than the tolerance kkt_tol_abs or kkt_tol_rel. GEMSEO stopped the driver.,0.0,12,0.005526302643245763,False,12,,,,,2.411714024837406,,,,,,,,,,,,,,,,,,0.0
opt_main_mincarb,main,9.9 % biomass,9.9,1.35,,min_co2,G2,blend_completeness_constraint,3,2045.0,-0.023649211016816735,0.0,0.023649211016816735,False,0.0001,True,0.0,10.0,-2.253277410308943,1.9081958235744878e-17,2.543519245898645e-16,0.07502187477650901,0.0,True,The KKT residual norm is smaller than the tolerance kkt_tol_abs or kkt_tol_rel. GEMSEO stopped the driver.,0.0,12,0.005526302643245763,False,12,,,,,3.005434456537094,,,,,,,,,,,,,,,,,,0.0
opt_main_mincarb,main,9.9 % biomass,9.9,1.35,,min_co2,G2,blend_completeness_constraint,4,2050.0,-0.005516312643245698,0.0,0.005516312643245698,False,0.0001,True,0.0,10.0,-2.253277410308943,1.9081958235744878e-17,2.543519245898645e-16,0.07502187477650901,0.0,True,The KKT residual norm is smaller than the tolerance kkt_tol_abs or kkt_tol_rel. GEMSEO stopped the driver.,0.0,12,0.005526302643245763,False,12,,,,,3.7453181345368614,,,,,,,,,,,,,,,,,,0.0
opt_main_mincarb,main,9.9 % biomass,9.9,1.35,,min_co2,G3,biomass_trajectory_constraint,0,2030.0,-0.7051856988759303,0.0,0.7051856988759303,False,0.0001,True,0.0,10.0,-2.253277410308943,1.9081958235744878e-17,2.543519245898645e-16,0.07502187477650901,0.0,True,The KKT residual norm is smaller than the tolerance kkt_tol_abs or kkt_tol_rel. GEMSEO stopped the driver.,0.0,12,0.005526302643245763,False,12,,,,,1.552969421732896,,1105660710000.0002,1.1056607100000002,,,,,,,,,,,,,,,0.0
opt_main_mincarb,main,9.9 % biomass,9.9,1.35,,min_co2,G3,biomass_trajectory_constraint,1,2035.0,-0.3773748507569852,0.0,0.3773748507569852,False,0.0001,True,0.0,10.0,-2.253277410308943,1.9081958235744878e-17,2.543519245898645e-16,0.07502187477650901,0.0,True,The KKT residual norm is smaller than the tolerance kkt_tol_abs or kkt_tol_rel. GEMSEO stopped the driver.,0.0,12,0.005526302643245763,False,12,,,,,1.9352824430911528,,1302716745000.0002,1.3027167450000003,,,,,,,,,,,,,,,0.0
opt_main_mincarb,main,9.9 % biomass,9.9,1.35,,min_co2,G3,biomass_trajectory_constraint,2,2040.0,-2.842170943040401e-16,0.0,2.842170943040401e-16,True,0.0001,True,1.1958248660884157,10.0,-2.253277410308943,1.9081958235744878e-17,2.543519245898645e-16,0.07502187477650901,0.0,True,The KKT residual norm is smaller than the tolerance kkt_tol_abs or kkt_tol_rel. GEMSEO stopped the driver.,0.0,12,0.005526302643245763,False,12,,,,,2.411714024837406,,1499772780000.0,1.49977278,,,,,,,,,,,,,,,0.2978373026122402
opt_main_mincarb,main,9.9 % biomass,9.9,1.35,,min_co2,G3,biomass_trajectory_constraint,3,2045.0,-2.842170943040401e-16,0.0,2.842170943040401e-16,True,0.0001,True,1.1770824547636551,10.0,-2.253277410308943,1.9081958235744878e-17,2.543519245898645e-16,0.07502187477650901,0.0,True,The KKT residual norm is smaller than the tolerance kkt_tol_abs or kkt_tol_rel. GEMSEO stopped the driver.,0.0,12,0.005526302643245763,False,12,,,,,3.005434456537094,,1530442980000.0,1.53044298,,,,,,,,,,,,,,,0.2931692367509947
opt_main_mincarb,main,9.9 % biomass,9.9,1.35,,min_co2,G3,biomass_trajectory_constraint,4,2050.0,2.842170943040401e-16,0.0,2.842170943040401e-16,True,0.0001,True,0.7015591449457819,10.0,-2.253277410308943,1.9081958235744878e-17,2.543519245898645e-16,0.07502187477650901,0.0,True,The KKT residual norm is smaller than the tolerance kkt_tol_abs or kkt_tol_rel. GEMSEO stopped the driver.,0.0,12,0.005526302643245763,False,12,,,,,3.7453181345368614,,1561113180000.0,1.56111318,,,,,,,,,,,,,,,0.17473334873616195
opt_main_mincarb,main,9.9 % biomass,9.9,1.35,,min_co2,G4,electricity_trajectory_constraint,0,2030.0,-0.6669566077198005,0.0,0.6669566077198005,False,0.0001,True,0.0,10.0,-2.253277410308943,1.9081958235744878e-17,2.543519245898645e-16,0.07502187477650901,0.0,True,The KKT residual norm is smaller than the tolerance kkt_tol_abs or kkt_tol_rel. GEMSEO stopped the driver.,0.0,12,0.005526302643245763,False,12,,,,,1.552969421732896,,1065287574000.0001,1.065287574,,,,,,,,,,,,,,,0.0
opt_main_mincarb,main,9.9 % biomass,9.9,1.35,,min_co2,G4,electricity_trajectory_constraint,1,2035.0,-0.34929101211038716,0.0,0.34929101211038716,False,0.0001,True,0.0,10.0,-2.253277410308943,1.9081958235744878e-17,2.543519245898645e-16,0.07502187477650901,0.0,True,The KKT residual norm is smaller than the tolerance kkt_tol_abs or kkt_tol_rel. GEMSEO stopped the driver.,0.0,12,0.005526302643245763,False,12,,,,,1.9352824430911528,,1356710238000.0002,1.3567102380000002,,,,,,,,,,,,,,,0.0
opt_main_mincarb,main,9.9 % biomass,9.9,1.35,,min_co2,G4,electricity_trajectory_constraint,2,2040.0,0.0,0.0,0.0,True,0.0001,True,1.5812066207462392,10.0,-2.253277410308943,1.9081958235744878e-17,2.543519245898645e-16,0.07502187477650901,0.0,True,The KKT residual norm is smaller than the tolerance kkt_tol_abs or kkt_tol_rel. GEMSEO stopped the driver.,0.0,12,0.005526302643245763,False,12,,,,,2.411714024837406,,1648132902000.0002,1.6481329020000002,,,,,,,,,,,,,,,0.3938221458265405
opt_main_mincarb,main,9.9 % biomass,9.9,1.35,,min_co2,G4,electricity_trajectory_constraint,3,2045.0,-2.842170943040401e-16,0.0,2.842170943040401e-16,True,0.0001,True,1.8149807076621072,10.0,-2.253277410308943,1.9081958235744878e-17,2.543519245898645e-16,0.07502187477650901,0.0,True,The KKT residual norm is smaller than the tolerance kkt_tol_abs or kkt_tol_rel. GEMSEO stopped the driver.,0.0,12,0.005526302643245763,False,12,,,,,3.005434456537094,,1895265009000.0002,1.8952650090000003,,,,,,,,,,,,,,,0.45204692893831233
opt_main_mincarb,main,9.9 % biomass,9.9,1.35,,min_co2,G4,electricity_trajectory_constraint,4,2050.0,0.0,0.0,0.0,True,0.0001,True,1.2050251652573463,10.0,-2.253277410308943,1.9081958235744878e-17,2.543519245898645e-16,0.07502187477650901,0.0,True,The KKT residual norm is smaller than the tolerance kkt_tol_abs or kkt_tol_rel. GEMSEO stopped the driver.,0.0,12,0.005526302643245763,False,12,,,,,3.7453181345368614,,2142397116000.0002,2.142397116,,,,,,,,,,,,,,,0.3001287688339313
opt_main_mincarb,main,9.9 % biomass,9.9,1.35,,min_co2,G5,biofuel_use_growth_constraint,0,2030.0,-1.9701470706907683e-16,0.0,1.9701470706907683e-16,True,0.0001,True,0.9011279247466129,10.0,-2.253277410308943,1.9081958235744878e-17,2.543519245898645e-16,0.07502187477650901,0.0,True,The KKT residual norm is smaller than the tolerance kkt_tol_abs or kkt_tol_rel. GEMSEO stopped the driver.,0.0,12,0.005526302643245763,False,12,,,,,1.552969421732896,,,,,,,,volume,89799803521.1634,154900000000.0,36088527006.640396,,,0.0,,,0.0,0.22443881041962965
opt_main_mincarb,main,9.9 % biomass,9.9,1.35,,min_co2,G5,biofuel_use_growth_constraint,1,2035.0,1.32999033524653e-09,0.0,1.32999033524653e-09,True,0.0001,True,0.2567952967886622,10.0,-2.253277410308943,1.9081958235744878e-17,2.543519245898645e-16,0.07502187477650901,0.0,True,The KKT residual norm is smaller than the tolerance kkt_tol_abs or kkt_tol_rel. GEMSEO stopped the driver.,0.0,12,0.005526302643245763,False,12,,,,,1.9352824430911528,,,,,,,,rate,385440767999.9998,154900000000.0,154899999999.99997,,0.0,,,0.0,,0.06395854500770172
opt_main_mincarb,main,9.9 % biomass,9.9,1.35,,min_co2,G5,biofuel_use_growth_constraint,2,2040.0,-1.5907066564931114,0.0,1.5907066564931114,False,0.0001,True,0.0,10.0,-2.253277410308943,1.9081958235744878e-17,2.543519245898645e-16,0.07502187477650901,0.0,True,The KKT residual norm is smaller than the tolerance kkt_tol_abs or kkt_tol_rel. GEMSEO stopped the driver.,0.0,12,0.005526302643245763,False,12,,,,,2.411714024837406,,,,,,,,rate,959099972342.3918,154900000000.0,385440768206.0153,,0.0,,,0.0,,0.0
opt_main_mincarb,main,9.9 % biomass,9.9,1.35,,min_co2,G5,biofuel_use_growth_constraint,3,2045.0,-6.753714037792724,0.0,6.753714037792724,False,0.0001,True,0.0,10.0,-2.253277410308943,1.9081958235744878e-17,2.543519245898645e-16,0.07502187477650901,0.0,True,The KKT residual norm is smaller than the tolerance kkt_tol_abs or kkt_tol_rel. GEMSEO stopped the driver.,0.0,12,0.005526302643245763,False,12,,,,,3.005434456537094,,,,,,,,rate,1773424447837.603,154900000000.0,712699511251.6089,,0.0,,,0.0,,0.0
opt_main_mincarb,main,9.9 % biomass,9.9,1.35,,min_co2,G5,biofuel_use_growth_constraint,4,2050.0,-6.893750942212162,0.0,6.893750942212162,False,0.0001,True,0.0,10.0,-2.253277410308943,1.9081958235744878e-17,2.543519245898645e-16,0.07502187477650901,0.0,True,The KKT residual norm is smaller than the tolerance kkt_tol_abs or kkt_tol_rel. GEMSEO stopped the driver.,0.0,12,0.005526302643245763,False,12,,,,,3.7453181345368614,,,,,,,,rate,1809690796464.0554,154900000000.0,727274143383.5101,,0.0,,,0.0,,0.0
opt_main_mincarb,main,9.9 % biomass,9.9,1.35,,min_co2,G6,electrofuel_use_growth_constraint,0,2030.0,9.850735353453842e-16,0.0,9.850735353453842e-16,True,0.0001,True,1.0074639695820415,10.0,-2.253277410308943,1.9081958235744878e-17,2.543519245898645e-16,0.07502187477650901,0.0,True,The KKT residual norm is smaller than the tolerance kkt_tol_abs or kkt_tol_rel. GEMSEO stopped the driver.,0.0,12,0.005526302643245763,False,12,,,,,1.552969421732896,,,,,,,,volume,0.0,154900000000.0,0.0,,,0.0,,,0.0,0.2509233247179773
opt_main_mincarb,main,9.9 % biomass,9.9,1.35,,min_co2,G6,electrofuel_use_growth_constraint,1,2035.0,-3.0038980935911276e-08,0.0,3.0038980935911276e-08,True,0.0001,True,0.3063980092702781,10.0,-2.253277410308943,1.9081958235744878e-17,2.543519245898645e-16,0.07502187477650901,0.0,True,The KKT residual norm is smaller than the tolerance kkt_tol_abs or kkt_tol_rel. GEMSEO stopped the driver.,0.0,12,0.005526302643245763,False,12,,,,,1.9352824430911528,,,,,,,,rate,385440768000.0003,154900000000.0,154900000000.00015,,0.0,,,0.0,,0.07631281067546604
opt_main_mincarb,main,9.9 % biomass,9.9,1.35,,min_co2,G6,electrofuel_use_growth_constraint,2,2040.0,-1.5463210406322903,0.0,1.5463210406322903,False,0.0001,True,0.0,10.0,-2.253277410308943,1.9081958235744878e-17,2.543519245898645e-16,0.07502187477650901,0.0,True,The KKT residual norm is smaller than the tolerance kkt_tol_abs or kkt_tol_rel. GEMSEO stopped the driver.,0.0,12,0.005526302643245763,False,12,,,,,2.411714024837406,,,,,,,,rate,959099960251.5127,154900000000.0,385440763346.96216,,0.0,,,0.0,,0.0
opt_main_mincarb,main,9.9 % biomass,9.9,1.35,,min_co2,G6,electrofuel_use_growth_constraint,3,2045.0,-6.2172997658948255,0.0,6.2172997658948255,False,0.0001,True,0.0,10.0,-2.253277410308943,1.9081958235744878e-17,2.543519245898645e-16,0.07502187477650901,0.0,True,The KKT residual norm is smaller than the tolerance kkt_tol_abs or kkt_tol_rel. GEMSEO stopped the driver.,0.0,12,0.005526302643245763,False,12,,,,,3.005434456537094,,,,,,,,rate,1790532443617.1746,154900000000.0,719574831057.5709,,0.0,,,0.0,,0.0
opt_main_mincarb,main,9.9 % biomass,9.9,1.35,,min_co2,G6,electrofuel_use_growth_constraint,4,2050.0,-7.25401100546312,0.0,7.25401100546312,False,0.0001,True,0.0,10.0,-2.253277410308943,1.9081958235744878e-17,2.543519245898645e-16,0.07502187477650901,0.0,True,The KKT residual norm is smaller than the tolerance kkt_tol_abs or kkt_tol_rel. GEMSEO stopped the driver.,0.0,12,0.005526302643245763,False,12,,,,,3.7453181345368614,,,,,,,,rate,2059016893448.7654,154900000000.0,827472709880.066,,0.0,,,0.0,,0.0
opt_pess_2_0,pess,Low efficiency,9.9,0.91,2.0,min_surplus_loss,G1,aviation_carbon_budget_constraint,0,,0.28302109778840806,0.0,0.28302109778840806,False,0.0001,True,71.32743923730958,1e-10,28.151688962273745,1.7081521787436452e-16,2.879694422550869e-16,0.5931713328216759,0.2829210977970063,False,Positive directional derivative for linesearch,0.0,4,0.1232385406070822,False,4,713274392373.0957,281516889622.7374,1.7360277520259635,410.8657776586213,,,,,,,,,,,,,,,,,,,
opt_pess_2_0,pess,Low efficiency,9.9,0.91,2.0,min_surplus_loss,G2,blend_completeness_constraint,0,2030.0,-0.8317422210249549,0.0,0.8317422210249549,False,0.0001,True,0.0,1e-10,28.151688962273745,1.7081521787436452e-16,2.879694422550869e-16,0.5931713328216759,0.2829210977970063,False,Positive directional derivative for linesearch,0.0,4,0.1232385406070822,False,4,0.0,281516889622.7374,,,1.552969421732896,,,,,,,,,,,,,,,,,,
opt_pess_2_0,pess,Low efficiency,9.9,0.91,2.0,min_surplus_loss,G2,blend_completeness_constraint,1,2035.0,-0.5678057024050507,0.0,0.5678057024050507,False,0.0001,True,0.0,1e-10,28.151688962273745,1.7081521787436452e-16,2.879694422550869e-16,0.5931713328216759,0.2829210977970063,False,Positive directional derivative for linesearch,0.0,4,0.1232385406070822,False,4,0.0,281516889622.7374,,,1.9352824430911528,,,,,,,,,,,,,,,,,,
opt_pess_2_0,pess,Low efficiency,9.9,0.91,2.0,min_surplus_loss,G2,blend_completeness_constraint,2,2040.0,-0.14652585484748953,0.0,0.14652585484748953,False,0.0001,True,0.0,1e-10,28.151688962273745,1.7081521787436452e-16,2.879694422550869e-16,0.5931713328216759,0.2829210977970063,False,Positive directional derivative for linesearch,0.0,4,0.1232385406070822,False,4,0.0,281516889622.7374,,,2.411714024837406,,,,,,,,,,,,,,,,,,
opt_pess_2_0,pess,Low efficiency,9.9,0.91,2.0,min_surplus_loss,G2,blend_completeness_constraint,3,2045.0,-0.12322854060708209,0.0,0.12322854060708209,False,0.0001,True,0.0,1e-10,28.151688962273745,1.7081521787436452e-16,2.879694422550869e-16,0.5931713328216759,0.2829210977970063,False,Positive directional derivative for linesearch,0.0,4,0.1232385406070822,False,4,0.0,281516889622.7374,,,3.005434456537094,,,,,,,,,,,,,,,,,,
opt_pess_2_0,pess,Low efficiency,9.9,0.91,2.0,min_surplus_loss,G2,blend_completeness_constraint,4,2050.0,-0.12561654725074858,0.0,0.12561654725074858,False,0.0001,True,0.0,1e-10,28.151688962273745,1.7081521787436452e-16,2.879694422550869e-16,0.5931713328216759,0.2829210977970063,False,Positive directional derivative for linesearch,0.0,4,0.1232385406070822,False,4,0.0,281516889622.7374,,,3.7453181345368614,,,,,,,,,,,,,,,,,,
opt_pess_2_0,pess,Low efficiency,9.9,0.91,2.0,min_surplus_loss,G3,biomass_trajectory_constraint,0,2030.0,-0.7051856708935748,0.0,0.7051856708935748,False,0.0001,True,0.0,1e-10,28.151688962273745,1.7081521787436452e-16,2.879694422550869e-16,0.5931713328216759,0.2829210977970063,False,Positive directional derivative for linesearch,0.0,4,0.1232385406070822,False,4,0.0,281516889622.7374,,,1.552969421732896,,1105660710000.0002,1.1056607100000002,0.0,0.0,0.0,0.0,,,,,,,,,,,
opt_pess_2_0,pess,Low efficiency,9.9,0.91,2.0,min_surplus_loss,G3,biomass_trajectory_constraint,1,2035.0,-0.3773745080289892,0.0,0.3773745080289892,False,0.0001,True,0.0,1e-10,28.151688962273745,1.7081521787436452e-16,2.879694422550869e-16,0.5931713328216759,0.2829210977970063,False,Positive directional derivative for linesearch,0.0,4,0.1232385406070822,False,4,0.0,281516889622.7374,,,1.9352824430911528,,1302716745000.0002,1.3027167450000003,0.0,0.0,0.0,0.0,,,,,,,,,,,
opt_pess_2_0,pess,Low efficiency,9.9,0.91,2.0,min_surplus_loss,G3,biomass_trajectory_constraint,2,2040.0,2.1206535905093917e-09,0.0,2.1206535905093917e-09,True,0.0001,True,8.46007026987305,1e-10,28.151688962273745,1.7081521787436452e-16,2.879694422550869e-16,0.5931713328216759,0.2829210977970063,False,Positive directional derivative for linesearch,0.0,4,0.1232385406070822,False,4,84600702698.7305,281516889622.7374,,,2.411714024837406,,1499772780000.0,1.49977278,56.4090133031555,56409013303.155495,136.04240851045992,136042408510.4599,,,,,,,,,,,
opt_pess_2_0,pess,Low efficiency,9.9,0.91,2.0,min_surplus_loss,G3,biomass_trajectory_constraint,3,2045.0,4.263256414560601e-15,0.0,4.263256414560601e-15,True,0.0001,True,9.090705435674794,1e-10,28.151688962273745,1.7081521787436452e-16,2.879694422550869e-16,0.5931713328216759,0.2829210977970063,False,Positive directional derivative for linesearch,0.0,4,0.1232385406070822,False,4,90907054356.74794,281516889622.7374,,,3.005434456537094,,1530442980000.0,1.53044298,59.39917758762103,59399177587.62103,178.52033501180216,178520335011.80215,,,,,,,,,,,
opt_pess_2_0,pess,Low efficiency,9.9,0.91,2.0,min_surplus_loss,G3,biomass_trajectory_constraint,4,2050.0,9.805489753489382e-15,0.0,9.805489753489382e-15,True,0.0001,True,5.679764254447752,1e-10,28.151688962273745,1.7081521787436452e-16,2.879694422550869e-16,0.5931713328216759,0.2829210977970063,False,Positive directional derivative for linesearch,0.0,4,0.1232385406070822,False,4,56797642544.47752,281516889622.7374,,,3.7453181345368614,,1561113180000.0,1.56111318,36.382783306254275,36382783306.25427,136.26509810183913,136265098101.83911,,,,,,,,,,,
opt_pess_2_0,pess,Low efficiency,9.9,0.91,2.0,min_surplus_loss,G4,electricity_trajectory_constraint,0,2030.0,-0.6669566077193961,0.0,0.6669566077193961,False,0.0001,True,0.0,1e-10,28.151688962273745,1.7081521787436452e-16,2.879694422550869e-16,0.5931713328216759,0.2829210977970063,False,Positive directional derivative for linesearch,0.0,4,0.1232385406070822,False,4,0.0,281516889622.7374,,,1.552969421732896,,1065287574000.0001,1.065287574,0.0,0.0,0.0,0.0,,,,,,,,,,,
opt_pess_2_0,pess,Low efficiency,9.9,0.91,2.0,min_surplus_loss,G4,electricity_trajectory_constraint,1,2035.0,-0.3492910042527363,0.0,0.3492910042527363,False,0.0001,True,0.0,1e-10,28.151688962273745,1.7081521787436452e-16,2.879694422550869e-16,0.5931713328216759,0.2829210977970063,False,Positive directional derivative for linesearch,0.0,4,0.1232385406070822,False,4,0.0,281516889622.7374,,,1.9352824430911528,,1356710238000.0002,1.3567102380000002,0.0,0.0,0.0,0.0,,,,,,,,,,,
opt_pess_2_0,pess,Low efficiency,9.9,0.91,2.0,min_surplus_loss,G4,electricity_trajectory_constraint,2,2040.0,-1.5646151041437406e-13,0.0,1.5646151041437406e-13,True,0.0001,True,5.771746730873934,1e-10,28.151688962273745,1.7081521787436452e-16,2.879694422550869e-16,0.5931713328216759,0.2829210977970063,False,Positive directional derivative for linesearch,0.0,4,0.1232385406070822,False,4,57717467308.73934,281516889622.7374,,,2.411714024837406,,1648132902000.0002,1.6481329020000002,35.01991085712779,35019910857.12779,84.45801016269083,84458010162.69084,,,,,,,,,,,
opt_pess_2_0,pess,Low efficiency,9.9,0.91,2.0,min_surplus_loss,G4,electricity_trajectory_constraint,3,2045.0,2.1600499167107046e-14,0.0,2.1600499167107046e-14,True,0.0001,True,9.782878683541833,1e-10,28.151688962273745,1.7081521787436452e-16,2.879694422550869e-16,0.5931713328216759,0.2829210977970063,False,Positive directional derivative for linesearch,0.0,4,0.1232385406070822,False,4,97828786835.41833,281516889622.7374,,,3.005434456537094,,1895265009000.0002,1.8952650090000003,51.61747110343993,51617471103.43993,155.13292621358616,155132926213.58615,,,,,,,,,,,
opt_pess_2_0,pess,Low efficiency,9.9,0.91,2.0,min_surplus_loss,G4,electricity_trajectory_constraint,4,2050.0,5.968558980384841e-15,0.0,5.968558980384841e-15,True,0.0001,True,7.739937734980004,1e-10,28.151688962273745,1.7081521787436452e-16,2.879694422550869e-16,0.5931713328216759,0.2829210977970063,False,Positive directional derivative for linesearch,0.0,4,0.1232385406070822,False,4,77399377349.80003,281516889622.7374,,,3.7453181345368614,,2142397116000.0002,2.142397116,36.12746524524355,36127465245.24355,135.30885073786087,135308850737.86087,,,,,,,,,,,
opt_pess_2_0,pess,Low efficiency,9.9,0.91,2.0,min_surplus_loss,G5,biofuel_use_growth_constraint,0,2030.0,9.491682472499899e-08,0.0,9.491682472499899e-08,True,0.0001,True,5.721793112145569,1e-10,28.151688962273745,1.7081521787436452e-16,2.879694422550869e-16,0.5931713328216759,0.2829210977970063,False,Positive directional derivative for linesearch,0.0,4,0.1232385406070822,False,4,57217931121.45569,281516889622.7374,,,1.552969421732896,,,,,,,,volume,91969067110.23645,154900000000.0,36960305390.88078,369.38625643289663,1846931282164.483,0.0,573.6455610486747,2868227805243.373,0.0,
opt_pess_2_0,pess,Low efficiency,9.9,0.91,2.0,min_surplus_loss,G5,biofuel_use_growth_constraint,1,2035.0,1.1348640870401519e-06,0.0,1.1348640870401519e-06,True,0.0001,True,1.6778038448269923,1e-10,28.151688962273745,1.7081521787436452e-16,2.879694422550869e-16,0.5931713328216759,0.2829210977970063,False,Positive directional derivative for linesearch,0.0,4,0.1232385406070822,False,4,16778038448.269922,281516889622.7374,,,1.9352824430911528,,,,,,,,rate,385440804584.8137,154900000000.0,154900014702.61615,108.31529017604856,0.0,173954719142.89056,209.6206793960304,0.0,336651513850.08856,
opt_pess_2_0,pess,Low efficiency,9.9,0.91,2.0,min_surplus_loss,G5,biofuel_use_growth_constraint,2,2040.0,-1.590710055024775,0.0,1.590710055024775,False,0.0001,True,0.0,1e-10,28.151688962273745,1.7081521787436452e-16,2.879694422550869e-16,0.5931713328216759,0.2829210977970063,False,Positive directional derivative for linesearch,0.0,4,0.1232385406070822,False,4,0.0,281516889622.7374,,,2.411714024837406,,,,,,,,rate,959100500287.3688,154900000000.0,385440980375.2608,0.0,0.0,0.0,0.0,0.0,0.0,
opt_pess_2_0,pess,Low efficiency,9.9,0.91,2.0,min_surplus_loss,G5,biofuel_use_growth_constraint,3,2045.0,-6.753714062079241,0.0,6.753714062079241,False,0.0001,True,0.0,1e-10,28.151688962273745,1.7081521787436452e-16,2.879694422550869e-16,0.5931713328216759,0.2829210977970063,False,Positive directional derivative for linesearch,0.0,4,0.1232385406070822,False,4,0.0,281516889622.7374,,,3.005434456537094,,,,,,,,rate,1773424451600.9934,154900000000.0,712699512764.0311,0.0,0.0,0.0,0.0,0.0,0.0,
opt_pess_2_0,pess,Low efficiency,9.9,0.91,2.0,min_surplus_loss,G5,biofuel_use_growth_constraint,4,2050.0,-6.893750942221185,0.0,6.893750942221185,False,0.0001,True,0.0,1e-10,28.151688962273745,1.7081521787436452e-16,2.879694422550869e-16,0.5931713328216759,0.2829210977970063,False,Positive directional derivative for linesearch,0.0,4,0.1232385406070822,False,4,0.0,281516889622.7374,,,3.7453181345368614,,,,,,,,rate,1809690796467.561,154900000000.0,727274143384.919,0.0,0.0,0.0,0.0,0.0,0.0,
opt_pess_2_0,pess,Low efficiency,9.9,0.91,2.0,min_surplus_loss,G6,electrofuel_use_growth_constraint,0,2030.0,2.849226693632989e-12,0.0,2.849226693632989e-12,True,0.0001,True,0.0,1e-10,28.151688962273745,1.7081521787436452e-16,2.879694422550869e-16,0.5931713328216759,0.2829210977970063,False,Positive directional derivative for linesearch,0.0,4,0.1232385406070822,False,4,0.0,281516889622.7374,,,1.552969421732896,,,,,,,,volume,0.0,154900000000.0,0.0,0.0,0.0,0.0,0.0,0.0,0.0,
opt_pess_2_0,pess,Low efficiency,9.9,0.91,2.0,min_surplus_loss,G6,electrofuel_use_growth_constraint,1,2035.0,7.563788633795998e-12,0.0,7.563788633795998e-12,True,0.0001,True,0.42489846641713047,1e-10,28.151688962273745,1.7081521787436452e-16,2.879694422550869e-16,0.5931713328216759,0.2829210977970063,False,Positive directional derivative for linesearch,0.0,4,0.1232385406070822,False,4,4248984664.1713047,281516889622.7374,,,1.9352824430911528,,,,,,,,rate,385440768001.09814,154900000000.0,154900000000.44135,27.43050138264238,0.0,44053472998.2536,53.08576773101539,0.0,85255912850.71036,
opt_pess_2_0,pess,Low efficiency,9.9,0.91,2.0,min_surplus_loss,G6,electrofuel_use_growth_constraint,2,2040.0,-1.546321115409335,0.0,1.546321115409335,False,0.0001,True,0.0,1e-10,28.151688962273745,1.7081521787436452e-16,2.879694422550869e-16,0.5931713328216759,0.2829210977970063,False,Positive directional derivative for linesearch,0.0,4,0.1232385406070822,False,4,0.0,281516889622.7374,,,2.411714024837406,,,,,,,,rate,959099971835.4077,154900000000.0,385440768002.2698,0.0,0.0,0.0,0.0,0.0,0.0,
opt_pess_2_0,pess,Low efficiency,9.9,0.91,2.0,min_surplus_loss,G6,electrofuel_use_growth_constraint,3,2045.0,-6.217299765899334,0.0,6.217299765899334,False,0.0001,True,0.0,1e-10,28.151688962273745,1.7081521787436452e-16,2.879694422550869e-16,0.5931713328216759,0.2829210977970063,False,Positive directional derivative for linesearch,0.0,4,0.1232385406070822,False,4,0.0,281516889622.7374,,,3.005434456537094,,,,,,,,rate,1790532443619.4905,154900000000.0,719574831058.5017,0.0,0.0,0.0,0.0,0.0,0.0,
opt_pess_2_0,pess,Low efficiency,9.9,0.91,2.0,min_surplus_loss,G6,electrofuel_use_growth_constraint,4,2050.0,-7.2540110054719715,0.0,7.2540110054719715,False,0.0001,True,0.0,1e-10,28.151688962273745,1.7081521787436452e-16,2.879694422550869e-16,0.5931713328216759,0.2829210977970063,False,Positive directional derivative for linesearch,0.0,4,0.1232385406070822,False,4,0.0,281516889622.7374,,,3.7453181345368614,,,,,,,,rate,2059016893452.7908,154900000000.0,827472709881.6837,0.0,0.0,0.0,0.0,0.0,0.0,
opt_pess_2_2,pess,Low efficiency,9.9,0.91,2.2,min_surplus_loss,G1,aviation_carbon_budget_constraint,0,,0.12287840574230555,0.0,0.12287840574230555,False,0.0001,True,81.50002312713535,1e-10,28.15168896211466,3.497780720931476e-16,5.896745568785309e-16,0.5931713824396863,0.12277840574924578,False,Positive directional derivative for linesearch,7.922551503725117e-13,121,0.12323854060709577,False,9,815000231271.3535,281516889621.1466,1.983616588238019,410.8658074871673,,,,,,,,,,,,,,,,,,,
opt_pess_2_2,pess,Low efficiency,9.9,0.91,2.2,min_surplus_loss,G2,blend_completeness_constraint,0,2030.0,-0.8317422210254081,0.0,0.8317422210254081,False,0.0001,True,0.0,1e-10,28.15168896211466,3.497780720931476e-16,5.896745568785309e-16,0.5931713824396863,0.12277840574924578,False,Positive directional derivative for linesearch,7.922551503725117e-13,121,0.12323854060709577,False,9,0.0,281516889621.1466,,,1.552969421732896,,,,,,,,,,,,,,,,,,
opt_pess_2_2,pess,Low efficiency,9.9,0.91,2.2,min_surplus_loss,G2,blend_completeness_constraint,1,2035.0,-0.5678057024108502,0.0,0.5678057024108502,False,0.0001,True,0.0,1e-10,28.15168896211466,3.497780720931476e-16,5.896745568785309e-16,0.5931713824396863,0.12277840574924578,False,Positive directional derivative for linesearch,7.922551503725117e-13,121,0.12323854060709577,False,9,0.0,281516889621.1466,,,1.9352824430911528,,,,,,,,,,,,,,,,,,
opt_pess_2_2,pess,Low efficiency,9.9,0.91,2.2,min_surplus_loss,G2,blend_completeness_constraint,2,2040.0,-0.1465258548552036,0.0,0.1465258548552036,False,0.0001,True,0.0,1e-10,28.15168896211466,3.497780720931476e-16,5.896745568785309e-16,0.5931713824396863,0.12277840574924578,False,Positive directional derivative for linesearch,7.922551503725117e-13,121,0.12323854060709577,False,9,0.0,281516889621.1466,,,2.411714024837406,,,,,,,,,,,,,,,,,,
opt_pess_2_2,pess,Low efficiency,9.9,0.91,2.2,min_surplus_loss,G2,blend_completeness_constraint,3,2045.0,-0.12322854060709573,0.0,0.12322854060709573,False,0.0001,True,0.0,1e-10,28.15168896211466,3.497780720931476e-16,5.896745568785309e-16,0.5931713824396863,0.12277840574924578,False,Positive directional derivative for linesearch,7.922551503725117e-13,121,0.12323854060709577,False,9,0.0,281516889621.1466,,,3.005434456537094,,,,,,,,,,,,,,,,,,
opt_pess_2_2,pess,Low efficiency,9.9,0.91,2.2,min_surplus_loss,G2,blend_completeness_constraint,4,2050.0,-0.12561654725075214,0.0,0.12561654725075214,False,0.0001,True,0.0,1e-10,28.15168896211466,3.497780720931476e-16,5.896745568785309e-16,0.5931713824396863,0.12277840574924578,False,Positive directional derivative for linesearch,7.922551503725117e-13,121,0.12323854060709577,False,9,0.0,281516889621.1466,,,3.7453181345368614,,,,,,,,,,,,,,,,,,
opt_pess_2_2,pess,Low efficiency,9.9,0.91,2.2,min_surplus_loss,G3,biomass_trajectory_constraint,0,2030.0,-0.7051856708942118,0.0,0.7051856708942118,False,0.0001,True,0.0,1e-10,28.15168896211466,3.497780720931476e-16,5.896745568785309e-16,0.5931713824396863,0.12277840574924578,False,Positive directional derivative for linesearch,7.922551503725117e-13,121,0.12323854060709577,False,9,0.0,281516889621.1466,,,1.552969421732896,,1105660710000.0002,1.1056607100000002,0.0,0.0,0.0,0.0,,,,,,,,,,,
opt_pess_2_2,pess,Low efficiency,9.9,0.91,2.2,min_surplus_loss,G3,biomass_trajectory_constraint,1,2035.0,-0.37737450804028766,0.0,0.37737450804028766,False,0.0001,True,0.0,1e-10,28.15168896211466,3.497780720931476e-16,5.896745568785309e-16,0.5931713824396863,0.12277840574924578,False,Positive directional derivative for linesearch,7.922551503725117e-13,121,0.12323854060709577,False,9,0.0,281516889621.1466,,,1.9352824430911528,,1302716745000.0002,1.3027167450000003,0.0,0.0,0.0,0.0,,,,,,,,,,,
opt_pess_2_2,pess,Low efficiency,9.9,0.91,2.2,min_surplus_loss,G3,biomass_trajectory_constraint,2,2040.0,2.104226837218448e-09,0.0,2.104226837218448e-09,True,0.0001,True,8.460068195124077,1e-10,28.15168896211466,3.497780720931476e-16,5.896745568785309e-16,0.5931713824396863,0.12277840574924578,False,Positive directional derivative for linesearch,7.922551503725117e-13,121,0.12323854060709577,False,9,84600681951.24077,281516889621.1466,,,2.411714024837406,,1499772780000.0,1.49977278,56.408999469400136,56408999469.40014,136.0423751473981,136042375147.3981,,,,,,,,,,,
opt_pess_2_2,pess,Low efficiency,9.9,0.91,2.2,min_surplus_loss,G3,biomass_trajectory_constraint,3,2045.0,8.384404281969182e-15,0.0,8.384404281969182e-15,True,0.0001,True,9.090705544324251,1e-10,28.15168896211466,3.497780720931476e-16,5.896745568785309e-16,0.5931713824396863,0.12277840574924578,False,Positive directional derivative for linesearch,7.922551503725117e-13,121,0.12323854060709577,False,9,90907055443.24251,281516889621.1466,,,3.005434456537094,,1530442980000.0,1.53044298,59.399178297542655,59399178297.542656,178.52033714542506,178520337145.42508,,,,,,,,,,,
opt_pess_2_2,pess,Low efficiency,9.9,0.91,2.2,min_surplus_loss,G3,biomass_trajectory_constraint,4,2050.0,-1.5631940186722204e-15,0.0,1.5631940186722204e-15,True,0.0001,True,5.67976415886891,1e-10,28.15168896211466,3.497780720931476e-16,5.896745568785309e-16,0.5931713824396863,0.12277840574924578,False,Positive directional derivative for linesearch,7.922551503725117e-13,121,0.12323854060709577,False,9,56797641588.689095,281516889621.1466,,,3.7453181345368614,,1561113180000.0,1.56111318,36.38278269400627,36382782694.00627,136.26509580877558,136265095808.77557,,,,,,,,,,,
opt_pess_2_2,pess,Low efficiency,9.9,0.91,2.2,min_surplus_loss,G4,electricity_trajectory_constraint,0,2030.0,-0.666956607720348,0.0,0.666956607720348,False,0.0001,True,0.0,1e-10,28.15168896211466,3.497780720931476e-16,5.896745568785309e-16,0.5931713824396863,0.12277840574924578,False,Positive directional derivative for linesearch,7.922551503725117e-13,121,0.12323854060709577,False,9,0.0,281516889621.1466,,,1.552969421732896,,1065287574000.0001,1.065287574,0.0,0.0,0.0,0.0,,,,,,,,,,,
opt_pess_2_2,pess,Low efficiency,9.9,0.91,2.2,min_surplus_loss,G4,electricity_trajectory_constraint,1,2035.0,-0.34929100425656984,0.0,0.34929100425656984,False,0.0001,True,0.0,1e-10,28.15168896211466,3.497780720931476e-16,5.896745568785309e-16,0.5931713824396863,0.12277840574924578,False,Positive directional derivative for linesearch,7.922551503725117e-13,121,0.12323854060709577,False,9,0.0,281516889621.1466,,,1.9352824430911528,,1356710238000.0002,1.3567102380000002,0.0,0.0,0.0,0.0,,,,,,,,,,,
opt_pess_2_2,pess,Low efficiency,9.9,0.91,2.2,min_surplus_loss,G4,electricity_trajectory_constraint,2,2040.0,2.529532139305957e-13,0.0,2.529532139305957e-13,True,0.0001,True,5.771746628495952,1e-10,28.15168896211466,3.497780720931476e-16,5.896745568785309e-16,0.5931713824396863,0.12277840574924578,False,Positive directional derivative for linesearch,7.922551503725117e-13,121,0.12323854060709577,False,9,57717466284.959526,281516889621.1466,,,2.411714024837406,,1648132902000.0002,1.6481329020000002,35.01991023595227,35019910235.95226,84.45800866459311,84458008664.5931,,,,,,,,,,,
opt_pess_2_2,pess,Low efficiency,9.9,0.91,2.2,min_surplus_loss,G4,electricity_trajectory_constraint,3,2045.0,-3.126388037344441e-15,0.0,3.126388037344441e-15,True,0.0001,True,9.782880202944522,1e-10,28.15168896211466,3.497780720931476e-16,5.896745568785309e-16,0.5931713824396863,0.12277840574924578,False,Positive directional derivative for linesearch,7.922551503725117e-13,121,0.12323854060709577,False,9,97828802029.44522,281516889621.1466,,,3.005434456537094,,1895265009000.0002,1.8952650090000003,51.61747912027494,51617479120.27494,155.13295030765832,155132950307.65833,,,,,,,,,,,
opt_pess_2_2,pess,Low efficiency,9.9,0.91,2.2,min_surplus_loss,G4,electricity_trajectory_constraint,4,2050.0,7.531752999057062e-15,0.0,7.531752999057062e-15,True,0.0001,True,7.739938042088941,1e-10,28.15168896211466,3.497780720931476e-16,5.896745568785309e-16,0.5931713824396863,0.12277840574924578,False,Positive directional derivative for linesearch,7.922551503725117e-13,121,0.12323854060709577,False,9,77399380420.8894,281516889621.1466,,,3.7453181345368614,,2142397116000.0002,2.142397116,36.127466678726336,36127466678.72633,135.30885610670992,135308856106.70993,,,,,,,,,,,
opt_pess_2_2,pess,Low efficiency,9.9,0.91,2.2,min_surplus_loss,G5,biofuel_use_growth_constraint,0,2030.0,9.491466445873598e-08,0.0,9.491466445873598e-08,True,0.0001,True,5.721794530815311,1e-10,28.15168896211466,3.497780720931476e-16,5.896745568785309e-16,0.5931713824396863,0.12277840574924578,False,Positive directional derivative for linesearch,7.922551503725117e-13,121,0.12323854060709577,False,9,57217945308.15311,281516889621.1466,,,1.552969421732896,,,,,,,,volume,91969067110.23645,154900000000.0,36960305390.88078,369.3863480190646,1846931740095.3228,0.0,573.6457032791931,2868228516395.965,0.0,
opt_pess_2_2,pess,Low efficiency,9.9,0.91,2.2,min_surplus_loss,G5,biofuel_use_growth_constraint,1,2035.0,1.1348243070125887e-06,0.0,1.1348243070125887e-06,True,0.0001,True,1.6778042169503908,1e-10,28.15168896211466,3.497780720931476e-16,5.896745568785309e-16,0.5931713824396863,0.12277840574924578,False,Positive directional derivative for linesearch,7.922551503725117e-13,121,0.12323854060709577,False,9,16778042169.503908,281516889621.1466,,,1.9352824430911528,,,,,,,,rate,385440804583.98114,154900000000.0,154900014702.28156,108.31531419950876,0.0,173954757724.27246,209.62072588821115,0.0,336651588515.9596,
opt_pess_2_2,pess,Low efficiency,9.9,0.91,2.2,min_surplus_loss,G5,biofuel_use_growth_constraint,2,2040.0,-1.5907100549879971,0.0,1.5907100549879971,False,0.0001,True,0.0,1e-10,28.15168896211466,3.497780720931476e-16,5.896745568785309e-16,0.5931713824396863,0.12277840574924578,False,Positive directional derivative for linesearch,7.922551503725117e-13,121,0.12323854060709577,False,9,0.0,281516889621.1466,,,2.411714024837406,,,,,,,,rate,959100500269.964,154900000000.0,385440980368.26624,0.0,0.0,0.0,0.0,0.0,0.0,
opt_pess_2_2,pess,Low efficiency,9.9,0.91,2.2,min_surplus_loss,G5,biofuel_use_growth_constraint,3,2045.0,-6.753714061891146,0.0,6.753714061891146,False,0.0001,True,0.0,1e-10,28.15168896211466,3.497780720931476e-16,5.896745568785309e-16,0.5931713824396863,0.12277840574924578,False,Positive directional derivative for linesearch,7.922551503725117e-13,121,0.12323854060709577,False,9,0.0,281516889621.1466,,,3.005434456537094,,,,,,,,rate,1773424451571.8606,154900000000.0,712699512752.3232,0.0,0.0,0.0,0.0,0.0,0.0,
opt_pess_2_2,pess,Low efficiency,9.9,0.91,2.2,min_surplus_loss,G5,biofuel_use_growth_constraint,4,2050.0,-6.89375094222129,0.0,6.89375094222129,False,0.0001,True,0.0,1e-10,28.15168896211466,3.497780720931476e-16,5.896745568785309e-16,0.5931713824396863,0.12277840574924578,False,Positive directional derivative for linesearch,7.922551503725117e-13,121,0.12323854060709577,False,9,0.0,281516889621.1466,,,3.7453181345368614,,,,,,,,rate,1809690796467.569,154900000000.0,727274143384.9221,0.0,0.0,0.0,0.0,0.0,0.0,
opt_pess_2_2,pess,Low efficiency,9.9,0.91,2.2,min_surplus_loss,G6,electrofuel_use_growth_constraint,0,2030.0,-8.07760298983215e-15,0.0,8.07760298983215e-15,True,0.0001,True,0.0,1e-10,28.15168896211466,3.497780720931476e-16,5.896745568785309e-16,0.5931713824396863,0.12277840574924578,False,Positive directional derivative for linesearch,7.922551503725117e-13,121,0.12323854060709577,False,9,0.0,281516889621.1466,,,1.552969421732896,,,,,,,,volume,0.0,154900000000.0,0.0,0.0,0.0,0.0,0.0,0.0,0.0,
opt_pess_2_2,pess,Low efficiency,9.9,0.91,2.2,min_surplus_loss,G6,electrofuel_use_growth_constraint,1,2035.0,1.3397000080697224e-14,0.0,1.3397000080697224e-14,True,0.0001,True,0.4248985704520828,1e-10,28.15168896211466,3.497780720931476e-16,5.896745568785309e-16,0.5931713824396863,0.12277840574924578,False,Positive directional derivative for linesearch,7.922551503725117e-13,121,0.12323854060709577,False,9,4248985704.520828,281516889621.1466,,,1.9352824430911528,,,,,,,,rate,385440767999.9964,154900000000.0,154899999999.9986,27.43050809890786,0.0,44053483784.47154,53.08578072888606,0.0,85255933725.08858,
opt_pess_2_2,pess,Low efficiency,9.9,0.91,2.2,min_surplus_loss,G6,electrofuel_use_growth_constraint,2,2040.0,-1.5463211153709575,0.0,1.5463211153709575,False,0.0001,True,0.0,1e-10,28.15168896211466,3.497780720931476e-16,5.896745568785309e-16,0.5931713824396863,0.12277840574924578,False,Positive directional derivative for linesearch,7.922551503725117e-13,121,0.12323854060709577,False,9,0.0,281516889621.1466,,,2.411714024837406,,,,,,,,rate,959099971829.7572,154900000000.0,385440767999.99896,0.0,0.0,0.0,0.0,0.0,0.0,
opt_pess_2_2,pess,Low efficiency,9.9,0.91,2.2,min_surplus_loss,G6,electrofuel_use_growth_constraint,3,2045.0,-6.217299765904189,0.0,6.217299765904189,False,0.0001,True,0.0,1e-10,28.15168896211466,3.497780720931476e-16,5.896745568785309e-16,0.5931713824396863,0.12277840574924578,False,Positive directional derivative for linesearch,7.922551503725117e-13,121,0.12323854060709577,False,9,0.0,281516889621.1466,,,3.005434456537094,,,,,,,,rate,1790532443620.2222,154900000000.0,719574831058.7958,0.0,0.0,0.0,0.0,0.0,0.0,
opt_pess_2_2,pess,Low efficiency,9.9,0.91,2.2,min_surplus_loss,G6,electrofuel_use_growth_constraint,4,2050.0,-7.254011005471631,0.0,7.254011005471631,False,0.0001,True,0.0,1e-10,28.15168896211466,3.497780720931476e-16,5.896745568785309e-16,0.5931713824396863,0.12277840574924578,False,Positive directional derivative for linesearch,7.922551503725117e-13,121,0.12323854060709577,False,9,0.0,281516889621.1466,,,3.7453181345368614,,,,,,,,rate,2059016893452.74,154900000000.0,827472709881.6633,0.0,0.0,0.0,0.0,0.0,0.0,
opt_pess_2_4,pess,Low efficiency,9.9,0.91,2.4,min_surplus_loss,G1,aviation_carbon_budget_constraint,0,,9.231740752580624e-09,0.0,9.231740752580624e-09,True,0.0001,True,91.5919694801809,1e-10,27.993774551949745,3.71668300048813e-16,6.259462467977908e-16,0.5937703148636001,0.0,True,The KKT residual norm is smaller than the tolerance kkt_tol_abs or kkt_tol_rel. GEMSEO stopped the driver.,0.0,6,0.12323854060908543,False,6,915919694801.8088,279937745519.49744,2.231205424449917,410.50442275059464,,,,,,,,,,,,,,,,,,,
opt_pess_2_4,pess,Low efficiency,9.9,0.91,2.4,min_surplus_loss,G2,blend_completeness_constraint,0,2030.0,-0.8331234613463147,0.0,0.8331234613463147,False,0.0001,True,0.0,1e-10,27.993774551949745,3.71668300048813e-16,6.259462467977908e-16,0.5937703148636001,0.0,True,The KKT residual norm is smaller than the tolerance kkt_tol_abs or kkt_tol_rel. GEMSEO stopped the driver.,0.0,6,0.12323854060908543,False,6,0.0,279937745519.49744,,,1.552969421732896,,,,,,,,,,,,,,,,,,
opt_pess_2_4,pess,Low efficiency,9.9,0.91,2.4,min_surplus_loss,G2,blend_completeness_constraint,1,2035.0,-0.5717510261923167,0.0,0.5717510261923167,False,0.0001,True,0.0,1e-10,27.993774551949745,3.71668300048813e-16,6.259462467977908e-16,0.5937703148636001,0.0,True,The KKT residual norm is smaller than the tolerance kkt_tol_abs or kkt_tol_rel. GEMSEO stopped the driver.,0.0,6,0.12323854060908543,False,6,0.0,279937745519.49744,,,1.9352824430911528,,,,,,,,,,,,,,,,,,
opt_pess_2_4,pess,Low efficiency,9.9,0.91,2.4,min_surplus_loss,G2,blend_completeness_constraint,2,2040.0,-0.1465258811213016,0.0,0.1465258811213016,False,0.0001,True,0.0,1e-10,27.993774551949745,3.71668300048813e-16,6.259462467977908e-16,0.5937703148636001,0.0,True,The KKT residual norm is smaller than the tolerance kkt_tol_abs or kkt_tol_rel. GEMSEO stopped the driver.,0.0,6,0.12323854060908543,False,6,0.0,279937745519.49744,,,2.411714024837406,,,,,,,,,,,,,,,,,,
opt_pess_2_4,pess,Low efficiency,9.9,0.91,2.4,min_surplus_loss,G2,blend_completeness_constraint,3,2045.0,-0.1232285406090854,0.0,0.1232285406090854,False,0.0001,True,0.0,1e-10,27.993774551949745,3.71668300048813e-16,6.259462467977908e-16,0.5937703148636001,0.0,True,The KKT residual norm is smaller than the tolerance kkt_tol_abs or kkt_tol_rel. GEMSEO stopped the driver.,0.0,6,0.12323854060908543,False,6,0.0,279937745519.49744,,,3.005434456537094,,,,,,,,,,,,,,,,,,
opt_pess_2_4,pess,Low efficiency,9.9,0.91,2.4,min_surplus_loss,G2,blend_completeness_constraint,4,2050.0,-0.12561654725360158,0.0,0.12561654725360158,False,0.0001,True,0.0,1e-10,27.993774551949745,3.71668300048813e-16,6.259462467977908e-16,0.5937703148636001,0.0,True,The KKT residual norm is smaller than the tolerance kkt_tol_abs or kkt_tol_rel. GEMSEO stopped the driver.,0.0,6,0.12323854060908543,False,6,0.0,279937745519.49744,,,3.7453181345368614,,,,,,,,,,,,,,,,,,
opt_pess_2_4,pess,Low efficiency,9.9,0.91,2.4,min_surplus_loss,G3,biomass_trajectory_constraint,0,2030.0,-0.7051856988040842,0.0,0.7051856988040842,False,0.0001,True,0.0,1e-10,27.993774551949745,3.71668300048813e-16,6.259462467977908e-16,0.5937703148636001,0.0,True,The KKT residual norm is smaller than the tolerance kkt_tol_abs or kkt_tol_rel. GEMSEO stopped the driver.,0.0,6,0.12323854060908543,False,6,0.0,279937745519.49744,,,1.552969421732896,,1105660710000.0002,1.1056607100000002,0.0,0.0,0.0,0.0,,,,,,,,,,,
opt_pess_2_4,pess,Low efficiency,9.9,0.91,2.4,min_surplus_loss,G3,biomass_trajectory_constraint,1,2035.0,-0.37737485022853823,0.0,0.37737485022853823,False,0.0001,True,0.0,1e-10,27.993774551949745,3.71668300048813e-16,6.259462467977908e-16,0.5937703148636001,0.0,True,The KKT residual norm is smaller than the tolerance kkt_tol_abs or kkt_tol_rel. GEMSEO stopped the driver.,0.0,6,0.12323854060908543,False,6,0.0,279937745519.49744,,,1.9352824430911528,,1302716745000.0002,1.3027167450000003,0.0,0.0,0.0,0.0,,,,,,,,,,,
opt_pess_2_4,pess,Low efficiency,9.9,0.91,2.4,min_surplus_loss,G3,biomass_trajectory_constraint,2,2040.0,2.1383034720656725e-09,0.0,2.1383034720656725e-09,True,0.0001,True,8.452352712269452,1e-10,27.993774551949745,3.71668300048813e-16,6.259462467977908e-16,0.5937703148636001,0.0,True,The KKT residual norm is smaller than the tolerance kkt_tol_abs or kkt_tol_rel. GEMSEO stopped the driver.,0.0,6,0.12323854060908543,False,6,84523527122.69452,279937745519.49744,,,2.411714024837406,,1499772780000.0,1.49977278,56.357555124246566,56357555124.24657,135.91830609869265,135918306098.69266,,,,,,,,,,,
opt_pess_2_4,pess,Low efficiency,9.9,0.91,2.4,min_surplus_loss,G3,biomass_trajectory_constraint,3,2045.0,-4.263256414560601e-16,0.0,4.263256414560601e-16,True,0.0001,True,9.079929914577352,1e-10,27.993774551949745,3.71668300048813e-16,6.259462467977908e-16,0.5937703148636001,0.0,True,The KKT residual norm is smaller than the tolerance kkt_tol_abs or kkt_tol_rel. GEMSEO stopped the driver.,0.0,6,0.12323854060908543,False,6,90799299145.77351,279937745519.49744,,,3.005434456537094,,1530442980000.0,1.53044298,59.3287697302996,59328769730.2996,178.30872881139737,178308728811.39737,,,,,,,,,,,
opt_pess_2_4,pess,Low efficiency,9.9,0.91,2.4,min_surplus_loss,G3,biomass_trajectory_constraint,4,2050.0,-1.4210854715202004e-16,0.0,1.4210854715202004e-16,True,0.0001,True,5.673364976079403,1e-10,27.993774551949745,3.71668300048813e-16,6.259462467977908e-16,0.5937703148636001,0.0,True,The KKT residual norm is smaller than the tolerance kkt_tol_abs or kkt_tol_rel. GEMSEO stopped the driver.,0.0,6,0.12323854060908543,False,6,56733649760.79403,279937745519.49744,,,3.7453181345368614,,1561113180000.0,1.56111318,36.34179154184966,36341791541.84966,136.11157090324784,136111570903.24786,,,,,,,,,,,
opt_pess_2_4,pess,Low efficiency,9.9,0.91,2.4,min_surplus_loss,G4,electricity_trajectory_constraint,0,2030.0,-0.6719156625707242,0.0,0.6719156625707242,False,0.0001,True,0.0,1e-10,27.993774551949745,3.71668300048813e-16,6.259462467977908e-16,0.5937703148636001,0.0,True,The KKT residual norm is smaller than the tolerance kkt_tol_abs or kkt_tol_rel. GEMSEO stopped the driver.,0.0,6,0.12323854060908543,False,6,0.0,279937745519.49744,,,1.552969421732896,,1065287574000.0001,1.065287574,0.0,0.0,0.0,0.0,,,,,,,,,,,
opt_pess_2_4,pess,Low efficiency,9.9,0.91,2.4,min_surplus_loss,G4,electricity_trajectory_constraint,1,2035.0,-0.35898015871809846,0.0,0.35898015871809846,False,0.0001,True,0.0,1e-10,27.993774551949745,3.71668300048813e-16,6.259462467977908e-16,0.5937703148636001,0.0,True,The KKT residual norm is smaller than the tolerance kkt_tol_abs or kkt_tol_rel. GEMSEO stopped the driver.,0.0,6,0.12323854060908543,False,6,0.0,279937745519.49744,,,1.9352824430911528,,1356710238000.0002,1.3567102380000002,0.0,0.0,0.0,0.0,,,,,,,,,,,
opt_pess_2_4,pess,Low efficiency,9.9,0.91,2.4,min_surplus_loss,G4,electricity_trajectory_constraint,2,2040.0,-4.4327998693916017e-08,0.0,4.4327998693916017e-08,True,0.0001,True,5.7615205612843425,1e-10,27.993774551949745,3.71668300048813e-16,6.259462467977908e-16,0.5937703148636001,0.0,True,The KKT residual norm is smaller than the tolerance kkt_tol_abs or kkt_tol_rel. GEMSEO stopped the driver.,0.0,6,0.12323854060908543,False,6,57615205612.84342,279937745519.49744,,,2.411714024837406,,1648132902000.0002,1.6481329020000002,34.95786386093481,34957863860.93481,84.30837055177318,84308370551.77318,,,,,,,,,,,
opt_pess_2_4,pess,Low efficiency,9.9,0.91,2.4,min_surplus_loss,G4,electricity_trajectory_constraint,3,2045.0,-2.842170943040401e-16,0.0,2.842170943040401e-16,True,0.0001,True,9.766006038823344,1e-10,27.993774551949745,3.71668300048813e-16,6.259462467977908e-16,0.5937703148636001,0.0,True,The KKT residual norm is smaller than the tolerance kkt_tol_abs or kkt_tol_rel. GEMSEO stopped the driver.,0.0,6,0.12323854060908543,False,6,97660060388.23343,279937745519.49744,,,3.005434456537094,,1895265009000.0002,1.8952650090000003,51.52844585030453,51528445850.30453,154.86536665031107,154865366650.31107,,,,,,,,,,,
opt_pess_2_4,pess,Low efficiency,9.9,0.91,2.4,min_surplus_loss,G4,electricity_trajectory_constraint,4,2050.0,-1.4210854715202004e-16,0.0,1.4210854715202004e-16,True,0.0001,True,7.728783788903713,1e-10,27.993774551949745,3.71668300048813e-16,6.259462467977908e-16,0.5937703148636001,0.0,True,The KKT residual norm is smaller than the tolerance kkt_tol_abs or kkt_tol_rel. GEMSEO stopped the driver.,0.0,6,0.12323854060908543,False,6,77287837889.03712,279937745519.49744,,,3.7453181345368614,,2142397116000.0002,2.142397116,36.0754023200604,36075402320.0604,135.11385852003536,135113858520.03539,,,,,,,,,,,
opt_pess_2_4,pess,Low efficiency,9.9,0.91,2.4,min_surplus_loss,G5,biofuel_use_growth_constraint,0,2030.0,2.461862287034982e-10,0.0,2.461862287034982e-10,True,0.0001,True,5.715253404985843,1e-10,27.993774551949745,3.71668300048813e-16,6.259462467977908e-16,0.5937703148636001,0.0,True,The KKT residual norm is smaller than the tolerance kkt_tol_abs or kkt_tol_rel. GEMSEO stopped the driver.,0.0,6,0.12323854060908543,False,6,57152534049.85843,279937745519.49744,,,1.552969421732896,,,,,,,,volume,91969067110.32613,154900000000.0,36960305390.916824,368.9640674619653,1844820337309.8264,0.0,572.9899144866255,2864949572433.1274,0.0,
opt_pess_2_4,pess,Low efficiency,9.9,0.91,2.4,min_surplus_loss,G5,biofuel_use_growth_constraint,1,2035.0,2.8324658644437946e-09,0.0,2.8324658644437946e-09,True,0.0001,True,1.6757422995580928,1e-10,27.993774551949745,3.71668300048813e-16,6.259462467977908e-16,0.5937703148636001,0.0,True,The KKT residual norm is smaller than the tolerance kkt_tol_abs or kkt_tol_rel. GEMSEO stopped the driver.,0.0,6,0.12323854060908543,False,6,16757422995.580927,279937745519.49744,,,1.9352824430911528,,,,,,,,rate,385440768094.89014,154900000000.0,154900000038.13425,108.1822013917426,0.0,173740961660.9557,209.36311500839074,0.0,336237832748.22064,
opt_pess_2_4,pess,Low efficiency,9.9,0.91,2.4,min_surplus_loss,G5,biofuel_use_growth_constraint,2,2040.0,-1.590706651915622,0.0,1.590706651915622,False,0.0001,True,0.0,1e-10,27.993774551949745,3.71668300048813e-16,6.259462467977908e-16,0.5937703148636001,0.0,True,The KKT residual norm is smaller than the tolerance kkt_tol_abs or kkt_tol_rel. GEMSEO stopped the driver.,0.0,6,0.12323854060908543,False,6,0.0,279937745519.49744,,,2.411714024837406,,,,,,,,rate,959099973157.6246,154900000000.0,385440768533.6391,0.0,0.0,0.0,0.0,0.0,0.0,
opt_pess_2_4,pess,Low efficiency,9.9,0.91,2.4,min_surplus_loss,G5,biofuel_use_growth_constraint,3,2045.0,-6.7537140622788305,0.0,6.7537140622788305,False,0.0001,True,0.0,1e-10,27.993774551949745,3.71668300048813e-16,6.259462467977908e-16,0.5937703148636001,0.0,True,The KKT residual norm is smaller than the tolerance kkt_tol_abs or kkt_tol_rel. GEMSEO stopped the driver.,0.0,6,0.12323854060908543,False,6,0.0,279937745519.49744,,,3.005434456537094,,,,,,,,rate,1773424451630.5142,154900000000.0,712699512775.8948,0.0,0.0,0.0,0.0,0.0,0.0,
opt_pess_2_4,pess,Low efficiency,9.9,0.91,2.4,min_surplus_loss,G5,biofuel_use_growth_constraint,4,2050.0,-6.89375094221223,0.0,6.89375094221223,False,0.0001,True,0.0,1e-10,27.993774551949745,3.71668300048813e-16,6.259462467977908e-16,0.5937703148636001,0.0,True,The KKT residual norm is smaller than the tolerance kkt_tol_abs or kkt_tol_rel. GEMSEO stopped the driver.,0.0,6,0.12323854060908543,False,6,0.0,279937745519.49744,,,3.7453181345368614,,,,,,,,rate,1809690796464.0884,154900000000.0,727274143383.5233,0.0,0.0,0.0,0.0,0.0,0.0,
opt_pess_2_4,pess,Low efficiency,9.9,0.91,2.4,min_surplus_loss,G6,electrofuel_use_growth_constraint,0,2030.0,-0.014890116318342235,0.0,0.014890116318342235,False,0.0001,True,0.0,1e-10,27.993774551949745,3.71668300048813e-16,6.259462467977908e-16,0.5937703148636001,0.0,True,The KKT residual norm is smaller than the tolerance kkt_tol_abs or kkt_tol_rel. GEMSEO stopped the driver.,0.0,6,0.12323854060908543,False,6,0.0,279937745519.49744,,,1.552969421732896,,,,,,,,volume,0.0,154900000000.0,0.0,0.0,0.0,0.0,0.0,0.0,0.0,
opt_pess_2_4,pess,Low efficiency,9.9,0.91,2.4,min_surplus_loss,G6,electrofuel_use_growth_constraint,1,2035.0,-8.346377821565828e-08,0.0,8.346377821565828e-08,True,0.0001,True,0.42470246044442617,1e-10,27.993774551949745,3.71668300048813e-16,6.259462467977908e-16,0.5937703148636001,0.0,True,The KKT residual norm is smaller than the tolerance kkt_tol_abs or kkt_tol_rel. GEMSEO stopped the driver.,0.0,6,0.12323854060908543,False,6,4247024604.4442616,279937745519.49744,,,1.9352824430911528,,,,,,,,rate,379701510130.64874,154900000000.0,152593520982.2888,27.417847672332222,0.0,43377492357.152664,53.06127922761218,0.0,83947699384.11823,
opt_pess_2_4,pess,Low efficiency,9.9,0.91,2.4,min_surplus_loss,G6,electrofuel_use_growth_constraint,2,2040.0,-1.4541254380721322,0.0,1.4541254380721322,False,0.0001,True,0.0,1e-10,27.993774551949745,3.71668300048813e-16,6.259462467977908e-16,0.5937703148636001,0.0,True,The KKT residual norm is smaller than the tolerance kkt_tol_abs or kkt_tol_rel. GEMSEO stopped the driver.,0.0,6,0.12323854060908543,False,6,0.0,279937745519.49744,,,2.411714024837406,,,,,,,,rate,944818829517.9529,154900000000.0,379701497202.1095,0.0,0.0,0.0,0.0,0.0,0.0,
opt_pess_2_4,pess,Low efficiency,9.9,0.91,2.4,min_surplus_loss,G6,electrofuel_use_growth_constraint,3,2045.0,-6.217299253500139,0.0,6.217299253500139,False,0.0001,True,0.0,1e-10,27.993774551949745,3.71668300048813e-16,6.259462467977908e-16,0.5937703148636001,0.0,True,The KKT residual norm is smaller than the tolerance kkt_tol_abs or kkt_tol_rel. GEMSEO stopped the driver.,0.0,6,0.12323854060908543,False,6,0.0,279937745519.49744,,,3.005434456537094,,,,,,,,rate,1790532364247.253,154900000000.0,719574799160.5796,0.0,0.0,0.0,0.0,0.0,0.0,
opt_pess_2_4,pess,Low efficiency,9.9,0.91,2.4,min_surplus_loss,G6,electrofuel_use_growth_constraint,4,2050.0,-7.254011005463183,0.0,7.254011005463183,False,0.0001,True,0.0,1e-10,27.993774551949745,3.71668300048813e-16,6.259462467977908e-16,0.5937703148636001,0.0,True,The KKT residual norm is smaller than the tolerance kkt_tol_abs or kkt_tol_rel. GEMSEO stopped the driver.,0.0,6,0.12323854060908543,False,6,0.0,279937745519.49744,,,3.7453181345368614,,,,,,,,rate,2059016893448.8037,154900000000.0,827472709880.0814,0.0,0.0,0.0,0.0,0.0,0.0,
opt_pess_2_6,pess,Low efficiency,9.9,0.91,2.6,min_surplus_loss,G1,aviation_carbon_budget_constraint,0,,8.657140570814842e-09,0.0,8.657140570814842e-09,True,0.0001,True,75.29945594355105,1e-10,19.769668014519283,1.340123006720315e-16,2.1621269533697838e-16,0.6198169837491114,0.0,True,The KKT residual norm is smaller than the tolerance kkt_tol_abs or kkt_tol_rel. GEMSEO stopped the driver.,0.0,15,0.12323854060881963,False,13,752994559435.5105,197696680145.1928,2.4787942606619717,303.7745291674269,,,,,,,,,,,,,,,,,,,
opt_pess_2_6,pess,Low efficiency,9.9,0.91,2.6,min_surplus_loss,G2,blend_completeness_constraint,0,2030.0,-0.8755910761415353,0.0,0.8755910761415353,False,0.0001,True,0.0,1e-10,19.769668014519283,1.340123006720315e-16,2.1621269533697838e-16,0.6198169837491114,0.0,True,The KKT residual norm is smaller than the tolerance kkt_tol_abs or kkt_tol_rel. GEMSEO stopped the driver.,0.0,15,0.12323854060881963,False,13,0.0,197696680145.1928,,,1.552969421732896,,,,,,,,,,,,,,,,,,
opt_pess_2_6,pess,Low efficiency,9.9,0.91,2.6,min_surplus_loss,G2,blend_completeness_constraint,1,2035.0,-0.6897285823297699,0.0,0.6897285823297699,False,0.0001,True,0.0,1e-10,19.769668014519283,1.340123006720315e-16,2.1621269533697838e-16,0.6198169837491114,0.0,True,The KKT residual norm is smaller than the tolerance kkt_tol_abs or kkt_tol_rel. GEMSEO stopped the driver.,0.0,15,0.12323854060881963,False,13,0.0,197696680145.1928,,,1.9352824430911528,,,,,,,,,,,,,,,,,,
opt_pess_2_6,pess,Low efficiency,9.9,0.91,2.6,min_surplus_loss,G2,blend_completeness_constraint,2,2040.0,-0.32183410297862464,0.0,0.32183410297862464,False,0.0001,True,0.0,1e-10,19.769668014519283,1.340123006720315e-16,2.1621269533697838e-16,0.6198169837491114,0.0,True,The KKT residual norm is smaller than the tolerance kkt_tol_abs or kkt_tol_rel. GEMSEO stopped the driver.,0.0,15,0.12323854060881963,False,13,0.0,197696680145.1928,,,2.411714024837406,,,,,,,,,,,,,,,,,,
opt_pess_2_6,pess,Low efficiency,9.9,0.91,2.6,min_surplus_loss,G2,blend_completeness_constraint,3,2045.0,-0.12322854060881952,0.0,0.12322854060881952,False,0.0001,True,0.0,1e-10,19.769668014519283,1.340123006720315e-16,2.1621269533697838e-16,0.6198169837491114,0.0,True,The KKT residual norm is smaller than the tolerance kkt_tol_abs or kkt_tol_rel. GEMSEO stopped the driver.,0.0,15,0.12323854060881963,False,13,0.0,197696680145.1928,,,3.005434456537094,,,,,,,,,,,,,,,,,,
opt_pess_2_6,pess,Low efficiency,9.9,0.91,2.6,min_surplus_loss,G2,blend_completeness_constraint,4,2050.0,-0.1256165472536014,0.0,0.1256165472536014,False,0.0001,True,0.0,1e-10,19.769668014519283,1.340123006720315e-16,2.1621269533697838e-16,0.6198169837491114,0.0,True,The KKT residual norm is smaller than the tolerance kkt_tol_abs or kkt_tol_rel. GEMSEO stopped the driver.,0.0,15,0.12323854060881963,False,13,0.0,197696680145.1928,,,3.7453181345368614,,,,,,,,,,,,,,,,,,
opt_pess_2_6,pess,Low efficiency,9.9,0.91,2.6,min_surplus_loss,G3,biomass_trajectory_constraint,0,2030.0,-0.7051856988598086,0.0,0.7051856988598086,False,0.0001,True,0.0,1e-10,19.769668014519283,1.340123006720315e-16,2.1621269533697838e-16,0.6198169837491114,0.0,True,The KKT residual norm is smaller than the tolerance kkt_tol_abs or kkt_tol_rel. GEMSEO stopped the driver.,0.0,15,0.12323854060881963,False,13,0.0,197696680145.1928,,,1.552969421732896,,1105660710000.0002,1.1056607100000002,0.0,0.0,0.0,0.0,,,,,,,,,,,
opt_pess_2_6,pess,Low efficiency,9.9,0.91,2.6,min_surplus_loss,G3,biomass_trajectory_constraint,1,2035.0,-0.37737484933146864,0.0,0.37737484933146864,False,0.0001,True,0.0,1e-10,19.769668014519283,1.340123006720315e-16,2.1621269533697838e-16,0.6198169837491114,0.0,True,The KKT residual norm is smaller than the tolerance kkt_tol_abs or kkt_tol_rel. GEMSEO stopped the driver.,0.0,15,0.12323854060881963,False,13,0.0,197696680145.1928,,,1.9352824430911528,,1302716745000.0002,1.3027167450000003,0.0,0.0,0.0,0.0,,,,,,,,,,,
opt_pess_2_6,pess,Low efficiency,9.9,0.91,2.6,min_surplus_loss,G3,biomass_trajectory_constraint,2,2040.0,2.9793237388275882e-09,0.0,2.9793237388275882e-09,True,0.0001,True,5.310288519944475,1e-10,19.769668014519283,1.340123006720315e-16,2.1621269533697838e-16,0.6198169837491114,0.0,True,The KKT residual norm is smaller than the tolerance kkt_tol_abs or kkt_tol_rel. GEMSEO stopped the driver.,0.0,15,0.12323854060881963,False,13,53102885199.44475,197696680145.1928,,,2.411714024837406,,1499772780000.0,1.49977278,35.40728696212552,35407286962.12552,85.39225054800073,85392250548.00073,,,,,,,,,,,
opt_pess_2_6,pess,Low efficiency,9.9,0.91,2.6,min_surplus_loss,G3,biomass_trajectory_constraint,3,2045.0,-1.4210854715202004e-16,0.0,1.4210854715202004e-16,True,0.0001,True,5.979149518810367,1e-10,19.769668014519283,1.340123006720315e-16,2.1621269533697838e-16,0.6198169837491114,0.0,True,The KKT residual norm is smaller than the tolerance kkt_tol_abs or kkt_tol_rel. GEMSEO stopped the driver.,0.0,15,0.12323854060881963,False,13,59791495188.10367,197696680145.1928,,,3.005434456537094,,1530442980000.0,1.53044298,39.068097256458174,39068097256.45817,117.41660564590171,117416605645.90169,,,,,,,,,,,
opt_pess_2_6,pess,Low efficiency,9.9,0.91,2.6,min_surplus_loss,G3,biomass_trajectory_constraint,4,2050.0,2.842170943040401e-16,0.0,2.842170943040401e-16,True,0.0001,True,3.783851021003721,1e-10,19.769668014519283,1.340123006720315e-16,2.1621269533697838e-16,0.6198169837491114,0.0,True,The KKT residual norm is smaller than the tolerance kkt_tol_abs or kkt_tol_rel. GEMSEO stopped the driver.,0.0,15,0.12323854060881963,False,13,37838510210.03721,197696680145.1928,,,3.7453181345368614,,1561113180000.0,1.56111318,24.23815947158758,24238159471.58758,90.77961821673335,90779618216.73335,,,,,,,,,,,
opt_pess_2_6,pess,Low efficiency,9.9,0.91,2.6,min_surplus_loss,G4,electricity_trajectory_constraint,0,2030.0,-0.8281631950961524,0.0,0.8281631950961524,False,0.0001,True,0.0,1e-10,19.769668014519283,1.340123006720315e-16,2.1621269533697838e-16,0.6198169837491114,0.0,True,The KKT residual norm is smaller than the tolerance kkt_tol_abs or kkt_tol_rel. GEMSEO stopped the driver.,0.0,15,0.12323854060881963,False,13,0.0,197696680145.1928,,,1.552969421732896,,1065287574000.0001,1.065287574,0.0,0.0,0.0,0.0,,,,,,,,,,,
opt_pess_2_6,pess,Low efficiency,9.9,0.91,2.6,min_surplus_loss,G4,electricity_trajectory_constraint,1,2035.0,-0.6642607423543242,0.0,0.6642607423543242,False,0.0001,True,0.0,1e-10,19.769668014519283,1.340123006720315e-16,2.1621269533697838e-16,0.6198169837491114,0.0,True,The KKT residual norm is smaller than the tolerance kkt_tol_abs or kkt_tol_rel. GEMSEO stopped the driver.,0.0,15,0.12323854060881963,False,13,0.0,197696680145.1928,,,1.9352824430911528,,1356710238000.0002,1.3567102380000002,0.0,0.0,0.0,0.0,,,,,,,,,,,
opt_pess_2_6,pess,Low efficiency,9.9,0.91,2.6,min_surplus_loss,G4,electricity_trajectory_constraint,2,2040.0,-0.31229328318409627,0.0,0.31229328318409627,False,0.0001,True,0.0,1e-10,19.769668014519283,1.340123006720315e-16,2.1621269533697838e-16,0.6198169837491114,0.0,True,The KKT residual norm is smaller than the tolerance kkt_tol_abs or kkt_tol_rel. GEMSEO stopped the driver.,0.0,15,0.12323854060881963,False,13,0.0,197696680145.1928,,,2.411714024837406,,1648132902000.0002,1.6481329020000002,0.0,0.0,0.0,0.0,,,,,,,,,,,
opt_pess_2_6,pess,Low efficiency,9.9,0.91,2.6,min_surplus_loss,G4,electricity_trajectory_constraint,3,2045.0,4.263256414560601e-16,0.0,4.263256414560601e-16,True,0.0001,True,4.910990483931115,1e-10,19.769668014519283,1.340123006720315e-16,2.1621269533697838e-16,0.6198169837491114,0.0,True,The KKT residual norm is smaller than the tolerance kkt_tol_abs or kkt_tol_rel. GEMSEO stopped the driver.,0.0,15,0.12323854060881963,False,13,49109904839.31114,197696680145.1928,,,3.005434456537094,,1895265009000.0002,1.8952650090000003,25.911893379608706,25911893379.608707,77.87649719719141,77876497197.19142,,,,,,,,,,,
opt_pess_2_6,pess,Low efficiency,9.9,0.91,2.6,min_surplus_loss,G4,electricity_trajectory_constraint,4,2050.0,-1.4210854715202004e-16,0.0,1.4210854715202004e-16,True,0.0001,True,4.435055814378565,1e-10,19.769668014519283,1.340123006720315e-16,2.1621269533697838e-16,0.6198169837491114,0.0,True,The KKT residual norm is smaller than the tolerance kkt_tol_abs or kkt_tol_rel. GEMSEO stopped the driver.,0.0,15,0.12323854060881963,False,13,44350558143.785645,197696680145.1928,,,3.7453181345368614,,2142397116000.0002,2.142397116,20.701371287593556,20701371287.593555,77.53322129320485,77533221293.20483,,,,,,,,,,,
opt_pess_2_6,pess,Low efficiency,9.9,0.91,2.6,min_surplus_loss,G5,biofuel_use_growth_constraint,0,2030.0,6.305830027689235e-11,0.0,6.305830027689235e-11,True,0.0001,True,3.4101601179250407,1e-10,19.769668014519283,1.340123006720315e-16,2.1621269533697838e-16,0.6198169837491114,0.0,True,The KKT residual norm is smaller than the tolerance kkt_tol_abs or kkt_tol_rel. GEMSEO stopped the driver.,0.0,15,0.12323854060881963,False,13,34101601179.250404,197696680145.1928,,,1.552969421732896,,,,,,,,volume,91969067110.32613,154900000000.0,36960305390.916824,220.15236397191998,1100761819859.5999,0.0,341.88988937060265,1709449446853.013,0.0,
opt_pess_2_6,pess,Low efficiency,9.9,0.91,2.6,min_surplus_loss,G5,biofuel_use_growth_constraint,1,2035.0,6.876440177508675e-09,0.0,6.876440177508675e-09,True,0.0001,True,1.0211911984329203,1e-10,19.769668014519283,1.340123006720315e-16,2.1621269533697838e-16,0.6198169837491114,0.0,True,The KKT residual norm is smaller than the tolerance kkt_tol_abs or kkt_tol_rel. GEMSEO stopped the driver.,0.0,15,0.12323854060881963,False,13,10211911984.329203,197696680145.1928,,,1.9352824430911528,,,,,,,,rate,385440768024.3052,154900000000.0,154900000009.76773,65.92583592207362,0.0,105877103460.2016,127.58511280609711,0.0,204902099451.8737,
opt_pess_2_6,pess,Low efficiency,9.9,0.91,2.6,min_surplus_loss,G5,biofuel_use_growth_constraint,2,2040.0,-1.5907066569703394,0.0,1.5907066569703394,False,0.0001,True,0.0,1e-10,19.769668014519283,1.340123006720315e-16,2.1621269533697838e-16,0.6198169837491114,0.0,True,The KKT residual norm is smaller than the tolerance kkt_tol_abs or kkt_tol_rel. GEMSEO stopped the driver.,0.0,15,0.12323854060881963,False,13,0.0,197696680145.1928,,,2.411714024837406,,,,,,,,rate,959099974540.6992,154900000000.0,385440769089.46576,0.0,0.0,0.0,0.0,0.0,0.0,
opt_pess_2_6,pess,Low efficiency,9.9,0.91,2.6,min_surplus_loss,G5,biofuel_use_growth_constraint,3,2045.0,-6.753714071917644,0.0,6.753714071917644,False,0.0001,True,0.0,1e-10,19.769668014519283,1.340123006720315e-16,2.1621269533697838e-16,0.6198169837491114,0.0,True,The KKT residual norm is smaller than the tolerance kkt_tol_abs or kkt_tol_rel. GEMSEO stopped the driver.,0.0,15,0.12323854060881963,False,13,0.0,197696680145.1928,,,3.005434456537094,,,,,,,,rate,1773424453123.7522,154900000000.0,712699513375.9937,0.0,0.0,0.0,0.0,0.0,0.0,
opt_pess_2_6,pess,Low efficiency,9.9,0.91,2.6,min_surplus_loss,G5,biofuel_use_growth_constraint,4,2050.0,-6.893750942215216,0.0,6.893750942215216,False,0.0001,True,0.0,1e-10,19.769668014519283,1.340123006720315e-16,2.1621269533697838e-16,0.6198169837491114,0.0,True,The KKT residual norm is smaller than the tolerance kkt_tol_abs or kkt_tol_rel. GEMSEO stopped the driver.,0.0,15,0.12323854060881963,False,13,0.0,197696680145.1928,,,3.7453181345368614,,,,,,,,rate,1809690796464.551,154900000000.0,727274143383.7092,0.0,0.0,0.0,0.0,0.0,0.0,
opt_pess_2_6,pess,Low efficiency,9.9,0.91,2.6,min_surplus_loss,G6,electrofuel_use_growth_constraint,0,2030.0,-0.4840407920157287,0.0,0.4840407920157287,False,0.0001,True,0.0,1e-10,19.769668014519283,1.340123006720315e-16,2.1621269533697838e-16,0.6198169837491114,0.0,True,The KKT residual norm is smaller than the tolerance kkt_tol_abs or kkt_tol_rel. GEMSEO stopped the driver.,0.0,15,0.12323854060881963,False,13,0.0,197696680145.1928,,,1.552969421732896,,,,,,,,volume,0.0,154900000000.0,0.0,0.0,0.0,0.0,0.0,0.0,0.0,
opt_pess_2_6,pess,Low efficiency,9.9,0.91,2.6,min_surplus_loss,G6,electrofuel_use_growth_constraint,1,2035.0,-1.5459067810728443e-07,0.0,1.5459067810728443e-07,True,0.0001,True,0.6632853900713218,1e-10,19.769668014519283,1.340123006720315e-16,2.1621269533697838e-16,0.6198169837491114,0.0,True,The KKT residual norm is smaller than the tolerance kkt_tol_abs or kkt_tol_rel. GEMSEO stopped the driver.,0.0,15,0.12323854060881963,False,13,6632853900.713218,197696680145.1928,,,1.9352824430911528,,,,,,,,rate,198871713382.1292,154900000000.0,79922081316.76363,42.82023176703175,0.0,35482220245.53952,82.8692427478306,0.0,68668117883.08609,
opt_pess_2_6,pess,Low efficiency,9.9,0.91,2.6,min_surplus_loss,G6,electrofuel_use_growth_constraint,2,2040.0,2.7316462556803283e-07,0.0,2.7316462556803283e-07,True,0.0001,True,0.3870253141506964,1e-10,19.769668014519283,1.340123006720315e-16,2.1621269533697838e-16,0.6198169837491114,0.0,True,The KKT residual norm is smaller than the tolerance kkt_tol_abs or kkt_tol_rel. GEMSEO stopped the driver.,0.0,15,0.12323854060881963,False,13,3870253141.5069637,197696680145.1928,,,2.411714024837406,,,,,,,,rate,494856402257.47,154900000000.0,198871689436.03317,24.985494780548507,0.0,51517633565.520966,60.25786817975064,0.0,124245799396.4012,
opt_pess_2_6,pess,Low efficiency,9.9,0.91,2.6,min_surplus_loss,G6,electrofuel_use_growth_constraint,3,2045.0,-2.6074143206830045,0.0,2.6074143206830045,False,0.0001,True,0.0,1e-10,19.769668014519283,1.340123006720315e-16,2.1621269533697838e-16,0.6198169837491114,0.0,True,The KKT residual norm is smaller than the tolerance kkt_tol_abs or kkt_tol_rel. GEMSEO stopped the driver.,0.0,15,0.12323854060881963,False,13,0.0,197696680145.1928,,,3.005434456537094,,,,,,,,rate,1231361188154.0906,154900000000.0,494856444570.6705,0.0,0.0,0.0,0.0,0.0,0.0,
opt_pess_2_6,pess,Low efficiency,9.9,0.91,2.6,min_surplus_loss,G6,electrofuel_use_growth_constraint,4,2050.0,-7.254011005466586,0.0,7.254011005466586,False,0.0001,True,0.0,1e-10,19.769668014519283,1.340123006720315e-16,2.1621269533697838e-16,0.6198169837491114,0.0,True,The KKT residual norm is smaller than the tolerance kkt_tol_abs or kkt_tol_rel. GEMSEO stopped the driver.,0.0,15,0.12323854060881963,False,13,0.0,197696680145.1928,,,3.7453181345368614,,,,,,,,rate,2059016893449.3308,154900000000.0,827472709880.2932,0.0,0.0,0.0,0.0,0.0,0.0,
opt_pess_2_8,pess,Low efficiency,9.9,0.91,2.8,min_surplus_loss,G1,aviation_carbon_budget_constraint,0,,3.0429355927290974e-09,0.0,3.0429355927290974e-09,True,0.0001,True,60.93451098062034,1e-10,12.455680043138031,1.1295700899707568e-16,1.759926722032133e-16,0.6418279101225743,0.0,True,The KKT residual norm is smaller than the tolerance kkt_tol_abs or kkt_tol_rel. GEMSEO stopped the driver.,0.0,13,0.1256265372535993,False,13,609345109806.2034,124556800431.38031,2.7263830968740272,223.49944529250365,,,,,,,,,,,,,,,,,,,
opt_pess_2_8,pess,Low efficiency,9.9,0.91,2.8,min_surplus_loss,G2,blend_completeness_constraint,0,2030.0,-0.9200383343219402,0.0,0.9200383343219402,False,0.0001,True,0.0,1e-10,12.455680043138031,1.1295700899707568e-16,1.759926722032133e-16,0.6418279101225743,0.0,True,The KKT residual norm is smaller than the tolerance kkt_tol_abs or kkt_tol_rel. GEMSEO stopped the driver.,0.0,13,0.1256265372535993,False,13,0.0,124556800431.38031,,,1.552969421732896,,,,,,,,,,,,,,,,,,
opt_pess_2_8,pess,Low efficiency,9.9,0.91,2.8,min_surplus_loss,G2,blend_completeness_constraint,1,2035.0,-0.7393807646954693,0.0,0.7393807646954693,False,0.0001,True,0.0,1e-10,12.455680043138031,1.1295700899707568e-16,1.759926722032133e-16,0.6418279101225743,0.0,True,The KKT residual norm is smaller than the tolerance kkt_tol_abs or kkt_tol_rel. GEMSEO stopped the driver.,0.0,13,0.1256265372535993,False,13,0.0,124556800431.38031,,,1.9352824430911528,,,,,,,,,,,,,,,,,,
opt_pess_2_8,pess,Low efficiency,9.9,0.91,2.8,min_surplus_loss,G2,blend_completeness_constraint,2,2040.0,-0.4650502774362011,0.0,0.4650502774362011,False,0.0001,True,0.0,1e-10,12.455680043138031,1.1295700899707568e-16,1.759926722032133e-16,0.6418279101225743,0.0,True,The KKT residual norm is smaller than the tolerance kkt_tol_abs or kkt_tol_rel. GEMSEO stopped the driver.,0.0,13,0.1256265372535993,False,13,0.0,124556800431.38031,,,2.411714024837406,,,,,,,,,,,,,,,,,,
opt_pess_2_8,pess,Low efficiency,9.9,0.91,2.8,min_surplus_loss,G2,blend_completeness_constraint,3,2045.0,-0.20074659721576538,0.0,0.20074659721576538,False,0.0001,True,0.0,1e-10,12.455680043138031,1.1295700899707568e-16,1.759926722032133e-16,0.6418279101225743,0.0,True,The KKT residual norm is smaller than the tolerance kkt_tol_abs or kkt_tol_rel. GEMSEO stopped the driver.,0.0,13,0.1256265372535993,False,13,0.0,124556800431.38031,,,3.005434456537094,,,,,,,,,,,,,,,,,,
opt_pess_2_8,pess,Low efficiency,9.9,0.91,2.8,min_surplus_loss,G2,blend_completeness_constraint,4,2050.0,-0.12561654725359916,0.0,0.12561654725359916,False,0.0001,True,0.0,1e-10,12.455680043138031,1.1295700899707568e-16,1.759926722032133e-16,0.6418279101225743,0.0,True,The KKT residual norm is smaller than the tolerance kkt_tol_abs or kkt_tol_rel. GEMSEO stopped the driver.,0.0,13,0.1256265372535993,False,13,0.0,124556800431.38031,,,3.7453181345368614,,,,,,,,,,,,,,,,,,
opt_pess_2_8,pess,Low efficiency,9.9,0.91,2.8,min_surplus_loss,G3,biomass_trajectory_constraint,0,2030.0,-0.7051856988754449,0.0,0.7051856988754449,False,0.0001,True,0.0,1e-10,12.455680043138031,1.1295700899707568e-16,1.759926722032133e-16,0.6418279101225743,0.0,True,The KKT residual norm is smaller than the tolerance kkt_tol_abs or kkt_tol_rel. GEMSEO stopped the driver.,0.0,13,0.1256265372535993,False,13,0.0,124556800431.38031,,,1.552969421732896,,1105660710000.0002,1.1056607100000002,0.0,0.0,0.0,0.0,,,,,,,,,,,
opt_pess_2_8,pess,Low efficiency,9.9,0.91,2.8,min_surplus_loss,G3,biomass_trajectory_constraint,1,2035.0,-0.3773748510824012,0.0,0.3773748510824012,False,0.0001,True,0.0,1e-10,12.455680043138031,1.1295700899707568e-16,1.759926722032133e-16,0.6418279101225743,0.0,True,The KKT residual norm is smaller than the tolerance kkt_tol_abs or kkt_tol_rel. GEMSEO stopped the driver.,0.0,13,0.1256265372535993,False,13,0.0,124556800431.38031,,,1.9352824430911528,,1302716745000.0002,1.3027167450000003,0.0,0.0,0.0,0.0,,,,,,,,,,,
opt_pess_2_8,pess,Low efficiency,9.9,0.91,2.8,min_surplus_loss,G3,biomass_trajectory_constraint,2,2040.0,7.958666969898331e-10,0.0,7.958666969898331e-10,True,0.0001,True,3.007886982687634,1e-10,12.455680043138031,1.1295700899707568e-16,1.759926722032133e-16,0.6418279101225743,0.0,True,The KKT residual norm is smaller than the tolerance kkt_tol_abs or kkt_tol_rel. GEMSEO stopped the driver.,0.0,13,0.1256265372535993,False,13,30078869826.87634,124556800431.38031,,,2.411714024837406,,1499772780000.0,1.49977278,20.05561790958517,20055617909.58517,48.36841498932681,48368414989.32681,,,,,,,,,,,
opt_pess_2_8,pess,Low efficiency,9.9,0.91,2.8,min_surplus_loss,G3,biomass_trajectory_constraint,3,2045.0,1.299291767509203e-09,0.0,1.299291767509203e-09,True,0.0001,True,3.607915935515868,1e-10,12.455680043138031,1.1295700899707568e-16,1.759926722032133e-16,0.6418279101225743,0.0,True,The KKT residual norm is smaller than the tolerance kkt_tol_abs or kkt_tol_rel. GEMSEO stopped the driver.,0.0,13,0.1256265372535993,False,13,36079159355.158676,124556800431.38031,,,3.005434456537094,,1530442980000.0,1.53044298,23.574324445043146,23574324445.043144,70.85108697671738,70851086976.71738,,,,,,,,,,,
opt_pess_2_8,pess,Low efficiency,9.9,0.91,2.8,min_surplus_loss,G3,biomass_trajectory_constraint,4,2050.0,2.842170943040401e-16,0.0,2.842170943040401e-16,True,0.0001,True,2.3863360659949673,1e-10,12.455680043138031,1.1295700899707568e-16,1.759926722032133e-16,0.6418279101225743,0.0,True,The KKT residual norm is smaller than the tolerance kkt_tol_abs or kkt_tol_rel. GEMSEO stopped the driver.,0.0,13,0.1256265372535993,False,13,23863360659.949673,124556800431.38031,,,3.7453181345368614,,1561113180000.0,1.56111318,15.286118242848781,15286118242.84878,57.25137586161628,57251375861.61628,,,,,,,,,,,
opt_pess_2_8,pess,Low efficiency,9.9,0.91,2.8,min_surplus_loss,G4,electricity_trajectory_constraint,0,2030.0,-0.9999999583443184,0.0,0.9999999583443184,False,0.0001,True,0.0,1e-10,12.455680043138031,1.1295700899707568e-16,1.759926722032133e-16,0.6418279101225743,0.0,True,The KKT residual norm is smaller than the tolerance kkt_tol_abs or kkt_tol_rel. GEMSEO stopped the driver.,0.0,13,0.1256265372535993,False,13,0.0,124556800431.38031,,,1.552969421732896,,1065287574000.0001,1.065287574,0.0,0.0,0.0,0.0,,,,,,,,,,,
opt_pess_2_8,pess,Low efficiency,9.9,0.91,2.8,min_surplus_loss,G4,electricity_trajectory_constraint,1,2035.0,-0.8025934692442717,0.0,0.8025934692442717,False,0.0001,True,0.0,1e-10,12.455680043138031,1.1295700899707568e-16,1.759926722032133e-16,0.6418279101225743,0.0,True,The KKT residual norm is smaller than the tolerance kkt_tol_abs or kkt_tol_rel. GEMSEO stopped the driver.,0.0,13,0.1256265372535993,False,13,0.0,124556800431.38031,,,1.9352824430911528,,1356710238000.0002,1.3567102380000002,0.0,0.0,0.0,0.0,,,,,,,,,,,
opt_pess_2_8,pess,Low efficiency,9.9,0.91,2.8,min_surplus_loss,G4,electricity_trajectory_constraint,2,2040.0,-0.5956451943850128,0.0,0.5956451943850128,False,0.0001,True,0.0,1e-10,12.455680043138031,1.1295700899707568e-16,1.759926722032133e-16,0.6418279101225743,0.0,True,The KKT residual norm is smaller than the tolerance kkt_tol_abs or kkt_tol_rel. GEMSEO stopped the driver.,0.0,13,0.1256265372535993,False,13,0.0,124556800431.38031,,,2.411714024837406,,1648132902000.0002,1.6481329020000002,0.0,0.0,0.0,0.0,,,,,,,,,,,
opt_pess_2_8,pess,Low efficiency,9.9,0.91,2.8,min_surplus_loss,G4,electricity_trajectory_constraint,3,2045.0,-0.125034097111087,0.0,0.125034097111087,False,0.0001,True,0.0,1e-10,12.455680043138031,1.1295700899707568e-16,1.759926722032133e-16,0.6418279101225743,0.0,True,The KKT residual norm is smaller than the tolerance kkt_tol_abs or kkt_tol_rel. GEMSEO stopped the driver.,0.0,13,0.1256265372535993,False,13,0.0,124556800431.38031,,,3.005434456537094,,1895265009000.0002,1.8952650090000003,0.0,0.0,0.0,0.0,,,,,,,,,,,
opt_pess_2_8,pess,Low efficiency,9.9,0.91,2.8,min_surplus_loss,G4,electricity_trajectory_constraint,4,2050.0,0.0,0.0,0.0,True,0.0001,True,1.9991268058719793,1e-10,12.455680043138031,1.1295700899707568e-16,1.759926722032133e-16,0.6418279101225743,0.0,True,The KKT residual norm is smaller than the tolerance kkt_tol_abs or kkt_tol_rel. GEMSEO stopped the driver.,0.0,13,0.1256265372535993,False,13,19991268058.71979,124556800431.38031,,,3.7453181345368614,,2142397116000.0002,2.142397116,9.331261655189694,9331261655.189695,34.94854349529041,34948543495.29041,,,,,,,,,,,
opt_pess_2_8,pess,Low efficiency,9.9,0.91,2.8,min_surplus_loss,G5,biofuel_use_growth_constraint,0,2030.0,-3.9402941413815366e-16,0.0,3.9402941413815366e-16,True,0.0001,True,1.6633067162958273,1e-10,12.455680043138031,1.1295700899707568e-16,1.759926722032133e-16,0.6418279101225743,0.0,True,The KKT residual norm is smaller than the tolerance kkt_tol_abs or kkt_tol_rel. GEMSEO stopped the driver.,0.0,13,0.1256265372535993,False,13,16633067162.958273,124556800431.38031,,,1.552969421732896,,,,,,,,volume,91969067110.32613,154900000000.0,36960305390.916824,107.3793877531199,536896938765.5994,0.0,166.75690570499503,833784528524.975,0.0,
opt_pess_2_8,pess,Low efficiency,9.9,0.91,2.8,min_surplus_loss,G5,biofuel_use_growth_constraint,1,2035.0,3.541930403687863e-11,0.0,3.541930403687863e-11,True,0.0001,True,0.5240097400904111,1e-10,12.455680043138031,1.1295700899707568e-16,1.759926722032133e-16,0.6418279101225743,0.0,True,The KKT residual norm is smaller than the tolerance kkt_tol_abs or kkt_tol_rel. GEMSEO stopped the driver.,0.0,13,0.1256265372535993,False,13,5240097400.904111,124556800431.38031,,,1.9352824430911528,,,,,,,,rate,385440767999.99976,154900000000.0,154899999999.99994,33.82890510590129,0.0,54329329852.57379,65.46848612044742,0.0,105142598208.59412,
opt_pess_2_8,pess,Low efficiency,9.9,0.91,2.8,min_surplus_loss,G5,biofuel_use_growth_constraint,2,2040.0,-1.590706649598533,0.0,1.590706649598533,False,0.0001,True,0.0,1e-10,12.455680043138031,1.1295700899707568e-16,1.759926722032133e-16,0.6418279101225743,0.0,True,The KKT residual norm is smaller than the tolerance kkt_tol_abs or kkt_tol_rel. GEMSEO stopped the driver.,0.0,13,0.1256265372535993,False,13,0.0,124556800431.38031,,,2.411714024837406,,,,,,,,rate,959099971843.4113,154900000000.0,385440768005.4862,0.0,0.0,0.0,0.0,0.0,0.0,
opt_pess_2_8,pess,Low efficiency,9.9,0.91,2.8,min_surplus_loss,G5,biofuel_use_growth_constraint,3,2045.0,-6.753714040827109,0.0,6.753714040827109,False,0.0001,True,0.0,1e-10,12.455680043138031,1.1295700899707568e-16,1.759926722032133e-16,0.6418279101225743,0.0,True,The KKT residual norm is smaller than the tolerance kkt_tol_abs or kkt_tol_rel. GEMSEO stopped the driver.,0.0,13,0.1256265372535993,False,13,0.0,124556800431.38031,,,3.005434456537094,,,,,,,,rate,1773424449253.4312,154900000000.0,712699511820.5985,0.0,0.0,0.0,0.0,0.0,0.0,
opt_pess_2_8,pess,Low efficiency,9.9,0.91,2.8,min_surplus_loss,G5,biofuel_use_growth_constraint,4,2050.0,-6.893750957405405,0.0,6.893750957405405,False,0.0001,True,0.0,1e-10,12.455680043138031,1.1295700899707568e-16,1.759926722032133e-16,0.6418279101225743,0.0,True,The KKT residual norm is smaller than the tolerance kkt_tol_abs or kkt_tol_rel. GEMSEO stopped the driver.,0.0,13,0.1256265372535993,False,13,0.0,124556800431.38031,,,3.7453181345368614,,,,,,,,rate,1809690798817.513,154900000000.0,727274144329.3119,0.0,0.0,0.0,0.0,0.0,0.0,
opt_pess_2_8,pess,Low efficiency,9.9,0.91,2.8,min_surplus_loss,G6,electrofuel_use_growth_constraint,0,2030.0,-0.9999998749241615,0.0,0.9999998749241615,False,0.0001,True,0.0,1e-10,12.455680043138031,1.1295700899707568e-16,1.759926722032133e-16,0.6418279101225743,0.0,True,The KKT residual norm is smaller than the tolerance kkt_tol_abs or kkt_tol_rel. GEMSEO stopped the driver.,0.0,13,0.1256265372535993,False,13,0.0,124556800431.38031,,,1.552969421732896,,,,,,,,volume,0.0,154900000000.0,0.0,0.0,0.0,0.0,0.0,0.0,0.0,
opt_pess_2_8,pess,Low efficiency,9.9,0.91,2.8,min_surplus_loss,G6,electrofuel_use_growth_constraint,1,2035.0,-0.24511475663725082,0.0,0.24511475663725082,False,0.0001,True,0.0,1e-10,12.455680043138031,1.1295700899707568e-16,1.759926722032133e-16,0.6418279101225743,0.0,True,The KKT residual norm is smaller than the tolerance kkt_tol_abs or kkt_tol_rel. GEMSEO stopped the driver.,0.0,13,0.1256265372535993,False,13,0.0,124556800431.38031,,,1.9352824430911528,,,,,,,,volume,48209.32719619773,154900000000.0,19374.247362155085,0.0,0.0,0.0,0.0,0.0,0.0,
opt_pess_2_8,pess,Low efficiency,9.9,0.91,2.8,min_surplus_loss,G6,electrofuel_use_growth_constraint,2,2040.0,-4.5288306199942504e-08,0.0,4.5288306199942504e-08,True,0.0001,True,0.35439303569752667,1e-10,12.455680043138031,1.1295700899707568e-16,1.759926722032133e-16,0.6418279101225743,0.0,True,The KKT residual norm is smaller than the tolerance kkt_tol_abs or kkt_tol_rel. GEMSEO stopped the driver.,0.0,13,0.1256265372535993,False,13,3543930356.9752665,124556800431.38031,,,2.411714024837406,,,,,,,,rate,290963547953.60486,154900000000.0,116931724196.88985,22.878827352971378,0.0,27737103248.4939,55.177188798994734,0.0,66893960912.755905,
opt_pess_2_8,pess,Low efficiency,9.9,0.91,2.8,min_surplus_loss,G6,electrofuel_use_growth_constraint,3,2045.0,5.506165141825371e-08,0.0,5.506165141825371e-08,True,0.0001,True,0.23506358022946883,1e-10,12.455680043138031,1.1295700899707568e-16,1.759926722032133e-16,0.6418279101225743,0.0,True,The KKT residual norm is smaller than the tolerance kkt_tol_abs or kkt_tol_rel. GEMSEO stopped the driver.,0.0,13,0.1256265372535993,False,13,2350635802.294688,124556800431.38031,,,3.005434456537094,,,,,,,,rate,724010398187.9543,154900000000.0,290963540938.4462,15.17518271332917,0.0,45779125328.551735,45.608017010885554,0.0,137586160652.5594,
opt_pess_2_8,pess,Low efficiency,9.9,0.91,2.8,min_surplus_loss,G6,electrofuel_use_growth_constraint,4,2050.0,-5.591988292701722,0.0,5.591988292701722,False,0.0001,True,0.0,1e-10,12.455680043138031,1.1295700899707568e-16,1.759926722032133e-16,0.6418279101225743,0.0,True,The KKT residual norm is smaller than the tolerance kkt_tol_abs or kkt_tol_rel. GEMSEO stopped the driver.,0.0,13,0.1256265372535993,False,13,0.0,124556800431.38031,,,3.7453181345368614,,,,,,,,rate,1801569575242.0554,154900000000.0,724010406717.0042,0.0,0.0,0.0,0.0,0.0,0.0,
opt_pess_3_0,pess,Low efficiency,9.9,0.91,3.0,min_surplus_loss,G1,aviation_carbon_budget_constraint,0,,7.06891748286302e-05,0.0,7.06891748286302e-05,True,0.001,False,64.71261298468494,1e-10,6.992660673903766,1.9192032249453387e-16,2.938266969154801e-16,0.6531752373397853,0.0,True,The KKT residual norm is smaller than the tolerance kkt_tol_abs or kkt_tol_rel. GEMSEO stopped the driver.,0.0,16,0.12562659374114846,False,16,647126129846.8494,69926606739.03766,2.9739719330860828,217.59658275433966,,,,,,,,,,,,,,,,,,,
opt_pess_3_0,pess,Low efficiency,9.9,0.91,3.0,min_surplus_loss,G2,blend_completeness_constraint,0,2030.0,-0.9200383343219615,0.0,0.9200383343219615,False,0.001,False,0.0,1e-10,6.992660673903766,1.9192032249453387e-16,2.938266969154801e-16,0.6531752373397853,0.0,True,The KKT residual norm is smaller than the tolerance kkt_tol_abs or kkt_tol_rel. GEMSEO stopped the driver.,0.0,16,0.12562659374114846,False,16,0.0,69926606739.03766,,,1.552969421732896,,,,,,,,,,,,,,,,,,
opt_pess_3_0,pess,Low efficiency,9.9,0.91,3.0,min_surplus_loss,G2,blend_completeness_constraint,1,2035.0,-0.7660262392377912,0.0,0.7660262392377912,False,0.001,False,0.0,1e-10,6.992660673903766,1.9192032249453387e-16,2.938266969154801e-16,0.6531752373397853,0.0,True,The KKT residual norm is smaller than the tolerance kkt_tol_abs or kkt_tol_rel. GEMSEO stopped the driver.,0.0,16,0.12562659374114846,False,16,0.0,69926606739.03766,,,1.9352824430911528,,,,,,,,,,,,,,,,,,
opt_pess_3_0,pess,Low efficiency,9.9,0.91,3.0,min_surplus_loss,G2,blend_completeness_constraint,2,2040.0,-0.538761504759849,0.0,0.538761504759849,False,0.001,False,0.0,1e-10,6.992660673903766,1.9192032249453387e-16,2.938266969154801e-16,0.6531752373397853,0.0,True,The KKT residual norm is smaller than the tolerance kkt_tol_abs or kkt_tol_rel. GEMSEO stopped the driver.,0.0,16,0.12562659374114846,False,16,0.0,69926606739.03766,,,2.411714024837406,,,,,,,,,,,,,,,,,,
opt_pess_3_0,pess,Low efficiency,9.9,0.91,3.0,min_surplus_loss,G2,blend_completeness_constraint,3,2045.0,-0.39561849748423866,0.0,0.39561849748423866,False,0.001,False,0.0,1e-10,6.992660673903766,1.9192032249453387e-16,2.938266969154801e-16,0.6531752373397853,0.0,True,The KKT residual norm is smaller than the tolerance kkt_tol_abs or kkt_tol_rel. GEMSEO stopped the driver.,0.0,16,0.12562659374114846,False,16,0.0,69926606739.03766,,,3.005434456537094,,,,,,,,,,,,,,,,,,
opt_pess_3_0,pess,Low efficiency,9.9,0.91,3.0,min_surplus_loss,G2,blend_completeness_constraint,4,2050.0,-0.1260816960401142,0.0,0.1260816960401142,False,0.001,False,0.0,1e-10,6.992660673903766,1.9192032249453387e-16,2.938266969154801e-16,0.6531752373397853,0.0,True,The KKT residual norm is smaller than the tolerance kkt_tol_abs or kkt_tol_rel. GEMSEO stopped the driver.,0.0,16,0.12562659374114846,False,16,0.0,69926606739.03766,,,3.7453181345368614,,,,,,,,,,,,,,,,,,
opt_pess_3_0,pess,Low efficiency,9.9,0.91,3.0,min_surplus_loss,G3,biomass_trajectory_constraint,0,2030.0,-0.7051856988754446,0.0,0.7051856988754446,False,0.001,False,0.0,1e-10,6.992660673903766,1.9192032249453387e-16,2.938266969154801e-16,0.6531752373397853,0.0,True,The KKT residual norm is smaller than the tolerance kkt_tol_abs or kkt_tol_rel. GEMSEO stopped the driver.,0.0,16,0.12562659374114846,False,16,0.0,69926606739.03766,,,1.552969421732896,,1105660710000.0002,1.1056607100000002,0.0,0.0,0.0,0.0,,,,,,,,,,,
opt_pess_3_0,pess,Low efficiency,9.9,0.91,3.0,min_surplus_loss,G3,biomass_trajectory_constraint,1,2035.0,-0.37737473653023357,0.0,0.37737473653023357,False,0.001,False,0.0,1e-10,6.992660673903766,1.9192032249453387e-16,2.938266969154801e-16,0.6531752373397853,0.0,True,The KKT residual norm is smaller than the tolerance kkt_tol_abs or kkt_tol_rel. GEMSEO stopped the driver.,0.0,16,0.12562659374114846,False,16,0.0,69926606739.03766,,,1.9352824430911528,,1302716745000.0002,1.3027167450000003,0.0,0.0,0.0,0.0,,,,,,,,,,,
opt_pess_3_0,pess,Low efficiency,9.9,0.91,3.0,min_surplus_loss,G3,biomass_trajectory_constraint,2,2040.0,1.0104524690746075e-06,0.0,1.0104524690746075e-06,True,0.001,False,2.9325761172244187,1e-10,6.992660673903766,1.9192032249453387e-16,2.938266969154801e-16,0.6531752373397853,0.0,True,The KKT residual norm is smaller than the tolerance kkt_tol_abs or kkt_tol_rel. GEMSEO stopped the driver.,0.0,16,0.12562659374114846,False,16,29325761172.244186,69926606739.03766,,,2.411714024837406,,1499772780000.0,1.49977278,19.55346940770867,19553469407.708668,47.15737640480016,47157376404.800156,,,,,,,,,,,
opt_pess_3_0,pess,Low efficiency,9.9,0.91,3.0,min_surplus_loss,G3,biomass_trajectory_constraint,3,2045.0,5.520719771965332e-06,0.0,5.520719771965332e-06,True,0.001,False,3.4793668659392623,1e-10,6.992660673903766,1.9192032249453387e-16,2.938266969154801e-16,0.6531752373397853,0.0,True,The KKT residual norm is smaller than the tolerance kkt_tol_abs or kkt_tol_rel. GEMSEO stopped the driver.,0.0,16,0.12562659374114846,False,16,34793668659.392624,69926606739.03766,,,3.005434456537094,,1530442980000.0,1.53044298,22.734377637115646,22734377637.115646,68.32668189851373,68326681898.513725,,,,,,,,,,,
opt_pess_3_0,pess,Low efficiency,9.9,0.91,3.0,min_surplus_loss,G3,biomass_trajectory_constraint,4,2050.0,2.8787232159857013e-05,0.0,2.8787232159857013e-05,True,0.001,False,2.342180872935928,1e-10,6.992660673903766,1.9192032249453387e-16,2.938266969154801e-16,0.6531752373397853,0.0,True,The KKT residual norm is smaller than the tolerance kkt_tol_abs or kkt_tol_rel. GEMSEO stopped the driver.,0.0,16,0.12562659374114846,False,16,23421808729.35928,69926606739.03766,,,3.7453181345368614,,1561113180000.0,1.56111318,15.003273964645714,15003273964.645716,56.19203405721235,56192034057.21235,,,,,,,,,,,
opt_pess_3_0,pess,Low efficiency,9.9,0.91,3.0,min_surplus_loss,G4,electricity_trajectory_constraint,0,2030.0,-0.9999999583444033,0.0,0.9999999583444033,False,0.001,False,0.0,1e-10,6.992660673903766,1.9192032249453387e-16,2.938266969154801e-16,0.6531752373397853,0.0,True,The KKT residual norm is smaller than the tolerance kkt_tol_abs or kkt_tol_rel. GEMSEO stopped the driver.,0.0,16,0.12562659374114846,False,16,0.0,69926606739.03766,,,1.552969421732896,,1065287574000.0001,1.065287574,0.0,0.0,0.0,0.0,,,,,,,,,,,
opt_pess_3_0,pess,Low efficiency,9.9,0.91,3.0,min_surplus_loss,G4,electricity_trajectory_constraint,1,2035.0,-0.8794989991180208,0.0,0.8794989991180208,False,0.001,False,0.0,1e-10,6.992660673903766,1.9192032249453387e-16,2.938266969154801e-16,0.6531752373397853,0.0,True,The KKT residual norm is smaller than the tolerance kkt_tol_abs or kkt_tol_rel. GEMSEO stopped the driver.,0.0,16,0.12562659374114846,False,16,0.0,69926606739.03766,,,1.9352824430911528,,1356710238000.0002,1.3567102380000002,0.0,0.0,0.0,0.0,,,,,,,,,,,
opt_pess_3_0,pess,Low efficiency,9.9,0.91,3.0,min_surplus_loss,G4,electricity_trajectory_constraint,2,2040.0,-0.7531915251136223,0.0,0.7531915251136223,False,0.001,False,0.0,1e-10,6.992660673903766,1.9192032249453387e-16,2.938266969154801e-16,0.6531752373397853,0.0,True,The KKT residual norm is smaller than the tolerance kkt_tol_abs or kkt_tol_rel. GEMSEO stopped the driver.,0.0,16,0.12562659374114846,False,16,0.0,69926606739.03766,,,2.411714024837406,,1648132902000.0002,1.6481329020000002,0.0,0.0,0.0,0.0,,,,,,,,,,,
opt_pess_3_0,pess,Low efficiency,9.9,0.91,3.0,min_surplus_loss,G4,electricity_trajectory_constraint,3,2045.0,-0.4660269879167641,0.0,0.4660269879167641,False,0.001,False,0.0,1e-10,6.992660673903766,1.9192032249453387e-16,2.938266969154801e-16,0.6531752373397853,0.0,True,The KKT residual norm is smaller than the tolerance kkt_tol_abs or kkt_tol_rel. GEMSEO stopped the driver.,0.0,16,0.12562659374114846,False,16,0.0,69926606739.03766,,,3.005434456537094,,1895265009000.0002,1.8952650090000003,0.0,0.0,0.0,0.0,,,,,,,,,,,
opt_pess_3_0,pess,Low efficiency,9.9,0.91,3.0,min_surplus_loss,G4,electricity_trajectory_constraint,4,2050.0,-0.0007438538248642601,0.0,0.0007438538248642601,True,0.001,False,1.9230532160887681,1e-10,6.992660673903766,1.9192032249453387e-16,2.938266969154801e-16,0.6531752373397853,0.0,True,The KKT residual norm is smaller than the tolerance kkt_tol_abs or kkt_tol_rel. GEMSEO stopped the driver.,0.0,16,0.12562659374114846,False,16,19230532160.88768,69926606739.03766,,,3.7453181345368614,,2142397116000.0002,2.142397116,8.97617533988861,8976175339.888609,33.61863227926738,33618632279.267384,,,,,,,,,,,
opt_pess_3_0,pess,Low efficiency,9.9,0.91,3.0,min_surplus_loss,G5,biofuel_use_growth_constraint,0,2030.0,0.0,0.0,0.0,True,0.001,False,1.5558451425533117,1e-10,6.992660673903766,1.9192032249453387e-16,2.938266969154801e-16,0.6531752373397853,0.0,True,The KKT residual norm is smaller than the tolerance kkt_tol_abs or kkt_tol_rel. GEMSEO stopped the driver.,0.0,16,0.12562659374114846,False,16,15558451425.533117,69926606739.03766,,,1.552969421732896,,,,,,,,volume,91969067110.32613,154900000000.0,36960305390.916824,100.44190720163407,502209536008.1703,0.0,155.98321054467087,779916052723.3542,0.0,
opt_pess_3_0,pess,Low efficiency,9.9,0.91,3.0,min_surplus_loss,G5,biofuel_use_growth_constraint,1,2035.0,4.578553499107287e-07,0.0,4.578553499107287e-07,True,0.001,False,0.4958284704627465,1e-10,6.992660673903766,1.9192032249453387e-16,2.938266969154801e-16,0.6531752373397853,0.0,True,The KKT residual norm is smaller than the tolerance kkt_tol_abs or kkt_tol_rel. GEMSEO stopped the driver.,0.0,16,0.12562659374114846,False,16,4958284704.627464,69926606739.03766,,,1.9352824430911528,,,,,,,,rate,385440767999.99976,154900000000.0,154899999999.99994,32.00958492335355,0.0,51407495817.57753,61.94758771280139,0.0,99488024099.03966,
opt_pess_3_0,pess,Low efficiency,9.9,0.91,3.0,min_surplus_loss,G5,biofuel_use_growth_constraint,2,2040.0,-1.5907031433401362,0.0,1.5907031433401362,False,0.001,False,0.0,1e-10,6.992660673903766,1.9192032249453387e-16,2.938266969154801e-16,0.6531752373397853,0.0,True,The KKT residual norm is smaller than the tolerance kkt_tol_abs or kkt_tol_rel. GEMSEO stopped the driver.,0.0,16,0.12562659374114846,False,16,0.0,69926606739.03766,,,2.411714024837406,,,,,,,,rate,959099971832.206,154900000000.0,385440768000.9831,0.0,0.0,0.0,0.0,0.0,0.0,
opt_pess_3_0,pess,Low efficiency,9.9,0.91,3.0,min_surplus_loss,G5,biofuel_use_growth_constraint,3,2045.0,-6.75369968586993,0.0,6.75369968586993,False,0.001,False,0.0,1e-10,6.992660673903766,1.9192032249453387e-16,2.938266969154801e-16,0.6531752373397853,0.0,True,The KKT residual norm is smaller than the tolerance kkt_tol_abs or kkt_tol_rel. GEMSEO stopped the driver.,0.0,16,0.12562659374114846,False,16,0.0,69926606739.03766,,,3.005434456537094,,,,,,,,rate,1773424447843.3042,154900000000.0,712699511253.9,0.0,0.0,0.0,0.0,0.0,0.0,
opt_pess_3_0,pess,Low efficiency,9.9,0.91,3.0,min_surplus_loss,G5,biofuel_use_growth_constraint,4,2050.0,-6.893677572470457,0.0,6.893677572470457,False,0.001,False,0.0,1e-10,6.992660673903766,1.9192032249453387e-16,2.938266969154801e-16,0.6531752373397853,0.0,True,The KKT residual norm is smaller than the tolerance kkt_tol_abs or kkt_tol_rel. GEMSEO stopped the driver.,0.0,16,0.12562659374114846,False,16,0.0,69926606739.03766,,,3.7453181345368614,,,,,,,,rate,1809690796470.9287,154900000000.0,727274143386.2723,0.0,0.0,0.0,0.0,0.0,0.0,
opt_pess_3_0,pess,Low efficiency,9.9,0.91,3.0,min_surplus_loss,G6,electrofuel_use_growth_constraint,0,2030.0,-0.9999998749244163,0.0,0.9999998749244163,False,0.001,False,0.0,1e-10,6.992660673903766,1.9192032249453387e-16,2.938266969154801e-16,0.6531752373397853,0.0,True,The KKT residual norm is smaller than the tolerance kkt_tol_abs or kkt_tol_rel. GEMSEO stopped the driver.,0.0,16,0.12562659374114846,False,16,0.0,69926606739.03766,,,1.552969421732896,,,,,,,,volume,0.0,154900000000.0,0.0,0.0,0.0,0.0,0.0,0.0,0.0,
opt_pess_3_0,pess,Low efficiency,9.9,0.91,3.0,min_surplus_loss,G6,electrofuel_use_growth_constraint,1,2035.0,-0.5392025429530356,0.0,0.5392025429530356,False,0.001,False,0.0,1e-10,6.992660673903766,1.9192032249453387e-16,2.938266969154801e-16,0.6531752373397853,0.0,True,The KKT residual norm is smaller than the tolerance kkt_tol_abs or kkt_tol_rel. GEMSEO stopped the driver.,0.0,16,0.12562659374114846,False,16,0.0,69926606739.03766,,,1.9352824430911528,,,,,,,,volume,48209.27938757776,154900000000.0,19374.22814894297,0.0,0.0,0.0,0.0,0.0,0.0,
opt_pess_3_0,pess,Low efficiency,9.9,0.91,3.0,min_surplus_loss,G6,electrofuel_use_growth_constraint,2,2040.0,-8.366117632930551e-05,0.0,8.366117632930551e-05,True,0.001,False,0.36197794084253987,1e-10,6.992660673903766,1.9192032249453387e-16,2.938266969154801e-16,0.6531752373397853,0.0,True,The KKT residual norm is smaller than the tolerance kkt_tol_abs or kkt_tol_rel. GEMSEO stopped the driver.,0.0,16,0.12562659374114846,False,16,3619779408.4253983,69926606739.03766,,,2.411714024837406,,,,,,,,rate,177569823832.9631,154900000000.0,71361329665.38193,23.3684919846701,0.0,17289745853.9995,56.35811985872939,0.0,41697922561.96499,
opt_pess_3_0,pess,Low efficiency,9.9,0.91,3.0,min_surplus_loss,G6,electrofuel_use_growth_constraint,3,2045.0,-0.0004550441084426476,0.0,0.0004550441084426476,True,0.001,False,0.2374613969240777,1e-10,6.992660673903766,1.9192032249453387e-16,2.938266969154801e-16,0.6531752373397853,0.0,True,The KKT residual norm is smaller than the tolerance kkt_tol_abs or kkt_tol_rel. GEMSEO stopped the driver.,0.0,16,0.12562659374114846,False,16,2374613969.240777,69926606739.03766,,,3.005434456537094,,,,,,,,rate,441850544030.6957,154900000000.0,177569823829.20837,15.329980434091523,0.0,28223167478.263588,46.07325141465814,0.0,84822880011.79051,
opt_pess_3_0,pess,Low efficiency,9.9,0.91,3.0,min_surplus_loss,G6,electrofuel_use_growth_constraint,4,2050.0,-1.0638130588428885,0.0,1.0638130588428885,False,0.001,False,0.0,1e-10,6.992660673903766,1.9192032249453387e-16,2.938266969154801e-16,0.6531752373397853,0.0,True,The KKT residual norm is smaller than the tolerance kkt_tol_abs or kkt_tol_rel. GEMSEO stopped the driver.,0.0,16,0.12562659374114846,False,16,0.0,69926606739.03766,,,3.7453181345368614,,,,,,,,rate,1099465546874.5652,154900000000.0,441850544493.70074,0.0,0.0,0.0,0.0,0.0,0.0,
opt_pess_3_2,pess,Low efficiency,9.9,0.91,3.2,min_surplus_loss,G1,aviation_carbon_budget_constraint,0,,2.0584860709759905e-05,0.0,2.0584860709759905e-05,True,0.001,False,56.735969041917,1e-10,1.896243573603354,1.5531346546082258e-16,2.338855983810934e-16,0.6640574132647308,0.0,True,The KKT residual norm is smaller than the tolerance kkt_tol_abs or kkt_tol_rel. GEMSEO stopped the driver.,0.0,20,0.2831638534191043,False,19,567359690419.17,18962435736.03354,3.2215607692981534,176.11329757494363,,,,,,,,,,,,,,,,,,,
opt_pess_3_2,pess,Low efficiency,9.9,0.91,3.2,min_surplus_loss,G2,blend_completeness_constraint,0,2030.0,-0.9200383343219504,0.0,0.9200383343219504,False,0.001,False,0.0,1e-10,1.896243573603354,1.5531346546082258e-16,2.338855983810934e-16,0.6640574132647308,0.0,True,The KKT residual norm is smaller than the tolerance kkt_tol_abs or kkt_tol_rel. GEMSEO stopped the driver.,0.0,20,0.2831638534191043,False,19,0.0,18962435736.03354,,,1.552969421732896,,,,,,,,,,,,,,,,,,
opt_pess_3_2,pess,Low efficiency,9.9,0.91,3.2,min_surplus_loss,G2,blend_completeness_constraint,1,2035.0,-0.8064595778831274,0.0,0.8064595778831274,False,0.001,False,0.0,1e-10,1.896243573603354,1.5531346546082258e-16,2.338855983810934e-16,0.6640574132647308,0.0,True,The KKT residual norm is smaller than the tolerance kkt_tol_abs or kkt_tol_rel. GEMSEO stopped the driver.,0.0,20,0.2831638534191043,False,19,0.0,18962435736.03354,,,1.9352824430911528,,,,,,,,,,,,,,,,,,
opt_pess_3_2,pess,Low efficiency,9.9,0.91,3.2,min_surplus_loss,G2,blend_completeness_constraint,2,2040.0,-0.5793519146954358,0.0,0.5793519146954358,False,0.001,False,0.0,1e-10,1.896243573603354,1.5531346546082258e-16,2.338855983810934e-16,0.6640574132647308,0.0,True,The KKT residual norm is smaller than the tolerance kkt_tol_abs or kkt_tol_rel. GEMSEO stopped the driver.,0.0,20,0.2831638534191043,False,19,0.0,18962435736.03354,,,2.411714024837406,,,,,,,,,,,,,,,,,,
opt_pess_3_2,pess,Low efficiency,9.9,0.91,3.2,min_surplus_loss,G2,blend_completeness_constraint,3,2045.0,-0.49752065025905645,0.0,0.49752065025905645,False,0.001,False,0.0,1e-10,1.896243573603354,1.5531346546082258e-16,2.338855983810934e-16,0.6640574132647308,0.0,True,The KKT residual norm is smaller than the tolerance kkt_tol_abs or kkt_tol_rel. GEMSEO stopped the driver.,0.0,20,0.2831638534191043,False,19,0.0,18962435736.03354,,,3.005434456537094,,,,,,,,,,,,,,,,,,
opt_pess_3_2,pess,Low efficiency,9.9,0.91,3.2,min_surplus_loss,G2,blend_completeness_constraint,4,2050.0,-0.2832506575756284,0.0,0.2832506575756284,False,0.001,False,0.0,1e-10,1.896243573603354,1.5531346546082258e-16,2.338855983810934e-16,0.6640574132647308,0.0,True,The KKT residual norm is smaller than the tolerance kkt_tol_abs or kkt_tol_rel. GEMSEO stopped the driver.,0.0,20,0.2831638534191043,False,19,0.0,18962435736.03354,,,3.7453181345368614,,,,,,,,,,,,,,,,,,
opt_pess_3_2,pess,Low efficiency,9.9,0.91,3.2,min_surplus_loss,G3,biomass_trajectory_constraint,0,2030.0,-0.7051856988749793,0.0,0.7051856988749793,False,0.001,False,0.0,1e-10,1.896243573603354,1.5531346546082258e-16,2.338855983810934e-16,0.6640574132647308,0.0,True,The KKT residual norm is smaller than the tolerance kkt_tol_abs or kkt_tol_rel. GEMSEO stopped the driver.,0.0,20,0.2831638534191043,False,19,0.0,18962435736.03354,,,1.552969421732896,,1105660710000.0002,1.1056607100000002,0.0,0.0,0.0,0.0,,,,,,,,,,,
opt_pess_3_2,pess,Low efficiency,9.9,0.91,3.2,min_surplus_loss,G3,biomass_trajectory_constraint,1,2035.0,-0.37737485108882557,0.0,0.37737485108882557,False,0.001,False,0.0,1e-10,1.896243573603354,1.5531346546082258e-16,2.338855983810934e-16,0.6640574132647308,0.0,True,The KKT residual norm is smaller than the tolerance kkt_tol_abs or kkt_tol_rel. GEMSEO stopped the driver.,0.0,20,0.2831638534191043,False,19,0.0,18962435736.03354,,,1.9352824430911528,,1302716745000.0002,1.3027167450000003,0.0,0.0,0.0,0.0,,,,,,,,,,,
opt_pess_3_2,pess,Low efficiency,9.9,0.91,3.2,min_surplus_loss,G3,biomass_trajectory_constraint,2,2040.0,3.5214763329349806e-07,0.0,3.5214763329349806e-07,True,0.001,False,1.7509478477615965,1e-10,1.896243573603354,1.5531346546082258e-16,2.338855983810934e-16,0.6640574132647308,0.0,True,The KKT residual norm is smaller than the tolerance kkt_tol_abs or kkt_tol_rel. GEMSEO stopped the driver.,0.0,20,0.2831638534191043,False,19,17509478477.615963,18962435736.03354,,,2.411714024837406,,1499772780000.0,1.49977278,11.674754143501634,11674754143.501633,28.156168304411505,28156168304.411503,,,,,,,,,,,
opt_pess_3_2,pess,Low efficiency,9.9,0.91,3.2,min_surplus_loss,G3,biomass_trajectory_constraint,3,2045.0,1.7707848707004814e-06,0.0,1.7707848707004814e-06,True,0.001,False,2.321497330672808,1e-10,1.896243573603354,1.5531346546082258e-16,2.338855983810934e-16,0.6640574132647308,0.0,True,The KKT residual norm is smaller than the tolerance kkt_tol_abs or kkt_tol_rel. GEMSEO stopped the driver.,0.0,20,0.2831638534191043,False,19,23214973306.72808,18962435736.03354,,,3.005434456537094,,1530442980000.0,1.53044298,15.168793355978593,15168793355.978594,45.588814216149004,45588814216.14901,,,,,,,,,,,
opt_pess_3_2,pess,Low efficiency,9.9,0.91,3.2,min_surplus_loss,G3,biomass_trajectory_constraint,4,2050.0,7.982772247459025e-06,0.0,7.982772247459025e-06,True,0.001,False,1.6307899326577089,1e-10,1.896243573603354,1.5531346546082258e-16,2.338855983810934e-16,0.6640574132647308,0.0,True,The KKT residual norm is smaller than the tolerance kkt_tol_abs or kkt_tol_rel. GEMSEO stopped the driver.,0.0,20,0.2831638534191043,False,19,16307899326.577087,18962435736.03354,,,3.7453181345368614,,1561113180000.0,1.56111318,10.446327361464649,10446327361.464647,39.12481930620215,39124819306.20215,,,,,,,,,,,
opt_pess_3_2,pess,Low efficiency,9.9,0.91,3.2,min_surplus_loss,G4,electricity_trajectory_constraint,0,2030.0,-0.9999999583444033,0.0,0.9999999583444033,False,0.001,False,0.0,1e-10,1.896243573603354,1.5531346546082258e-16,2.338855983810934e-16,0.6640574132647308,0.0,True,The KKT residual norm is smaller than the tolerance kkt_tol_abs or kkt_tol_rel. GEMSEO stopped the driver.,0.0,20,0.2831638534191043,False,19,0.0,18962435736.03354,,,1.552969421732896,,1065287574000.0001,1.065287574,0.0,0.0,0.0,0.0,,,,,,,,,,,
opt_pess_3_2,pess,Low efficiency,9.9,0.91,3.2,min_surplus_loss,G4,electricity_trajectory_constraint,1,2035.0,-0.9999999663769127,0.0,0.9999999663769127,False,0.001,False,0.0,1e-10,1.896243573603354,1.5531346546082258e-16,2.338855983810934e-16,0.6640574132647308,0.0,True,The KKT residual norm is smaller than the tolerance kkt_tol_abs or kkt_tol_rel. GEMSEO stopped the driver.,0.0,20,0.2831638534191043,False,19,0.0,18962435736.03354,,,1.9352824430911528,,1356710238000.0002,1.3567102380000002,0.0,0.0,0.0,0.0,,,,,,,,,,,
opt_pess_3_2,pess,Low efficiency,9.9,0.91,3.2,min_surplus_loss,G4,electricity_trajectory_constraint,2,2040.0,-0.8437561794351935,0.0,0.8437561794351935,False,0.001,False,0.0,1e-10,1.896243573603354,1.5531346546082258e-16,2.338855983810934e-16,0.6640574132647308,0.0,True,The KKT residual norm is smaller than the tolerance kkt_tol_abs or kkt_tol_rel. GEMSEO stopped the driver.,0.0,20,0.2831638534191043,False,19,0.0,18962435736.03354,,,2.411714024837406,,1648132902000.0002,1.6481329020000002,0.0,0.0,0.0,0.0,,,,,,,,,,,
opt_pess_3_2,pess,Low efficiency,9.9,0.91,3.2,min_surplus_loss,G4,electricity_trajectory_constraint,3,2045.0,-0.6619415428465243,0.0,0.6619415428465243,False,0.001,False,0.0,1e-10,1.896243573603354,1.5531346546082258e-16,2.338855983810934e-16,0.6640574132647308,0.0,True,The KKT residual norm is smaller than the tolerance kkt_tol_abs or kkt_tol_rel. GEMSEO stopped the driver.,0.0,20,0.2831638534191043,False,19,0.0,18962435736.03354,,,3.005434456537094,,1895265009000.0002,1.8952650090000003,0.0,0.0,0.0,0.0,,,,,,,,,,,
opt_pess_3_2,pess,Low efficiency,9.9,0.91,3.2,min_surplus_loss,G4,electricity_trajectory_constraint,4,2050.0,-0.25594142923615126,0.0,0.25594142923615126,False,0.001,False,0.0,1e-10,1.896243573603354,1.5531346546082258e-16,2.338855983810934e-16,0.6640574132647308,0.0,True,The KKT residual norm is smaller than the tolerance kkt_tol_abs or kkt_tol_rel. GEMSEO stopped the driver.,0.0,20,0.2831638534191043,False,19,0.0,18962435736.03354,,,3.7453181345368614,,2142397116000.0002,2.142397116,0.0,0.0,0.0,0.0,,,,,,,,,,,
opt_pess_3_2,pess,Low efficiency,9.9,0.91,3.2,min_surplus_loss,G5,biofuel_use_growth_constraint,0,2030.0,-2.364176484828922e-15,0.0,2.364176484828922e-15,True,0.001,False,0.6371767782929831,1e-10,1.896243573603354,1.5531346546082258e-16,2.338855983810934e-16,0.6640574132647308,0.0,True,The KKT residual norm is smaller than the tolerance kkt_tol_abs or kkt_tol_rel. GEMSEO stopped the driver.,0.0,20,0.2831638534191043,False,19,6371767782.9298315,18962435736.03354,,,1.552969421732896,,,,,,,,volume,91969067110.31766,154900000000.0,36960305390.91342,41.134717772303624,205673588861.5181,0.0,63.880958872000235,319404794360.00116,0.0,
opt_pess_3_2,pess,Low efficiency,9.9,0.91,3.2,min_surplus_loss,G5,biofuel_use_growth_constraint,1,2035.0,-1.1426853010006456e-14,0.0,1.1426853010006456e-14,True,0.001,False,0.23647478079959636,1e-10,1.896243573603354,1.5531346546082258e-16,2.338855983810934e-16,0.6640574132647308,0.0,True,The KKT residual norm is smaller than the tolerance kkt_tol_abs or kkt_tol_rel. GEMSEO stopped the driver.,0.0,20,0.2831638534191043,False,19,2364747807.9959636,18962435736.03354,,,1.9352824430911528,,,,,,,,rate,385440767999.9997,154900000000.0,154899999999.9999,15.266286688159868,0.0,24517705273.302135,29.544576598791974,0.0,47448684560.305,
opt_pess_3_2,pess,Low efficiency,9.9,0.91,3.2,min_surplus_loss,G5,biofuel_use_growth_constraint,2,2040.0,-1.5907050329444328,0.0,1.5907050329444328,False,0.001,False,0.0,1e-10,1.896243573603354,1.5531346546082258e-16,2.338855983810934e-16,0.6640574132647308,0.0,True,The KKT residual norm is smaller than the tolerance kkt_tol_abs or kkt_tol_rel. GEMSEO stopped the driver.,0.0,20,0.2831638534191043,False,19,0.0,18962435736.03354,,,2.411714024837406,,,,,,,,rate,959099971829.7592,154900000000.0,385440767999.99976,0.0,0.0,0.0,0.0,0.0,0.0,
opt_pess_3_2,pess,Low efficiency,9.9,0.91,3.2,min_surplus_loss,G5,biofuel_use_growth_constraint,3,2045.0,-6.753709755419454,0.0,6.753709755419454,False,0.001,False,0.0,1e-10,1.896243573603354,1.5531346546082258e-16,2.338855983810934e-16,0.6640574132647308,0.0,True,The KKT residual norm is smaller than the tolerance kkt_tol_abs or kkt_tol_rel. GEMSEO stopped the driver.,0.0,20,0.2831638534191043,False,19,0.0,18962435736.03354,,,3.005434456537094,,,,,,,,rate,1773424447836.5503,154900000000.0,712699511251.1858,0.0,0.0,0.0,0.0,0.0,0.0,
opt_pess_3_2,pess,Low efficiency,9.9,0.91,3.2,min_surplus_loss,G5,biofuel_use_growth_constraint,4,2050.0,-6.893733399041055,0.0,6.893733399041055,False,0.001,False,0.0,1e-10,1.896243573603354,1.5531346546082258e-16,2.338855983810934e-16,0.6640574132647308,0.0,True,The KKT residual norm is smaller than the tolerance kkt_tol_abs or kkt_tol_rel. GEMSEO stopped the driver.,0.0,20,0.2831638534191043,False,19,0.0,18962435736.03354,,,3.7453181345368614,,,,,,,,rate,1809690796487.616,154900000000.0,727274143392.9785,0.0,0.0,0.0,0.0,0.0,0.0,
opt_pess_3_2,pess,Low efficiency,9.9,0.91,3.2,min_surplus_loss,G6,electrofuel_use_growth_constraint,0,2030.0,-0.9999998749244163,0.0,0.9999998749244163,False,0.001,False,0.0,1e-10,1.896243573603354,1.5531346546082258e-16,2.338855983810934e-16,0.6640574132647308,0.0,True,The KKT residual norm is smaller than the tolerance kkt_tol_abs or kkt_tol_rel. GEMSEO stopped the driver.,0.0,20,0.2831638534191043,False,19,0.0,18962435736.03354,,,1.552969421732896,,,,,,,,volume,0.0,154900000000.0,0.0,0.0,0.0,0.0,0.0,0.0,0.0,
opt_pess_3_2,pess,Low efficiency,9.9,0.91,3.2,min_surplus_loss,G6,electrofuel_use_growth_constraint,1,2035.0,-0.9999998714248592,0.0,0.9999998714248592,False,0.001,False,0.0,1e-10,1.896243573603354,1.5531346546082258e-16,2.338855983810934e-16,0.6640574132647308,0.0,True,The KKT residual norm is smaller than the tolerance kkt_tol_abs or kkt_tol_rel. GEMSEO stopped the driver.,0.0,20,0.2831638534191043,False,19,0.0,18962435736.03354,,,1.9352824430911528,,,,,,,,volume,48209.300631026876,154900000000.0,19374.236686208722,0.0,0.0,0.0,0.0,0.0,0.0,
opt_pess_3_2,pess,Low efficiency,9.9,0.91,3.2,min_surplus_loss,G6,electrofuel_use_growth_constraint,2,2040.0,-0.27418256432118987,0.0,0.27418256432118987,False,0.001,False,0.0,1e-10,1.896243573603354,1.5531346546082258e-16,2.338855983810934e-16,0.6640574132647308,0.0,True,The KKT residual norm is smaller than the tolerance kkt_tol_abs or kkt_tol_rel. GEMSEO stopped the driver.,0.0,20,0.2831638534191043,False,19,0.0,18962435736.03354,,,2.411714024837406,,,,,,,,volume,49558.30339510291,154900000000.0,19916.370641679092,0.0,0.0,0.0,0.0,0.0,0.0,
opt_pess_3_2,pess,Low efficiency,9.9,0.91,3.2,min_surplus_loss,G6,electrofuel_use_growth_constraint,3,2045.0,-0.0001645074063502411,0.0,0.0001645074063502411,True,0.001,False,0.2253924041239137,1e-10,1.896243573603354,1.5531346546082258e-16,2.338855983810934e-16,0.6640574132647308,0.0,True,The KKT residual norm is smaller than the tolerance kkt_tol_abs or kkt_tol_rel. GEMSEO stopped the driver.,0.0,20,0.2831638534191043,False,19,2253924041.239137,18962435736.03354,,,3.005434456537094,,,,,,,,rate,279758664506.10333,154900000000.0,112428732842.28049,14.550833061582551,0.0,16961340103.16496,43.73157505459933,0.0,50976195975.096405,
opt_pess_3_2,pess,Low efficiency,9.9,0.91,3.2,min_surplus_loss,G6,electrofuel_use_growth_constraint,4,2050.0,-0.000629895981346017,0.0,0.000629895981346017,True,0.001,False,0.12340160034304258,1e-10,1.896243573603354,1.5531346546082258e-16,2.338855983810934e-16,0.6640574132647308,0.0,True,The KKT residual norm is smaller than the tolerance kkt_tol_abs or kkt_tol_rel. GEMSEO stopped the driver.,0.0,20,0.2831638534191043,False,19,1234016003.4304256,18962435736.03354,,,3.7453181345368614,,,,,,,,rate,696129079750.7764,154900000000.0,279758664380.29535,7.966533269402361,0.0,23107231140.137543,29.837201523283895,0.0,86543931828.09201,
opt_pess_3_4,pess,Low efficiency,9.9,0.91,3.4,min_surplus_loss,G1,aviation_carbon_budget_constraint,0,,4.933415119698711e-05,0.0,4.933415119698711e-05,True,0.001,False,55.75531412047833,1e-10,-2.621232176326407,1.3018518929051675e-16,1.9374885412427893e-16,0.6719275315404463,0.0,True,The KKT residual norm is smaller than the tolerance kkt_tol_abs or kkt_tol_rel. GEMSEO stopped the driver.,0.0,20,0.47511474347557864,False,19,557553141204.7833,-26212321763.26407,3.469149605510208,160.71752579340952,,,,,,,,,,,,,,,,,,,
opt_pess_3_4,pess,Low efficiency,9.9,0.91,3.4,min_surplus_loss,G2,blend_completeness_constraint,0,2030.0,-0.9200483343219474,0.0,0.9200483343219474,False,0.001,False,0.0,1e-10,-2.621232176326407,1.3018518929051675e-16,1.9374885412427893e-16,0.6719275315404463,0.0,True,The KKT residual norm is smaller than the tolerance kkt_tol_abs or kkt_tol_rel. GEMSEO stopped the driver.,0.0,20,0.47511474347557864,False,19,0.0,-26212321763.26407,,,1.552969421732896,,,,,,,,,,,,,,,,,,
opt_pess_3_4,pess,Low efficiency,9.9,0.91,3.4,min_surplus_loss,G2,blend_completeness_constraint,1,2035.0,-0.8064695778831146,0.0,0.8064695778831146,False,0.001,False,0.0,1e-10,-2.621232176326407,1.3018518929051675e-16,1.9374885412427893e-16,0.6719275315404463,0.0,True,The KKT residual norm is smaller than the tolerance kkt_tol_abs or kkt_tol_rel. GEMSEO stopped the driver.,0.0,20,0.47511474347557864,False,19,0.0,-26212321763.26407,,,1.9352824430911528,,,,,,,,,,,,,,,,,,
opt_pess_3_4,pess,Low efficiency,9.9,0.91,3.4,min_surplus_loss,G2,blend_completeness_constraint,2,2040.0,-0.6464903043732962,0.0,0.6464903043732962,False,0.001,False,0.0,1e-10,-2.621232176326407,1.3018518929051675e-16,1.9374885412427893e-16,0.6719275315404463,0.0,True,The KKT residual norm is smaller than the tolerance kkt_tol_abs or kkt_tol_rel. GEMSEO stopped the driver.,0.0,20,0.47511474347557864,False,19,0.0,-26212321763.26407,,,2.411714024837406,,,,,,,,,,,,,,,,,,
opt_pess_3_4,pess,Low efficiency,9.9,0.91,3.4,min_surplus_loss,G2,blend_completeness_constraint,3,2045.0,-0.5740170177223545,0.0,0.5740170177223545,False,0.001,False,0.0,1e-10,-2.621232176326407,1.3018518929051675e-16,1.9374885412427893e-16,0.6719275315404463,0.0,True,The KKT residual norm is smaller than the tolerance kkt_tol_abs or kkt_tol_rel. GEMSEO stopped the driver.,0.0,20,0.47511474347557864,False,19,0.0,-26212321763.26407,,,3.005434456537094,,,,,,,,,,,,,,,,,,
opt_pess_3_4,pess,Low efficiency,9.9,0.91,3.4,min_surplus_loss,G2,blend_completeness_constraint,4,2050.0,-0.4753076257704572,0.0,0.4753076257704572,False,0.001,False,0.0,1e-10,-2.621232176326407,1.3018518929051675e-16,1.9374885412427893e-16,0.6719275315404463,0.0,True,The KKT residual norm is smaller than the tolerance kkt_tol_abs or kkt_tol_rel. GEMSEO stopped the driver.,0.0,20,0.47511474347557864,False,19,0.0,-26212321763.26407,,,3.7453181345368614,,,,,,,,,,,,,,,,,,
opt_pess_3_4,pess,Low efficiency,9.9,0.91,3.4,min_surplus_loss,G3,biomass_trajectory_constraint,0,2030.0,-0.7051856988748824,0.0,0.7051856988748824,False,0.001,False,0.0,1e-10,-2.621232176326407,1.3018518929051675e-16,1.9374885412427893e-16,0.6719275315404463,0.0,True,The KKT residual norm is smaller than the tolerance kkt_tol_abs or kkt_tol_rel. GEMSEO stopped the driver.,0.0,20,0.47511474347557864,False,19,0.0,-26212321763.26407,,,1.552969421732896,,1105660710000.0002,1.1056607100000002,0.0,0.0,0.0,0.0,,,,,,,,,,,
opt_pess_3_4,pess,Low efficiency,9.9,0.91,3.4,min_surplus_loss,G3,biomass_trajectory_constraint,1,2035.0,-0.37737485108842006,0.0,0.37737485108842006,False,0.001,False,0.0,1e-10,-2.621232176326407,1.3018518929051675e-16,1.9374885412427893e-16,0.6719275315404463,0.0,True,The KKT residual norm is smaller than the tolerance kkt_tol_abs or kkt_tol_rel. GEMSEO stopped the driver.,0.0,20,0.47511474347557864,False,19,0.0,-26212321763.26407,,,1.9352824430911528,,1302716745000.0002,1.3027167450000003,0.0,0.0,0.0,0.0,,,,,,,,,,,
opt_pess_3_4,pess,Low efficiency,9.9,0.91,3.4,min_surplus_loss,G3,biomass_trajectory_constraint,2,2040.0,9.95330706103914e-06,0.0,9.95330706103914e-06,True,0.001,False,1.3496571603725749,1e-10,-2.621232176326407,1.3018518929051675e-16,1.9374885412427893e-16,0.6719275315404463,0.0,True,The KKT residual norm is smaller than the tolerance kkt_tol_abs or kkt_tol_rel. GEMSEO stopped the driver.,0.0,20,0.47511474347557864,False,19,13496571603.725748,-26212321763.26407,,,2.411714024837406,,1499772780000.0,1.49977278,8.999077582756069,8999077582.75607,21.703201616932713,21703201616.932713,,,,,,,,,,,
opt_pess_3_4,pess,Low efficiency,9.9,0.91,3.4,min_surplus_loss,G3,biomass_trajectory_constraint,3,2045.0,1.2258261139663773e-06,0.0,1.2258261139663773e-06,True,0.001,False,1.9452347497651794,1e-10,-2.621232176326407,1.3018518929051675e-16,1.9374885412427893e-16,0.6719275315404463,0.0,True,The KKT residual norm is smaller than the tolerance kkt_tol_abs or kkt_tol_rel. GEMSEO stopped the driver.,0.0,20,0.47511474347557864,False,19,19452347497.651794,-26212321763.26407,,,3.005434456537094,,1530442980000.0,1.53044298,12.710272615090693,12710272615.090694,38.1998912693734,38199891269.37341,,,,,,,,,,,
opt_pess_3_4,pess,Low efficiency,9.9,0.91,3.4,min_surplus_loss,G3,biomass_trajectory_constraint,4,2050.0,5.716021870085797e-06,0.0,5.716021870085797e-06,True,0.001,False,1.3985966935999903,1e-10,-2.621232176326407,1.3018518929051675e-16,1.9374885412427893e-16,0.6719275315404463,0.0,True,The KKT residual norm is smaller than the tolerance kkt_tol_abs or kkt_tol_rel. GEMSEO stopped the driver.,0.0,20,0.47511474347557864,False,19,13985966935.999903,-26212321763.26407,,,3.7453181345368614,,1561113180000.0,1.56111318,8.958970505905217,8958970505.905216,33.55419470254769,33554194702.547684,,,,,,,,,,,
opt_pess_3_4,pess,Low efficiency,9.9,0.91,3.4,min_surplus_loss,G4,electricity_trajectory_constraint,0,2030.0,-0.9999999583444011,0.0,0.9999999583444011,False,0.001,False,0.0,1e-10,-2.621232176326407,1.3018518929051675e-16,1.9374885412427893e-16,0.6719275315404463,0.0,True,The KKT residual norm is smaller than the tolerance kkt_tol_abs or kkt_tol_rel. GEMSEO stopped the driver.,0.0,20,0.47511474347557864,False,19,0.0,-26212321763.26407,,,1.552969421732896,,1065287574000.0001,1.065287574,0.0,0.0,0.0,0.0,,,,,,,,,,,
opt_pess_3_4,pess,Low efficiency,9.9,0.91,3.4,min_surplus_loss,G4,electricity_trajectory_constraint,1,2035.0,-0.9999999663769102,0.0,0.9999999663769102,False,0.001,False,0.0,1e-10,-2.621232176326407,1.3018518929051675e-16,1.9374885412427893e-16,0.6719275315404463,0.0,True,The KKT residual norm is smaller than the tolerance kkt_tol_abs or kkt_tol_rel. GEMSEO stopped the driver.,0.0,20,0.47511474347557864,False,19,0.0,-26212321763.26407,,,1.9352824430911528,,1356710238000.0002,1.3567102380000002,0.0,0.0,0.0,0.0,,,,,,,,,,,
opt_pess_3_4,pess,Low efficiency,9.9,0.91,3.4,min_surplus_loss,G4,electricity_trajectory_constraint,2,2040.0,-0.9999999719822283,0.0,0.9999999719822283,False,0.001,False,0.0,1e-10,-2.621232176326407,1.3018518929051675e-16,1.9374885412427893e-16,0.6719275315404463,0.0,True,The KKT residual norm is smaller than the tolerance kkt_tol_abs or kkt_tol_rel. GEMSEO stopped the driver.,0.0,20,0.47511474347557864,False,19,0.0,-26212321763.26407,,,2.411714024837406,,1648132902000.0002,1.6481329020000002,0.0,0.0,0.0,0.0,,,,,,,,,,,
opt_pess_3_4,pess,Low efficiency,9.9,0.91,3.4,min_surplus_loss,G4,electricity_trajectory_constraint,3,2045.0,-0.8182273419587363,0.0,0.8182273419587363,False,0.001,False,0.0,1e-10,-2.621232176326407,1.3018518929051675e-16,1.9374885412427893e-16,0.6719275315404463,0.0,True,The KKT residual norm is smaller than the tolerance kkt_tol_abs or kkt_tol_rel. GEMSEO stopped the driver.,0.0,20,0.47511474347557864,False,19,0.0,-26212321763.26407,,,3.005434456537094,,1895265009000.0002,1.8952650090000003,0.0,0.0,0.0,0.0,,,,,,,,,,,
opt_pess_3_4,pess,Low efficiency,9.9,0.91,3.4,min_surplus_loss,G4,electricity_trajectory_constraint,4,2050.0,-0.5999718186759605,0.0,0.5999718186759605,False,0.001,False,0.0,1e-10,-2.621232176326407,1.3018518929051675e-16,1.9374885412427893e-16,0.6719275315404463,0.0,True,The KKT residual norm is smaller than the tolerance kkt_tol_abs or kkt_tol_rel. GEMSEO stopped the driver.,0.0,20,0.47511474347557864,False,19,0.0,-26212321763.26407,,,3.7453181345368614,,2142397116000.0002,2.142397116,0.0,0.0,0.0,0.0,,,,,,,,,,,
opt_pess_3_4,pess,Low efficiency,9.9,0.91,3.4,min_surplus_loss,G5,biofuel_use_growth_constraint,0,2030.0,1.9701470706907683e-16,0.0,1.9701470706907683e-16,True,0.001,False,0.290751115318284,1e-10,-2.621232176326407,1.3018518929051675e-16,1.9374885412427893e-16,0.6719275315404463,0.0,True,The KKT residual norm is smaller than the tolerance kkt_tol_abs or kkt_tol_rel. GEMSEO stopped the driver.,0.0,20,0.47511474347557864,False,19,2907511153.18284,-26212321763.26407,,,1.552969421732896,,,,,,,,volume,91969067110.31766,154900000000.0,36960305390.91342,18.770246308475404,93851231542.377,0.0,29.149618555457074,145748092777.28534,0.0,
opt_pess_3_4,pess,Low efficiency,9.9,0.91,3.4,min_surplus_loss,G5,biofuel_use_growth_constraint,1,2035.0,-3.940294141381537e-15,0.0,3.940294141381537e-15,True,0.001,False,0.1383887452175161,1e-10,-2.621232176326407,1.3018518929051675e-16,1.9374885412427893e-16,0.6719275315404463,0.0,True,The KKT residual norm is smaller than the tolerance kkt_tol_abs or kkt_tol_rel. GEMSEO stopped the driver.,0.0,20,0.47511474347557864,False,19,1383887452.175161,-26212321763.26407,,,1.9352824430911528,,,,,,,,rate,385440767999.99976,154900000000.0,154899999999.99994,8.934070059232802,0.0,14348145104.152063,17.289948930979577,0.0,27767713310.98977,
opt_pess_3_4,pess,Low efficiency,9.9,0.91,3.4,min_surplus_loss,G5,biofuel_use_growth_constraint,2,2040.0,-1.590660857721271,0.0,1.590660857721271,False,0.001,False,0.0,1e-10,-2.621232176326407,1.3018518929051675e-16,1.9374885412427893e-16,0.6719275315404463,0.0,True,The KKT residual norm is smaller than the tolerance kkt_tol_abs or kkt_tol_rel. GEMSEO stopped the driver.,0.0,20,0.47511474347557864,False,19,0.0,-26212321763.26407,,,2.411714024837406,,,,,,,,rate,959099971829.7589,154900000000.0,385440767999.99963,0.0,0.0,0.0,0.0,0.0,0.0,
opt_pess_3_4,pess,Low efficiency,9.9,0.91,3.4,min_surplus_loss,G5,biofuel_use_growth_constraint,3,2045.0,-6.753822236160616,0.0,6.753822236160616,False,0.001,False,0.0,1e-10,-2.621232176326407,1.3018518929051675e-16,1.9374885412427893e-16,0.6719275315404463,0.0,True,The KKT residual norm is smaller than the tolerance kkt_tol_abs or kkt_tol_rel. GEMSEO stopped the driver.,0.0,20,0.47511474347557864,False,19,0.0,-26212321763.26407,,,3.005434456537094,,,,,,,,rate,1773424447826.7805,154900000000.0,712699511247.2595,0.0,0.0,0.0,0.0,0.0,0.0,
opt_pess_3_4,pess,Low efficiency,9.9,0.91,3.4,min_surplus_loss,G5,biofuel_use_growth_constraint,4,2050.0,-6.8937378882506275,0.0,6.8937378882506275,False,0.001,False,0.0,1e-10,-2.621232176326407,1.3018518929051675e-16,1.9374885412427893e-16,0.6719275315404463,0.0,True,The KKT residual norm is smaller than the tolerance kkt_tol_abs or kkt_tol_rel. GEMSEO stopped the driver.,0.0,20,0.47511474347557864,False,19,0.0,-26212321763.26407,,,3.7453181345368614,,,,,,,,rate,1809690796638.006,154900000000.0,727274143453.417,0.0,0.0,0.0,0.0,0.0,0.0,
opt_pess_3_4,pess,Low efficiency,9.9,0.91,3.4,min_surplus_loss,G6,electrofuel_use_growth_constraint,0,2030.0,-0.9999998749244096,0.0,0.9999998749244096,False,0.001,False,0.0,1e-10,-2.621232176326407,1.3018518929051675e-16,1.9374885412427893e-16,0.6719275315404463,0.0,True,The KKT residual norm is smaller than the tolerance kkt_tol_abs or kkt_tol_rel. GEMSEO stopped the driver.,0.0,20,0.47511474347557864,False,19,0.0,-26212321763.26407,,,1.552969421732896,,,,,,,,volume,0.0,154900000000.0,0.0,0.0,0.0,0.0,0.0,0.0,0.0,
opt_pess_3_4,pess,Low efficiency,9.9,0.91,3.4,min_surplus_loss,G6,electrofuel_use_growth_constraint,1,2035.0,-0.9999998714248504,0.0,0.9999998714248504,False,0.001,False,0.0,1e-10,-2.621232176326407,1.3018518929051675e-16,1.9374885412427893e-16,0.6719275315404463,0.0,True,The KKT residual norm is smaller than the tolerance kkt_tol_abs or kkt_tol_rel. GEMSEO stopped the driver.,0.0,20,0.47511474347557864,False,19,0.0,-26212321763.26407,,,1.9352824430911528,,,,,,,,volume,48209.23026890704,154900000000.0,19374.20840925084,0.0,0.0,0.0,0.0,0.0,0.0,
opt_pess_3_4,pess,Low efficiency,9.9,0.91,3.4,min_surplus_loss,G6,electrofuel_use_growth_constraint,2,2040.0,-0.9999998698458141,0.0,0.9999998698458141,False,0.001,False,0.0,1e-10,-2.621232176326407,1.3018518929051675e-16,1.9374885412427893e-16,0.6719275315404463,0.0,True,The KKT residual norm is smaller than the tolerance kkt_tol_abs or kkt_tol_rel. GEMSEO stopped the driver.,0.0,20,0.47511474347557864,False,19,0.0,-26212321763.26407,,,2.411714024837406,,,,,,,,volume,49558.10361647892,154900000000.0,19916.290355130743,0.0,0.0,0.0,0.0,0.0,0.0,
opt_pess_3_4,pess,Low efficiency,9.9,0.91,3.4,min_surplus_loss,G6,electrofuel_use_growth_constraint,3,2045.0,-0.028974086950437326,0.0,0.028974086950437326,False,0.001,False,0.0,1e-10,-2.621232176326407,1.3018518929051675e-16,1.9374885412427893e-16,0.6719275315404463,0.0,True,The KKT residual norm is smaller than the tolerance kkt_tol_abs or kkt_tol_rel. GEMSEO stopped the driver.,0.0,20,0.47511474347557864,False,19,0.0,-26212321763.26407,,,3.005434456537094,,,,,,,,volume,50166.762090490454,154900000000.0,20160.896544853742,0.0,0.0,0.0,0.0,0.0,0.0,
opt_pess_3_4,pess,Low efficiency,9.9,0.91,3.4,min_surplus_loss,G6,electrofuel_use_growth_constraint,4,2050.0,-0.0006351078845266068,0.0,0.0006351078845266068,True,0.001,False,0.07147058896977601,1e-10,-2.621232176326407,1.3018518929051675e-16,1.9374885412427893e-16,0.6719275315404463,0.0,True,The KKT residual norm is smaller than the tolerance kkt_tol_abs or kkt_tol_rel. GEMSEO stopped the driver.,0.0,20,0.47511474347557864,False,19,714705889.6977601,-26212321763.26407,,,3.7453181345368614,,,,,,,,rate,374520412109.62787,154900000000.0,150511353889.22162,4.613982502890639,0.0,7200127618.538396,17.280832340512088,0.0,26966768540.69156,
opt_pess_3_6,pess,Low efficiency,9.9,0.91,3.6,min_surplus_loss,G1,aviation_carbon_budget_constraint,0,,1.2253903277635302e-07,0.0,1.2253903277635302e-07,True,0.0001,True,52.81068132385316,1e-10,-6.510732008410239,1.695420432222624e-16,2.493277803472703e-16,0.6799966012055287,0.0,True,The KKT residual norm is smaller than the tolerance kkt_tol_abs or kkt_tol_rel. GEMSEO stopped the driver.,0.0,28,0.6354416242659138,False,27,528106813238.53156,-65107320084.10239,3.7167384417222635,142.0887752848751,,,,,,,,,,,,,,,,,,,
opt_pess_3_6,pess,Low efficiency,9.9,0.91,3.6,min_surplus_loss,G2,blend_completeness_constraint,0,2030.0,-0.9408398248143794,0.0,0.9408398248143794,False,0.0001,True,0.0,1e-10,-6.510732008410239,1.695420432222624e-16,2.493277803472703e-16,0.6799966012055287,0.0,True,The KKT residual norm is smaller than the tolerance kkt_tol_abs or kkt_tol_rel. GEMSEO stopped the driver.,0.0,28,0.6354416242659138,False,27,0.0,-65107320084.10239,,,1.552969421732896,,,,,,,,,,,,,,,,,,
opt_pess_3_6,pess,Low efficiency,9.9,0.91,3.6,min_surplus_loss,G2,blend_completeness_constraint,1,2035.0,-0.857560213069708,0.0,0.857560213069708,False,0.0001,True,0.0,1e-10,-6.510732008410239,1.695420432222624e-16,2.493277803472703e-16,0.6799966012055287,0.0,True,The KKT residual norm is smaller than the tolerance kkt_tol_abs or kkt_tol_rel. GEMSEO stopped the driver.,0.0,28,0.6354416242659138,False,27,0.0,-65107320084.10239,,,1.9352824430911528,,,,,,,,,,,,,,,,,,
opt_pess_3_6,pess,Low efficiency,9.9,0.91,3.6,min_surplus_loss,G2,blend_completeness_constraint,2,2040.0,-0.6464940452171308,0.0,0.6464940452171308,False,0.0001,True,0.0,1e-10,-6.510732008410239,1.695420432222624e-16,2.493277803472703e-16,0.6799966012055287,0.0,True,The KKT residual norm is smaller than the tolerance kkt_tol_abs or kkt_tol_rel. GEMSEO stopped the driver.,0.0,28,0.6354416242659138,False,27,0.0,-65107320084.10239,,,2.411714024837406,,,,,,,,,,,,,,,,,,
opt_pess_3_6,pess,Low efficiency,9.9,0.91,3.6,min_surplus_loss,G2,blend_completeness_constraint,3,2045.0,-0.6579920048620249,0.0,0.6579920048620249,False,0.0001,True,0.0,1e-10,-6.510732008410239,1.695420432222624e-16,2.493277803472703e-16,0.6799966012055287,0.0,True,The KKT residual norm is smaller than the tolerance kkt_tol_abs or kkt_tol_rel. GEMSEO stopped the driver.,0.0,28,0.6354416242659138,False,27,0.0,-65107320084.10239,,,3.005434456537094,,,,,,,,,,,,,,,,,,
opt_pess_3_6,pess,Low efficiency,9.9,0.91,3.6,min_surplus_loss,G2,blend_completeness_constraint,4,2050.0,-0.6354416342659139,0.0,0.6354416342659139,False,0.0001,True,0.0,1e-10,-6.510732008410239,1.695420432222624e-16,2.493277803472703e-16,0.6799966012055287,0.0,True,The KKT residual norm is smaller than the tolerance kkt_tol_abs or kkt_tol_rel. GEMSEO stopped the driver.,0.0,28,0.6354416242659138,False,27,0.0,-65107320084.10239,,,3.7453181345368614,,,,,,,,,,,,,,,,,,
opt_pess_3_6,pess,Low efficiency,9.9,0.91,3.6,min_surplus_loss,G3,biomass_trajectory_constraint,0,2030.0,-0.7809259358038864,0.0,0.7809259358038864,False,0.0001,True,0.0,1e-10,-6.510732008410239,1.695420432222624e-16,2.493277803472703e-16,0.6799966012055287,0.0,True,The KKT residual norm is smaller than the tolerance kkt_tol_abs or kkt_tol_rel. GEMSEO stopped the driver.,0.0,28,0.6354416242659138,False,27,0.0,-65107320084.10239,,,1.552969421732896,,1105660710000.0002,1.1056607100000002,0.0,0.0,0.0,0.0,,,,,,,,,,,
opt_pess_3_6,pess,Low efficiency,9.9,0.91,3.6,min_surplus_loss,G3,biomass_trajectory_constraint,1,2035.0,-0.5373326301469317,0.0,0.5373326301469317,False,0.0001,True,0.0,1e-10,-6.510732008410239,1.695420432222624e-16,2.493277803472703e-16,0.6799966012055287,0.0,True,The KKT residual norm is smaller than the tolerance kkt_tol_abs or kkt_tol_rel. GEMSEO stopped the driver.,0.0,28,0.6354416242659138,False,27,0.0,-65107320084.10239,,,1.9352824430911528,,1302716745000.0002,1.3027167450000003,0.0,0.0,0.0,0.0,,,,,,,,,,,
opt_pess_3_6,pess,Low efficiency,9.9,0.91,3.6,min_surplus_loss,G3,biomass_trajectory_constraint,2,2040.0,-6.778577699151355e-14,0.0,6.778577699151355e-14,True,0.0001,True,0.7197397556868751,1e-10,-6.510732008410239,1.695420432222624e-16,2.493277803472703e-16,0.6799966012055287,0.0,True,The KKT residual norm is smaller than the tolerance kkt_tol_abs or kkt_tol_rel. GEMSEO stopped the driver.,0.0,28,0.6354416242659138,False,27,7197397556.868751,-65107320084.10239,,,2.411714024837406,,1499772780000.0,1.49977278,4.798991989219027,4798991989.219027,11.573796285481887,11573796285.481888,,,,,,,,,,,
opt_pess_3_6,pess,Low efficiency,9.9,0.91,3.6,min_surplus_loss,G3,biomass_trajectory_constraint,3,2045.0,4.263256414560601e-16,0.0,4.263256414560601e-16,True,0.0001,True,1.4523085610220372,1e-10,-6.510732008410239,1.695420432222624e-16,2.493277803472703e-16,0.6799966012055287,0.0,True,The KKT residual norm is smaller than the tolerance kkt_tol_abs or kkt_tol_rel. GEMSEO stopped the driver.,0.0,28,0.6354416242659138,False,27,14523085610.220371,-65107320084.10239,,,3.005434456537094,,1530442980000.0,1.53044298,9.489465337820278,9489465337.820278,28.51996610039948,28519966100.39948,,,,,,,,,,,
opt_pess_3_6,pess,Low efficiency,9.9,0.91,3.6,min_surplus_loss,G3,biomass_trajectory_constraint,4,2050.0,3.372417168634456e-08,0.0,3.372417168634456e-08,True,0.0001,True,1.1079608079901475,1e-10,-6.510732008410239,1.695420432222624e-16,2.493277803472703e-16,0.6799966012055287,0.0,True,The KKT residual norm is smaller than the tolerance kkt_tol_abs or kkt_tol_rel. GEMSEO stopped the driver.,0.0,28,0.6354416242659138,False,27,11079608079.901474,-65107320084.10239,,,3.7453181345368614,,1561113180000.0,1.56111318,7.097248439028279,7097248439.028279,26.581453284006045,26581453284.006046,,,,,,,,,,,
opt_pess_3_6,pess,Low efficiency,9.9,0.91,3.6,min_surplus_loss,G4,electricity_trajectory_constraint,0,2030.0,-0.9999999581674887,0.0,0.9999999581674887,False,0.0001,True,0.0,1e-10,-6.510732008410239,1.695420432222624e-16,2.493277803472703e-16,0.6799966012055287,0.0,True,The KKT residual norm is smaller than the tolerance kkt_tol_abs or kkt_tol_rel. GEMSEO stopped the driver.,0.0,28,0.6354416242659138,False,27,0.0,-65107320084.10239,,,1.552969421732896,,1065287574000.0001,1.065287574,0.0,0.0,0.0,0.0,,,,,,,,,,,
opt_pess_3_6,pess,Low efficiency,9.9,0.91,3.6,min_surplus_loss,G4,electricity_trajectory_constraint,1,2035.0,-0.9999999660532771,0.0,0.9999999660532771,False,0.0001,True,0.0,1e-10,-6.510732008410239,1.695420432222624e-16,2.493277803472703e-16,0.6799966012055287,0.0,True,The KKT residual norm is smaller than the tolerance kkt_tol_abs or kkt_tol_rel. GEMSEO stopped the driver.,0.0,28,0.6354416242659138,False,27,0.0,-65107320084.10239,,,1.9352824430911528,,1356710238000.0002,1.3567102380000002,0.0,0.0,0.0,0.0,,,,,,,,,,,
opt_pess_3_6,pess,Low efficiency,9.9,0.91,3.6,min_surplus_loss,G4,electricity_trajectory_constraint,2,2040.0,-0.9999999719822068,0.0,0.9999999719822068,False,0.0001,True,0.0,1e-10,-6.510732008410239,1.695420432222624e-16,2.493277803472703e-16,0.6799966012055287,0.0,True,The KKT residual norm is smaller than the tolerance kkt_tol_abs or kkt_tol_rel. GEMSEO stopped the driver.,0.0,28,0.6354416242659138,False,27,0.0,-65107320084.10239,,,2.411714024837406,,1648132902000.0002,1.6481329020000002,0.0,0.0,0.0,0.0,,,,,,,,,,,
opt_pess_3_6,pess,Low efficiency,9.9,0.91,3.6,min_surplus_loss,G4,electricity_trajectory_constraint,3,2045.0,-0.999999974301445,0.0,0.999999974301445,False,0.0001,True,0.0,1e-10,-6.510732008410239,1.695420432222624e-16,2.493277803472703e-16,0.6799966012055287,0.0,True,The KKT residual norm is smaller than the tolerance kkt_tol_abs or kkt_tol_rel. GEMSEO stopped the driver.,0.0,28,0.6354416242659138,False,27,0.0,-65107320084.10239,,,3.005434456537094,,1895265009000.0002,1.8952650090000003,0.0,0.0,0.0,0.0,,,,,,,,,,,
opt_pess_3_6,pess,Low efficiency,9.9,0.91,3.6,min_surplus_loss,G4,electricity_trajectory_constraint,4,2050.0,-0.9193999190115543,0.0,0.9193999190115543,False,0.0001,True,0.0,1e-10,-6.510732008410239,1.695420432222624e-16,2.493277803472703e-16,0.6799966012055287,0.0,True,The KKT residual norm is smaller than the tolerance kkt_tol_abs or kkt_tol_rel. GEMSEO stopped the driver.,0.0,28,0.6354416242659138,False,27,0.0,-65107320084.10239,,,3.7453181345368614,,2142397116000.0002,2.142397116,0.0,0.0,0.0,0.0,,,,,,,,,,,
opt_pess_3_6,pess,Low efficiency,9.9,0.91,3.6,min_surplus_loss,G5,biofuel_use_growth_constraint,0,2030.0,-0.25690828647064556,0.0,0.25690828647064556,False,0.0001,True,0.0,1e-10,-6.510732008410239,1.695420432222624e-16,2.493277803472703e-16,0.6799966012055287,0.0,True,The KKT residual norm is smaller than the tolerance kkt_tol_abs or kkt_tol_rel. GEMSEO stopped the driver.,0.0,28,0.6354416242659138,False,27,0.0,-65107320084.10239,,,1.552969421732896,,,,,,,,volume,91969067110.31766,154900000000.0,36960305390.91342,0.0,0.0,0.0,0.0,0.0,0.0,
opt_pess_3_6,pess,Low efficiency,9.9,0.91,3.6,min_surplus_loss,G5,biofuel_use_growth_constraint,1,2035.0,-8.749866538297137e-07,0.0,8.749866538297137e-07,True,0.0001,True,0.06981965978924175,1e-10,-6.510732008410239,1.695420432222624e-16,2.493277803472703e-16,0.6799966012055287,0.0,True,The KKT residual norm is smaller than the tolerance kkt_tol_abs or kkt_tol_rel. GEMSEO stopped the driver.,0.0,28,0.6354416242659138,False,27,698196597.8924174,-65107320084.10239,,,1.9352824430911528,,,,,,,,rate,286417840757.1903,154900000000.0,115104906425.697,4.507402181358408,0.0,5379168334.203855,8.723096305533693,0.0,10410210035.616602,
opt_pess_3_6,pess,Low efficiency,9.9,0.91,3.6,min_surplus_loss,G5,biofuel_use_growth_constraint,2,2040.0,3.918613114969588e-06,0.0,3.918613114969588e-06,True,0.0001,True,0.019764677723086373,1e-10,-6.510732008410239,1.695420432222624e-16,2.493277803472703e-16,0.6799966012055287,0.0,True,The KKT residual norm is smaller than the tolerance kkt_tol_abs or kkt_tol_rel. GEMSEO stopped the driver.,0.0,28,0.6354416242659138,False,27,197646777.23086372,-65107320084.10239,,,2.411714024837406,,,,,,,,rate,712698904257.4038,154900000000.0,286417705221.7576,1.2759637006511537,0.0,3789074713.8595805,3.0772595520438246,0.0,9138164628.57193,
opt_pess_3_6,pess,Low efficiency,9.9,0.91,3.6,min_surplus_loss,G5,biofuel_use_growth_constraint,3,2045.0,-6.753714037776049,0.0,6.753714037776049,False,0.0001,True,0.0,1e-10,-6.510732008410239,1.695420432222624e-16,2.493277803472703e-16,0.6799966012055287,0.0,True,The KKT residual norm is smaller than the tolerance kkt_tol_abs or kkt_tol_rel. GEMSEO stopped the driver.,0.0,28,0.6354416242659138,False,27,0.0,-65107320084.10239,,,3.005434456537094,,,,,,,,rate,1773424447835.0312,154900000000.0,712699511250.5753,0.0,0.0,0.0,0.0,0.0,0.0,
opt_pess_3_6,pess,Low efficiency,9.9,0.91,3.6,min_surplus_loss,G5,biofuel_use_growth_constraint,4,2050.0,-6.893750780703129,0.0,6.893750780703129,False,0.0001,True,0.0,1e-10,-6.510732008410239,1.695420432222624e-16,2.493277803472703e-16,0.6799966012055287,0.0,True,The KKT residual norm is smaller than the tolerance kkt_tol_abs or kkt_tol_rel. GEMSEO stopped the driver.,0.0,28,0.6354416242659138,False,27,0.0,-65107320084.10239,,,3.7453181345368614,,,,,,,,rate,1809690796464.0833,154900000000.0,727274143383.5212,0.0,0.0,0.0,0.0,0.0,0.0,
opt_pess_3_6,pess,Low efficiency,9.9,0.91,3.6,min_surplus_loss,G6,electrofuel_use_growth_constraint,0,2030.0,-0.99999987439321,0.0,0.99999987439321,False,0.0001,True,0.0,1e-10,-6.510732008410239,1.695420432222624e-16,2.493277803472703e-16,0.6799966012055287,0.0,True,The KKT residual norm is smaller than the tolerance kkt_tol_abs or kkt_tol_rel. GEMSEO stopped the driver.,0.0,28,0.6354416242659138,False,27,0.0,-65107320084.10239,,,1.552969421732896,,,,,,,,volume,0.0,154900000000.0,0.0,0.0,0.0,0.0,0.0,0.0,0.0,
opt_pess_3_6,pess,Low efficiency,9.9,0.91,3.6,min_surplus_loss,G6,electrofuel_use_growth_constraint,1,2035.0,-0.9999998701872725,0.0,0.9999998701872725,False,0.0001,True,0.0,1e-10,-6.510732008410239,1.695420432222624e-16,2.493277803472703e-16,0.6799966012055287,0.0,True,The KKT residual norm is smaller than the tolerance kkt_tol_abs or kkt_tol_rel. GEMSEO stopped the driver.,0.0,28,0.6354416242659138,False,27,0.0,-65107320084.10239,,,1.9352824430911528,,,,,,,,volume,48413.97758525762,154900000000.0,19456.491763622696,0.0,0.0,0.0,0.0,0.0,0.0,
opt_pess_3_6,pess,Low efficiency,9.9,0.91,3.6,min_surplus_loss,G6,electrofuel_use_growth_constraint,2,2040.0,-0.9999998698457149,0.0,0.9999998698457149,False,0.0001,True,0.0,1e-10,-6.510732008410239,1.695420432222624e-16,2.493277803472703e-16,0.6799966012055287,0.0,True,The KKT residual norm is smaller than the tolerance kkt_tol_abs or kkt_tol_rel. GEMSEO stopped the driver.,0.0,28,0.6354416242659138,False,27,0.0,-65107320084.10239,,,2.411714024837406,,,,,,,,volume,50035.11740620927,154900000000.0,20107.991498765947,0.0,0.0,0.0,0.0,0.0,0.0,
opt_pess_3_6,pess,Low efficiency,9.9,0.91,3.6,min_surplus_loss,G6,electrofuel_use_growth_constraint,3,2045.0,-0.9999998627188321,0.0,0.9999998627188321,False,0.0001,True,0.0,1e-10,-6.510732008410239,1.695420432222624e-16,2.493277803472703e-16,0.6799966012055287,0.0,True,The KKT residual norm is smaller than the tolerance kkt_tol_abs or kkt_tol_rel. GEMSEO stopped the driver.,0.0,28,0.6354416242659138,False,27,0.0,-65107320084.10239,,,3.005434456537094,,,,,,,,volume,50166.76763626554,154900000000.0,20160.89877357637,0.0,0.0,0.0,0.0,0.0,0.0,
opt_pess_3_6,pess,Low efficiency,9.9,0.91,3.6,min_surplus_loss,G6,electrofuel_use_growth_constraint,4,2050.0,-0.5132928004933032,0.0,0.5132928004933032,False,0.0001,True,0.0,1e-10,-6.510732008410239,1.695420432222624e-16,2.493277803472703e-16,0.6799966012055287,0.0,True,The KKT residual norm is smaller than the tolerance kkt_tol_abs or kkt_tol_rel. GEMSEO stopped the driver.,0.0,28,0.6354416242659138,False,27,0.0,-65107320084.10239,,,3.7453181345368614,,,,,,,,volume,52913.75879482939,154900000000.0,21264.852910730693,0.0,0.0,0.0,0.0,0.0,0.0,
opt_pess_3_8,pess,Low efficiency,9.9,0.91,3.8,min_surplus_loss,G1,aviation_carbon_budget_constraint,0,,-5.82734952913315e-13,0.0,5.82734952913315e-13,True,0.0001,True,55.974453314626054,1e-10,-9.707847899062418,7.886259742686949e-16,1.1423531846000873e-15,0.6903521475670201,0.0,True,The KKT residual norm is smaller than the tolerance kkt_tol_abs or kkt_tol_rel. GEMSEO stopped the driver.,0.0,32,0.6579920048574355,False,31,559744533146.2605,-97078478990.62418,3.964327277934319,141.1953388061152,,,,,,,,,,,,,,,,,,,
opt_pess_3_8,pess,Low efficiency,9.9,0.91,3.8,min_surplus_loss,G2,blend_completeness_constraint,0,2030.0,-0.9799999899998006,0.0,0.9799999899998006,False,0.0001,True,0.0,1e-10,-9.707847899062418,7.886259742686949e-16,1.1423531846000873e-15,0.6903521475670201,0.0,True,The KKT residual norm is smaller than the tolerance kkt_tol_abs or kkt_tol_rel. GEMSEO stopped the driver.,0.0,32,0.6579920048574355,False,31,0.0,-97078478990.62418,,,1.552969421732896,,,,,,,,,,,,,,,,,,
opt_pess_3_8,pess,Low efficiency,9.9,0.91,3.8,min_surplus_loss,G2,blend_completeness_constraint,1,2035.0,-0.9239320900853082,0.0,0.9239320900853082,False,0.0001,True,0.0,1e-10,-9.707847899062418,7.886259742686949e-16,1.1423531846000873e-15,0.6903521475670201,0.0,True,The KKT residual norm is smaller than the tolerance kkt_tol_abs or kkt_tol_rel. GEMSEO stopped the driver.,0.0,32,0.6579920048574355,False,31,0.0,-97078478990.62418,,,1.9352824430911528,,,,,,,,,,,,,,,,,,
opt_pess_3_8,pess,Low efficiency,9.9,0.91,3.8,min_surplus_loss,G2,blend_completeness_constraint,2,2040.0,-0.814230363600135,0.0,0.814230363600135,False,0.0001,True,0.0,1e-10,-9.707847899062418,7.886259742686949e-16,1.1423531846000873e-15,0.6903521475670201,0.0,True,The KKT residual norm is smaller than the tolerance kkt_tol_abs or kkt_tol_rel. GEMSEO stopped the driver.,0.0,32,0.6579920048574355,False,31,0.0,-97078478990.62418,,,2.411714024837406,,,,,,,,,,,,,,,,,,
opt_pess_3_8,pess,Low efficiency,9.9,0.91,3.8,min_surplus_loss,G2,blend_completeness_constraint,3,2045.0,-0.6579920048574351,0.0,0.6579920048574351,False,0.0001,True,0.0,1e-10,-9.707847899062418,7.886259742686949e-16,1.1423531846000873e-15,0.6903521475670201,0.0,True,The KKT residual norm is smaller than the tolerance kkt_tol_abs or kkt_tol_rel. GEMSEO stopped the driver.,0.0,32,0.6579920048574355,False,31,0.0,-97078478990.62418,,,3.005434456537094,,,,,,,,,,,,,,,,,,
opt_pess_3_8,pess,Low efficiency,9.9,0.91,3.8,min_surplus_loss,G2,blend_completeness_constraint,4,2050.0,-0.6670903907090184,0.0,0.6670903907090184,False,0.0001,True,0.0,1e-10,-9.707847899062418,7.886259742686949e-16,1.1423531846000873e-15,0.6903521475670201,0.0,True,The KKT residual norm is smaller than the tolerance kkt_tol_abs or kkt_tol_rel. GEMSEO stopped the driver.,0.0,32,0.6579920048574355,False,31,0.0,-97078478990.62418,,,3.7453181345368614,,,,,,,,,,,,,,,,,,
opt_pess_3_8,pess,Low efficiency,9.9,0.91,3.8,min_surplus_loss,G3,biomass_trajectory_constraint,0,2030.0,-0.9253404738709371,0.0,0.9253404738709371,False,0.0001,True,0.0,1e-10,-9.707847899062418,7.886259742686949e-16,1.1423531846000873e-15,0.6903521475670201,0.0,True,The KKT residual norm is smaller than the tolerance kkt_tol_abs or kkt_tol_rel. GEMSEO stopped the driver.,0.0,32,0.6579920048574355,False,31,0.0,-97078478990.62418,,,1.552969421732896,,1105660710000.0002,1.1056607100000002,0.0,0.0,0.0,0.0,,,,,,,,,,,
opt_pess_3_8,pess,Low efficiency,9.9,0.91,3.8,min_surplus_loss,G3,biomass_trajectory_constraint,1,2035.0,-0.7497809168799734,0.0,0.7497809168799734,False,0.0001,True,0.0,1e-10,-9.707847899062418,7.886259742686949e-16,1.1423531846000873e-15,0.6903521475670201,0.0,True,The KKT residual norm is smaller than the tolerance kkt_tol_abs or kkt_tol_rel. GEMSEO stopped the driver.,0.0,32,0.6579920048574355,False,31,0.0,-97078478990.62418,,,1.9352824430911528,,1302716745000.0002,1.3027167450000003,0.0,0.0,0.0,0.0,,,,,,,,,,,
opt_pess_3_8,pess,Low efficiency,9.9,0.91,3.8,min_surplus_loss,G3,biomass_trajectory_constraint,2,2040.0,-0.45918193865480306,0.0,0.45918193865480306,False,0.0001,True,0.0,1e-10,-9.707847899062418,7.886259742686949e-16,1.1423531846000873e-15,0.6903521475670201,0.0,True,The KKT residual norm is smaller than the tolerance kkt_tol_abs or kkt_tol_rel. GEMSEO stopped the driver.,0.0,32,0.6579920048574355,False,31,0.0,-97078478990.62418,,,2.411714024837406,,1499772780000.0,1.49977278,0.0,0.0,0.0,0.0,,,,,,,,,,,
opt_pess_3_8,pess,Low efficiency,9.9,0.91,3.8,min_surplus_loss,G3,biomass_trajectory_constraint,3,2045.0,-5.774012379333726e-12,0.0,5.774012379333726e-12,True,0.0001,True,1.4515282630961805,1e-10,-9.707847899062418,7.886259742686949e-16,1.1423531846000873e-15,0.6903521475670201,0.0,True,The KKT residual norm is smaller than the tolerance kkt_tol_abs or kkt_tol_rel. GEMSEO stopped the driver.,0.0,32,0.6579920048574355,False,31,14515282630.961805,-97078478990.62418,,,3.005434456537094,,1530442980000.0,1.53044298,9.48436682754545,9484366827.54545,28.504642861942504,28504642861.942505,,,,,,,,,,,
opt_pess_3_8,pess,Low efficiency,9.9,0.91,3.8,min_surplus_loss,G3,biomass_trajectory_constraint,4,2050.0,2.13047158581503e-09,0.0,2.13047158581503e-09,True,0.0001,True,1.0980448534620235,1e-10,-9.707847899062418,7.886259742686949e-16,1.1423531846000873e-15,0.6903521475670201,0.0,True,The KKT residual norm is smaller than the tolerance kkt_tol_abs or kkt_tol_rel. GEMSEO stopped the driver.,0.0,32,0.6579920048574355,False,31,10980448534.620235,-97078478990.62418,,,3.7453181345368614,,1561113180000.0,1.56111318,7.033729953276184,7033729953.276184,26.343556347440405,26343556347.440403,,,,,,,,,,,
opt_pess_3_8,pess,Low efficiency,9.9,0.91,3.8,min_surplus_loss,G4,electricity_trajectory_constraint,0,2030.0,-0.9999999578296199,0.0,0.9999999578296199,False,0.0001,True,0.0,1e-10,-9.707847899062418,7.886259742686949e-16,1.1423531846000873e-15,0.6903521475670201,0.0,True,The KKT residual norm is smaller than the tolerance kkt_tol_abs or kkt_tol_rel. GEMSEO stopped the driver.,0.0,32,0.6579920048574355,False,31,0.0,-97078478990.62418,,,1.552969421732896,,1065287574000.0001,1.065287574,0.0,0.0,0.0,0.0,,,,,,,,,,,
opt_pess_3_8,pess,Low efficiency,9.9,0.91,3.8,min_surplus_loss,G4,electricity_trajectory_constraint,1,2035.0,-0.9999999656212647,0.0,0.9999999656212647,False,0.0001,True,0.0,1e-10,-9.707847899062418,7.886259742686949e-16,1.1423531846000873e-15,0.6903521475670201,0.0,True,The KKT residual norm is smaller than the tolerance kkt_tol_abs or kkt_tol_rel. GEMSEO stopped the driver.,0.0,32,0.6579920048574355,False,31,0.0,-97078478990.62418,,,1.9352824430911528,,1356710238000.0002,1.3567102380000002,0.0,0.0,0.0,0.0,,,,,,,,,,,
opt_pess_3_8,pess,Low efficiency,9.9,0.91,3.8,min_surplus_loss,G4,electricity_trajectory_constraint,2,2040.0,-0.9999999711630106,0.0,0.9999999711630106,False,0.0001,True,0.0,1e-10,-9.707847899062418,7.886259742686949e-16,1.1423531846000873e-15,0.6903521475670201,0.0,True,The KKT residual norm is smaller than the tolerance kkt_tol_abs or kkt_tol_rel. GEMSEO stopped the driver.,0.0,32,0.6579920048574355,False,31,0.0,-97078478990.62418,,,2.411714024837406,,1648132902000.0002,1.6481329020000002,0.0,0.0,0.0,0.0,,,,,,,,,,,
opt_pess_3_8,pess,Low efficiency,9.9,0.91,3.8,min_surplus_loss,G4,electricity_trajectory_constraint,3,2045.0,-0.9999999742942728,0.0,0.9999999742942728,False,0.0001,True,0.0,1e-10,-9.707847899062418,7.886259742686949e-16,1.1423531846000873e-15,0.6903521475670201,0.0,True,The KKT residual norm is smaller than the tolerance kkt_tol_abs or kkt_tol_rel. GEMSEO stopped the driver.,0.0,32,0.6579920048574355,False,31,0.0,-97078478990.62418,,,3.005434456537094,,1895265009000.0002,1.8952650090000003,0.0,0.0,0.0,0.0,,,,,,,,,,,
opt_pess_3_8,pess,Low efficiency,9.9,0.91,3.8,min_surplus_loss,G4,electricity_trajectory_constraint,4,2050.0,-0.9865749415713926,0.0,0.9865749415713926,False,0.0001,True,0.0,1e-10,-9.707847899062418,7.886259742686949e-16,1.1423531846000873e-15,0.6903521475670201,0.0,True,The KKT residual norm is smaller than the tolerance kkt_tol_abs or kkt_tol_rel. GEMSEO stopped the driver.,0.0,32,0.6579920048574355,False,31,0.0,-97078478990.62418,,,3.7453181345368614,,2142397116000.0002,2.142397116,0.0,0.0,0.0,0.0,,,,,,,,,,,
opt_pess_3_8,pess,Low efficiency,9.9,0.91,3.8,min_surplus_loss,G5,biofuel_use_growth_constraint,0,2030.0,-0.7467574475042479,0.0,0.7467574475042479,False,0.0001,True,0.0,1e-10,-9.707847899062418,7.886259742686949e-16,1.1423531846000873e-15,0.6903521475670201,0.0,True,The KKT residual norm is smaller than the tolerance kkt_tol_abs or kkt_tol_rel. GEMSEO stopped the driver.,0.0,32,0.6579920048574355,False,31,0.0,-97078478990.62418,,,1.552969421732896,,,,,,,,volume,91969067110.31766,154900000000.0,36960305390.91342,0.0,0.0,0.0,0.0,0.0,0.0,
opt_pess_3_8,pess,Low efficiency,9.9,0.91,3.8,min_surplus_loss,G5,biofuel_use_growth_constraint,1,2035.0,2.915423635208199e-12,0.0,2.915423635208199e-12,True,0.0001,True,0.47056814593967067,1e-10,-9.707847899062418,7.886259742686949e-16,1.1423531846000873e-15,0.6903521475670201,0.0,True,The KKT residual norm is smaller than the tolerance kkt_tol_abs or kkt_tol_rel. GEMSEO stopped the driver.,0.0,32,0.6579920048574355,False,31,4705681459.396707,-97078478990.62418,,,1.9352824430911528,,,,,,,,volume,97610003924.243,154900000000.0,39227271381.592,30.378834469959372,151894172349.79684,0.0,58.7916249912847,293958124956.42346,0.0,
opt_pess_3_8,pess,Low efficiency,9.9,0.91,3.8,min_surplus_loss,G5,biofuel_use_growth_constraint,2,2040.0,-3.642407904293092e-12,0.0,3.642407904293092e-12,True,0.0001,True,0.17918022089892957,1e-10,-9.707847899062418,7.886259742686949e-16,1.1423531846000873e-15,0.6903521475670201,0.0,True,The KKT residual norm is smaller than the tolerance kkt_tol_abs or kkt_tol_rel. GEMSEO stopped the driver.,0.0,32,0.6579920048574355,False,31,1791802208.9892957,-97078478990.62418,,,2.411714024837406,,,,,,,,rate,385440768001.12366,154900000000.0,154900000000.4516,11.567477140021277,0.0,18577405302.85518,27.897446850575395,0.0,44803388913.98463,
opt_pess_3_8,pess,Low efficiency,9.9,0.91,3.8,min_surplus_loss,G5,biofuel_use_growth_constraint,3,2045.0,-1.496616064843122,0.0,1.496616064843122,False,0.0001,True,0.0,1e-10,-9.707847899062418,7.886259742686949e-16,1.1423531846000873e-15,0.6903521475670201,0.0,True,The KKT residual norm is smaller than the tolerance kkt_tol_abs or kkt_tol_rel. GEMSEO stopped the driver.,0.0,32,0.6579920048574355,False,31,0.0,-97078478990.62418,,,3.005434456537094,,,,,,,,rate,959099971831.1519,154900000000.0,385440768000.55945,0.0,0.0,0.0,0.0,0.0,0.0,
opt_pess_3_8,pess,Low efficiency,9.9,0.91,3.8,min_surplus_loss,G5,biofuel_use_growth_constraint,4,2050.0,-6.893750931991427,0.0,6.893750931991427,False,0.0001,True,0.0,1e-10,-9.707847899062418,7.886259742686949e-16,1.1423531846000873e-15,0.6903521475670201,0.0,True,The KKT residual norm is smaller than the tolerance kkt_tol_abs or kkt_tol_rel. GEMSEO stopped the driver.,0.0,32,0.6579920048574355,False,31,0.0,-97078478990.62418,,,3.7453181345368614,,,,,,,,rate,1809690796472.6206,154900000000.0,727274143386.9523,0.0,0.0,0.0,0.0,0.0,0.0,
opt_pess_3_8,pess,Low efficiency,9.9,0.91,3.8,min_surplus_loss,G6,electrofuel_use_growth_constraint,0,2030.0,-0.9999998733787216,0.0,0.9999998733787216,False,0.0001,True,0.0,1e-10,-9.707847899062418,7.886259742686949e-16,1.1423531846000873e-15,0.6903521475670201,0.0,True,The KKT residual norm is smaller than the tolerance kkt_tol_abs or kkt_tol_rel. GEMSEO stopped the driver.,0.0,32,0.6579920048574355,False,31,0.0,-97078478990.62418,,,1.552969421732896,,,,,,,,volume,0.0,154900000000.0,0.0,0.0,0.0,0.0,0.0,0.0,0.0,
opt_pess_3_8,pess,Low efficiency,9.9,0.91,3.8,min_surplus_loss,G6,electrofuel_use_growth_constraint,1,2035.0,-0.999999868535251,0.0,0.999999868535251,False,0.0001,True,0.0,1e-10,-9.707847899062418,7.886259742686949e-16,1.1423531846000873e-15,0.6903521475670201,0.0,True,The KKT residual norm is smaller than the tolerance kkt_tol_abs or kkt_tol_rel. GEMSEO stopped the driver.,0.0,32,0.6579920048574355,False,31,0.0,-97078478990.62418,,,1.9352824430911528,,,,,,,,volume,48805.002737159375,154900000000.0,19613.636002266343,0.0,0.0,0.0,0.0,0.0,0.0,
opt_pess_3_8,pess,Low efficiency,9.9,0.91,3.8,min_surplus_loss,G6,electrofuel_use_growth_constraint,2,2040.0,-0.9999998660402083,0.0,0.9999998660402083,False,0.0001,True,0.0,1e-10,-9.707847899062418,7.886259742686949e-16,1.1423531846000873e-15,0.6903521475670201,0.0,True,The KKT residual norm is smaller than the tolerance kkt_tol_abs or kkt_tol_rel. GEMSEO stopped the driver.,0.0,32,0.6579920048574355,False,31,0.0,-97078478990.62418,,,2.411714024837406,,,,,,,,volume,50671.87379040084,154900000000.0,20363.889608410835,0.0,0.0,0.0,0.0,0.0,0.0,
opt_pess_3_8,pess,Low efficiency,9.9,0.91,3.8,min_surplus_loss,G6,electrofuel_use_growth_constraint,3,2045.0,-0.9999998626805184,0.0,0.9999998626805184,False,0.0001,True,0.0,1e-10,-9.707847899062418,7.886259742686949e-16,1.1423531846000873e-15,0.6903521475670201,0.0,True,The KKT residual norm is smaller than the tolerance kkt_tol_abs or kkt_tol_rel. GEMSEO stopped the driver.,0.0,32,0.6579920048574355,False,31,0.0,-97078478990.62418,,,3.005434456537094,,,,,,,,volume,51633.564977695234,154900000000.0,20750.371727790334,0.0,0.0,0.0,0.0,0.0,0.0,
opt_pess_3_8,pess,Low efficiency,9.9,0.91,3.8,min_surplus_loss,G6,electrofuel_use_growth_constraint,4,2050.0,-0.918932183305854,0.0,0.918932183305854,False,0.0001,True,0.0,1e-10,-9.707847899062418,7.886259742686949e-16,1.1423531846000873e-15,0.6903521475670201,0.0,True,The KKT residual norm is smaller than the tolerance kkt_tol_abs or kkt_tol_rel. GEMSEO stopped the driver.,0.0,32,0.6579920048574355,False,31,0.0,-97078478990.62418,,,3.7453181345368614,,,,,,,,volume,52928.52642053657,154900000000.0,21270.787688294342,0.0,0.0,0.0,0.0,0.0,0.0,
opt_pess_mincarb,pess,Low efficiency,9.9,0.91,,min_co2,G2,blend_completeness_constraint,0,2030.0,-0.8317422292832517,0.0,0.8317422292832517,False,0.0001,True,0.0,10.0,-1.0143378184045275,9.26413801423296e-17,1.1099074322107641e-15,0.08346766356704385,0.0,True,The KKT residual norm is smaller than the tolerance kkt_tol_abs or kkt_tol_rel. GEMSEO stopped the driver.,0.0,5,0.12323854060709774,False,5,,,,,1.552969421732896,,,,,,,,,,,,,,,,,,0.0
opt_pess_mincarb,pess,Low efficiency,9.9,0.91,,min_co2,G2,blend_completeness_constraint,1,2035.0,-0.5678064503821829,0.0,0.5678064503821829,False,0.0001,True,0.0,10.0,-1.0143378184045275,9.26413801423296e-17,1.1099074322107641e-15,0.08346766356704385,0.0,True,The KKT residual norm is smaller than the tolerance kkt_tol_abs or kkt_tol_rel. GEMSEO stopped the driver.,0.0,5,0.12323854060709774,False,5,,,,,1.9352824430911528,,,,,,,,,,,,,,,,,,0.0
opt_pess_mincarb,pess,Low efficiency,9.9,0.91,,min_co2,G2,blend_completeness_constraint,2,2040.0,-0.14652585587456385,0.0,0.14652585587456385,False,0.0001,True,0.0,10.0,-1.0143378184045275,9.26413801423296e-17,1.1099074322107641e-15,0.08346766356704385,0.0,True,The KKT residual norm is smaller than the tolerance kkt_tol_abs or kkt_tol_rel. GEMSEO stopped the driver.,0.0,5,0.12323854060709774,False,5,,,,,2.411714024837406,,,,,,,,,,,,,,,,,,0.0
opt_pess_mincarb,pess,Low efficiency,9.9,0.91,,min_co2,G2,blend_completeness_constraint,3,2045.0,-0.12322854060709773,0.0,0.12322854060709773,False,0.0001,True,0.0,10.0,-1.0143378184045275,9.26413801423296e-17,1.1099074322107641e-15,0.08346766356704385,0.0,True,The KKT residual norm is smaller than the tolerance kkt_tol_abs or kkt_tol_rel. GEMSEO stopped the driver.,0.0,5,0.12323854060709774,False,5,,,,,3.005434456537094,,,,,,,,,,,,,,,,,,0.0
opt_pess_mincarb,pess,Low efficiency,9.9,0.91,,min_co2,G2,blend_completeness_constraint,4,2050.0,-0.1256165472507567,0.0,0.1256165472507567,False,0.0001,True,0.0,10.0,-1.0143378184045275,9.26413801423296e-17,1.1099074322107641e-15,0.08346766356704385,0.0,True,The KKT residual norm is smaller than the tolerance kkt_tol_abs or kkt_tol_rel. GEMSEO stopped the driver.,0.0,5,0.12323854060709774,False,5,,,,,3.7453181345368614,,,,,,,,,,,,,,,,,,0.0
opt_pess_mincarb,pess,Low efficiency,9.9,0.91,,min_co2,G3,biomass_trajectory_constraint,0,2030.0,-0.7051856988764122,0.0,0.7051856988764122,False,0.0001,True,0.0,10.0,-1.0143378184045275,9.26413801423296e-17,1.1099074322107641e-15,0.08346766356704385,0.0,True,The KKT residual norm is smaller than the tolerance kkt_tol_abs or kkt_tol_rel. GEMSEO stopped the driver.,0.0,5,0.12323854060709774,False,5,,,,,1.552969421732896,,1105660710000.0002,1.1056607100000002,,,,,,,,,,,,,,,0.0
opt_pess_mincarb,pess,Low efficiency,9.9,0.91,,min_co2,G3,biomass_trajectory_constraint,1,2035.0,-0.37737481794250416,0.0,0.37737481794250416,False,0.0001,True,0.0,10.0,-1.0143378184045275,9.26413801423296e-17,1.1099074322107641e-15,0.08346766356704385,0.0,True,The KKT residual norm is smaller than the tolerance kkt_tol_abs or kkt_tol_rel. GEMSEO stopped the driver.,0.0,5,0.12323854060709774,False,5,,,,,1.9352824430911528,,1302716745000.0002,1.3027167450000003,,,,,,,,,,,,,,,0.0
opt_pess_mincarb,pess,Low efficiency,9.9,0.91,,min_co2,G3,biomass_trajectory_constraint,2,2040.0,-1.4210854715202004e-16,0.0,1.4210854715202004e-16,True,0.0001,True,1.2188742694033827,10.0,-1.0143378184045275,9.26413801423296e-17,1.1099074322107641e-15,0.08346766356704385,0.0,True,The KKT residual norm is smaller than the tolerance kkt_tol_abs or kkt_tol_rel. GEMSEO stopped the driver.,0.0,5,0.12323854060709774,False,5,,,,,2.411714024837406,,1499772780000.0,1.49977278,,,,,,,,,,,,,,,0.3021338543465851
opt_pess_mincarb,pess,Low efficiency,9.9,0.91,,min_co2,G3,biomass_trajectory_constraint,3,2045.0,2.842170943040401e-16,0.0,2.842170943040401e-16,True,0.0001,True,1.2029310352010645,10.0,-1.0143378184045275,9.26413801423296e-17,1.1099074322107641e-15,0.08346766356704385,0.0,True,The KKT residual norm is smaller than the tolerance kkt_tol_abs or kkt_tol_rel. GEMSEO stopped the driver.,0.0,5,0.12323854060709774,False,5,,,,,3.005434456537094,,1530442980000.0,1.53044298,,,,,,,,,,,,,,,0.29818185460287516
opt_pess_mincarb,pess,Low efficiency,9.9,0.91,,min_co2,G3,biomass_trajectory_constraint,4,2050.0,2.842170943040401e-16,0.0,2.842170943040401e-16,True,0.0001,True,0.7142066754619188,10.0,-1.0143378184045275,9.26413801423296e-17,1.1099074322107641e-15,0.08346766356704385,0.0,True,The KKT residual norm is smaller than the tolerance kkt_tol_abs or kkt_tol_rel. GEMSEO stopped the driver.,0.0,5,0.12323854060709774,False,5,,,,,3.7453181345368614,,1561113180000.0,1.56111318,,,,,,,,,,,,,,,0.17703714080615843
opt_pess_mincarb,pess,Low efficiency,9.9,0.91,,min_co2,G4,electricity_trajectory_constraint,0,2030.0,-0.6669566077203453,0.0,0.6669566077203453,False,0.0001,True,0.0,10.0,-1.0143378184045275,9.26413801423296e-17,1.1099074322107641e-15,0.08346766356704385,0.0,True,The KKT residual norm is smaller than the tolerance kkt_tol_abs or kkt_tol_rel. GEMSEO stopped the driver.,0.0,5,0.12323854060709774,False,5,,,,,1.552969421732896,,1065287574000.0001,1.065287574,,,,,,,,,,,,,,,0.0
opt_pess_mincarb,pess,Low efficiency,9.9,0.91,,min_co2,G4,electricity_trajectory_constraint,1,2035.0,-0.3492925533572583,0.0,0.3492925533572583,False,0.0001,True,0.0,10.0,-1.0143378184045275,9.26413801423296e-17,1.1099074322107641e-15,0.08346766356704385,0.0,True,The KKT residual norm is smaller than the tolerance kkt_tol_abs or kkt_tol_rel. GEMSEO stopped the driver.,0.0,5,0.12323854060709774,False,5,,,,,1.9352824430911528,,1356710238000.0002,1.3567102380000002,,,,,,,,,,,,,,,0.0
opt_pess_mincarb,pess,Low efficiency,9.9,0.91,,min_co2,G4,electricity_trajectory_constraint,2,2040.0,0.0,0.0,0.0,True,0.0001,True,1.6366641312282706,10.0,-1.0143378184045275,9.26413801423296e-17,1.1099074322107641e-15,0.08346766356704385,0.0,True,The KKT residual norm is smaller than the tolerance kkt_tol_abs or kkt_tol_rel. GEMSEO stopped the driver.,0.0,5,0.12323854060709774,False,5,,,,,2.411714024837406,,1648132902000.0002,1.6481329020000002,,,,,,,,,,,,,,,0.4056953655120207
opt_pess_mincarb,pess,Low efficiency,9.9,0.91,,min_co2,G4,electricity_trajectory_constraint,3,2045.0,2.842170943040401e-16,0.0,2.842170943040401e-16,True,0.0001,True,1.8835412259922784,10.0,-1.0143378184045275,9.26413801423296e-17,1.1099074322107641e-15,0.08346766356704385,0.0,True,The KKT residual norm is smaller than the tolerance kkt_tol_abs or kkt_tol_rel. GEMSEO stopped the driver.,0.0,5,0.12323854060709774,False,5,,,,,3.005434456537094,,1895265009000.0002,1.8952650090000003,,,,,,,,,,,,,,,0.46689111807101696
opt_pess_mincarb,pess,Low efficiency,9.9,0.91,,min_co2,G4,electricity_trajectory_constraint,4,2050.0,0.0,0.0,0.0,True,0.0001,True,1.2449772826105054,10.0,-1.0143378184045275,9.26413801423296e-17,1.1099074322107641e-15,0.08346766356704385,0.0,True,The KKT residual norm is smaller than the tolerance kkt_tol_abs or kkt_tol_rel. GEMSEO stopped the driver.,0.0,5,0.12323854060709774,False,5,,,,,3.7453181345368614,,2142397116000.0002,2.142397116,,,,,,,,,,,,,,,0.30860425427896543
opt_pess_mincarb,pess,Low efficiency,9.9,0.91,,min_co2,G5,biofuel_use_growth_constraint,0,2030.0,0.0,0.0,0.0,True,0.0001,True,0.9154870223264885,10.0,-1.0143378184045275,9.26413801423296e-17,1.1099074322107641e-15,0.08346766356704385,0.0,True,The KKT residual norm is smaller than the tolerance kkt_tol_abs or kkt_tol_rel. GEMSEO stopped the driver.,0.0,5,0.12323854060709774,False,5,,,,,1.552969421732896,,,,,,,,volume,91969067110.23645,154900000000.0,36960305390.88078,,,0.0,,,0.0,0.22693039766535622
opt_pess_mincarb,pess,Low efficiency,9.9,0.91,,min_co2,G5,biofuel_use_growth_constraint,1,2035.0,1.324788575637256e-07,0.0,1.324788575637256e-07,True,0.0001,True,0.2611186798608547,10.0,-1.0143378184045275,9.26413801423296e-17,1.1099074322107641e-15,0.08346766356704385,0.0,True,The KKT residual norm is smaller than the tolerance kkt_tol_abs or kkt_tol_rel. GEMSEO stopped the driver.,0.0,5,0.12323854060709774,False,5,,,,,1.9352824430911528,,,,,,,,rate,385440767999.99994,154900000000.0,154900000000.0,,0.0,,,0.0,,0.06472594849907584
opt_pess_mincarb,pess,Low efficiency,9.9,0.91,,min_co2,G5,biofuel_use_growth_constraint,2,2040.0,-1.590706982826793,0.0,1.590706982826793,False,0.0001,True,0.0,10.0,-1.0143378184045275,9.26413801423296e-17,1.1099074322107641e-15,0.08346766356704385,0.0,True,The KKT residual norm is smaller than the tolerance kkt_tol_abs or kkt_tol_rel. GEMSEO stopped the driver.,0.0,5,0.12323854060709774,False,5,,,,,2.411714024837406,,,,,,,,rate,959100022892.5122,154900000000.0,385440788520.975,,0.0,,,0.0,,0.0
opt_pess_mincarb,pess,Low efficiency,9.9,0.91,,min_co2,G5,biofuel_use_growth_constraint,3,2045.0,-6.7537140378002425,0.0,6.7537140378002425,False,0.0001,True,0.0,10.0,-1.0143378184045275,9.26413801423296e-17,1.1099074322107641e-15,0.08346766356704385,0.0,True,The KKT residual norm is smaller than the tolerance kkt_tol_abs or kkt_tol_rel. GEMSEO stopped the driver.,0.0,5,0.12323854060709774,False,5,,,,,3.005434456537094,,,,,,,,rate,1773424447840.1736,154900000000.0,712699511252.642,,0.0,,,0.0,,0.0
opt_pess_mincarb,pess,Low efficiency,9.9,0.91,,min_co2,G5,biofuel_use_growth_constraint,4,2050.0,-6.893750942221183,0.0,6.893750942221183,False,0.0001,True,0.0,10.0,-1.0143378184045275,9.26413801423296e-17,1.1099074322107641e-15,0.08346766356704385,0.0,True,The KKT residual norm is smaller than the tolerance kkt_tol_abs or kkt_tol_rel. GEMSEO stopped the driver.,0.0,5,0.12323854060709774,False,5,,,,,3.7453181345368614,,,,,,,,rate,1809690796467.5537,154900000000.0,727274143384.916,,0.0,,,0.0,,0.0
opt_pess_mincarb,pess,Low efficiency,9.9,0.91,,min_co2,G6,electrofuel_use_growth_constraint,0,2030.0,-3.9402941413815366e-16,0.0,3.9402941413815366e-16,True,0.0001,True,1.041932926887217,10.0,-1.0143378184045275,9.26413801423296e-17,1.1099074322107641e-15,0.08346766356704385,0.0,True,The KKT residual norm is smaller than the tolerance kkt_tol_abs or kkt_tol_rel. GEMSEO stopped the driver.,0.0,5,0.12323854060709774,False,5,,,,,1.552969421732896,,,,,,,,volume,0.0,154900000000.0,0.0,,,0.0,,,0.0,0.2582737359162927
opt_pess_mincarb,pess,Low efficiency,9.9,0.91,,min_co2,G6,electrofuel_use_growth_constraint,1,2035.0,-5.923781987701869e-06,0.0,5.923781987701869e-06,True,0.0001,True,0.31677100628598137,10.0,-1.0143378184045275,9.26413801423296e-17,1.1099074322107641e-15,0.08346766356704385,0.0,True,The KKT residual norm is smaller than the tolerance kkt_tol_abs or kkt_tol_rel. GEMSEO stopped the driver.,0.0,5,0.12323854060709774,False,5,,,,,1.9352824430911528,,,,,,,,rate,385440767999.99976,154900000000.0,154899999999.99994,,0.0,,,0.0,,0.07852101523258578
opt_pess_mincarb,pess,Low efficiency,9.9,0.91,,min_co2,G6,electrofuel_use_growth_constraint,2,2040.0,-1.54630637510695,0.0,1.54630637510695,False,0.0001,True,0.0,10.0,-1.0143378184045275,9.26413801423296e-17,1.1099074322107641e-15,0.08346766356704385,0.0,True,The KKT residual norm is smaller than the tolerance kkt_tol_abs or kkt_tol_rel. GEMSEO stopped the driver.,0.0,5,0.12323854060709774,False,5,,,,,2.411714024837406,,,,,,,,rate,959097688562.6804,154900000000.0,385439850406.16986,,0.0,,,0.0,,0.0
opt_pess_mincarb,pess,Low efficiency,9.9,0.91,,min_co2,G6,electrofuel_use_growth_constraint,3,2045.0,-6.217299765901251,0.0,6.217299765901251,False,0.0001,True,0.0,10.0,-1.0143378184045275,9.26413801423296e-17,1.1099074322107641e-15,0.08346766356704385,0.0,True,The KKT residual norm is smaller than the tolerance kkt_tol_abs or kkt_tol_rel. GEMSEO stopped the driver.,0.0,5,0.12323854060709774,False,5,,,,,3.005434456537094,,,,,,,,rate,1790532443619.7698,154900000000.0,719574831058.6139,,0.0,,,0.0,,0.0
opt_pess_mincarb,pess,Low efficiency,9.9,0.91,,min_co2,G6,electrofuel_use_growth_constraint,4,2050.0,-7.254011005471719,0.0,7.254011005471719,False,0.0001,True,0.0,10.0,-1.0143378184045275,9.26413801423296e-17,1.1099074322107641e-15,0.08346766356704385,0.0,True,The KKT residual norm is smaller than the tolerance kkt_tol_abs or kkt_tol_rel. GEMSEO stopped the driver.,0.0,5,0.12323854060709774,False,5,,,,,3.7453181345368614,,,,,,,,rate,2059016893452.7463,154900000000.0,827472709881.6659,,0.0,,,0.0,,0.0
