{
    "other_float_data": {
        "short_range_energy_share_last_historical_year": 3.941637409441259,
        "medium_range_energy_share_last_historical_year": 18.25273341586444,
        "long_range_energy_share_last_historical_year": 62.8056291746943,
        "short_range_rpk_share_last_historical_year": 4.207579067665943,
        "medium_range_rpk_share_last_historical_year": 23.278295321843427,
        "long_range_rpk_share_last_historical_year": 72.51412561049062,
        "freight_energy_share_last_historical_year": 15.0,
        "commercial_aviation_coefficient": 1
    },
    "other_vector_data": {
        "years": [
            2000,
            2001,
            2002,
            2003,
            2004,
            2005,
            2006,
            2007,
            2008,
            2009,
            2010,
            2011,
            2012,
            2013,
            2014,
            2015,
            2016,
            2017,
            2018,
            2019
        ],
        "rpk_init": [
            65896680840.03834,
            63988028092.47483,
            65637001669.90495,
            67913153593.91453,
            78287954724.48164,
            84902506017.18582,
            90351863640.06007,
            97907941748.45255,
            99976914384.67816,
            98955986920.4779,
            106957663203.85281,
            113993298263.66548,
            120091094516.05411,
            126687422709.0998,
            134259554500.52472,
            144326732353.52362,
            154993970845.2769,
            167403901712.7039,
            179601229750.78192,
            188428369060.35355
        ],
        "ask_init": [
            92985535424.03607,
            92674441079.86627,
            92124493965.17276,
            94998537111.31067,
            106672167975.8699,
            113289973393.51309,
            119174082108.23973,
            127476439535.97958,
            131524570960.11404,
            129047747998.19855,
            136826625194.08223,
            146132771694.67688,
            152279596762.8133,
            159391161404.53635,
            168417019277.0505,
            179871972945.70798,
            193053348365.34406,
            205460242049.49466,
            219642586300.3717,
            228676037131.0769
        ],
        "rtk_init": [
            2561647151.992483,
            2403713621.618963,
            2748542394.3232355,
            2915240367.8658357,
            3264581527.152209,
            3334349965.844687,
            3566260603.1651444,
            3749706473.060541,
            3713151802.912275,
            3380363292.482357,
            4088222243.383126,
            4100479447.320081,
            4057720245.6214266,
            4073860705.3189397,
            4263511106.7647247,
            4318245488.238955,
            4472794728.6758995,
            4884810334.287699,
            5027623030.777929,
            4881209102.688521
        ],
        "freight_init": [
            659502.6543070078,
            624791.9882908496,
            711568.6533312453,
            728923.9863393244,
            785328.8186155817,
            791837.0684936114,
            841733.650891839,
            898138.4831680963,
            865597.2337779477,
            867766.6504039577,
            1041319.9804847492,
            1063014.1467448482,
            1049997.6469887889,
            1073861.2298748975,
            1108571.895891056,
            1112910.7291430756,
            1154129.6450372636,
            1236567.4768256396,
            1275616.9760938177,
            1249583.9765816992
        ],
        "total_aircraft_distance_init": [
            563657827.7698907,
            567454306.8654081,
            553353098.7963437,
            576197055.868228,
            653471676.0867003,
            691111054.547972,
            719790742.3438228,
            757885698.2965566,
            775978632.9574791,
            756432189.1571298,
            832318382.734956,
            877333777.7246612,
            899309968.1461415,
            927208665.9566287,
            964522631.9239988,
            1013204341.0116609,
            1067439756.6619083,
            1119158649.0259843,
            1177537650.4319105,
            1219190449.6513004
        ],
        "pax_init": [
            1634.2182220931008,
            1602.9413183209842,
            1627.3763993929504,
            1724.1393204379365,
            1934.2810176568462,
            2090.6655365174297,
            2205.99911917711,
            2406.3667839672335,
            2443.508107196622,
            2431.779268282078,
            2646.807981715381,
            2808.079516790358,
            2939.051551336097,
            3070.023585881836,
            3244.978766357114,
            3479.5555446479902,
            3712.177516453108,
            3974.1215855445857,
            4233.1334449074275,
            4384.630947553618
        ],
        "energy_consumption_init": [
            175216196417.1973,
            171339716066.13712,
            172890350291.89777,
            171339716066.13712,
            182969157119.31757,
            189946695495.2162,
            192272541620.51572,
            197699656197.3365,
            195373810072.03696,
            184519580918.3954,
            194598387745.81525,
            200025502322.63602,
            202351348447.93555,
            207778463024.75632,
            213980789501.11597,
            225611072261.02777,
            237239250754.11124,
            252745593011.7175,
            264373771504.80103,
            267475460809.68793
        ]
    },
    "climate_data": {
        "years": [
            1940.0,
            1941.0,
            1942.0,
            1943.0,
            1944.0,
            1945.0,
            1946.0,
            1947.0,
            1948.0,
            1949.0,
            1950.0,
            1951.0,
            1952.0,
            1953.0,
            1954.0,
            1955.0,
            1956.0,
            1957.0,
            1958.0,
            1959.0,
            1960.0,
            1961.0,
            1962.0,
            1963.0,
            1964.0,
            1965.0,
            1966.0,
            1967.0,
            1968.0,
            1969.0,
            1970.0,
            1971.0,
            1972.0,
            1973.0,
            1974.0,
            1975.0,
            1976.0,
            1977.0,
            1978.0,
            1979.0,
            1980.0,
            1981.0,
            1982.0,
            1983.0,
            1984.0,
            1985.0,
            1986.0,
            1987.0,
            1988.0,
            1989.0,
            1990.0,
            1991.0,
            1992.0,
            1993.0,
            1994.0,
            1995.0,
            1996.0,
            1997.0,
            1998.0,
            1999.0,
            2000.0
        ],