{
    "other_float_data": {
        "short_range_energy_share_2019": 52.3799966690921,
        "medium_range_energy_share_2019": 30.18383518726709,
        "long_range_energy_share_2019": 2.4361681436408062,
        "short_range_rpk_share_2019": 55.54842975888958,
        "medium_range_rpk_share_2019": 41.4260326873867,
        "long_range_rpk_share_2019": 3.0255375537237126,
        "freight_energy_share_2019": 15.0,
        "commercial_aviation_coefficient": 1
    },
    "other_vector_data": {
        "years": [
            2000,
            2001,
            2002,
            2003,
            2004,
            2005,
            2006,
            2007,
            2008,
            2009,
            2010,
            2011,
            2012,
            2013,
            2014,
            2015,
            2016,
            2017,
            2018,
            2019
        ],
        "rpk_init": [
            238034149661.6487,
            231139651669.12457,
            237096128054.80038,
            245318118613.74146,
            282794315192.1095,
            306687614100.05005,
            326371962255.79156,
            353666275176.86633,
            361139885924.1615,
            357452058286.8781,
            386355975535.82794,
            411770327024.29694,
            433796986443.9229,
            457624459274.1898,
            484976761835.11993,
            521341751530.85565,
            559874299927.128,
            604701858822.826,
            648761446812.3324,
            680647128651.1383
        ],
        "ask_init": [
            335885397767.18536,
            334761652584.0438,
            332775115597.10944,
            343156828418.7689,
            385324700318.94214,
            409229753883.6101,
            430484524178.13525,
            460474571708.6989,
            475097364677.61237,
            466150503620.4802,
            494249618705.4925,
            527865586014.5751,
            550069348928.894,
            575757975741.0029,
            608361475283.9635,
            649739434252.054,
            697353630435.9329,
            742170218318.6853,
            793400146911.9194,
            826031073987.2439
        ],
        "rtk_init": [
            9253265775.826899,
            8682773102.655998,
            9928374893.871857,
            10530526775.828615,
            11792428357.7065,
            12044448197.942434,
            12882163400.716736,
            13544812582.630627,
            13412768605.392584,
            12210659044.068186,
            14767610339.795286,
            14811886213.468576,
            14657430024.070246,
            14715733121.438261,
            15400794515.51244,
            15598507841.667683,
            16156775671.842064,
            17645071942.290104,
            18160944643.867577,
            17632063455.511757
        ],
        "freight_init": [
            2382277.096757603,
            2256894.091665097,
            2570351.604396361,
            2633043.1069426136,
            2836790.490217935,
            2860299.8036727794,
            3040537.873493256,
            3244285.2567685773,
            3126738.6894943537,
            3134575.127312635,
            3761490.152775162,
            3839854.5309579778,
            3792835.9040482882,
            3879036.720049386,
            4004419.7251418913,
            4020092.6007784544,
            4168984.919325805,
            4466769.556420505,
            4607825.437149573,
            4513788.183330194
        ],
        "total_aircraft_distance_init": [
            2036063273.945922,
            2049777040.1279147,
            1998840194.3090844,
            2081357884.5355897,
            2360491799.62278,
            2496453995.769965,
            2600051703.727648,
            2737659551.816673,
            2803015443.221141,
            2732409138.478424,
            3006527733.361914,
            3169133818.0912566,
            3248516933.190449,
            3349293523.5335503,
            3484080254.0079937,
            3659929918.6502323,
            3855840864.107272,
            4042661541.6951056,
            4253540083.3850627,
            4403999689.496069
        ],
        "pax_init": [
            23885.611337587714,
            23428.470450743927,
            23785.611768590632,
            25199.89138726359,
            28271.306720745262,
            30557.011154964184,
            32242.71817520064,
            35171.276981543626,
            35714.131784670615,
            35542.7039521042,
            38685.54754915521,
            41042.68024694348,
            42956.95771060182,
            44871.23517426017,
            47428.36701004258,
            50856.923661370965,
            54256.909007271606,
            58085.46393458829,
            61871.16190376339,
            64085.43807441296
        ],
        "energy_consumption_init": [
            637732312745.1968,
            623623133170.8007,
            629266958178.0597,
            623623133170.8007,
            665950671893.9891,
            691346735595.4005,
            699812090162.5377,
            719565094744.1929,
            711099740177.0558,
            671593731013.7454,
            708277444729.6748,
            728030449311.33,
            736495803878.4672,
            756248808460.1223,
            778823342601.6556,
            821153944874.8549,
            863476888273.0272,
            919915138345.6171,
            962238081743.7896,
            973527263533.3129
        ]
    },
    "climate_data": {
        "years": [
            1940.0,
            1941.0,
            1942.0,
            1943.0,
            1944.0,
            1945.0,
            1946.0,
            1947.0,
            1948.0,
            1949.0,
            1950.0,
            1951.0,
            1952.0,
            1953.0,
            1954.0,
            1955.0,
            1956.0,
            1957.0,
            1958.0,
            1959.0,
            1960.0,
            1961.0,
            1962.0,
            1963.0,
            1964.0,
            1965.0,
            1966.0,
            1967.0,
            1968.0,
            1969.0,
            1970.0,
            1971.0,
            1972.0,
            1973.0,
            1974.0,
            1975.0,
            1976.0,
            1977.0,
            1978.0,
            1979.0,
            1980.0,
            1981.0,
            1982.0,
            1983.0,
            1984.0,
            1985.0,
            1986.0,
            1987.0,
            1988.0,
            1989.0,
            1990.0,
            1991.0,
            1992.0,
            1993.0,
            1994.0,
            1995.0,
            1996.0,
            1997.0,
            1998.0,
            1999.0,
            2000.0
        ],