{
    "other_float_data": {
        "short_range_energy_share_last_historical_year": 7.450933700598596,
        "medium_range_energy_share_last_historical_year": 21.1265460540257,
        "long_range_energy_share_last_historical_year": 56.42252024537571,
        "short_range_rpk_share_last_historical_year": 7.860404756655229,
        "medium_range_rpk_share_last_historical_year": 27.492050135555594,
        "long_range_rpk_share_last_historical_year": 64.64754510778918,
        "freight_energy_share_last_historical_year": 15.0,
        "commercial_aviation_coefficient": 1
    },
    "other_vector_data": {
        "years": [
            2000,
            2001,
            2002,
            2003,
            2004,
            2005,
            2006,
            2007,
            2008,
            2009,
            2010,
            2011,
            2012,
            2013,
            2014,
            2015,
            2016,
            2017,
            2018,
            2019
        ],
        "rpk_init": [
            44784221044.13209,
            43487076401.12849,
            44607739782.74595,
            46154641532.50655,
            53205488118.362595,
            57700821167.37145,
            61404273802.92585,
            66539480431.2295,
            67945580506.28354,
            67251745238.043594,
            72689786044.19783,
            77471292968.18623,
            81615432730.12592,
            86098381129.21294,
            91244498044.3525,
            98086279944.62328,
            105335870674.46304,
            113769817271.23257,
            122059276285.58069,
            128058312245.93233
        ],
        "ask_init": [
            63194150589.24816,
            62982726922.72541,
            62608975880.44147,
            64562212096.685135,
            72495759862.0891,
            76993304455.72685,
            80992219453.70216,
            86634606983.56667,
            89385768501.91713,
            87702488166.70773,
            92989111883.93668,
            99313687213.66226,
            103491147581.34402,
            108324257213.34007,
            114458344832.36314,
            122243276798.70508,
            131201506908.83229,
            139633389397.2815,
            149271890635.25806,
            155411138525.0819
        ],
        "rtk_init": [
            1740927931.8693535,
            1633594299.2134519,
            1867944311.7224572,
            1981234371.2455273,
            2218651058.973273,
            2266066575.8168693,
            2423675989.703077,
            2548348132.2495475,
            2523505114.251581,
            2297337816.869502,
            2778407748.1784887,
            2786737899.614009,
            2757678203.1902747,
            2768647464.5496144,
            2897536285.5218525,
            2934734466.1799345,
            3039768092.4217815,
            3319779129.7021236,
            3416836451.649074,
            3317331686.979475
        ],
        "freight_init": [
            448206.3781235463,
            424616.56874862284,
            483591.0921859316,
            495385.9968733933,
            533719.4371076439,
            538142.5263654421,
            572052.8773418947,
            610386.3175761453,
            588270.8712871545,
            589745.2343730873,
            707694.2812477048,
            722437.9121070319,
            713591.7335914356,
            729809.7275366954,
            753399.536911619,
            756348.2630834845,
            784361.1617162061,
            840386.9589816493,
            866925.4945284383,
            849233.1374972457
        ],
        "total_aircraft_distance_init": [
            383069016.9870388,
            385649152.38742113,
            376065792.32885844,
            391590835.62372994,
            444107648.7446534,
            469687848.285586,
            489178928.2816165,
            515068744.0705951,
            527364932.20727396,
            514080920.8030202,
            565654141.5489466,
            596247175.5820506,
            611182473.642549,
            630142782.9276438,
            655501828.0056865,
            688586535.6540167,
            725445612.8023345,
            760594428.7709706,
            800269539.4134201,
            828577310.6633283
        ],
        "pax_init": [
            1317.8778019156398,
            1292.6552602521826,
            1312.3603709267586,
            1390.3926091980795,
            1559.8565609994328,
            1685.9692693167185,
            1778.9773917007174,
            1940.55929923224,
            1970.5110674575956,
            1961.052614333799,
            2134.4575882700674,
            2264.5113187222687,
            2370.130711937996,
            2475.750105153723,
            2616.8386975836866,
            2806.007760059616,
            2993.600413681579,
            3204.8392001130333,
            3413.7133732635384,
            3535.885059445909
        ],
        "energy_consumption_init": [
            120426814124.85333,
            117762493198.81168,
            118828250494.65366,
            117762493198.81168,
            125755455976.9367,
            130551146867.53577,
            132149710497.73544,
            135879788719.61913,
            134281225089.41943,
            126821068645.65208,
            133748274127.93513,
            137478352349.81882,
            139076915980.0185,
            142806994201.90216,
            147069878758.14352,
            155063420044.7749,
            163055515060.14038,
            173713088018.56027,
            181705183033.92578,
            183836986879.8629
        ]
    },
    "climate_data": {
        "years": [
            1940.0,
            1941.0,
            1942.0,
            1943.0,
            1944.0,
            1945.0,
            1946.0,
            1947.0,
            1948.0,
            1949.0,
            1950.0,
            1951.0,
            1952.0,
            1953.0,
            1954.0,
            1955.0,
            1956.0,
            1957.0,
            1958.0,
            1959.0,
            1960.0,
            1961.0,
            1962.0,
            1963.0,
            1964.0,
            1965.0,
            1966.0,
            1967.0,
            1968.0,
            1969.0,
            1970.0,
            1971.0,
            1972.0,
            1973.0,
            1974.0,
            1975.0,
            1976.0,
            1977.0,
            1978.0,
            1979.0,
            1980.0,
            1981.0,
            1982.0,
            1983.0,
            1984.0,
            1985.0,
            1986.0,
            1987.0,
            1988.0,
            1989.0,
            1990.0,
            1991.0,
            1992.0,
            1993.0,
            1994.0,
            1995.0,
            1996.0,
            1997.0,
            1998.0,
            1999.0,
            2000.0
        ],