{
    "other_float_data": {
        "short_range_energy_share_2019": 2.9076512334272446,
        "medium_range_energy_share_2019": 13.12271157756562,
        "long_range_energy_share_2019": 68.96963718900717,
        "freight_energy_share_2019": 15.0,
        "short_range_rpk_share_2019": 3.268681708814298,
        "medium_range_rpk_share_2019": 17.557025845805775,
        "long_range_rpk_share_2019": 79.17429244537995,
        "commercial_aviation_coefficient": 1
    },
    "other_vector_data": {
        "years": [
            2000,
            2001,
            2002,
            2003,
            2004,
            2005,
            2006,
            2007,
            2008,
            2009,
            2010,
            2011,
            2012,
            2013,
            2014,
            2015,
            2016,
            2017,
            2018,
            2019
        ],
        "rpk_init": [
            265094213397.81168,
            257415938979.20856,
            264049556148.5428,
            273206234393.5966,
            314942778781.0546,
            341552302198.105,
            363474395301.1842,
            393871564885.17444,
            402194786427.59515,
            398087721252.1069,
            430277477293.90686,
            458580968731.7015,
            483111650404.5926,
            509647864540.99243,
            540109616110.31757,
            580608630022.0336,
            623521613818.025,
            673445233940.9816,
            722513579123.0161,
            758024071032.3754
        ],
        "ask_init": [
            374069331814.23737,
            372817837665.9904,
            370605468303.5036,
            382167389137.5174,
            429128965230.3832,
            455751579590.40674,
            479422622674.7182,
            512821981847.2506,
            529107114906.02924,
            519143161844.2888,
            550436624657.184,
            587874103372.212,
            612602021919.2341,
            641210968693.0723,
            677520880853.334,
            723602745578.3942,
            776629791915.5532,
            826541193825.068,
            883595014220.8124,
            919935471914.6785
        ],
        "rtk_init": [
            10305190308.577562,
            9669843209.606995,
            11057046800.010452,
            11727652172.055761,
            13133008536.71552,
            13413678354.06296,
            14346626223.29309,
            15084606315.17429,
            14937551389.107613,
            13598784287.705345,
            16446413476.209557,
            16495722694.7423,
            16323707704.073208,
            16388638781.220749,
            17151578937.704363,
            17371768598.51518,
            17993501116.79352,
            19650989043.118935,
            20225506893.74026,
            19636501732.895157
        ],
        "pax_init": [
            6161.638661794199,
            6043.712563003879,
            6135.842327683816,
            6500.676195816367,
            7292.992172063828,
            7882.622666015424,
            8317.475155304728,
            9072.939225680213,
            9212.976467993718,
            9168.754180947348,
            9979.496110130794,
            10587.55255701838,
            11081.368095702843,
            11575.183634387307,
            12234.832749495657,
            13119.278490423056,
            13996.353850176058,
            14983.984927544983,
            15960.560433152317,
            16531.764974167927
        ],
        "freight_init": [
            2653097.7759210523,
            2513461.0508725764,
            2862552.8634937676,
            2932371.2260180055,
            3159280.9042217797,
            3185462.7901683687,
            3386190.582425554,
            3613100.260629328,
            3482190.8308963818,
            3490918.1262119114,
            4189101.7514542937,
            4276374.7046095915,
            4224010.9327164125,
            4320011.1811872395,
            4459647.906235716,
            4477102.496866777,
            4642921.107861842,
            4974558.329851974,
            5131649.645531509,
            5026922.101745153
        ],
        "energy_consumption_init": [
            699895609845.024,
            684411130471.3398,
            690605090329.3726,
            684411130471.3398,
            730864568592.3925,
            758736127139.347,
            768026646654.9985,
            789705085886.7155,
            780414566371.0641,
            737057687907.63,
            777317166170.65,
            798995605402.3671,
            808286124918.0186,
            829964564149.7355,
            854739563039.0713,
            901196363331.3048,
            947644758195.5863,
            1009584356775.9137,
            1056032751640.1952,
            1068422352441.8511
        ],
        "total_aircraft_distance_init": [
            2267525868.880947,
            2282798635.683124,
            2226071216.1321807,
            2317969635.804709,
            2628835894.9438796,
            2780254468.6683216,
            2895629312.7396255,
            3048880618.4803276,
            3121666261.411846,
            3043033330.6189227,
            3348314120.756155,
            3529405498.5533977,
            3617813000.0997143,
            3730046017.8574276,
            3880155497.284539,
            4075996004.1650276,
            4294178387.0532722,
            4502237107.375502,
            4737088624.316408,
            4904652694.37458
        ]
    },
    "climate_data": {
        "years": [
            1940.0,
            1941.0,
            1942.0,
            1943.0,
            1944.0,
            1945.0,
            1946.0,
            1947.0,
            1948.0,
            1949.0,
            1950.0,
            1951.0,
            1952.0,
            1953.0,
            1954.0,
            1955.0,
            1956.0,
            1957.0,
            1958.0,
            1959.0,
            1960.0,
            1961.0,
            1962.0,
            1963.0,
            1964.0,
            1965.0,
            1966.0,
            1967.0,
            1968.0,
            1969.0,
            1970.0,
            1971.0,
            1972.0,
            1973.0,
            1974.0,
            1975.0,
            1976.0,
            1977.0,
            1978.0,
            1979.0,
            1980.0,
            1981.0,
            1982.0,
            1983.0,
            1984.0,
            1985.0,
            1986.0,
            1987.0,
            1988.0,
            1989.0,
            1990.0,
            1991.0,
            1992.0,
            1993.0,
            1994.0,
            1995.0,
            1996.0,
            1997.0,
            1998.0,
            1999.0,
            2000.0
        ],