{
    "other_float_data": {
        "short_range_energy_share_2019": 8.696701354861478,
        "medium_range_energy_share_2019": 33.71076508592049,
        "long_range_energy_share_2019": 42.592533559218055,
        "freight_energy_share_2019": 15.0,
        "short_range_rpk_share_2019": 8.815049371339585,
        "medium_range_rpk_share_2019": 43.03137398989195,
        "long_range_rpk_share_2019": 48.15357663876845,
        "commercial_aviation_coefficient": 1
    },
    "other_vector_data": {
        "years": [
            2000,
            2001,
            2002,
            2003,
            2004,
            2005,
            2006,
            2007,
            2008,
            2009,
            2010,
            2011,
            2012,
            2013,
            2014,
            2015,
            2016,
            2017,
            2018,
            2019
        ],
        "rpk_init": [
            105331682774.79478,
            102280821894.23509,
            104916602020.75636,
            108554887126.32947,
            125138351537.6736,
            135711294052.82074,
            144421748071.77716,
            156499661741.9174,
            159806783839.88257,
            158174895762.60208,
            170965069974.75974,
            182211088299.087,
            191958030516.7241,
            202501844557.90363,
            214605419026.53915,
            230697167055.90625,
            247748074120.92105,
            267584564892.86194,
            287081223468.51404,
            301190848197.8949
        ],
        "ask_init": [
            148631506095.19095,
            148134241432.45822,
            147255185700.2215,
            151849162165.9699,
            170508723882.60056,
            181086867910.9562,
            190492244094.5684,
            203763038127.1916,
            210233720558.56735,
            206274675471.8033,
            218708719412.95227,
            233584006886.62454,
            243409318569.9364,
            254776705535.79535,
            269203969338.44202,
            287513989367.46136,
            308583585537.3643,
            328415221563.6439,
            351084803196.48193,
            365524203863.2818
        ],
        "rtk_init": [
            4094631197.7322917,
            3842184423.3463573,
            4393371439.673888,
            4659827622.968052,
            5218227404.278038,
            5329747847.4683075,
            5700442355.46084,
            5993668993.401424,
            5935238661.692593,
            5403297244.236517,
            6534765074.104462,
            6554357440.52315,
            6486009556.963443,
            6511809062.47761,
            6814953252.26907,
            6902442704.436063,
            7149479905.085156,
            7808060830.790877,
            8036337907.134643,
            7802304489.506803
        ],
        "pax_init": [
            3788.685056724752,
            3716.1743379357613,
            3772.82333698966,
            3997.1533732431,
            4484.33476510663,
            4846.888359051582,
            5114.2716345859835,
            5578.793426827953,
            5664.899905389881,
            5637.708385844009,
            6136.219577518318,
            6510.102971274051,
            6813.741606202949,
            7117.380241131846,
            7522.987074357761,
            8066.8174652751895,
            8606.115936268307,
            9213.3932061261,
            9813.87259609743,
            10165.096390231602
        ],
        "freight_init": [
            1054173.3435896144,
            998690.5360322662,
            1137397.5549256364,
            1165138.9587043107,
            1255298.5209850012,
            1265701.5474020042,
            1345458.083265692,
            1435617.6455463828,
            1383602.513461369,
            1387070.1889337031,
            1664484.2267204437,
            1699160.9814437863,
            1678354.9286097807,
            1716499.3588054576,
            1771982.1663628058,
            1778917.5173074743,
            1844803.351281825,
            1976575.0192305269,
            2038993.1777325436,
            1997381.0720645324
        ],
        "energy_consumption_init": [
            266572399166.374,
            260674755634.3632,
            263033877075.43298,
            260674755634.3632,
            278367686230.3955,
            288983252503.2185,
            292521774594.15955,
            300778539567.24005,
            297240017476.2991,
            280726487530.13794,
            296060296685.1005,
            304317061658.181,
            307855583749.1221,
            316112348722.20264,
            325548514345.15436,
            343242725506.496,
            360933735254.5644,
            384524949665.2621,
            402215959413.33044,
            406934842578.12463
        ],
        "total_aircraft_distance_init": [
            900971441.2218869,
            907039873.2984718,
            884499982.7282991,
            921014605.4519789,
            1044533205.7765251,
            1104697375.2215245,
            1150540044.9657834,
            1211432426.259973,
            1240352839.6992407,
            1209109083.693509,
            1330408371.7157612,
            1402362637.7666972,
            1437490190.301443,
            1482084496.8756616,
            1541728514.9998112,
            1619543152.5989916,
            1706235039.4073484,
            1788904422.6677969,
            1882219569.6283119,
            1948798938.6971295
        ]
    },
    "climate_data": {
        "years": [
            1940.0,
            1941.0,
            1942.0,
            1943.0,
            1944.0,
            1945.0,
            1946.0,
            1947.0,
            1948.0,
            1949.0,
            1950.0,
            1951.0,
            1952.0,
            1953.0,
            1954.0,
            1955.0,
            1956.0,
            1957.0,
            1958.0,
            1959.0,
            1960.0,
            1961.0,
            1962.0,
            1963.0,
            1964.0,
            1965.0,
            1966.0,
            1967.0,
            1968.0,
            1969.0,
            1970.0,
            1971.0,
            1972.0,
            1973.0,
            1974.0,
            1975.0,
            1976.0,
            1977.0,
            1978.0,
            1979.0,
            1980.0,
            1981.0,
            1982.0,
            1983.0,
            1984.0,
            1985.0,
            1986.0,
            1987.0,
            1988.0,
            1989.0,
            1990.0,
            1991.0,
            1992.0,
            1993.0,
            1994.0,
            1995.0,
            1996.0,
            1997.0,
            1998.0,
            1999.0,
            2000.0
        ],