{
    "other_float_data": {
        "short_range_energy_share_2019": 8.696701354861474,
        "medium_range_energy_share_2019": 33.71076508592048,
        "long_range_energy_share_2019": 42.59253355921805,
        "short_range_rpk_share_2019": 8.815049371339589,
        "medium_range_rpk_share_2019": 43.03137398989196,
        "long_range_rpk_share_2019": 48.15357663876846,
        "freight_energy_share_2019": 15.0,
        "commercial_aviation_coefficient": 1
    },
    "other_vector_data": {
        "years": [
            2000,
            2001,
            2002,
            2003,
            2004,
            2005,
            2006,
            2007,
            2008,
            2009,
            2010,
            2011,
            2012,
            2013,
            2014,
            2015,
            2016,
            2017,
            2018,
            2019
        ],
        "rpk_init": [
            105331682774.79474,
            102280821894.23506,
            104916602020.75633,
            108554887126.32944,
            125138351537.67355,
            135711294052.82068,
            144421748071.7771,
            156499661741.91733,
            159806783839.8825,
            158174895762.60202,
            170965069974.75967,
            182211088299.0869,
            191958030516.72403,
            202501844557.90356,
            214605419026.53906,
            230697167055.90616,
            247748074120.92093,
            267584564892.86185,
            287081223468.5139,
            301190848197.8948
        ],
        "ask_init": [
            148631506095.1909,
            148134241432.45816,
            147255185700.22144,
            151849162165.96985,
            170508723882.6005,
            181086867910.95615,
            190492244094.56836,
            203763038127.19153,
            210233720558.56726,
            206274675471.80325,
            218708719412.95218,
            233584006886.62445,
            243409318569.93634,
            254776705535.7953,
            269203969338.44193,
            287513989367.4613,
            308583585537.3642,
            328415221563.6438,
            351084803196.4818,
            365524203863.2816
        ],
        "rtk_init": [
            4094631197.7322903,
            3842184423.3463564,
            4393371439.673886,
            4659827622.968051,
            5218227404.278036,
            5329747847.468306,
            5700442355.460837,
            5993668993.4014225,
            5935238661.692591,
            5403297244.236515,
            6534765074.104459,
            6554357440.523149,
            6486009556.96344,
            6511809062.477606,
            6814953252.269068,
            6902442704.436061,
            7149479905.085154,
            7808060830.790875,
            8036337907.13464,
            7802304489.506801
        ],
        "freight_init": [
            1054173.343589614,
            998690.5360322659,
            1137397.5549256362,
            1165138.9587043102,
            1255298.5209850008,
            1265701.5474020035,
            1345458.0832656913,
            1435617.645546382,
            1383602.5134613684,
            1387070.1889337027,
            1664484.226720443,
            1699160.9814437858,
            1678354.92860978,
            1716499.3588054571,
            1771982.166362805,
            1778917.5173074733,
            1844803.3512818245,
            1976575.0192305262,
            2038993.1777325429,
            1997381.0720645317
        ],
        "total_aircraft_distance_init": [
            900971441.2218864,
            907039873.2984716,
            884499982.7282988,
            921014605.4519784,
            1044533205.7765247,
            1104697375.221524,
            1150540044.9657829,
            1211432426.2599726,
            1240352839.6992402,
            1209109083.6935086,
            1330408371.7157607,
            1402362637.7666967,
            1437490190.3014426,
            1482084496.8756614,
            1541728514.9998105,
            1619543152.5989912,
            1706235039.4073474,
            1788904422.6677964,
            1882219569.6283112,
            1948798938.697129
        ],
        "pax_init": [
            3788.685056724752,
            3716.1743379357613,
            3772.82333698966,
            3997.1533732431,
            4484.33476510663,
            4846.888359051582,
            5114.2716345859835,
            5578.793426827953,
            5664.899905389881,
            5637.708385844009,
            6136.219577518318,
            6510.102971274051,
            6813.741606202949,
            7117.380241131846,
            7522.987074357761,
            8066.8174652751895,
            8606.115936268307,
            9213.3932061261,
            9813.87259609743,
            10165.096390231602
        ],
        "energy_consumption_init": [
            266572399166.37402,
            260674755634.36325,
            263033877075.433,
            260674755634.36325,
            278367686230.39557,
            288983252503.21857,
            292521774594.15955,
            300778539567.2401,
            297240017476.2991,
            280726487530.138,
            296060296685.1005,
            304317061658.1811,
            307855583749.12213,
            316112348722.20264,
            325548514345.1544,
            343242725506.49603,
            360933735254.5644,
            384524949665.2621,
            402215959413.33044,
            406934842578.1247
        ]
    },
    "climate_data": {
        "years": [
            1940.0,
            1941.0,
            1942.0,
            1943.0,
            1944.0,
            1945.0,
            1946.0,
            1947.0,
            1948.0,
            1949.0,
            1950.0,
            1951.0,
            1952.0,
            1953.0,
            1954.0,
            1955.0,
            1956.0,
            1957.0,
            1958.0,
            1959.0,
            1960.0,
            1961.0,
            1962.0,
            1963.0,
            1964.0,
            1965.0,
            1966.0,
            1967.0,
            1968.0,
            1969.0,
            1970.0,
            1971.0,
            1972.0,
            1973.0,
            1974.0,
            1975.0,
            1976.0,
            1977.0,
            1978.0,
            1979.0,
            1980.0,
            1981.0,
            1982.0,
            1983.0,
            1984.0,
            1985.0,
            1986.0,
            1987.0,
            1988.0,
            1989.0,
            1990.0,
            1991.0,
            1992.0,
            1993.0,
            1994.0,
            1995.0,
            1996.0,
            1997.0,
            1998.0,
            1999.0,
            2000.0
        ],