{"rpk_init": [2039282519255.1116, 1980216081707.4778, 2031247657643.722, 2101682269628.6606, 2422749109379.514, 2627451441806.1895, 2796088202227.1943, 3029921607529.8574, 3093949410995.6206, 3062359810109.8643, 3309982992944.1074, 3527710421470.5967, 3716419565953.879, 3920550569233.554, 4154882125214.33, 4466431735837.254, 4796545179884.02, 5180593840949.0205, 5558060467986.776, 5831227635997.336], "ask_init": [2877592232514.9907, 2867964900002.68, 2850942513960.1675, 2939886579038.858, 3301145853623.358, 3505944862192.417, 3688037733181.36, 3944967337444.1694, 4070244848006.384, 3993599465235.4346, 4234329102028.0874, 4522322630652.445, 4712545696670.962, 4932624235271.238, 5211941751478.818, 5566434367458.606, 5974358678881.718, 6358308649718.035, 6797176040324.715, 7076791641304.644], "rtk_init": [79274436754.08755, 74386920666.9453, 85058221244.57253, 90216967620.06718, 101027911514.46988, 103187012027.69098, 110363872875.43144, 116040910792.03516, 114909665653.73367, 104610971041.54108, 126516844998.59666, 126896164585.03008, 125572909886.16231, 126072403288.47466, 131941450765.64465, 133635297343.64738, 138418080943.20804, 151168589944.17035, 155588166647.69473, 151057143835.5899], "pax_init": [72884.13480470213, 71489.22313379875, 72578.99787669201, 76894.50585854938, 86266.56864743153, 93241.12700194848, 98384.86378840475, 107321.01668012959, 108977.47428932735, 108454.38241273857, 118044.40015019938, 125236.91345329498, 131078.10607520293, 136919.29869711088, 144722.0858562267, 155183.92338800215, 165558.5789403461, 177240.96418416203, 188792.57645883074, 195549.17986476902], "freight_init": [20409407.836418208, 19335228.476606723, 22020676.876135435, 22557766.556041174, 24303308.01573484, 24504716.64569949, 26048849.4754285, 27794390.935122166, 26787347.785298895, 26854483.995287113, 32225380.794344533, 32896742.894226715, 32493925.63429741, 33232423.944167804, 34306603.303979285, 34440875.72395572, 35716463.71373186, 38267639.69328414, 39476091.47307206, 38670456.953213446], "energy_consumption_init": [5389748053814.69, 5270505840234.72, 5318202725666.707, 5270505840234.72, 5628232480974.632, 5842868465418.58, 5914413793566.5625, 6081352892578.522, 6009807564430.54, 5675929366406.62, 5985959121714.545, 6152898220726.505, 6224443548874.487, 6391382647886.446, 6582170189614.4, 6939896830354.313, 7297623471094.228, 7774592325414.11, 8132318966154.023, 8227712737018.0], "total_aircraft_distance_init": [17443330079.138744, 17560818446.618126, 17124433081.69471, 17831377372.870644, 20222769172.650963, 21387582415.94654, 22275123111.99078, 23454034959.38388, 24013950950.68562, 23409053698.691776, 25757478324.079636, 27150554681.335155, 27830644488.5158, 28694016148.964283, 29848758960.761627, 31355295512.897236, 33033700762.60268, 34634228008.721794, 36440863419.50473, 37729878651.27852], "short_range_energy_share_2019": 10.644001233316684, "medium_range_energy_share_2019": 24.19097479813556, "long_range_energy_share_2019": 50.16502396854779, "freight_energy_share_2019": 15.0, "short_range_rpk_share_2019": 11.432558218766319, "medium_range_rpk_share_2019": 31.44555958633572, "long_range_rpk_share_2019": 57.12188219489794, "commercial_aviation_coefficient": 1, "historic_start_year": 2000, "prospection_start_year": 2020}