run,block,year,rpk,rpk_no_elasticity,ask,airfare_per_rpk,total_cost_per_rpk,co2_emissions,cumulative_co2_emissions,biofuel_mandate_share,electrofuel_mandate_share,biofuel_energy,electrofuel_energy,dropin_energy,biomass_allocated_share,electricity_allocated_share,area_loss,total_airline_cost,cumulative_total_airline_cost_discounted,cumulative_total_surplus_loss_discounted
base,baseline,2019,1361496901347.7095,1361496901347.7095,1652315857408.9397,0.09236379319842411,0.08824028498633725,,,,,,,1927690920589.4683,,,-0.0,120138874582.93698,2414901591623.6533,-18359419951.922028
base,baseline,2020,462908946458.2212,462908946458.2212,709983046715.0631,0.121768405058906,0.11711115249230034,,0.0928776882208452,0.0,0.0,0.0,0.0,1047099078025.3121,0.0,0.0,-0.0,54211800218.718834,2469113391842.372,-18359419951.922028
base,baseline,2021,687555935180.5933,687555935180.5933,826157688416.4329,0.0916385245597242,0.08698127199311853,,0.17620282814313085,0.0,0.0,0.0,0.0,939404057748.4287,0.0,0.0,-0.0,59804489808.426155,2526342568692.5405,-18359419951.922028
base,baseline,2022,912202923902.9652,912202923902.9652,1090959425893.8142,0.09104346695936491,0.08638621439275924,,0.2848272970997897,0.0,0.0,0.0,0.0,1224627609432.456,0.0,0.0,-0.0,78801757353.9834,2598503698111.7236,-18359419951.922028
base,baseline,2023,1136849912625.3374,1136849912625.3374,1353514774009.468,0.09047050437039461,0.08581325180378893,,0.4178656899391656,0.0,0.0,0.0,0.0,1499869141368.387,0.0,0.0,-0.0,97556787815.23352,2683992379976.7183,-18359419951.922028
base,baseline,2024,1361496901347.7095,1361496901347.7095,1613982106501.2495,0.08991902631086571,0.08526177374426003,,0.5744674383382142,0.0,0.0,0.0,0.0,1765521402469.5452,0.0,0.0,-0.0,116083640756.21951,2781335633738.446,-18359419951.922028
base,baseline,2025,1422540591591.5667,1391449833177.3591,1679373859390.3062,0.09012355190039906,0.08525817466990729,,0.7320706154102715,2.0,0.0,36088527006.63617,0.0,1804426350331.8086,7.268667295723799,0.0,-2836564207.635595,121283214232.94704,2878659475922.6406,-20635623868.805603
base,baseline,2026,1454872689064.0269,1422061729507.2612,1710747480202.7632,0.0900522339150027,0.08518006954472819,,0.8883845363741396,3.6687599078290836,2.000000001209319e-07,66521159785.366486,3626.356670745005,1813178334276.1472,13.215947489748517,8.694458582108625e-07,-2992318087.1334286,123926156833.19952,2973821843616.0464,-22933412175.488037
base,baseline,2027,1487917784757.9712,1453347087556.421,1742989186218.102,0.08998244117085649,0.08510362491908628,,1.0433841917038416,5.337519815658167,4.000000002418638e-07,97242639602.96732,7287.477556635547,1821869388057.2764,19.060242799260468,1.69834715431836e-06,-3151577758.8420177,126627197064.48013,3066871111535.591,-25249281199.28424
base,baseline,2028,1521702565646.7651,1485320723482.662,1776135816235.6167,0.08991341688298173,0.08502801234203469,,1.1970359878142216,7.00627972348725,6.000000003627956e-07,128242578804.15895,10982.368727168512,1830394786754.6533,24.803634786745317,2.4897887163121295e-06,-3315410821.672161,129387344532.71901,3157854367828.994,-27580628778.8757
base,baseline,2029,1556258483379.7092,1517997779399.2808,1810230076961.4075,0.08984418787669715,0.08495216584701203,,1.349296169415962,8.675039631316334,8.000000004837276e-07,159501449601.35065,14709.000209936079,1838625025130.268,30.446351503635587,3.2462998084692074e-06,-3485280659.6864285,132207528780.89247,3246817399323.7603,-29925889566.630432
base,baseline,2030,1591622220501.3416,1551393730546.065,1845321046401.8188,0.08977356453336859,0.08487478174215829,,1.5001093905387899,10.343799539145417,1.0000000006046595e-06,190988527006.63626,18464.05920757996,1846405919641.5493,35.98649943270018,3.969872765511071e-06,-3663086153.1104584,135088588581.0207,3333804681037.4473,-32284652142.279205
base,baseline,2031,1622735872306.977,1585524392618.0786,1875569736698.9883,0.0900134519587523,0.08513759252605896,,1.6472555999902112,13.412107008473914,1.0000000004837276e-06,247942258152.09406,18486.450944313074,1848645093537.0667,45.109912982641845,3.7685029411412004e-06,-3392906644.666181,138155825473.89026,3418936126450.2217,-34375356937.536835
base,baseline,2032,1654734802345.3596,1620405929255.6763,1906953454312.8403,0.09023719005027087,0.08538260639591905,,1.7906773659587052,16.480414477802412,1.0000000003627956e-06,304931121172.19806,18502.636671762084,1850263666504.941,53.63238051500652,3.5857919380072284e-06,-3133973747.1235237,141285570318.28275,3502247121893.8647,-36223348009.653564
base,baseline,2033,1687668885457.079,1656054859699.3013,1939534429203.5479,0.09044336941233277,0.08560830328872045,,1.9303098101450933,19.548721947130907,1.0000000002418639e-06,361868643712.4233,18511.115190988552,1851111518651.1382,61.59723676687977,3.4188316996529685e-06,-2889433200.7529545,144478469797.14642,3583772225138.3413,-37853773223.45975
base,baseline,2034,1721582693616.0579,1692488066612.6858,1973369237978.0693,0.09063105020200388,0.08581367712529435,,2.0660863003037315,22.61702941645941,1.000000000120932e-06,418663625689.7588,18510.990901205998,1851099089896.743,69.04162919125183,3.2653431517962947e-06,-2661932190.57071,147735341414.46292,3663545300292.9546,-39291144367.43771
base,baseline,2035,1756506331242.5635,1729722804078.1648,2008498490937.771,0.0908002583368814,0.08599877728426111,,2.197946603487997,25.685336885787905,1e-06,475240571521.1528,18502.40756562203,1850240756562.2031,76.00072141201956,3.123614325590713e-06,-2452776473.532001,151057396778.9238,3741599745171.6284,-40558544111.74286
base,baseline,2036,1793949299370.8906,1767776705767.8845,2046651397324.127,0.09086775677662466,0.08607259948671975,,2.326462662577859,28.33501836556773,1.0000000000482414e-06,524197809633.73065,18499.99893756962,1849999893667.7153,81.36834474299123,2.9945607885636332e-06,-2397721209.3542395,154409879544.23218,3817950693741.9824,-41744143694.37198
base,baseline,2037,1832376435704.2502,1806667793294.7778,2086077564592.8638,0.09092504884304552,0.08613525210723565,,2.4516050678155996,30.984699845347556,1.000000000096483e-06,573003654935.1882,18493.116210596807,1849311620881.254,86.40689389382466,2.8750226848559697e-06,-2355961705.897586,157832206244.74347,3892633166599.7075,-42858929138.615845
base,baseline,2038,1871732279810.8962,1846414484747.2632,2126724379100.232,0.09097667457428985,0.08619170272578436,,2.573375114706859,33.634381325127386,1.0000000001447242e-06,621767000470.061,18486.054330826635,1848605432815.1257,91.15971551899838,2.764555970208387e-06,-2320804054.993317,161327792243.7154,3965682450432.9434,-43909790070.738556
base,baseline,2039,1911940971344.5945,1887035603411.7031,2168517656499.2354,0.09102792962392649,0.086247742875774,,2.691805127210686,36.28406280490721,1.0000000001929657e-06,670661586926.0522,18483.640893840693,1848364089027.3984,95.67472802288172,2.6628584522953765e-06,-2283642422.3215823,164900593290.18616,4037134172408.9194,-44899296416.32901
base,baseline,2040,1952921779866.0078,1928550386686.7605,2211379321242.415,0.09108396275880318,0.08630900133250753,,2.806952773591069,38.93374428468704,1.0000000002412072e-06,719898496213.7661,18490.348401208175,1849034839674.817,100.0,2.5696213379270222e-06,-2235369784.5514526,168554728500.73825,4107024187047.824,-45826176536.247925
base,baseline,2041,1992748990219.5115,1970978495193.8691,2253146752885.275,0.09124329689011353,0.08648316071104657,,2.920541551998435,39.01434498519568,1.1402693942332212,721571693085.0107,21089322855.019047,1849503543783.2346,99.8241425189773,2.845469535213709,-1998561478.9935277,172339231177.92978,4175406226905.68,-46619180600.272156
base,baseline,2042,2033338563832.9475,2014340022088.1343,2296007684360.078,0.09140540005167685,0.08666029637122474,,3.0326016524644333,39.094945685704324,2.280537788466442,723861989954.2235,42225269603.8087,1851548780176.244,99.73473679085487,5.5360414728873355,-1745643274.2436028,176209722564.8037,4242313214628.9443,-47282002897.58359
base,baseline,2043,2074664252688.6895,2058655502574.0732,2339948100874.2925,0.09157223616871629,0.08684255109218703,,3.143160825138225,39.175546386212964,3.420806182699663,726786343028.2246,63462936578.40582,1855204100698.905,99.73306172654776,8.091526138067406,-1472275696.9283385,180169136363.25153,4307777693719.191,-47816954463.21869
base,baseline,2044,2116929336984.5095,2103945923630.7031,2385213676020.6997,0.09173458626268137,0.08701985404844166,,3.252246562403719,39.25614708672161,4.561074576932884,730379497832.0076,84860986273.44388,1860548097648.275,99.82280696183413,10.530054504873986,-1195103837.5854313,184214881935.25638,4371829848043.7104,-48232496218.77432
base,baseline,2045,2160260955491.5938,2150232733950.5786,2431964529860.114,0.09188751052534755,0.0871868171164801,,3.359877228509945,39.33674778723025,5.701342971166105,734620346937.7352,106473533962.27388,1867516732474.2905,100.00000001161511,12.867316672914978,-923852536.7592831,188346276850.31815,4434498417122.184,-48539890224.57266
base,baseline,2046,2200408823446.1934,2197537854097.4912,2475437008683.1777,0.09222990172050541,0.08756048023554094,,3.465352371399653,39.32939640186234,7.340084599766595,736591114891.6332,137470736735.86728,1872876734148.7954,99.86799774093264,16.191080226752195,-264981331.74641627,192668853295.4703,4495844658766.446,-48624260939.04202
base,baseline,2047,2241784033720.7324,2245883686887.636,2520617836612.8296,0.09255148992242038,0.08791124012434151,,3.568682408864208,39.32204501649443,8.978826228367083,739128731649.0386,168773227310.1835,1879680294702.3635,99.81359371777687,19.385142537389065,379044015.690059,197078014495.33823,4555892629605.15,-48508769497.44705
base,baseline,2048,2284345300080.024,2295293127999.164,2567478752059.961,0.09285576579624173,0.08824294049607323,,3.669859629047846,39.31469363112651,10.617567856967572,742146993250.9867,200428779494.49817,1887708957404.6912,99.82427091140158,22.464269246457093,1013871399.2768439,201577346387.4461,4614666675969.564,-48213154312.02777
base,baseline,2049,2328053661893.901,2345789576815.1455,2615995714372.2847,0.09314596691855942,0.0885591389425511,,3.768860714584678,39.3073422457586,12.256309485568062,745571437678.9926,232474488523.3158,1896773974229.8206,99.88928294617911,25.440662605739117,1645074138.8473437,206170427709.37686,4672191321197.851,-47754153924.519165
base,baseline,2050,2372881909484.7563,2397396947505.079,2666159448859.2764,0.09342466800288815,0.08886266267838701,,3.8656494899364438,39.299990860390686,13.89505111416855,749342215784.1235,264940224218.18973,1906723638807.1624,100.00000244123521,28.32462634788136,2277258568.022916,210860604698.19077,4728491105922.083,-47146125851.54358
eps_m0_6,A,2019,1361496901347.7095,1361496901347.7095,1652315857408.9397,0.09236379319842411,0.08824028498633725,,,,,,,1927690920589.4683,,,-0.0,120138874582.93698,2414901591623.6533,-27230738980.130188
eps_m0_6,A,2020,462908946458.2212,462908946458.2212,709983046715.0631,0.121768405058906,0.11711115249230034,,0.0928776882208452,0.0,0.0,0.0,0.0,1047099078025.3121,0.0,0.0,-0.0,54211800218.718834,2469113391842.372,-27230738980.130188
eps_m0_6,A,2021,687555935180.5933,687555935180.5933,826157688416.4329,0.0916385245597242,0.08698127199311853,,0.17620282814313085,0.0,0.0,0.0,0.0,939404057748.4287,0.0,0.0,-0.0,59804489808.426155,2526342568692.5405,-27230738980.130188
eps_m0_6,A,2022,912202923902.9652,912202923902.9652,1090959425893.8142,0.09104346695936491,0.08638621439275924,,0.2848272970997897,0.0,0.0,0.0,0.0,1224627609432.456,0.0,0.0,-0.0,78801757353.9834,2598503698111.7236,-27230738980.130188
eps_m0_6,A,2023,1136849912625.3374,1136849912625.3374,1353514774009.468,0.09047050437039461,0.08581325180378893,,0.4178656899391656,0.0,0.0,0.0,0.0,1499869141368.387,0.0,0.0,-0.0,97556787815.23352,2683992379976.7183,-27230738980.130188
eps_m0_6,A,2024,1361496901347.7095,1361496901347.7095,1613982106501.2495,0.08991902631086571,0.08526177374426003,,0.5744674383382142,0.0,0.0,0.0,0.0,1765521402469.5452,0.0,0.0,-0.0,116083640756.21951,2781335633738.446,-27230738980.130188
eps_m0_6,A,2025,1412719024444.3818,1391449833177.3591,1667779052730.5015,0.09005780534207738,0.08525817466990727,,0.7311464713311553,2.0,0.0,35876913261.426186,0.0,1793845663071.3093,7.226045719375571,0.0,-1939814596.6705692,120445845345.58011,2877987528382.666,-28787345233.24579
eps_m0_6,A,2026,1444476901651.8672,1422061729507.2612,1698523340418.0532,0.08998735894003267,0.08518328698319227,,0.8864976140035336,3.6807217438132906,2e-07,66333239089.48168,3604.360432894843,1802180216447.4219,13.178612752096772,8.641720973453896e-07,-2043531105.103716,123045290454.0034,2972473482537.4946,-30356564059.8938
eps_m0_6,A,2027,1476934866489.2917,1453347087556.421,1730123483575.4395,0.08991837078852258,0.08510994408751234,,1.040497111492053,5.361443487626581,4e-07,97066738967.24036,7241.836210062161,1810459052515.5405,19.02576503478766,1.687710435307418e-06,-2149609327.667971,125701843907.80112,3064842774624.105,-31936158166.763885
eps_m0_6,A,2028,1510115840696.8252,1485320723482.662,1762611755988.1973,0.08985006361996592,0.08503731989046336,,1.1931123696028425,7.042165231439872,6e-07,128067026007.58374,10911.447414141281,1818574569023.5469,24.7696807950884,2.4737103010542623e-06,-2258777665.437389,128416203816.99193,3155143139210.015,-33524497026.22888
eps_m0_6,A,2029,1544046103024.3533,1517997779399.2808,1796024712963.9382,0.08978143611696444,0.0849643498223988,,1.3443003226315542,8.722886975253163,8e-07,159314242053.5142,14611.14812153259,1826393515191.574,30.41061648795137,3.2247036964775526e-06,-2372034617.6599946,131188873239.27277,3243420712880.5024,-35120649623.160736
eps_m0_6,A,2030,1578755609110.0527,1551393730546.065,1830403543686.4194,0.08971126268011782,0.08488973050265687,,1.494005956097583,10.403608719066453,1e-06,190776913261.42615,18337.57097302148,1833757097302.148,35.94662668203154,3.942677109786451e-06,-2490675811.360612,134020138186.91028,3329719989808.5454,-36724464725.05847
eps_m0_6,A,2031,1610820327233.3408,1585524392618.0786,1861797664411.825,0.08995903836128726,0.08515317936899748,,1.6401580666209656,13.475664648928358,1.0000000000067536e-06,247568385771.9225,18371.5157822128,1837151578208.8726,45.04189169956522,3.745073160180419e-06,-2305799250.1617255,137166472256.12788,3414241797016.3223,-38145295314.898895
eps_m0_6,A,2032,1643726508949.8567,1620405929255.6763,1894267250404.583,0.09019009982042182,0.08539879463443997,,1.7826885571543059,16.547720578790262,1.0000000000135072e-06,304453197133.0879,18398.497586877766,1839849758662.9253,53.548321518956854,3.5656098905735327e-06,-2128470341.4157033,140372262572.99377,3497014247885.0664,-39400377362.67023
eps_m0_6,A,2033,1677513648496.4038,1656054859699.3013,1927863637680.5913,0.09040300265301807,0.0856250548103889,,1.921521860990404,19.61977650865217,1.000000000020261e-06,361336398037.2472,18416.94771014449,1841694770977.1343,61.50663797247662,3.401439837238963e-06,-1960856656.5256925,143637198097.68002,3578064645367.141,-40506833166.052734
eps_m0_6,A,2034,1712217750820.8962,1692488066612.6858,1962634644690.204,0.09059678657835527,0.08583095289471993,,2.0565808261259684,22.691832438514076,1.0000000000270146e-06,418117929462.37836,18425.92177633113,1842592177583.3362,68.95163867322557,3.250336938149219e-06,-1804787442.9338822,146961281116.21164,3657419748966.9766,-41481369407.31241
eps_m0_6,A,2035,1747865051233.296,1729722804078.1648,1998617514393.7773,0.09077148647111834,0.08601653845073585,,2.1877952094516355,25.76388836837598,1.0000000000337682e-06,474714008806.6719,18425.557588015025,1842555758739.2827,75.91651322666942,3.110640355037707e-06,-1661175772.6653018,150345301386.1062,3735106239599.3027,-42339732887.32828
eps_m0_6,A,2036,1785474406571.9731,1767776705767.8845,2036982700892.651,0.09084298359132414,0.08609248094146625,,2.3156865374131543,28.424874428123047,1.0000000000270146e-06,523763708250.80725,18426.245279970502,1842624527947.2725,81.3009615714175,2.9826224197150315e-06,-1621109780.3839426,153715921319.27338,3811114047116.1167,-43141321942.6033
eps_m0_6,A,2037,1824021430559.219,1806667793294.7778,2076565769720.644,0.09090386952669366,0.08615714808043107,,2.44022112632182,31.08586048787011,1.000000000020261e-06,572663317844.8058,18421.987002092646,1842198700171.94,86.35557228256758,2.8639646194847736e-06,-1590126451.0255325,157152484494.57034,3885474891692.9863,-43893732229.10034
eps_m0_6,A,2038,1863474023299.2803,1846414484747.2632,2117341073783.7842,0.09095882729113686,0.08621551541297097,,2.561397561193985,33.74684654761718,1.0000000000135072e-06,621525118006.9137,18417.279882383373,1841727988213.4607,91.12425217583254,2.754270875908724e-06,-1563650671.4577827,160660373377.4301,3958221968017.3926,-44601753829.88437
eps_m0_6,A,2039,1903786210200.5474,1887035603411.7031,2159268551118.6628,0.09101331981611621,0.08627338538985904,,2.6792470826969432,36.40783260736424,1.0000000000067536e-06,670529943219.6465,18417.189247583676,1841718924745.9292,95.65594809566088,2.653285050122609e-06,-1535794531.6315603,164246081412.531,4029390088826.271,-45267216347.009796
eps_m0_6,A,2040,1944908771529.675,1928550386686.7605,2202305839079.128,0.0910726594215826,0.08633639919168636,,2.793827692046582,39.06881866711131,1e-06,719898496213.7322,18426.420884329247,1842642088432.9248,100.00000000000003,2.5607372699859445e-06,-1500322399.6591363,167916420090.19833,4099015433440.4688,-45889314317.253296
eps_m0_6,A,2041,1986778707197.747,1970978495193.8691,2246396317245.705,0.0911428088193712,0.08641088717028943,,2.9072269360075587,39.114866063599294,0.9688597925882999,721605415021.7313,17873881290.857098,1844836727418.2358,99.82880770115679,2.4116272029590853,-1449687378.1589715,171679310699.99802,4167135625150.828,-46464532039.86429
eps_m0_6,A,2042,2029453592206.036,2014340022088.1343,2291620847427.179,0.09122023536408846,0.08649309617213578,,3.019480504892409,39.160913460087286,1.9377185851765997,723917172117.2986,35820098016.095924,1848570700106.6594,99.74233986790098,4.696276661831634,-1387276334.892119,175533724727.5631,4233785935896.574,-46991282092.90558
eps_m0_6,A,2043,2072924839385.3333,2058655502574.0732,2337986271700.9453,0.09130655628320618,0.08658474128213245,,3.1306233966288386,39.20696085657527,2.9065773777648998,726856000675.328,53884901106.82143,1853895290007.997,99.74262047849749,6.870326355195989,-1310403882.5347936,179483660915.48505,4299001347393.875,-47467417513.763794
eps_m0_6,A,2044,2117320305901.559,2103945923630.7031,2385654193515.3335,0.09139345832191831,0.08667699522574633,,3.240688019968959,39.253008253063264,3.8754361703531996,730434547294.1935,72115554721.55623,1860837117463.9617,99.83033071050761,8.948525762117278,-1228801588.992303,183522962046.0052,4362812918769.4985,-47894676094.53366
eps_m0_6,A,2045,2162725417075.2034,2150232733950.5786,2434738955394.8184,0.09147629538628345,0.08676492627719537,,3.3496971307035213,39.29905564955125,4.8442949629414995,734620404717.371,90554794954.39333,1869308034443.2131,100.00000787675376,10.94353854490043,-1148313712.9483821,187648711370.34662,4425249386469.599,-48276755201.41644
eps_m0_6,A,2046,2205412021061.1245,2197537854097.4912,2481065553890.6807,0.09181482395618633,0.08712419586957852,,3.4567776946324025,39.25860079761122,6.436731888307124,736669942823.3628,120782371653.37402,1876454911424.625,99.87868533608372,14.225551676299553,-725123155.4777364,192144748896.05243,4486428751970.761,-48507636215.949524
eps_m0_6,A,2047,2249256926694.689,2245883686887.636,2529020210364.2344,0.09213304332907753,0.08746180069714284,,3.5619331821468605,39.2181459456712,8.029168813672747,739239330780.1218,151345180589.68082,1884942066879.4192,99.82852927118772,17.383372616809527,-311175777.0216754,196724061039.2389,4546368876244.923,-48602448790.716736
eps_m0_6,A,2048,2294244710568.727,2295293127999.164,2578605146168.0566,0.09243415081991065,0.08778115282515708,,3.6651506021079974,39.17769109373118,9.621605739038372,742250718354.5752,182288531359.3294,1894574942098.471,99.83822270645423,20.43109108043303,96872685.31984062,201391445556.7417,4605088719375.497,-48574203554.82849
eps_m0_6,A,2049,2340359185030.6333,2345789576815.1455,2629823228881.8145,0.09272125928258507,0.08808556935426934,,3.7664026764522007,39.13723624179116,11.214042664403994,745636613483.5504,213648218389.46408,1905184640215.7334,99.8980149924412,23.38042455704294,502541174.447846,206151871306.9171,4662608187088.85,-48433987020.89636
eps_m0_6,A,2050,2387590729706.0786,2397396947505.079,2682686213152.8975,0.09299691323178651,0.08837776034913933,,3.865650225941037,39.09678138985113,12.80647958976962,749342328592.1265,245453382496.50854,1916634316058.158,100.00001749537009,26.241297883488553,908838074.402557,211009921321.7905,4718947839353.899,-48191327240.9375
eps_m0_8,A,2019,1361496901347.7095,1361496901347.7095,1652315857408.9397,0.09236379319842411,0.08824028498633725,,,,,,,1927690920589.4683,,,-0.0,120138874582.93698,2414901591623.6533,-21126021653.93515
eps_m0_8,A,2020,462908946458.2212,462908946458.2212,709983046715.0631,0.121768405058906,0.11711115249230034,,0.0928776882208452,0.0,0.0,0.0,0.0,1047099078025.3121,0.0,0.0,-0.0,54211800218.718834,2469113391842.372,-21126021653.93515
eps_m0_8,A,2021,687555935180.5933,687555935180.5933,826157688416.4329,0.0916385245597242,0.08698127199311853,,0.17620282814313085,0.0,0.0,0.0,0.0,939404057748.4287,0.0,0.0,-0.0,59804489808.426155,2526342568692.5405,-21126021653.93515
eps_m0_8,A,2022,912202923902.9652,912202923902.9652,1090959425893.8142,0.09104346695936491,0.08638621439275924,,0.2848272970997897,0.0,0.0,0.0,0.0,1224627609432.456,0.0,0.0,-0.0,78801757353.9834,2598503698111.7236,-21126021653.93515
eps_m0_8,A,2023,1136849912625.3374,1136849912625.3374,1353514774009.468,0.09047050437039461,0.08581325180378893,,0.4178656899391656,0.0,0.0,0.0,0.0,1499869141368.387,0.0,0.0,-0.0,97556787815.23352,2683992379976.7183,-21126021653.93515
eps_m0_8,A,2024,1361496901347.7095,1361496901347.7095,1613982106501.2495,0.08991902631086571,0.08526177374426003,,0.5744674383382142,0.0,0.0,0.0,0.0,1765521402469.5452,0.0,0.0,-0.0,116083640756.21951,2781335633738.446,-21126021653.93515
eps_m0_8,A,2025,1419323378519.4385,1391449833177.3591,1675575793053.6714,0.09010201555251224,0.0852581746699073,,0.7317678970795566,2.0,0.0,36019209503.92862,0.0,1800960475196.431,7.2547059094645,0.0,-2542750048.6907,121008920518.89325,2878439368644.75,-23166454091.496674
eps_m0_8,A,2026,1451464247177.712,1422061729507.2612,1706739580809.0488,0.09003096247381588,0.08518112339982534,,0.8877661392998277,3.672677944479637,2e-07,66459766709.2221,3619.1448155217126,1809572407760.8567,13.20375035317107,8.677167625301304e-07,-2681169319.4400506,123637355149.27927,2973379966755.8657,-25225312585.496857
eps_m0_8,A,2027,1484313840874.4531,1453347087556.421,1738767423913.0488,0.08996141329594042,0.08510569472956746,,1.042437578758542,5.345355888959274,4e-07,97185261971.99619,7272.500764465872,1818125191116.4683,19.048996379131786,1.694856811853937e-06,-2822715763.207335,126323560624.33298,3066206113978.4004,-27299524456.250458
eps_m0_8,A,2028,1517897611960.3684,1485320723482.662,1771694662836.7231,0.0898926045062724,0.0850310609807151,,1.1957489611967946,7.018033833438912,6e-07,128185311301.98808,10959.078939564693,1826513156594.1155,24.792558573008325,2.4845087396644344e-06,-2968345696.4702964,129068444405.08391,3156965124445.0625,-29386821001.71039
eps_m0_8,A,2029,1552245315897.767,1517997779399.2808,1805561985794.4966,0.08982355369120966,0.08495615664425903,,1.3476567688548715,8.690711777918548,8e-07,159440282470.84912,14676.844571093168,1834605571386.6462,30.43467564759902,3.2392030076805603e-06,-3119369990.5216126,131872796207.72804,3245702912909.2437,-31485858880.03363
eps_m0_8,A,2030,1587391429429.3735,1551393730546.065,1840415882533.4905,0.08975305942321596,0.08487967813027053,,1.4981057757007796,10.363389722398185,1e-06,190919209503.92862,18422.46741829064,1842246741829.0637,35.97343846865509,3.960930305467794e-06,-3277489616.040665,134737273596.71527,3332463973179.4243,-33596325171.368225
eps_m0_8,A,2031,1618816234727.551,1585524392618.0786,1871039391528.0593,0.08999553872872769,0.0851427060526839,,1.6449249356868743,13.432958164026273,1.00000000000134e-06,247819847360.99078,18448.64283319137,1844864283316.6653,45.087641909536615,3.760795676045836e-06,-3035231854.866857,137830394826.72043,3417394888637.851,-35466631212.25641
eps_m0_8,A,2032,1651111847074.1462,1620405929255.6763,1902778279499.6504,0.09022168271765062,0.08538792473102715,,1.7880533166608177,16.50252660565436,1.00000000000268e-06,304774656773.68994,18468.363303233815,1846836330318.4321,53.60486099465997,3.579149794464054e-06,-2802995796.775497,140985014120.4744,3500528656952.285,-37119456546.985565
eps_m0_8,A,2033,1684324754626.0686,1656054859699.3013,1935691224568.8015,0.09043007064168164,0.08561381363155089,,1.9274225344043976,19.572095047282446,1.0000000000040202e-06,361694385863.5555,18480.105731717784,1848010573164.349,61.56757461677761,3.4131045394361335e-06,-2583608168.572164,144201465637.56393,3581897454605.0645,-38577313368.01813
eps_m0_8,A,2034,1718496738903.5393,1692488066612.6858,1969831953291.1013,0.0906197560807553,0.08581936636810819,,2.062962507885628,22.64166348891053,1.0000000000053602e-06,418484932321.37933,18482.958751179598,1848295875108.0525,69.01216094850798,3.2603982739258343e-06,-2379449881.610423,147480301238.362,3661532814985.807,-39862151731.10031
eps_m0_8,A,2035,1753656653709.529,1729722804078.1648,2005239992563.495,0.0907907680018645,0.0860046323768136,,2.1946097239518947,25.71123193053862,1.0000000000067002e-06,475068087392.81525,18477.0643693558,1847706436923.2002,75.97313765956888,3.119335835303311e-06,-2191699858.423954,150822595817.44116,3739465933407.8076,-40994647851.36853
eps_m0_8,A,2036,1791151214162.735,1767776705767.8845,2043459163851.8032,0.09085957562587157,0.08607916158885943,,2.322919432555145,28.364676389483893,1.0000000000053602e-06,524055785176.2725,18475.648302244455,1847564830214.5425,81.34629906692953,2.9906191960219064e-06,-2141291487.78243,154180794793.99585,3815703606596.8506,-42053450803.22876
eps_m0_8,A,2037,1829614707235.6235,1806667793294.7778,2082933461838.8433,0.09091804429559783,0.08614248600145963,,2.44786083922035,31.01812084842917,1.0000000000040202e-06,572892427715.0315,18469.604606829274,1846960460675.5024,86.39012122823459,2.8713674656111078e-06,-2102797767.225718,157607559306.10934,3890279781828.1514,-43048445050.046814
eps_m0_8,A,2038,1868999326218.7798,1846414484747.2632,2123619106463.757,0.09097076089959107,0.0861995758310697,,2.569434365948555,33.67156530737444,1.00000000000268e-06,621688022997.7936,18463.29439467143,1846329439462.195,91.14813631978225,2.76115226294303e-06,-2070219203.3023136,161106949148.6139,3963229067826.468,-43985841068.89636
eps_m0_8,A,2039,1909238997634.7603,1887035603411.7031,2165453086104.5479,0.09102307589612646,0.08625622622966095,,2.6876719950294876,36.32500976631972,1.00000000000134e-06,670618635974.1244,18461.62300544832,1846162300542.3584,95.66860075875339,2.6596864300420457e-06,-2035840184.1153228,164683750906.47498,4034586831609.787,-44867974261.50983
eps_m0_8,A,2040,1950263306192.5813,1928550386686.7605,2208369014445.649,0.09108019162932231,0.08631807008880212,,2.8026315156829424,38.97845422526499,1e-06,719898496213.914,18469.1391827255,1846913918272.55,100.0,2.5666738726223655e-06,-1991493732.0832763,168342964755.55017,4104389039923.8096,-45693732917.624756
eps_m0_8,A,2041,1990766871140.587,1970978495193.8691,2250905625082.21,0.09121759367940474,0.08646682465395253,,2.9161389331695244,39.047653180671745,1.0976159524158944,721582736170.5231,20283439789.429375,1847954172384.681,99.82567024875422,2.7367360434923977,-1816346266.0230188,172135289973.81085,4172690158476.3228,-46414436276.40103
eps_m0_8,A,2042,2032046058862.0679,2014340022088.1343,2294548212042.9746,0.09135888758683507,0.08661976057569165,,3.028225265257748,39.1168521360785,2.195230904831789,723880033489.366,40624020955.94172,1850557992169.601,99.73722285491668,5.326106071502977,-1626471074.4263895,176015343097.41016,4239523340143.6597,-47032008783.89346
eps_m0_8,A,2043,2074080445206.3572,2058655502574.0732,2339289642905.5923,0.09150595563172027,0.08677891202569753,,3.1389196142570164,39.18605109148526,3.2928458572476833,726809089365.1195,61074546484.37205,1854764818400.0042,99.7361830866587,7.787006336192766,-1418071643.511939,179986444488.78204,4304921438117.5977,-47547265299.68201
eps_m0_8,A,2044,2117048727034.423,2103945923630.7031,2385348196703.492,0.09164977628185622,0.08693451550877027,,3.248250015400888,39.255250046892016,4.390460809663578,730397453828.3726,81690510000.08661,1860636355534.311,99.82526105325923,10.136643004139573,-1205535921.6010542,184044605393.1964,4368914386696.983,-47966434327.086
eps_m0_8,A,2045,2161064516196.5337,2150232733950.5786,2432869157204.8037,0.09178546890548146,0.08708129458490182,,3.3562351615471853,39.32444900229877,5.488075762079473,734620347666.9626,102522787391.77696,1868100803202.657,100.0000001110525,12.389869317473892,-997326451.9882486,188188295751.8887,4431530390630.312,-48298275352.53873
eps_m0_8,A,2046,2202314019144.2573,2197537854097.4912,2477580334000.509,0.09211347406651223,0.08743597720069728,,3.46219181729335,39.3026796521322,7.084820571868557,736626263416.2795,132786490667.36589,1874239288354.266,99.87276322460525,15.63937732842372,-440546451.23399615,192561478366.67328,4492842443830.434,-48438546437.307556
eps_m0_8,A,2047,2244759710566.1323,2245883686887.636,2523963629079.7607,0.09242160629801019,0.08776901527433348,,3.5661280849334513,39.280910301965626,8.681565381657641,739178550900.9086,163367571398.77353,1881775511867.198,99.82032142098278,18.764253715071362,103847200.69777587,197020349323.88727,4552872844588.87,-48406905091.13736
eps_m0_8,A,2048,2288369728308.0596,2295293127999.164,2572001988527.0186,0.09271323034609237,0.08808407355565552,,3.668034691418529,39.25914095179906,10.278310191446725,742194138465.3003,194311474792.22516,1890500200645.091,99.8306122923913,21.778635275976672,640679733.4846547,201568927470.82257,4611644436243.939,-48220101657.93713
eps_m0_8,A,2049,2333113767467.994,2345789576815.1455,2621681672008.3857,0.0929914843349269,0.08838456402847064,,3.7678873785481586,39.23737160163249,11.875055001235811,745601283778.9707,225653653454.6807,1900232490975.3884,99.89328163172075,24.6942298906607,1174755996.5173733,206211243166.4813,4669180469597.65,-47892327094.532104
eps_m0_8,A,2050,2378971493624.381,2397396947505.079,2673001678229.6416,0.09325886973883947,0.08867320481020785,,3.8656495048231174,39.21560225146592,13.471799811024894,749342217410.9921,257422754295.0209,1910826748511.7634,100.00000265862701,27.52093741290479,1710067049.7446773,210951026491.8008,4725504396942.18,-47435739165.73227
eps_m1_0,A,2019,1361496901347.7095,1361496901347.7095,1652315857408.9397,0.09236379319842411,0.08824028498633725,,,,,,,1927690920589.4683,,,0.0,120138874582.93698,2414901591623.6533,-15753221617.876251
eps_m1_0,A,2020,462908946458.2212,462908946458.2212,709983046715.0631,0.121768405058906,0.11711115249230034,,0.0928776882208452,0.0,0.0,0.0,0.0,1047099078025.3121,0.0,0.0,0.0,54211800218.718834,2469113391842.372,-15753221617.876251
eps_m1_0,A,2021,687555935180.5933,687555935180.5933,826157688416.4329,0.0916385245597242,0.08698127199311853,,0.17620282814313085,0.0,0.0,0.0,0.0,939404057748.4287,0.0,0.0,0.0,59804489808.426155,2526342568692.5405,-15753221617.876251
eps_m1_0,A,2022,912202923902.9652,912202923902.9652,1090959425893.8142,0.09104346695936491,0.08638621439275924,,0.2848272970997897,0.0,0.0,0.0,0.0,1224627609432.456,0.0,0.0,0.0,78801757353.9834,2598503698111.7236,-15753221617.876251
eps_m1_0,A,2023,1136849912625.3374,1136849912625.3374,1353514774009.468,0.09047050437039461,0.08581325180378893,,0.4178656899391656,0.0,0.0,0.0,0.0,1499869141368.387,0.0,0.0,0.0,97556787815.23352,2683992379976.7183,-15753221617.876251
eps_m1_0,A,2024,1361496901347.7095,1361496901347.7095,1613982106501.2495,0.08991902631086571,0.08526177374426003,,0.5744674383382142,0.0,0.0,0.0,0.0,1765521402469.5452,0.0,0.0,0.0,116083640756.21951,2781335633738.446,-15753221617.876251
eps_m1_0,A,2025,1425702848843.5684,1391449833177.3591,1683107047882.1284,0.09014472036849863,0.08525817466990729,,0.732368162764195,2.0,0.0,36156660440.98255,0.0,1807833022049.1277,7.282390196244743,0.0,-3125425416.520365,121552822514.08939,2878875823369.989,-18261222514.122864
eps_m1_0,A,2026,1458225882125.35,1422061729507.2612,1714690413920.2021,0.09007316157916838,0.08517903379244476,,0.8889926595427193,3.664909174062801,2e-07,66581350909.6852,3633.4516217151026,1816725810857.5515,13.227905831144227,8.711469252312101e-07,-3298492226.239485,124210271690.57277,2974256361651.5527,-20794120637.395813
eps_m1_0,A,2027,1491466156161.618,1453347087556.421,1747145849340.6196,0.09000314843620703,0.08510159066320237,,1.0443154915292292,5.329818348125602,4e-07,97298810639.47316,7302.223399316515,1825555849829.129,19.071252718361876,1.7017836739876558e-06,-3475440694.6306186,126926142309.68588,3067525303044.563,-23347973362.798065
eps_m1_0,A,2028,1525451572522.956,1485320723482.662,1780511668349.1904,0.08993393078364785,0.08502501607197523,,1.1983027203511722,6.994727522188402,6e-07,128298645179.66515,11005.31605607348,1834219342678.9133,24.81447868833639,2.494991054898429e-06,-3657447954.7202163,129701544470.78423,3158729500061.308,-25919836367.22
eps_m1_0,A,2029,1560215251526.315,1517997779399.2808,1814832564776.281,0.08986454454597888,0.08494824360250951,,1.350910346268498,8.659636696251203,8e-07,159561425846.16913,14740.70392955344,1842587991194.1802,30.457800038057677,3.2532968699619815e-06,-3846127503.589213,132537545259.00804,3247914601105.4194,-28507912593.966217
eps_m1_0,A,2030,1595796045781.7112,1551393730546.065,1850160164337.3823,0.08979381173193446,0.08486996946276472,,1.5020828946972,10.324545870314005,1e-06,191056660440.98257,18505.090959043984,1850509095904.3984,35.99933729182375,3.978694814384878e-06,-4043573019.6837006,135435161674.29451,3335125050827.712,-31111681195.65036
eps_m1_0,A,2031,1626604306649.124,1585524392618.0786,1880040900801.7598,0.09003114433682793,0.08513255895194939,,1.6495519187768046,13.391581871041245,1e-06,248062517440.00122,18523.76514057883,1852376514057.883,45.13179261730558,3.7761095206236504e-06,-3745975661.4206815,138476987027.30133,3420454395584.6445,-33419946673.736084
eps_m1_0,A,2032,1658312174157.641,1620405929255.6763,1911076097726.8318,0.09025251124583737,0.0853773639490644,,1.7932634324169803,16.458617871768485,1e-06,305084821336.5792,18536.478804814597,1853647880481.4595,53.65941385188023,3.592350508555913e-06,-3460840751.505445,141582322034.2212,3503940374792.0137,-35460679406.953735
eps_m1_0,A,2033,1690972840044.9807,1656054859699.3013,1943331461744.1016,0.09045651412262938,0.08560286485741037,,1.9331560067930744,19.525653872495724,1e-06,362039833599.1542,18541.752095131196,1854175209513.1196,61.62637668877663,3.424490052381353e-06,-3191626347.4130497,144752119503.92188,3585619890805.5967,-37261623643.53076
eps_m1_0,A,2034,1724633605180.6113,1692488066612.6858,1976866354353.3713,0.09064221948698707,0.08580805590404784,,2.069166401354318,22.592689873222966,1e-06,418839206445.514,18538.70472244766,1853870472244.7659,69.07058413438122,3.270231876390712e-06,-2941239882.095378,147987456807.33746,3665529101430.51,-38849813361.14136
eps_m1_0,A,2035,1759325788472.424,1729722804078.1648,2011722433539.4653,0.09080965015876481,0.08599298641399555,,2.201237607733499,25.659725873950205,1e-06,475410109308.5058,18527.48200210287,1852748200210.287,76.027833983988,3.127847443297345e-06,-2711110173.7994814,151289678625.90118,3743703571087.896,-40250699409.31381
eps_m1_0,A,2036,1796720905184.9211,1767776705767.8845,2049813421420.408,0.0908758625790751,0.08606610155754768,,2.329958149400013,28.305650377278756,1e-06,524337239682.2305,18524.11913146223,1852411913146.2231,81.38998770313745,2.998465079972002e-06,-2651745997.5942674,154636763896.21442,3820166707010.1265,-41561906456.9559
eps_m1_0,A,2037,1835115167863.2822,1806667793294.7778,2089195487090.1533,0.09093199890687412,0.08612808228978526,,2.4552999625710257,30.95157488060731,1e-06,573112732649.7915,18516.432034897032,1851643203489.7031,86.42334242163689,2.8786474673459467e-06,-2607035971.485775,158054950188.96185,3894954577042.257,-42795494314.6691
eps_m1_0,A,2038,1874445591880.369,1846414484747.2632,2129807334386.3574,0.09098255311678065,0.0861838935727948,,2.577265187177025,33.59749938393586,1e-06,621844380081.7778,18508.650687827776,1850865068782.7776,91.17106044952706,2.7679352145060326e-06,-2569603310.312734,161547019398.61206,3968103127012.0913,-43959011641.36932
eps_m1_0,A,2039,1914626699862.8342,1887035603411.7031,2171563801646.8394,0.09103276698484805,0.0862393233421126,,2.6958864700176797,36.24342388726441,1e-06,670703637429.2893,18505.52639605796,1850552639605.7961,95.6807268314645,2.666011402242555e-06,-2529967245.1411676,165116111048.91293,4039648233218.349,-45055250973.20749
eps_m1_0,A,2040,1955567628675.1575,1928550386686.7605,2214375332349.4697,0.09108773661249123,0.08629999627594033,,2.811221348731988,38.889348390592964,1e-06,719898496213.6659,18511.456890026056,1851145689002.6057,100.0,2.5725548047340037e-06,-2478097251.0073524,168765479072.01556,4109625634076.8086,-46082776303.94168
eps_m1_0,A,2041,1994723042864.7039,1970978495193.8691,2255378760192.452,0.09126432402725063,0.08649485881514653,,2.9249021676526428,38.98123911556202,1.1742304172738083,721560905129.4143,21735552330.873188,1851046609858.4182,99.82265008456511,2.9326618219900014,-2180031187.3902197,172533287967.90204,4178084673228.765,-46947785266.37332
eps_m1_0,A,2042,2034628340889.4849,2014340022088.1343,2297464076367.585,0.0914427866222096,0.08669171888659156,,3.036958902088903,39.073129840531074,2.348459834547617,723844373756.7141,43506098568.72964,1852537477061.4377,99.73230960601693,5.70396751186649,-1864532034.7640398,176385428167.0834,4245058376524.8335,-47655749731.351746
eps_m1_0,A,2043,2075251519935.7976,2058655502574.0732,2340610461002.1035,0.09162514966495826,0.08689280746401831,,3.1474185982101943,39.16502056550012,3.5226892518214252,726764132147.9396,65368641710.40633,1855645986276.1702,99.73001384438133,8.334503594171947,-1526725440.59685,180324430761.19263,4310579281854.7354,-48210485618.418396
eps_m1_0,A,2044,2116819920615.999,2103945923630.7031,2385090393011.677,0.09180205850214396,0.08708781069166814,,3.256308864035872,39.256911290469176,4.696918669095234,730361963279.9467,87384631845.94647,1860467212705.2046,99.82041047033599,10.843203415766425,-1185467957.102192,184349212514.9581,4374678143388.4185,-48622676944.8595
eps_m1_0,A,2045,2159473863272.771,2150232733950.5786,2431078442300.627,0.09196853684818457,0.08727125301186928,,3.363648412091085,39.34880201543823,5.871148086369042,734620346951.6047,109611084030.47377,1866944631918.861,100.0000000134186,13.2464893067243,-851716839.3903091,188459989894.1968,4437384548275.831,-48906069197.03049
eps_m1_0,A,2046,2198300624924.7502,2197537854097.4912,2473065307303.8594,0.09233174462137876,0.0876712589669897,,3.4686750404769104,39.358816944572304,7.565018795612422,736548697797.4712,141569416341.16162,1871368996773.2715,99.8622467750947,16.673816057565883,-70440182.672972,192727783375.07306,4498749553403.872,-48928497526.22748
eps_m1_0,A,2047,2238393529949.8105,2245883686887.636,2516805620916.965,0.09267286275977357,0.08804667462702487,,3.5714020681810514,39.36883187370638,9.258889504855803,739068321754.4252,173816483801.58582,1877292991890.9622,99.80543583065544,19.96440648518899,692975507.2727168,197083106818.7286,4558799075829.582,-48717353867.41196
eps_m1_0,A,2048,2279701087160.809,2295293127999.164,2562258911613.9004,0.09299551638513749,0.0884015377170374,,3.6718237793633577,39.37884680284046,10.952760214099182,742089582260.8439,206403435138.12027,1884487846930.337,99.81654870761176,23.133914959842308,1445053772.6077206,201529081640.21744,4617559049608.251,-48296018539.05084
eps_m1_0,A,2049,2322174706227.3926,2345789576815.1455,2609389628318.384,0.09330306749915848,0.08873958328904945,,3.7699180962895555,39.38886173197453,12.646630923342563,745534958696.1183,239369838286.6828,1892755784031.501,99.8843956082882,26.19524977779758,2192212039.9921403,206068815754.98962,4675055343575.437,-47684358461.18802
eps_m1_0,A,2050,2365779391000.9956,2397396947505.079,2658179091012.3545,0.0935981929321825,0.0890637827228503,,3.8656494929127083,39.3988766611086,14.340501632585944,749342215697.1062,272747453182.52817,1901938022605.595,100.00000242948946,29.1592932765046,2939745444.890524,210705261650.30978,4731313651703.477,-46899446381.81561
eps_m1_4,A,2019,1361496901347.7095,1361496901347.7095,1652315857408.9397,0.09236379319842411,0.08824028498633725,,,,,,,1927690920589.4683,,,0.0,120138874582.93698,2414901591623.6533,-6648427379.794312
eps_m1_4,A,2020,462908946458.2212,462908946458.2212,709983046715.0631,0.121768405058906,0.11711115249230034,,0.0928776882208452,0.0,0.0,0.0,0.0,1047099078025.3121,0.0,0.0,0.0,54211800218.718834,2469113391842.372,-6648427379.794312
eps_m1_4,A,2021,687555935180.5933,687555935180.5933,826157688416.4329,0.0916385245597242,0.08698127199311853,,0.17620282814313085,0.0,0.0,0.0,0.0,939404057748.4287,0.0,0.0,0.0,59804489808.426155,2526342568692.5405,-6648427379.794312
eps_m1_4,A,2022,912202923902.9652,912202923902.9652,1090959425893.8142,0.09104346695936491,0.08638621439275924,,0.2848272970997897,0.0,0.0,0.0,0.0,1224627609432.456,0.0,0.0,0.0,78801757353.9834,2598503698111.7236,-6648427379.794312
eps_m1_4,A,2023,1136849912625.3374,1136849912625.3374,1353514774009.468,0.09047050437039461,0.08581325180378893,,0.4178656899391656,0.0,0.0,0.0,0.0,1499869141368.387,0.0,0.0,0.0,97556787815.23352,2683992379976.7183,-6648427379.794312
eps_m1_4,A,2024,1361496901347.7095,1361496901347.7095,1613982106501.2495,0.08991902631086571,0.08526177374426003,,0.5744674383382142,0.0,0.0,0.0,0.0,1765521402469.5452,0.0,0.0,0.0,116083640756.21951,2781335633738.446,-6648427379.794312
eps_m1_4,A,2025,1437826427059.6294,1391449833177.3591,1697419483294.286,0.09022587682044764,0.08525817466990727,,0.7335089107586956,2.0,0.0,36417872908.726654,0.0,1820893645436.3328,7.335001557224382,0.0,-4233479108.218981,122586456663.25858,2879705264174.6885,-10045587120.523407
eps_m1_4,A,2026,1471108752754.8333,1422061729507.2612,1729839051070.9521,0.0901535748987889,0.08517506430215062,,0.8913267578538228,3.6501513496726017,2e-07,66810731866.25562,3660.710226289558,1830355113144.779,13.273477596385877,8.77682377477162e-07,-4475441691.506787,125301782611.34952,2975923969040.601,-13482259722.343903
eps_m1_4,A,2027,1505124978259.428,1453347087556.421,1763146181789.6553,0.09008289163522401,0.0850937944371007,,1.0478937983274172,5.300302699345203,4e-07,97512118885.27293,7358.984904565508,1839746226141.3774,19.11306263809465,1.7150119467566395e-06,-4722761656.968989,128076795502.15343,3070038443144.36,-16952679386.736267
eps_m1_4,A,2028,1539907669734.845,1485320723482.662,1797384868539.9958,0.0900131024250274,0.08501353295471839,,1.2031746698025434,6.9504540490178055,6e-07,128511584725.66176,11093.800533260604,1848966755543.434,24.85566372048822,2.515051176566964e-06,-4977037323.445623,130912991428.22685,3162094511643.6904,-20452458008.952118
eps_m1_4,A,2029,1575496355857.1108,1517997779399.2808,1832607449195.685,0.08994327822726084,0.0849332117153168,,1.357124335513436,8.600605398690407,8e-07,159790048410.80807,14863.144255881232,1857893031985.1543,30.50144053777295,3.2803196452863744e-06,-5240459380.763146,133811965548.72209,3252137175743.5283,-23978786329.561768
eps_m1_4,A,2030,1611938223551.034,1551393730546.065,1868875346865.5005,0.08987228579372136,0.08485152654291687,,1.5096867299923724,10.250756748363008,1e-06,191317872900.43134,18663.78040147951,1866378040147.9512,36.04855554683156,4.012813904268565e-06,-5515870539.597648,136775418961.18283,3340210654233.8906,-27530608060.502686
eps_m1_4,A,2031,1641580901877.8958,1585524392618.0786,1897350956769.1184,0.09009976199749609,0.08511319337263466,,1.658405877752572,13.312615878240118,1e-06,248522930118.63516,18668.226619897712,1866822661989.7712,45.21555879749105,3.805558305106514e-06,-5113505068.000616,139720192738.35736,3426306060782.026,-30681543434.17398
eps_m1_4,A,2032,1672178965753.846,1620405929255.6763,1927056498995.4453,0.09031198332797565,0.08535712618864401,,1.8032410337505957,16.37447500811723,1e-06,305673122926.876,18667.65943795733,1866765943795.733,53.7628864480198,3.6177731802055537e-06,-4728362552.484716,142732390989.84726,3510470194094.6313,-33469687971.358704
eps_m1_4,A,2033,1703798227242.7573,1656054859699.3013,1958070893306.956,0.0905075930619616,0.08558180721612901,,1.94414401110726,19.43633413799434,1e-06,362695198890.1459,18660.679339791022,1866067933979.102,61.73793288935523,3.4464548140831496e-06,-4365088085.636391,145814131419.07202,3592748973314.359,-35932783388.637054
eps_m1_4,A,2034,1736496336499.7595,1692488066612.6858,1990464045100.6199,0.09068568130176873,0.08578623189853694,,2.081064577043611,22.49819326787145,1e-06,419511733252.17993,18646.463218504916,1864646321850.4917,69.18149022595571,3.2892405004580184e-06,-4027574523.3198557,148967477413.92822,3673187368471.2476,-38107564331.79834
eps_m1_4,A,2035,1770309148136.9875,1729722804078.1648,2024281489501.4766,0.09084625818823683,0.08597044938292236,,2.2139580793382834,25.56005239774856,1e-06,476060089240.31915,18625.160928161968,1862516092816.1968,76.13177911553433,3.1443377995749034e-06,-3717709023.6177626,152194273012.0353,3751829260539.953,-40028580582.88342
eps_m1_4,A,2036,1807548399029.1057,1767776705767.8845,2062166114672.9377,0.0909075502183641,0.08604073858254757,,2.3434782457905747,28.191020079986238,1e-06,524870181442.27893,18618.346549825703,1861834654982.5703,81.47271332324256,3.0137174988068067e-06,-3644321745.1401343,155522799276.16568,3828730513776.476,-41830585888.23251
eps_m1_4,A,2037,1845844224243.107,1806667793294.7778,2101410031747.623,0.09095926510466504,0.08610003347554447,,2.4696020263651204,30.82198776222392,1e-06,573528533389.6736,18607.772406314507,1860777240631.4507,86.48604368034766,2.8928476506398977e-06,-3590802938.4900007,158927249497.97192,3903931135242.67,-43529669043.51312
eps_m1_4,A,2038,1885104785614.1792,1846414484747.2632,2141918664313.0586,0.09100572012713128,0.08615328873745799,,2.5923346612093434,33.452955444461594,1e-06,622138664236.9266,18597.42004767853,1859742004767.8528,91.214206611741,2.781210511622013e-06,-3547155157.520659,162407976895.38223,3977469527084.6035,-45135822207.19623
eps_m1_4,A,2039,1925207761849.823,1887035603411.7031,2183564810091.7605,0.09105195043173736,0.08620627812091833,,2.711709909020051,36.083923126699275,1e-06,670863260341.8329,18591.749516433447,1859174951643.3447,95.70349819490022,2.678433195448214e-06,-3500544149.074415,165964995758.57654,4049382456553.679,-46652614247.259674
eps_m1_4,A,2040,1966023499242.8828,1928550386686.7605,2226214974980.0317,0.09110285017131868,0.08626461011189424,,2.8277846928426165,38.71489080893696,1e-06,719898496213.7418,18594.873475597153,1859487347559.7153,100.0,2.584147287123437e-06,-3437403186.4872575,169598250633.00928,4119705160193.653,-48077908934.39365
eps_m1_4,A,2041,2002099938740.1829,1970978495193.8691,2263719614494.6177,0.09133597214102988,0.08653164498869295,,2.9418264131239913,38.85734639995968,1.2883319256846655,721508235799.1155,23921913896.45137,1856812939238.3423,99.8153636696632,3.22765589413635,-2858429348.9615364,173245001130.9494,4188446598179.295,-49212097756.84317
eps_m1_4,A,2042,2038889323025.327,2014340022088.1343,2302275497299.066,0.09156805637675032,0.0867972854432898,,3.053868034056902,38.999801990982405,2.5766628513693313,723759804734.6201,47817806936.69209,1855803793316.6145,99.72065756560848,6.269263993523105,-2257665358.4797993,176970058557.90518,4255642286152.5537,-50069335293.026764
eps_m1_4,A,2043,2076336119226.761,2058655502574.0732,2341833746190.447,0.09180131797841451,0.08706406844565004,,3.1639375506077863,39.142257582005136,3.864993777053997,726661171711.3707,71752144106.84332,1856462086247.7756,99.7158851259949,9.148400323161274,-1628064216.2873244,180774270000.5341,4321326640628.476,-50660892637.3981
eps_m1_4,A,2044,2114765033080.4448,2103945923630.7031,2382775083867.0317,0.0920260231735191,0.08732087267884535,,3.272066785503921,39.28471317302786,5.153324702738662,730282451861.7876,95797634631.57408,1858948157888.5134,99.80954344441913,11.887138700668604,-997464124.7033111,184663128199.2917,4385534651735.997,-51007714378.277435
eps_m1_4,A,2045,2154368565858.077,2150232733950.5786,2425331033777.893,0.09223710510895486,0.0875619367014602,,3.378279503709009,39.427168764050585,6.441655628423328,734620346537.081,120023106866.84775,1863233829782.124,99.99999995701918,14.504781297755876,-381738998.8526213,188640683995.28052,4448301179079.4795,-51134730623.1409
eps_m1_4,A,2046,2187290477111.2183,2197537854097.4912,2460679005686.507,0.09267267320384588,0.08805885526811988,,3.481559645198176,39.51530761104128,8.331250842678418,736365694780.447,155252424593.16937,1863494780373.906,99.83743498400173,18.28537855888526,948067100.2505882,192610295553.27365,4509628775793.119,-50832863702.60782
eps_m1_4,A,2047,2221664086388.898,2245883686887.636,2497995363906.5005,0.09308189921925958,0.08852509423793305,,3.5819382304635967,39.603446458031975,10.220846056933507,738807659299.2365,190671267950.959,1865513548378.0574,99.77023539093311,21.900331977526584,2245683352.8642735,196673022612.6086,4569553349098.991,-50148623358.34076
eps_m1_4,A,2048,2257392786940.9062,2295293127999.164,2537185606449.7603,0.09346882365791272,0.08896537407055487,,3.679423226191051,39.69158530502267,12.110441271188597,741841828045.3766,226346008152.9639,1869015365207.653,99.78322392949111,25.36909960151279,3521460162.692932,200829793714.3701,4628109431013.26,-49121868782.08624
eps_m1_4,A,2049,2294385787706.803,2345789576815.1455,2578163676379.7314,0.09383720249052795,0.08938406066865576,,3.774002904947765,39.779724152013365,14.000036485443687,745377520929.8926,262327422095.0047,1873762417460.5217,99.86330259863904,28.707594885529492,4785478626.390617,205081518445.68643,4685330254205.691,-47786648385.59604
eps_m1_4,A,2050,2332574030791.951,2397396947505.079,2620869697519.046,0.0941900403543828,0.08978464152901851,,3.8656495013683996,39.86786299900406,15.889631699698777,749342213761.3926,298655882157.58954,1879564534924.0613,100.00000217123986,31.92915040993861,6046018244.045935,209429323194.5531,4741247886746.258,-46172361420.680176
fixed_demand,A',2019,1361496901347.7095,,1652315857408.9397,0.09205099640780898,0.08824028498633725,,,,,,,1927690920589.4683,,,,120138874582.93698,2414901591623.6533,
fixed_demand,A',2020,462908946458.2212,,709983046715.0631,0.12192710341254574,0.11711115249230034,,0.0928776882208452,0.0,0.0,0.0,0.0,1047099078025.3121,0.0,0.0,,54211800218.718834,2469113391842.372,
fixed_demand,A',2021,687555935180.5933,,826157688416.4329,0.09075425250116435,0.08698127199311853,,0.17620282814313085,0.0,0.0,0.0,0.0,939404057748.4287,0.0,0.0,,59804489808.426155,2526342568692.5405,
fixed_demand,A',2022,912202923902.9652,,1090959425893.8142,0.09014153298201535,0.08638621439275924,,0.2848272970997897,0.0,0.0,0.0,0.0,1224627609432.456,0.0,0.0,,78801757353.9834,2598503698111.7236,
fixed_demand,A',2023,1136849912625.3374,,1353514774009.468,0.08955168406577071,0.08581325180378893,,0.4178656899391656,0.0,0.0,0.0,0.0,1499869141368.387,0.0,0.0,,97556787815.23352,2683992379976.7183,
fixed_demand,A',2024,1361496901347.7095,,1613982106501.2495,0.0889840766076726,0.08526177374426003,,0.5744674383382142,0.0,0.0,0.0,0.0,1765521402469.5452,0.0,0.0,,116083640756.21951,2781335633738.446,
fixed_demand,A',2025,1391449833177.3591,,1642669805208.6099,0.08896508746357722,0.08525817466990729,,0.7291451820376624,2.0,0.0,35418651035.63815,0.0,1770932551781.9075,7.133746145804899,0.0,,118632472921.44864,2876532385783.2266,
fixed_demand,A',2026,1422061729507.2612,,1672165914402.0586,0.08888249978677698,0.08519025432212912,,0.8824208761366965,3.7066250101971168,2e-07,65921077136.17454,3556.9326249524697,1778466312476.235,13.096727367805677,8.528009292765197e-07,,121145800398.49037,2969559729619.525,
fixed_demand,A',2027,1453347087556.421,,1702492088865.2908,0.08880191345206857,0.08512362819948986,,1.0342730919136172,5.4132500203942335,4e-07,96678118385.32329,7143.813274546106,1785953318636.5269,18.949592661440036,1.6648661833279707e-06,,123714177125.96422,3060468427590.451,
fixed_demand,A',2028,1485320723482.662,,1733670820521.5366,0.08872249277104982,0.08505747531699206,,1.184671020382896,7.11987503059135,6e-07,127679279769.96611,10759.67872088015,1793279786813.3584,24.694686076799403,2.439303153618434e-06,,126337630775.44333,3149307170528.226,
fixed_demand,A',2029,1517997779399.2808,,1765725466801.355,0.08864316237528187,0.0849907341299979,,1.3335727213263788,8.826500040788467,8e-07,158903867650.26105,14402.435113890622,1800304389236.3281,30.332282382743998,3.178640402772729e-06,,129015745678.85147,3236122437041.3027,
fixed_demand,A',2030,1551393730546.065,,1798680280632.6318,0.08856260657604025,0.08492210193174309,,1.4809235408861416,10.533125050985584,1e-06,190318651035.63828,18068.583645822204,1806858364582.2202,35.86027985484801,3.8848433770960296e-06,,131747616521.70009,3320958374361.104,
fixed_demand,A',2031,1585524392618.0786,,1832560442116.0903,0.08881592478781894,0.08518669031180882,,1.624966418000804,13.612310438129263,1e-06,246757373298.1431,18127.51585557102,1812751585557.1018,44.89433838450739,3.695333248282815e-06,,135065575415.77505,3404185611585.5386,
fixed_demand,A',2032,1620405929255.6763,,1867392091955.4082,0.08905198131618336,0.08543337497633036,,1.7656104555058076,16.69149582527294,1e-06,303416067940.31067,18177.883583141906,1817788358314.1904,53.36590751241695,3.5228551237731167e-06,,138436747367.96924,3485816759077.9814,
fixed_demand,A',2033,1656054859699.3013,,1903202366717.0542,0.0892692410423478,0.08566063146248362,,1.9027571613677354,19.77068121241662,1e-06,360181571683.9055,18217.964662628823,1821796466262.8823,61.310063570192,3.3646895094704198e-06,,141858705018.35687,3565863603351.644,
fixed_demand,A',2034,1692488066612.6858,,1940019436001.2004,0.08946668516554682,0.08586745090847137,,2.036306752990174,22.8498665995603,1e-06,416934696854.3122,18246.701574281193,1824670157428.1194,68.75651231878534,3.2187224523206065e-06,,145329635973.03842,3644337662853.393,
fixed_demand,A',2035,1729722804078.1648,,1977872541611.6272,0.08964435449081243,0.08605388336675834,,2.166167397998056,25.92905198670398,1e-06,473573705744.9993,18264.212127301864,1826421212730.1865,75.73415536295173,3.0834016840291207e-06,,148849364438.9646,3721251172284.716,
fixed_demand,A',2036,1767776705767.8845,,2016792038819.417,0.08971635985289163,0.08613404825141469,,2.2927567521775516,28.61274170698184,1e-06,522818573174.93475,18272.229153327204,1827222915332.7202,81.15425344840774,2.957692112676648e-06,,152265764072.33786,3796541921529.698,
fixed_demand,A',2037,1806667793294.7778,,2056809439822.4592,0.08977747340091267,0.08620272564429023,,2.416031440117661,31.296431427259705,1e-06,571918785604.0914,18274.249156277314,1827424915627.7312,86.24329949369887,2.840996632189141e-06,,155739688115.76498,3870234264222.675,
fixed_demand,A',2038,1846414484747.2632,,2097957459510.4644,0.0898326798105265,0.08626490752684851,,2.5359837653937785,33.98012114753757,1e-06,620993805424.0929,18275.208694160126,1827520869416.0125,91.04635433966206,2.7330243868201588e-06,,159280774782.9563,3942356657794.6426,
fixed_demand,A',2039,1887035603411.7031,,2140270063653.2578,0.08988779721670817,0.08632641873093881,,2.6526422446704694,36.66381086781543,1e-06,670239821030.0187,18280.691645678737,1828069164567.8735,95.61456006606309,2.6336204291176727e-06,,162901025660.30847,4012941963540.625,
fixed_demand,A',2040,1928550386686.7605,,2183782519638.741,0.08994848599435439,0.0863929257357261,,2.7660652600703926,39.34750058809329,1e-06,719898496213.8042,18295.914237349254,1829591423734.9255,100.0,2.542600636886921e-06,,166613110334.63516,4082026900070.721,
fixed_demand,A',2041,1970978495193.8691,,2228531449896.047,0.08971435408702914,0.08616404201120646,,2.879097563904722,39.376177151276735,0.413706737080162,721562976519.4083,7581118488.644723,1832486108916.2698,99.82293664617075,1.022879769567915,,169827473863.06903,4149412306210.0435,
fixed_demand,A',2042,2014340022088.1343,,2274554888149.1514,0.08950310808317415,0.08595747910769234,,2.9918126094883095,39.40485371446018,0.827412474160324,723861322422.9126,15199444517.037235,1836985178699.6516,99.73464481745525,1.9927582701234368,,173147590364.42935,4215156599624.7563,
fixed_demand,A',2043,2058655502574.0732,,2321892338656.6123,0.08931514574196871,0.08577363919351236,,3.1042863795728053,39.43353027764362,1.241118211240486,726822432245.5597,22875774769.51101,1843158416525.6013,99.73801405977821,2.916661904659952,,176578374301.5274,4279316374853.661,
fixed_demand,A',2044,2103945923630.7031,,2370584838604.217,0.08914573075745977,0.08560778982959978,,3.216589560986476,39.462206840827065,1.654823948320648,730425812509.3533,30629967854.75043,1850950240708.9526,99.8291369055599,3.8007480840945336,,180114160443.02042,4341942694071.3574,
fixed_demand,A',2045,2150232733950.5786,,2420675023829.219,0.08899146439640009,0.08545653561645414,,3.328782831060172,39.49088340401051,2.06852968540081,734620346852.1234,38479361917.96446,1860227686822.3179,100.00000000000003,4.650227307621637,,183751440212.51318,4403082420413.696,
fixed_demand,A',2046,2197537854097.4912,,2472207198067.6025,0.08938091389329167,0.08584844659701368,,3.4393989499849282,39.38519824034923,3.6657968438155235,736827536244.4587,68580588075.70329,1870823479795.503,99.90005206074024,8.07731034180428,,188655211112.4045,4463150708413.535,
fixed_demand,A',2047,2245883686887.636,,2525227405929.492,0.08974841674970609,0.08621786256254468,,3.5484257440982017,39.279513076687955,5.263064002230237,739463119469.5472,99080701877.81491,1882566919874.6052,99.85875019549194,11.380321151748895,,193635291047.53937,4522149711117.825,
fixed_demand,A',2048,2295293127999.164,,2579783509822.5537,0.09009634630684828,0.08656715863054301,,3.655837025045925,39.17382791302668,6.86033116064495,742462382431.8795,130024000440.10838,1895302098330.2595,99.8666930937518,14.573227266845185,,198697004315.0989,4580083934151.198,
fixed_demand,A',2049,2345789576815.1455,,2635925271059.008,0.09042767306859394,0.08689930657190133,,3.761594467660358,39.0681427493654,8.457598319059663,745770309074.1802,161446776543.6033,1908896242799.4968,99.91592710139366,17.667800871064287,,203847487588.83002,4636960444204.107,
fixed_demand,A',2050,2397396947505.079,,2693704435398.965,0.09074513138728954,0.0872170414996491,,3.8656494871983202,38.96245758570412,10.054865477474376,749342216722.8593,193379361893.87924,1923241661731.8396,100.00000256657329,20.674090486646747,,209093869061.68256,4692788510485.996,
rate_11_8,B,2019,1361496901347.7095,1361496901347.7095,1652315857408.9397,0.09236379319842411,0.08824028498633725,,,,,,,1927690920589.4683,,,-0.0,120138874582.93698,2414901591623.6533,-17144438423.452698
rate_11_8,B,2020,462908946458.2212,462908946458.2212,709983046715.0631,0.121768405058906,0.11711115249230034,,0.0928776882208452,0.0,0.0,0.0,0.0,1047099078025.3121,0.0,0.0,-0.0,54211800218.718834,2469113391842.372,-17144438423.452698
rate_11_8,B,2021,687555935180.5933,687555935180.5933,826157688416.4329,0.0916385245597242,0.08698127199311853,,0.17620282814313085,0.0,0.0,0.0,0.0,939404057748.4287,0.0,0.0,-0.0,59804489808.426155,2526342568692.5405,-17144438423.452698
rate_11_8,B,2022,912202923902.9652,912202923902.9652,1090959425893.8142,0.09104346695936491,0.08638621439275924,,0.2848272970997897,0.0,0.0,0.0,0.0,1224627609432.456,0.0,0.0,-0.0,78801757353.9834,2598503698111.7236,-17144438423.452698
rate_11_8,B,2023,1136849912625.3374,1136849912625.3374,1353514774009.468,0.09047050437039461,0.08581325180378893,,0.4178656899391656,0.0,0.0,0.0,0.0,1499869141368.387,0.0,0.0,-0.0,97556787815.23352,2683992379976.7183,-17144438423.452698
rate_11_8,B,2024,1361496901347.7095,1361496901347.7095,1613982106501.2495,0.08991902631086571,0.08526177374426003,,0.5744674383382142,0.0,0.0,0.0,0.0,1765521402469.5452,0.0,0.0,-0.0,116083640756.21951,2781335633738.446,-17144438423.452698
rate_11_8,B,2025,1422540591591.5667,1391449833177.3591,1679373859390.3062,0.09012355190039906,0.08525817466990729,,0.7320706154102715,2.0,0.0,36088527006.63617,0.0,1804426350331.8086,7.268667295723799,0.0,-2836564207.635595,121283214232.94704,2878659475922.6406,-19420642340.336273
rate_11_8,B,2026,1454872689064.0269,1422061729507.2612,1710747480202.7632,0.0900522339150027,0.08518006954472819,,0.8883845363741395,3.6687599078290885,2e-07,66521159785.36658,3626.3566685522937,1813178334276.1472,13.215947489748533,8.694458576851439e-07,-2992318087.1334286,123926156833.19952,2973821843616.0464,-21718430647.018707
rate_11_8,B,2027,1487917784757.9712,1453347087556.421,1742989186218.102,0.08998244117085649,0.08510362491908628,,1.0433841917038413,5.337519815658177,4e-07,97242639602.96748,7287.477552229105,1821869388057.2764,19.0602427992605,1.6983471532914384e-06,-3151577758.8420177,126627197064.48013,3066871111535.591,-24034299670.81491
rate_11_8,B,2028,1521702565646.7651,1485320723482.662,1776135816235.6167,0.08991341688298173,0.08502801234203468,,1.1970359878142214,7.006279723487266,6e-07,128242578804.15927,10982.368720527922,1830394786754.6536,24.803634786745377,2.4897887148066547e-06,-3315410821.672161,129387344532.71898,3157854367828.994,-26365647250.406372
rate_11_8,B,2029,1556258483379.7092,1517997779399.2808,1810230076961.4075,0.08984418787669715,0.08495216584701203,,1.3492961694159615,8.675039631316354,8e-07,159501449601.35104,14709.000201042143,1838625025130.268,30.446351503635665,3.246299806506302e-06,-3485280659.6864285,132207528780.89247,3246817399323.7603,-28710908038.161102
rate_11_8,B,2030,1591622220501.3416,1551393730546.065,1845321046401.8188,0.08977356453336859,0.08487478174215828,,1.5001093905387892,10.343799539145442,1e-06,190988527006.6367,18464.05919641549,1846405919641.5488,35.98649943270027,3.96987276311065e-06,-3663086153.1104584,135088588581.02068,3333804681037.4473,-31069670613.809875
rate_11_8,B,2031,1628001711037.9026,1585524392618.0786,1881656030796.8813,0.08969000767387822,0.0847832129354159,,1.6494780126534283,11.967072199612103,1e-06,221836540273.17404,18537.244245953876,1853724424595.3877,40.36031252871358,3.778857265354231e-06,-3866050392.81153,138027215726.14792,3418856877285.8677,-33451925989.93857
rate_11_8,B,2032,1665277094785.3325,1620405929255.6763,1919102628280.952,0.08960267993878918,0.08468749650800177,,1.7973218362256351,13.590344860078762,1e-06,252812587474.01956,18602.36734806113,1860236734806.1128,44.46558566494751,3.605119640398705e-06,-4081928524.4222074,141028148149.4882,3502016080178.557,-35858891739.75519
rate_11_8,B,2033,1703493127232.536,1656054859699.3013,1957720260561.8284,0.08951034728580877,0.08458627747950852,,1.9435509567038927,15.213617520545423,1e-06,283853396828.6198,18657.850208557327,1865785020855.7327,48.31749087780155,3.445932299716452e-06,-4313224520.449355,144092142344.52698,3583323189797.373,-38292722017.99631
rate_11_8,B,2034,1742688421913.2395,1692488066612.6858,1997561741260.79,0.08941228025032173,0.08447875308163245,,2.0880710674845946,16.836890181012084,1e-06,314895487635.29266,18702.710788624026,1870271078862.4026,51.92927246903517,3.2991625850613292e-06,-4561849856.8555155,147220144893.0283,3662818072811.701,-40755997142.22037
rate_11_8,B,2035,1782887500679.6782,1729722804078.1648,2038664359435.4585,0.08930864608463768,0.08436510323022907,,2.2307919488317935,18.460162841478745,1e-06,345888527006.6371,18737.02469349018,1873702469349.018,55.314674621547056,3.1632228694545703e-06,-4828415035.934517,150413488042.72617,3740539796883.396,-43250937895.27255
rate_11_8,B,2036,1814869875119.9563,1767776705767.8845,2070518920004.2083,0.089704658885653,0.08479927002092942,,2.3689745762508756,21.302079775981916,0.4540541467944843,397966785228.4274,8482667937.577383,1868206247528.6323,61.77419665173552,1.373073851192853,-4286511027.476601,153899640593.14764,3816638447945.146,-45370486100.16168
rate_11_8,B,2037,1847972757680.0667,1806667793294.7778,2103833270642.103,0.09007280578265463,0.08520260022921779,,2.5026000923015728,24.143996710485087,0.9081072935889687,449703508691.0263,16914309635.302559,1862589338805.419,67.8136745280066,2.629574342494602,-3767392295.8089986,157452084107.09988,3891141055983.7534,-47153127169.24658
rate_11_8,B,2038,1882131959125.9565,1846414484747.2632,2138540840125.522,0.09041830226590147,0.0855808677297573,,2.6316795640063115,26.98591364498826,1.3621604403834529,501200265351.5992,25298946078.056156,1857266246179.8123,73.48295032212053,3.7834116014365122,-3264023188.8626223,161074486243.90747,3964075642766.845,-48631078073.08893
rate_11_8,B,2039,1917245504503.531,1887035603411.7031,2174534041935.314,0.09074813795324582,0.08594176775563953,,2.756252613814531,29.82783057949143,1.8162135871779372,552616236667.6934,33648746758.709663,1852686655152.3623,78.83470467797508,4.8476298706592775,-2765760287.8969555,164771467878.5864,4035471414471.0513,-49829486952.03848
rate_11_8,B,2040,1953211621443.5957,1928550386686.7605,2211707521622.851,0.09106894492781811,0.0862925836258012,,2.876381067423442,32.6697475139946,2.270266733972422,604150557340.9387,41983272507.82983,1849266074315.8218,83.92163069071412,5.834455388899048,-2261767527.5010133,168547677182.30823,4105358505331.1177,-50767312707.58325
rate_11_8,B,2041,1982813439291.5417,1970978495193.8691,2241912897331.287,0.09175144376931686,0.08703826129387707,,2.991897114289965,34.156070765850245,3.9657017583189407,629065054417.0968,73037803718.72002,1841737179693.5305,87.02652868397846,9.854600208321694,-1089489135.8164868,172580634226.06827,4173836330882.961,-51199608296.93274
rate_11_8,B,2042,2013324817679.645,2014340022088.1343,2273408538414.5093,0.09241554328288151,0.08776298512068097,,3.1028602783758434,35.64239401770589,5.6611367826654595,654468119439.1929,103950187582.75821,1836206959370.0022,90.17355039512503,13.62862937222016,93794393.8374456,176695396017.1164,4240927729246.219,-51163994482.52084
rate_11_8,B,2043,2044703804298.0005,2058655502574.0732,2306156660055.7207,0.09306431263263763,0.08847018532669174,,3.2093163446525037,37.128717269561534,7.356571807011978,680443353443.801,134820989205.49287,1832660548177.986,93.37365736354016,17.189679786853013,1293506800.0475037,180895324504.43573,4306656068891.8516,-50693998618.77829
rate_11_8,B,2044,2077311528342.9934,2103945923630.7031,2340574992369.4434,0.09368055898880812,0.08914122115035213,,3.3113067914613423,38.61504052141718,9.052006831358497,707142190143.9464,165765873853.59793,1831261033512.9443,96.64690554818975,20.5692128194438,2477510803.5593486,185174086346.19873,4371041741921.88,-49832559506.67645
rate_11_8,B,2045,2111271599731.0867,2150232733950.5786,2376813611519.7227,0.09425957933279588,0.08977110090814819,,3.4088525826651233,40.10136377327282,10.747441855705016,734620355293.8069,196883317963.35776,1831908658885.622,100.00000114908885,23.793330657612138,3635291527.541155,189531175823.96683,4434104563142.858,-48622986787.61948
rate_11_8,B,2046,2152635631897.9983,2197537854097.4912,2421692665758.712,0.09450696246106895,0.09004003288634675,,3.504354451117909,40.063656136662395,12.34538811107186,736654609853.9816,226995934455.8024,1838710394630.874,99.87660647193347,26.735212694630356,4195106591.167684,193823383088.4176,4495818409942.04,-47287254424.74219
rate_11_8,B,2047,2195194250874.512,2245883686887.636,2468233201929.1787,0.09473656930270032,0.09028954445834923,,3.5978110631956324,40.02594850005197,13.943334366438705,739229538081.9562,257516061687.117,1846875753815.0444,99.82720684350441,29.578065437464897,4741522897.127131,198203088909.04688,4556209181248.664,-45842553302.76865
rate_11_8,B,2048,2238874866138.4116,2295293127999.164,2516372479734.168,0.09495350970028428,0.09052520749443979,,3.689203448986533,39.98824086344155,15.541280621805548,742250448742.3284,288472867685.2535,1856171796296.536,99.83818644175528,32.332343620135944,5283418637.8577175,202674611811.26584,4615303158051.937,-44302063274.75128
rate_11_8,B,2049,2283629093350.327,2345789576815.1455,2566076555366.1797,0.09516148003822128,0.09075105018241529,,3.778498210366757,39.95053322683112,17.13922687717239,745640889392.223,319888305360.7643,1866410355923.4705,99.89858786520153,35.00672482344543,5827509194.270504,207241738448.65906,4673126715063.504,-42676100702.47818
rate_11_8,B,2050,2329431824185.225,2397396947505.079,2617339128298.005,0.09536290566457295,0.09096971512186372,,3.865650444562089,39.91282559022069,18.737173132539237,749342283555.6549,351780559128.2113,1877447342989.5583,100.00001148539988,37.60868295163948,6378402851.435793,211907749441.93326,4729706087450.554,-40973067042.23489
rate_39,B,2019,1361496901347.7095,1361496901347.7095,1652315857408.9397,0.09236379319842411,0.08824028498633725,,,,,,,1927690920589.4683,,,-0.0,120138874582.93698,2414901591623.6533,-18843047987.13083
rate_39,B,2020,462908946458.2212,462908946458.2212,709983046715.0631,0.121768405058906,0.11711115249230034,,0.0928776882208452,0.0,0.0,0.0,0.0,1047099078025.3121,0.0,0.0,-0.0,54211800218.718834,2469113391842.372,-18843047987.13083
rate_39,B,2021,687555935180.5933,687555935180.5933,826157688416.4329,0.0916385245597242,0.08698127199311853,,0.17620282814313085,0.0,0.0,0.0,0.0,939404057748.4287,0.0,0.0,-0.0,59804489808.426155,2526342568692.5405,-18843047987.13083
rate_39,B,2022,912202923902.9652,912202923902.9652,1090959425893.8142,0.09104346695936491,0.08638621439275924,,0.2848272970997897,0.0,0.0,0.0,0.0,1224627609432.456,0.0,0.0,-0.0,78801757353.9834,2598503698111.7236,-18843047987.13083
rate_39,B,2023,1136849912625.3374,1136849912625.3374,1353514774009.468,0.09047050437039461,0.08581325180378893,,0.4178656899391656,0.0,0.0,0.0,0.0,1499869141368.387,0.0,0.0,-0.0,97556787815.23352,2683992379976.7183,-18843047987.13083
rate_39,B,2024,1361496901347.7095,1361496901347.7095,1613982106501.2495,0.08991902631086571,0.08526177374426003,,0.5744674383382142,0.0,0.0,0.0,0.0,1765521402469.5452,0.0,0.0,-0.0,116083640756.21951,2781335633738.446,-18843047987.13083
rate_39,B,2025,1422540591591.548,1391449833177.3591,1679373859390.2847,0.09012355190040036,0.08525817466990727,,0.7320706154102901,2.0,0.0,36088527006.640396,0.0,1804426350332.0198,7.268667295714845,0.0,-2836564207.6339803,121283214232.94543,2878659475922.6396,-21119251904.013092
rate_39,B,2026,1457638781188.6248,1422061729507.2612,1714000056986.79,0.08986237854157461,0.08497209626631655,,0.889589907024781,2.89555405689521,2e-07,52586293126.57059,3632.2093867559715,1816104693377.986,10.447468006909656,8.708490902014982e-07,-3241148107.9530945,123858622836.67615,2973769984547.9263,-23608115723.238617
rate_39,B,2027,1493487328988.1985,1453347087556.421,1749513508640.277,0.08960966916465955,0.08469515768993169,,1.047000147137845,3.7911081137904197,4e-07,69288402766.27397,7310.622718907179,1827655679726.795,13.581015337383647,1.7037411360014156e-06,-3651699495.147375,126491144836.57036,3066719277418.6714,-26291488431.17758
rate_39,B,2028,1530111986817.5837,1485320723482.662,1785951317945.6714,0.0893645183894775,0.08442637803502687,,1.2042673679777642,4.686662170685629,6e-07,86186483436.82462,11033.842034859032,1838973672476.5054,16.66948745611717,2.5014581169488097e-06,-4069218178.497267,129181813034.98737,3157558007019.746,-29152902132.68814
rate_39,B,2029,1567542584383.6306,1517997779399.2808,1823355672257.3818,0.0891258628387458,0.0841646010393091,,1.3613468294054414,5.582216227580839,8e-07,103266914120.22786,14799.414413222119,1849926801652.7651,19.712051356588052,3.2662543673445066e-06,-4495028421.902724,131931596226.77579,3246335362277.0947,-32177626660.52002
rate_39,B,2030,1605813328644.7424,1551393730546.065,1861774165861.6196,0.08889248852507498,0.08390850289524922,,1.5181811157944258,6.477770284476049,1e-06,120509641232.11832,18603.568193969335,1860356819396.9336,22.7067049722369,3.999867953414656e-06,-4930801267.708948,134741392335.81715,3333099074717.398,-35352706091.38663
rate_39,B,2031,1627728028265.4185,1585524392618.0786,1881339706289.4326,0.08970676370765755,0.08480157677768899,,1.6674342655782648,12.041953462556439,1.0000000000109373e-06,223192843057.75882,18534.60435254143,1853460435233.8713,40.6070744200725,3.7783191173740164e-06,-3841501490.064081,138033903362.14618,3418155391878.6855,-37719834464.60379
rate_39,B,2032,1650663173648.294,1620405929255.6763,1902261218192.863,0.09048454022690246,0.08565336132916877,,1.8091466893538624,17.606136640636826,1.0000000000218744e-06,325081799020.4082,18464.118827590824,1846411882718.6936,57.17655409037048,3.5783272194567166e-06,-2766058292.0341244,141384849245.2498,3501524928518.104,-39350879087.528625
rate_39,B,2033,1674664937537.3489,1656054859699.3013,1924589788745.206,0.09122404104822669,0.08646211582265832,,1.943348996048261,23.170319818717218,1.0000000000328117e-06,426114512341.2896,18390.532184672375,1839053218406.895,72.53316075465483,3.3965611340902552e-06,-1708250243.2058392,144795073793.4991,3583228682419.156,-40314796255.535
rate_39,B,2034,1699776133585.4702,1692488066612.6858,1948373404254.8008,0.09192387058760065,0.08722650858768868,,2.070068806201887,28.734502996797602,1.0000000000437488e-06,526212217993.7508,18312.9048056066,1831290480480.543,86.77741891416429,3.2304007179077372e-06,-671547994.3061109,148265537513.34128,3663288049078.818,-40677413948.13855
rate_39,B,2035,1726025224942.8,1729722804078.1648,1973644499855.4387,0.09258367092662541,0.08794632971214834,,2.189338917337934,34.29868617487799,1.000000000054686e-06,625310605862.5597,18231.328241218846,1823132824022.1846,100.0,3.077850159056946e-06,341928636.16432554,151797583524.3045,3741724963579.961,-40500732432.01929
rate_39,B,2036,1769504676410.6086,1767776705767.8845,2018763417571.15,0.09226358106055105,0.08759722372897748,,2.3078243628112727,35.225697796844514,1.0000000000437488e-06,644181740938.5598,18287.267002683682,1828726700188.3638,99.99279090926709,2.9601262616826714e-06,-159515311.51798815,155003697029.012,3818369536679.875,-40579607860.08026
rate_39,B,2037,1814002595132.3047,1806667793294.7778,2065159779444.7422,0.09194892318450326,0.08725385511599924,,2.425476316169169,36.15270941881103,1.0000000000328117e-06,662921133745.2635,18336.69300099768,1833669300039.602,99.96612686519418,2.8507044320022214e-06,-675946456.4004234,158278719615.72073,3893263289120.532,-40899449761.07428
rate_39,B,2038,1859456863323.8215,1846414484747.2632,2112776643204.312,0.0916442442759899,0.08692119754279555,,2.5422739841052464,37.07972104077755,1.0000000000218744e-06,681667107360.7034,18383.825127108346,1838382512670.6213,99.9419067571097,2.74926777779919e-06,-1199939621.9106736,161626217339.2769,3966447699947.1113,-41442782864.469635
rate_39,B,2039,1905789259572.4526,1887035603411.7031,2161540403647.0186,0.09135446561730433,0.0866046440359642,,2.6582275041661885,38.006732662744064,1.0000000000109373e-06,700597552241.2141,18433.51172713761,1843351172693.5996,99.94531008009997,2.655636559376293e-06,-1722661597.2826822,165050200432.83603,4037964246965.551,-42189215215.32922
rate_39,B,2040,1952921779865.9124,1928550386686.7605,2211379321242.307,0.0910839627588081,0.08630900133251228,,2.773375150546544,38.933744284710585,1e-06,719898496214.2135,18490.348396748475,1849034839674.8477,99.99999999999997,2.569621337305657e-06,-2235369784.5429454,168554728500.7393,4107854261604.456,-43116095335.24463
rate_39,B,2041,1999039635972.72,1970978495193.8691,2260259413898.7583,0.09092432215808534,0.08613445746990295,,2.888185516964706,38.92092965482866,0.5268448501325874,721757807069.8864,9769920376.261711,1854420779438.763,99.84989002138856,1.318203101314061,-2571536345.9619074,172186194505.34253,4176175578434.9834,-44136448621.62979
rate_39,B,2042,2045887805759.2375,2014340022088.1343,2310178052447.3984,0.09078264575577562,0.08597951315415832,,3.0027085723637,38.908115024946746,1.0536887002651747,724145611704.06,19610923014.644947,1861168579458.9614,99.7738145997716,2.571135345002473,-2888795746.3999324,175904437507.20847,4242966649151.4937,-45233326925.08615
rate_39,B,2043,2093453221457.0862,2058655502574.0732,2361139583655.19,0.09065950303898053,0.08584480619344793,,3.1169962946820537,38.89530039506482,1.580532550397762,727086086372.5187,29545554727.195194,1869341743057.4055,99.7741939268197,3.767059030483127,-3184221725.075138,179712086071.0328,4308265058958.7207,-46390314302.32266
rate_39,B,2044,2141842494582.4673,2103945923630.7031,2413284147328.993,0.09054977237660225,0.08572474562877892,,3.2311000741473594,38.882485765182906,2.1073764005303497,730588258725.4369,39596862819.94848,1878964897299.9507,99.85133883928347,4.913413595881279,-3465682559.2559114,183608903024.9913,4372106512311.2563,-47595344166.322876
rate_39,B,2045,2191135107577.2886,2150232733950.5786,2466721832014.302,0.09045004205709518,0.08561560617303123,,3.345064204639109,38.86967113530098,2.634220250662937,734620346852.8384,49785648751.50939,1889957710976.5273,99.99999999999997,6.0165910194996695,-3738500405.5481176,187595360442.23953,4434525228525.214,-48839257636.94159
rate_39,B,2046,2225352495457.2676,2197537854097.4912,2503498379902.3506,0.09108196121220577,0.0863068132385916,,3.45573706188112,38.94653522590069,4.8138997059119895,736368334663.1958,91017167229.82465,1890715901663.795,99.8377929028506,10.719854214945562,-2551160041.6071396,192063082215.46414,4495678591152.347,-49651553333.46298
rate_39,B,2047,2261017553913.3184,2245883686887.636,2542243628093.6533,0.0916771306129455,0.08695711233726965,,3.563141735761873,39.02339931650039,6.9935791611610405,738799930204.6235,132404041847.82457,1893222894839.493,99.76919163683698,15.207810294638465,-1392613156.1709318,196611557432.17905,4555584436547.998,-50075870548.17352
rate_39,B,2048,2298085975800.444,2295293127999.164,2582922517479.265,0.0922390804317381,0.08757049423856242,,3.667278412709759,39.100263407100094,9.173258616410093,741825504347.9073,174038653621.87082,1897239148044.2087,99.78102827131993,19.506436072280632,-257783790.35093316,201244524703.55386,4614261441863.749,-50151032746.29553
rate_39,B,2049,2336497362873.644,2345789576815.1455,2625483762666.876,0.09277202702426919,0.0881516713623615,,3.768126831968603,39.17712749769979,11.352938071659144,745362533120.5206,215994770927.22256,1902545134694.429,99.8612945798862,23.637217686431395,860158176.0700368,205966147671.06177,4671729089893.834,-49911035698.86063
rate_39,B,2050,2376197953856.6294,2397396947505.079,2669885341411.9434,0.09327981647394482,0.0887049274622621,,3.865649491622136,39.2539915882995,13.532617526908195,749342197490.2504,258331979630.60342,1908957961140.4617,99.99999999999997,27.618142236966868,1967698508.555336,210780467132.82794,4728007477886.872,-49385660166.56326
vol_0_1,B',2019,1361496901347.7095,1361496901347.7095,1652315857408.9397,0.09236379319842411,0.08824028498633725,,,,,,,1927690920589.4683,,,-0.0,120138874582.93698,2414901591623.6533,-17419008523.536682
vol_0_1,B',2020,462908946458.2212,462908946458.2212,709983046715.0631,0.121768405058906,0.11711115249230034,,0.0928776882208452,0.0,0.0,0.0,0.0,1047099078025.3121,0.0,0.0,-0.0,54211800218.718834,2469113391842.372,-17419008523.536682
vol_0_1,B',2021,687555935180.5933,687555935180.5933,826157688416.4329,0.0916385245597242,0.08698127199311853,,0.17620282814313085,0.0,0.0,0.0,0.0,939404057748.4287,0.0,0.0,-0.0,59804489808.426155,2526342568692.5405,-17419008523.536682
vol_0_1,B',2022,912202923902.9652,912202923902.9652,1090959425893.8142,0.09104346695936491,0.08638621439275924,,0.2848272970997897,0.0,0.0,0.0,0.0,1224627609432.456,0.0,0.0,-0.0,78801757353.9834,2598503698111.7236,-17419008523.536682
vol_0_1,B',2023,1136849912625.3374,1136849912625.3374,1353514774009.468,0.09047050437039461,0.08581325180378893,,0.4178656899391656,0.0,0.0,0.0,0.0,1499869141368.387,0.0,0.0,-0.0,97556787815.23352,2683992379976.7183,-17419008523.536682
vol_0_1,B',2024,1361496901347.7095,1361496901347.7095,1613982106501.2495,0.08991902631086571,0.08526177374426003,,0.5744674383382142,0.0,0.0,0.0,0.0,1765521402469.5452,0.0,0.0,-0.0,116083640756.21951,2781335633738.446,-17419008523.536682
vol_0_1,B',2025,1422540591591.5667,1391449833177.3591,1679373859390.3062,0.09012355190039906,0.08525817466990729,,0.7320706154102715,2.0,0.0,36088527006.63617,0.0,1804426350331.8086,7.268667295723799,0.0,-2836564207.635595,121283214232.94704,2878659475922.6406,-19695212440.420258
vol_0_1,B',2026,1457910673823.3464,1422061729507.2612,1714319768562.4023,0.08984375778049072,0.08495169460832307,,0.8897083664236182,2.8197044984818187,2.0000000018301205e-07,51216896505.0514,3632.7846821887947,1816392339432.289,10.175406096084695,8.709870215419312e-07,-3265578495.227171,123851982328.85542,2973764885330.2715,-22202836249.91803
vol_0_1,B',2027,1494035850942.0283,1453347087556.421,1750156062848.3945,0.08957311503057111,0.08465508807726603,,1.0473559269147035,3.6394089969636374,4.000000003660241e-07,66536605088.21977,7312.90219973807,1828225548261.581,13.041643595833479,1.7042723691718104e-06,-3700842339.2916617,126477736552.09052,3066704325412.012,-24922320518.225647
vol_0_1,B',2028,1530941751877.7405,1485320723482.662,1786919822222.182,0.08931070305960949,0.08436735921557825,,1.2049796882389645,4.459113495445456,6.000000005490361e-07,82039668990.92865,11038.920962625687,1839820158754.068,15.867444390556045,2.5026095495241395e-06,-4143347402.17543,129161512718.796,3157528780132.6685,-27835860787.300476
vol_0_1,B',2029,1568658013661.0735,1517997779399.2808,1824653132575.391,0.08905544902865543,0.08408734290318141,,1.3625351881244847,5.278817993927275,8.000000007320482e-07,97713242593.99823,14808.351838736708,1851043978148.272,18.651941647004165,3.268226871420095e-06,-4594402738.04907,131904284292.54211,3246287757068.5415,-30927454732.468994
vol_0_1,B',2030,1607218562922.5615,1551393730546.065,1863403389401.341,0.08880613595876984,0.08381371335924953,,1.519965160112165,6.098522492409093,1.0000000009150602e-06,113538527006.63606,18617.382694226915,1861738267719.0889,21.393191527008067,4.0028381458271554e-06,-5055655348.158704,134706955938.45653,3333029294959.315,-34182931161.9516
vol_0_1,B',2031,1643089879325.8853,1585524392618.0786,1899095043704.7124,0.08877535853372187,0.08377992509526619,,1.6756941840976842,7.876018734333908,1.0000000016310328e-06,147145940556.75223,18682.781968927924,1868278193845.5696,26.77131612712597,3.8085254444284763e-06,-5212385734.931722,137657947014.71262,3417853948293.476,-37394796677.87607
vol_0_1,B',2032,1679847505127.4277,1620405929255.6763,1935893895554.253,0.08873956119113917,0.08374062333840428,,1.8296409511009062,9.653514976258723,1.0000000023470054e-06,180908842427.57794,18740.204298339864,1874020425435.6504,31.818896799723845,3.631832299454402e-06,-5381169068.103253,140671477192.83408,3500802835211.38,-40567877628.06995
vol_0_1,B',2033,1717535810474.7644,1656054859699.3013,1973858655872.3071,0.08869755936828604,0.0836945062817045,,1.981714214661255,11.431011218183539,1.0000000030629778e-06,214766584016.9893,18788.065252983135,1878806519543.5708,36.55754195662086,3.4699818135909688e-06,-5564466627.919764,143748311678.83258,3581915930936.2314,-43707748343.60657
vol_0_1,B',2034,1756193546535.8018,1692488066612.6858,2013042030174.0386,0.0886486293359277,0.08364077753529306,,2.1318184041259785,13.208507460108352,1.0000000037789504e-06,248655283539.27707,18825.38850281978,1882538843167.957,41.005630365594925,3.320802962716895e-06,-5764203237.727606,146889393734.71832,3661232217300.9243,-46820261664.30002
vol_0_1,B',2035,1795846081844.8257,1729722804078.1648,2053482006404.3035,0.08859289036240588,0.08357956593924007,,2.2798625166875106,14.986003702033168,1.000000004494923e-06,282520187521.1526,18852.27005200387,1885226996726.437,45.18077654086648,3.182678826820077e-06,-5981078968.551723,150096036014.2755,3738789907420.064,-49910807434.4556
vol_0_1,B',2036,1817811897143.8228,1767776705767.8845,2073875365745.5771,0.08954336035979195,0.08462246983179011,,2.419938564492556,19.706368004247278,0.7370882291808105,368660145480.08344,13789200208.93186,1870766573529.058,57.225088047148006,2.232032466090967,-4550186702.429693,153827732425.9223,3814853002099.063,-52160735171.775024
vol_0_1,B',2037,1841205709148.16,1806667793294.7778,2096129292438.7942,0.09044071166463766,0.0856053944888657,,2.552133634023791,24.42673230646139,1.4741754583616167,453562479085.794,27372907154.063526,1856828303496.891,68.39559340858365,4.25551476139432,-3156622036.0080767,157617141066.77994,3889433711193.244,-53654374176.9899
vol_0_1,B',2038,1865932840414.758,1846414484747.2632,2120134863451.0562,0.09129090806451291,0.08653519232749883,,2.676554827930745,29.147096608675497,2.2112626875424226,537407079207.48737,40770723692.56037,1843775681751.8855,78.79137429521697,6.097187943780396,-1792280150.2069125,161468857215.48727,3962546869297.7295,-54465919290.08084
vol_0_1,B',2039,1891848187105.612,1887035603411.7031,2145728481496.7134,0.09210276355177666,0.0874217558236683,,2.7933249183157396,33.86746091088961,2.9483499167232288,620448785068.099,54013500704.99003,1831990850157.3035,88.51150851744282,7.781492170100313,-443879808.6288625,165388690268.59637,4034210084567.349,-54658253204.98123
vol_0_1,B',2040,1918809004406.3591,1928550386686.7605,2172751923555.8423,0.09288495236225808,0.08827474868578375,,2.902574252071421,38.58782521310372,3.685437145904035,703000632999.547,67142022960.41215,1821819781542.964,97.65274364331924,9.330790914650105,902284900.9174217,169382382639.99026,4104443280085.3833,-54284127213.41464
vol_0_1,B',2041,1958894632306.785,1970978495193.8691,2214868556797.13,0.09299708301160972,0.08839693670119382,,3.010100569403149,38.83956487908779,4.760766737526,708060984073.4808,86790704056.82993,1823040464736.82,97.95503518728805,11.71020549266882,1119929427.0275712,173160284816.3312,4173151103702.647,-53839753299.28293
vol_0_1,B',2042,1999679231695.6477,2014340022088.1343,2258000199225.8823,0.0931165120150403,0.08852705237607857,,3.1159276680313672,39.091304545071864,5.836096329147964,713708219140.5931,106552338589.94482,1825746742009.326,98.33573577467287,13.969790388595872,1359629756.6116128,177025708079.67715,4240367921848.6104,-53323500676.50076
vol_0_1,B',2043,2041166263123.1877,2058655502574.0732,2302166779407.3027,0.09324354051697596,0.08866541901937974,,3.22007796388859,39.34304421105593,6.911425920769929,719977216245.6322,126479007776.56384,1829998747385.4622,98.79868112319731,16.126076928013138,1623042457.7561262,180980862008.03897,4306127341557.2827,-52733767988.743744
vol_0_1,B',2044,2083704999531.3152,2103945923630.7031,2347778725932.5825,0.09336123368193411,0.08879359092388221,,3.3225792360913635,39.59478387704001,7.986755512391894,726955220229.8044,146635820275.2866,1835987342391.7007,99.35480231071756,18.19544230714339,1879588751.0746977,185019649334.43176,4370459316301.878,-52080228451.190094
vol_0_1,B',2045,2127390441482.219,2150232733950.5786,2394959776362.23,0.0934663726657637,0.08890806969056299,,3.423448221731739,39.84652354302408,9.062085104013859,734620346852.4736,167070838567.11432,1843624691773.3518,100.0000000000079,20.190495296363544,2122346178.6057816,189142177630.33868,4433392705921.784,-51374058940.82547
vol_0_1,B',2046,2158478558142.2937,2197537854097.4912,2428265896928.3096,0.09422275296071286,0.08973105750248418,,3.520186419964342,39.95204849649492,11.729482798511656,736271957922.4482,216161363196.07034,1842889127417.4414,99.82472601686338,25.45913447860824,3643740479.4087343,193682563618.5453,4495061715451.842,-50213882917.99945
vol_0_1,B',2047,2191143362138.7053,2245883686887.636,2463678462378.8833,0.09493119458004669,0.09050097026020353,,3.612803477328069,40.05757344996576,14.396880493009455,738671053680.6035,265481854430.55368,1844023464384.9475,99.75178786335181,30.493009295654446,5125684145.068807,198300600252.75732,4555482197623.671,-48652131177.90985
vol_0_1,B',2048,2225278006744.562,2295293127999.164,2501090355973.2676,0.09559837643648245,0.0912252515041088,,3.701282441339205,40.16309840343659,17.064278187507252,741708546894.9199,315133081893.495,1846741353081.1033,99.76529662703783,35.32044858017219,6578862842.8186245,203001545831.8346,4614671498805.537,-46733927586.690094
vol_0_1,B',2049,2260785692462.8003,2345789576815.1455,2540407800473.802,0.09623044393599066,0.09191071913614095,,3.7855837887962394,40.26862335690743,19.73167588200505,745290548221.3845,365193302117.284,1850797186722.1577,99.8516502726644,39.96464147123485,8013487228.725492,207790438806.95438,4672648151456.466,-44498044317.710175
vol_0_1,B',2050,2297593721965.1157,2397396947505.079,2581565979736.085,0.09683231823026607,0.09256282692179062,,3.8656494875423846,40.374148310378274,22.399073576502847,749342215133.3977,415725708483.56665,1855995102045.9731,100.00000235441485,44.44502676313165,9437855177.656841,212671770022.84973,4729431517350.469,-41978136838.92294
vol_0_4,B',2019,1361496901347.7095,1361496901347.7095,1652315857408.9397,0.09236379319842411,0.08824028498633725,,,,,,,1927690920589.4683,,,-0.0,120138874582.93698,2414901591623.6533,-18793082498.27176
vol_0_4,B',2020,462908946458.2212,462908946458.2212,709983046715.0631,0.121768405058906,0.11711115249230034,,0.0928776882208452,0.0,0.0,0.0,0.0,1047099078025.3121,0.0,0.0,-0.0,54211800218.718834,2469113391842.372,-18793082498.27176
vol_0_4,B',2021,687555935180.5933,687555935180.5933,826157688416.4329,0.0916385245597242,0.08698127199311853,,0.17620282814313085,0.0,0.0,0.0,0.0,939404057748.4287,0.0,0.0,-0.0,59804489808.426155,2526342568692.5405,-18793082498.27176
vol_0_4,B',2022,912202923902.9652,912202923902.9652,1090959425893.8142,0.09104346695936491,0.08638621439275924,,0.2848272970997897,0.0,0.0,0.0,0.0,1224627609432.456,0.0,0.0,-0.0,78801757353.9834,2598503698111.7236,-18793082498.27176
vol_0_4,B',2023,1136849912625.3374,1136849912625.3374,1353514774009.468,0.09047050437039461,0.08581325180378893,,0.4178656899391656,0.0,0.0,0.0,0.0,1499869141368.387,0.0,0.0,-0.0,97556787815.23352,2683992379976.7183,-18793082498.27176
vol_0_4,B',2024,1361496901347.7095,1361496901347.7095,1613982106501.2495,0.08991902631086571,0.08526177374426003,,0.5744674383382142,0.0,0.0,0.0,0.0,1765521402469.5452,0.0,0.0,-0.0,116083640756.21951,2781335633738.446,-18793082498.27176
vol_0_4,B',2025,1422540591591.548,1391449833177.3591,1679373859390.2847,0.09012355190040036,0.08525817466990727,,0.7320706154102901,2.0,0.0,36088527006.640396,0.0,1804426350332.0198,7.268667295714845,0.0,-2836564207.6339803,121283214232.94543,2878659475922.6396,-21069286415.154022
vol_0_4,B',2026,1453623592667.2878,1422061729507.2612,1709278699786.9136,0.09013821772810533,0.08527423493993501,,0.8878400855724803,4.018849280297947,2e-07,72815796595.77525,3623.713730830775,1811856865415.388,14.466520838446353,8.688121937991715e-07,-2879780481.4257255,123956639755.3427,2973845251322.0493,-23280657574.017487
vol_0_4,B',2027,1485409170403.6172,1453347087556.421,1740050524057.5835,0.09015130778241508,0.08528856924633899,,1.0417534351431705,6.037698560595894,4e-07,109841624845.34242,7277.052588362512,1819263147090.6284,21.529732713575676,1.695917614730651e-06,-2925634830.434192,126688422889.11584,3066939509719.881,-25430497304.20752
vol_0_4,B',2028,1517924199667.7288,1485320723482.662,1771725696088.8057,0.0901621284242249,0.08530041816610044,,1.1937796177741709,8.056547840893842,6e-07,147156091498.6764,10959.24168054217,1826540280090.3618,28.461732321731375,2.484545634313725e-06,-2975215575.6513314,129479568976.1006,3157987616870.213,-27522624646.531616
vol_0_4,B',2029,1551200621848.5588,1517997779399.2808,1804346804248.9524,0.09016974337200387,0.08530875661643557,,1.3438775559576144,10.075397121191788,8e-07,184738374974.92285,14668.473927353896,1833559240919.2373,35.263688917849464,3.2373555932552685e-06,-3030038833.7235246,132330996312.5422,3247033730213.706,-29561551193.911957
vol_0_4,B',2030,1585275977494.5166,1551393730546.065,1837963235210.6772,0.09017297021858033,0.08531229001338483,,1.4919949237731172,12.094246401489736,1e-06,222554342968.18475,18401.670974784432,1840167097478.4434,41.93420339158973,3.956458957442183e-06,-3092095715.8012037,135243523943.26433,3334120779096.067,-31552637220.802856
vol_0_4,B',2031,1614437322496.9873,1585524392618.0786,1865978213427.873,0.09052769655622755,0.08570058874486583,,1.635635973436907,15.707806746591654,1e-06,289124247177.24817,18406.40465225889,1840640465225.889,52.602447555827695,3.7521853316638274e-06,-2643795636.997123,138358229029.67664,3419376945324.6426,-33181740757.92505
vol_0_4,B',2032,1644496380462.0544,1620405929255.6763,1895154467581.3062,0.09086163342929894,0.08606590282618828,,1.7747578861330788,19.32136709169357,1e-06,355624843865.7984,18405.78061470012,1840578061470.0122,62.548574489404,3.567021333860222e-06,-2206897649.274895,141535065678.86554,3502835059166.873,-34483068555.15967
vol_0_4,B',2033,1675504270886.5598,1656054859699.3013,1925554383128.8564,0.09117326678281129,0.08640662071436508,,1.909310934347209,22.93492743679549,1e-06,421964023015.6779,18398.315153973537,1839831515397.3535,71.82666496362484,3.3979985765073095e-06,-1784796311.0835989,144774662039.7938,3584527295294.1655,-35490178498.50104
vol_0_4,B',2034,1707506920753.3457,1692488066612.6858,1957234841837.2139,0.09146155595514485,0.08672164803826023,,2.039244213989082,26.548487781897407,1e-06,488044291849.9512,18383.12961021959,1838312961021.9587,80.48316347345637,3.2427883899691897e-06,-1380401992.219929,148077814204.46515,3664485296461.4287,-36235558113.25418
vol_0_4,B',2035,1740535351606.2085,1729722804078.1648,1990236280362.2334,0.0917264780455303,0.08701100023658172,,2.1645135109507465,30.162048126999327,1e-06,553786422694.5938,18360.371960247492,1836037196024.749,88.56181512074605,3.099635583896242e-06,-995234849.0784953,151445721890.38666,3742740396863.46,-36749816304.6781
vol_0_4,B',2036,1781163546870.0454,1767776705767.8845,2032064598114.7668,0.09159279780933803,0.08686500929791689,,2.2877866954296593,31.91638735854158,1.0000000000082293e-06,586901815789.3602,18388.729563940487,1838872956378.916,91.10154296670133,2.976549819784323e-06,-1231285128.344144,154720788059.9771,3819245080157.044,-37358649028.252075
vol_0_4,B',2037,1822782148081.9392,1806667793294.7778,2075154902760.3013,0.09145696818258522,0.08671663601443842,,2.4090198067146424,33.67072659008384,1.0000000000164589e-06,619926445796.4379,18411.436538147413,1841143653784.438,93.48268228747628,2.862324397095882e-06,-1481053654.9606051,158065536068.8377,3894037959177.551,-38059448643.35672
vol_0_4,B',2038,1865332769349.7444,1846414484747.2632,2119453042777.81,0.09132353972280847,0.08657085113114026,,2.5281984884683197,35.42506582162609,1.0000000000246882e-06,652981716738.1024,18432.759448977366,1843275944852.2292,95.73622834905886,2.75658581707583e-06,-1737489328.2295182,161483445485.4143,3967157722856.04,-38846184452.046844
vol_0_4,B',2039,1908738895383.2559,1887035603411.7031,2164885871646.2065,0.09119762019702143,0.08643323906108079,,2.645339656007319,37.179405053168345,1.0000000000329178e-06,686240644625.2303,18457.547765125953,1845754776451.837,97.89719332764174,2.6590993277388947e-06,-1991892556.238582,164978485249.84424,4038643195557.4355,-39709275058.90671
vol_0_4,B',2040,1952921779865.9124,1928550386686.7605,2211379321242.307,0.0910839627588081,0.08630900133251228,,2.7604873023876744,38.9337442847106,1.0000000000411471e-06,719898496214.2137,18490.3483975093,1849034839674.8477,100.0,2.5696213374113896e-06,-2235369784.5429454,168554728500.7393,4108533210196.341,-40636155178.82211
vol_0_4,B',2041,2004474075976.0762,1970978495193.8691,2266403986500.4307,0.09065046351853455,0.08583491660224506,,2.8763526217103506,38.840423959133595,1.0000000000329178e-06,721914819049.4982,18586.687411878745,1858668741126.6912,99.87161147522,2.507802320377171e-06,-3064914274.591084,172053865142.7687,4176802020399.77,-41852274623.324066
vol_0_4,B',2042,2056787740242.6985,2014340022088.1343,2322486053573.3257,0.09024824550266979,0.08539471053869789,,2.9930130533938,38.74710363355659,1.0000000000246882e-06,724386432244.6921,18695.240787887626,1869524078742.6072,99.80699519709533,2.451082712280076e-06,-3875402728.3772492,175638793717.56778,4243492225934.078,-43323768471.65518
vol_0_4,B',2043,2109857328386.8254,2058655502574.0732,2379641256302.7217,0.08987664635774259,0.08498772818765465,,3.1105515196204707,38.653783307979594,1.0000000000164589e-06,727342408037.0361,18816.84911031352,1881684911000.3816,99.80936759868435,2.399148772825607e-06,-4664971240.517415,179311981139.67075,4308645257562.5464,-45018786377.584076
vol_0_4,B',2044,2163699268772.3752,2103945923630.7031,2437910891264.492,0.08953401614984384,0.08461222596665711,,3.2290493809945024,38.56046298240259,1.0000000000082293e-06,730767931592.1709,18951.22296461215,1895122296445.6194,99.87589518277802,2.3515801490696155e-06,-5433668255.002544,183075411453.25897,4372301214042.4927,-46908091703.84964
vol_0_4,B',2045,2218344072438.189,2150232733950.5786,2497352963530.0137,0.08921820785403367,0.08426590656923083,,3.348581881493672,38.46714265682559,1e-06,734620346853.6582,19097.34636147475,1909734636147.4749,99.99999999999997,2.307912530940192e-06,-6182721184.854652,186930774346.48346,4434498802128.266,-48965272212.77963
vol_0_4,B',2046,2241798050968.393,2197537854097.4912,2521999458568.6484,0.09033985766703104,0.08549500340328746,,3.462685114399508,38.6849659745201,3.1833677896628556,735972735836.6626,60562852837.34298,1902477402517.0708,99.78415709059138,7.132994500014117,-4042935529.714655,191662531997.02597,4495524628570.537,-50252552931.56656
vol_0_4,B',2047,2267253258499.672,2245883686887.636,2549254931576.855,0.09139701482816026,0.08665113479360606,,3.5714267088848364,38.90278929221461,6.366734579325711,738224598896.1271,120816017735.81377,1897613544753.8816,99.69149761273773,13.87682016831026,-1963410454.0325367,196460067713.49762,4555384316355.797,-50850787158.707825
vol_0_4,B',2048,2294614052267.776,2295293127999.164,2579020265968.257,0.09239416530755154,0.08773966849109763,,3.674838912984086,39.120612609909124,9.550101368988566,741269537492.7799,180958291614.43604,1894831108306.8745,99.70624660883963,20.281996405209597,62732321.82734353,201328676260.98883,4614085857799.377,-50832496252.22601
vol_0_4,B',2049,2323752280012.931,2345789576815.1455,2611162322105.3125,0.09333756199863892,0.08876781366353624,,3.7729220778971335,39.33843592760363,12.733468158651421,745004688559.3604,241150753865.12753,1893834035319.6233,99.81335170707281,26.39014287192385,2046142306.9133658,206274409392.40536,4671639515478.638,-50261591823.30521
vol_0_4,B',2050,2354548480498.1113,2397396947505.079,2645560090447.3154,0.09423328433906251,0.0897425091120993,,3.8656494916221362,39.55625924529814,15.916834948314277,749342197490.1212,301523862590.0932,1894370731173.7063,100.00000000000003,32.23576475805306,3997445210.943642,211303088465.98132,4728057443375.732,-49194273889.99487
efuel_wind,C,2019,1361496901347.7095,1361496901347.7095,1652315857408.9397,0.09236379319842411,0.08824028498633725,,,,,,,1927690920589.4683,,,-0.0,120138874582.93698,2414901591623.6533,-21431931126.43222
efuel_wind,C,2020,462908946458.2212,462908946458.2212,709983046715.0631,0.121768405058906,0.11711115249230034,,0.0928776882208452,0.0,0.0,0.0,0.0,1047099078025.3121,0.0,0.0,-0.0,54211800218.718834,2469113391842.372,-21431931126.43222
efuel_wind,C,2021,687555935180.5933,687555935180.5933,826157688416.4329,0.0916385245597242,0.08698127199311853,,0.17620282814313085,0.0,0.0,0.0,0.0,939404057748.4287,0.0,0.0,-0.0,59804489808.426155,2526342568692.5405,-21431931126.43222
efuel_wind,C,2022,912202923902.9652,912202923902.9652,1090959425893.8142,0.09104346695936491,0.08638621439275924,,0.2848272970997897,0.0,0.0,0.0,0.0,1224627609432.456,0.0,0.0,-0.0,78801757353.9834,2598503698111.7236,-21431931126.43222
efuel_wind,C,2023,1136849912625.3374,1136849912625.3374,1353514774009.468,0.09047050437039461,0.08581325180378893,,0.4178656899391656,0.0,0.0,0.0,0.0,1499869141368.387,0.0,0.0,-0.0,97556787815.23352,2683992379976.7183,-21431931126.43222
efuel_wind,C,2024,1361496901347.7095,1361496901347.7095,1613982106501.2495,0.08991902631086571,0.08526177374426003,,0.5744674383382142,0.0,0.0,0.0,0.0,1765521402469.5452,0.0,0.0,-0.0,116083640756.21951,2781335633738.446,-21431931126.43222
efuel_wind,C,2025,1422540591591.5667,1391449833177.3591,1679373859390.3062,0.09012355190039906,0.08525817466990729,,0.7320706154102715,2.0,0.0,36088527006.63617,0.0,1804426350331.8086,7.268667295723799,0.0,-2836564207.635595,121283214232.94704,2878659475922.6406,-23708135043.315796
efuel_wind,C,2026,1460855257502.7522,1422061729507.2612,1717782228987.7405,0.08964256451149574,0.08473121431456099,,0.8909910208603448,2.0,2.0000000010670915e-07,36390150637.27038,3639.015065668619,1819507531863.519,7.229734441158757,8.724808021053683e-07,-3529834532.5843735,123780039906.01888,2973709641050.374,-26418679937.714447
efuel_wind,C,2027,1499988556644.298,1453347087556.421,1757129231510.0503,0.08917823446414999,0.08422205660505248,,1.0512130377785858,2.0,4.000000002134183e-07,36688198254.49912,7337.639654814791,1834409912724.956,7.191145463069717,1.7100374348069024e-06,-4232867783.6349764,126332121124.62704,3066542078772.1367,-29529111642.736664
efuel_wind,C,2028,1539964554911.4631,1485320723482.662,1797451265089.4167,0.08872947025689719,0.08372954405738797,,1.2127115546095775,2.0,6.000000003201274e-07,36980495741.12699,11094.14872825733,1849024787056.3494,7.152466202318858,2.515130115086091e-06,-4946552688.543248,128940530047.2752,3157211141764.862,-33007453923.088104
efuel_wind,C,2029,1580810531663.2546,1517997779399.2808,1838788865060.26,0.0882950903689551,0.08325241582654998,,1.3754495268079172,2.0,8.000000004268366e-07,37264310639.300766,14905.724263673192,1863215531965.038,7.113178614358534,3.289717120917202e-06,-5672018004.2926445,131606295725.01883,3245769600874.2383,-36824179952.29208
efuel_wind,C,2030,1622557050375.4397,1551393730546.065,1881186776283.0918,0.08787383906281206,0.08278932480576774,,1.5393754963888238,2.0,1.0000000005335458e-06,37536342509.15786,18768.17126459261,1876817125457.893,7.072684362670918,4.035258505402372e-06,-6410633243.094046,134330402659.42073,3332268665684.8813,-40952164156.8624
efuel_wind,C,2031,1662039953875.8542,1585524392618.0786,1920997675513.537,0.0876514181588169,0.08254465841879464,,1.7030778201557077,2.8390381072767683,1.000000000485412e-06,53560074608.39795,18865.570876669906,1886557086751.2332,9.744568444810309,3.845787357944435e-06,-6883993052.999563,137192520271.0716,3416806523646.6143,-45194071993.92355
efuel_wind,C,2032,1702437033237.3728,1620405929255.6763,1961926573781.3022,0.08743221882084976,0.08230343061904989,,1.8664672351548126,3.678076214553536,1.0000000004372784e-06,69713897842.34398,18953.902476784482,1895390246849.6348,12.261530675789862,3.673246786421019e-06,-7370918356.8897,140116408248.35324,3499428106465.448,-49540436199.85721
efuel_wind,C,2033,1743786352413.9353,1656054859699.3013,2004026795081.963,0.08721521480247973,0.08206451515321667,,2.0294415996030444,4.517114321830304,1.0000000003891445e-06,85967376334.69879,19031.48121637956,1903148120897.3564,14.633356402410383,3.5149384897889377e-06,-7873265619.877836,143102981541.6458,3580177060694.7896,-53983096711.37103
efuel_wind,C,2034,1786120092819.6814,1692488066612.6858,2047345422078.7812,0.08699982550215637,0.08182727477425318,,2.1918914868193067,5.356152429107072,1.0000000003410108e-06,102287700198.60161,19097.234738432428,1909723473192.0066,16.868218384817265,3.368756702652585e-06,-8392332367.864196,146153339614.97067,3659095897809.694,-58514728440.74802
efuel_wind,C,2035,1829457989835.9812,1729722804078.1648,2091915950693.0317,0.08678621077120198,0.08159188723720241,,2.353709740406036,6.195190536383841,1.000000000292877e-06,118645287318.59262,19151.192631856466,1915119262624.752,18.973816565056374,3.2331435487311605e-06,-8928293971.580343,149268930011.89636,3736226205349.4424,-63128160450.868225
efuel_wind,C,2036,1857346927852.4783,1767776705767.8845,2118979441915.1194,0.08742810513491237,0.08229890252468819,,2.5098311104945563,8.105597600733212,1.5386501684930838,154425604702.6207,29313937651.412693,1905172355072.891,23.97063781958625,4.744993150826213,-8048156330.1900835,152857613769.86017,3811809606113.5522,-67107726861.16705
efuel_wind,C,2037,1886978519390.56,1806667793294.7778,2148239563371.3818,0.08800642252468364,0.08293511781564682,,2.6603472152673624,10.016004665082583,3.077299336986167,189883052545.2503,58339329028.01722,1895796366860.8643,28.633682581537695,9.069693418047592,-7240154090.800973,156496785821.2509,3885860189562.2397,-70533596803.91837
efuel_wind,C,2038,1918246792205.3774,1846414484747.2632,2179575712893.1704,0.08852884129674958,0.08350922025758299,,2.8053724399297133,11.926411729431956,4.61594850547925,225092242274.7732,87118759849.54779,1887342541757.8982,33.001662609549726,13.028452873102255,-6495118133.599828,160191293878.6809,3958394866516.5938,-73474588690.51755
efuel_wind,C,2039,1951031181366.44,1887035603411.7031,2212853654262.2944,0.08900374850562659,0.08403061046325819,,2.9450444806624168,13.836818793781328,6.154597673972334,260162354735.92014,115719852024.98157,1880217979387.3193,37.11404233721357,16.67126016094258,-5802098747.47079,163946341203.07376,4029433109356.668,-75988648454.09827
efuel_wind,C,2040,1985204849355.7644,1928550386686.7605,2247934862294.744,0.0894396877348858,0.08450880566552255,,3.079517324525067,15.7472258581307,7.693246842465418,295227441570.7211,144232235133.68137,1874790164505.627,41.009592758300464,20.04409116443628,-5149145452.645879,167767290820.45926,4098996618583.9985,-78123704849.51523
efuel_wind,C,2041,2003669465454.6196,1970978495193.8691,2265494235401.4937,0.0906909114982666,0.08587916703281655,,3.2029146610822683,20.671040744223042,10.098756734097549,384076163651.1126,187638919204.4918,1858039797819.3274,53.134115522913504,25.317115769302006,-2991959687.732622,172073464702.3315,4167273205646.208,-79310876831.31662
efuel_wind,C,2042,2023910621497.855,2014340022088.1343,2285361829098.1436,0.09187862448027656,0.08717711652662012,,3.3155937061281278,25.594855630315383,12.50426662572968,472051465554.6212,230618897469.7765,1844321657339.2507,65.0399238006986,30.235823070021212,-881651314.9161437,176438692089.78265,4234267133300.9004,-79645640616.45111
efuel_wind,C,2043,2045750381127.5808,2058655502574.0732,2307337060914.1353,0.09301141371402342,0.08841255111106573,,3.417853090856356,30.518670516407724,14.909776517361811,559543965924.4121,273363005085.23242,1833448038385.5024,76.78327121527863,34.8537905758057,1196135533.1607254,180870010131.92444,4299986274965.994,-79211024615.17426
efuel_wind,C,2044,2069056003229.401,2103945923630.7031,2331273221611.3687,0.09409596766727595,0.08959317835898237,,3.509933121140867,35.44248540250007,17.31528640899394,646881435735.8564,316031373229.75275,1825158220112.369,88.4109163501835,39.21504723783736,3252605316.86912,185373303532.0549,4364441216503.5312,-78080082448.48178
efuel_wind,C,2045,2094729888357.9502,2150232733950.5786,2358191391264.1626,0.09508699824218676,0.09067017617969302,,3.5920491055885573,40.366300288592406,19.720796300626073,734620349697.6644,358895865390.3804,1819885261828.837,100.00000038741597,43.37253194037002,5201330805.496291,189929528026.28403,4427636581690.475,-76349440546.04971
efuel_wind,C,2046,2118117794188.8093,2197537854097.4912,2382860457845.992,0.09621975949181442,0.0918991375567682,,3.6648891309711757,40.54247240808028,25.60810411500112,735450177102.285,464537152965.4846,1814023993651.9187,99.71330788630011,54.71243182780826,7486675475.493009,194653198529.59583,4489614643788.102,-73965664471.31781
efuel_wind,C,2047,2144702454993.7751,2245883686887.636,2411461220603.0537,0.09721794572183712,0.09298032891346937,,3.728604613412345,40.71864452756816,31.495411929376164,737546478612.9921,570483876133.2004,1811323749035.0237,99.59992273618658,65.52526979775236,9587074101.045586,199415139686.84647,4550374716510.445,-71044565699.73618
efuel_wind,C,2048,2174032791459.74,2295293127999.164,2443493546338.616,0.09810540720573371,0.09394023994769912,,3.7832834492890135,40.89481664705603,37.38271974375121,740686488645.2988,677075426501.6042,1811198947382.0515,99.62782221772719,75.88732875324035,11541532324.472662,204229162083.8941,4609921954612.3545,-67679393133.910675
efuel_wind,C,2049,2206115027659.9976,2345789576815.1455,2478975271161.0244,0.09888376222178896,0.09478112005926397,,3.8289691506811976,41.07098876654391,43.27002755812626,744793834511.7288,784671874534.8804,1813430494077.6873,99.78510215439778,85.8699487547261,13346374221.662758,209098053301.18866,4668263451342.581,-63955554314.17786
efuel_wind,C,2050,2239292528776.7314,2397396947505.079,2516059021097.4507,0.09963754109095571,0.09559456494668479,,3.8656503497668626,41.247160886031786,49.1573353725013,749342227383.7467,893047336810.865,1816712256764.0989,100.00000398932652,95.47524239028436,15164329290.923674,214064195076.7733,4725418594747.573,-59906678158.34793
r_3_2,D,2019,1361496901347.7095,1361496901347.7095,1652315857408.9397,0.09236379319842411,0.08824028498633725,,,,,,,1927690920589.4683,,,-0.0,120138874582.93698,2122964250109.073,-22202475301.49695
r_3_2,D,2020,462908946458.2212,462908946458.2212,709983046715.0631,0.121768405058906,0.11711115249230034,,0.0928776882208452,0.0,0.0,0.0,0.0,1047099078025.3121,0.0,0.0,-0.0,54211800218.718834,2177176050327.7917,-22202475301.49695
r_3_2,D,2021,687555935180.5933,687555935180.5933,826157688416.4329,0.0916385245597242,0.08698127199311853,,0.17620282814313085,0.0,0.0,0.0,0.0,939404057748.4287,0.0,0.0,-0.0,59804489808.426155,2235126137351.4604,-22202475301.49695
r_3_2,D,2022,912202923902.9652,912202923902.9652,1090959425893.8142,0.09104346695936491,0.08638621439275924,,0.2848272970997897,0.0,0.0,0.0,0.0,1224627609432.456,0.0,0.0,-0.0,78801757353.9834,2309116730384.0903,-22202475301.49695
r_3_2,D,2023,1136849912625.3374,1136849912625.3374,1353514774009.468,0.09047050437039461,0.08581325180378893,,0.4178656899391656,0.0,0.0,0.0,0.0,1499869141368.387,0.0,0.0,-0.0,97556787815.23352,2397876956575.042,-22202475301.49695
r_3_2,D,2024,1361496901347.7095,1361496901347.7095,1613982106501.2495,0.08991902631086571,0.08526177374426003,,0.5744674383382142,0.0,0.0,0.0,0.0,1765521402469.5452,0.0,0.0,-0.0,116083640756.21951,2500218563394.086,-22202475301.49695
r_3_2,D,2025,1422540591591.5667,1391449833177.3591,1679373859390.3062,0.09012355190039906,0.08525817466990729,,0.7320706154102715,2.0,0.0,36088527006.63617,0.0,1804426350331.8086,7.268667295723799,0.0,-2836564207.635595,121283214232.94704,2603828691721.6494,-24625702484.427765
r_3_2,D,2026,1454872689064.3657,1422061729507.2612,1710747480203.1616,0.09005223391497938,0.08518006954470268,,0.888384536374287,3.668759907734342,2.0000000012392054e-07,66521159783.661804,3626.356670799912,1813178334276.5056,13.215947489409837,8.694458582240268e-07,-2992318087.163934,123926156833.19127,2706413912611.4727,-27102722830.967773
r_3_2,D,2027,1487917784758.6514,1453347087556.421,1742989186218.8984,0.08998244117081078,0.08510362491903622,,1.0433841917042834,5.337519815468684,4.000000002478411e-07,97242639599.55286,7287.477556747272,1821869388057.9824,19.060242798591226,1.698347154344399e-06,-3151577758.903205,126627197064.46355,2807984768647.5103,-29630682528.859344
r_3_2,D,2028,1521702565647.7903,1485320723482.662,1776135816236.813,0.08991341688291443,0.08502801234196097,,1.1970359878151042,7.006279723203026,6.000000003717617e-07,128242578799.02979,10982.3687273389,1830394786755.699,24.80363478575328,2.489788716350757e-06,-3315410821.764356,129387344532.69398,2908551473748.12,-32207595623.4433
r_3_2,D,2029,1556258483381.082,1517997779399.2808,1810230076963.0044,0.0898441878766091,0.08495216584691556,,1.3492961694174315,8.675039630937368,8.000000004956822e-07,159501449594.5022,14709.000210166883,1838625025131.6433,30.446351502328326,3.246299808520147e-06,-3485280659.809729,132207528780.85896,3008123859254.097,-34832542271.00021
r_3_2,D,2030,1591622220503.0657,1551393730546.065,1845321046403.8176,0.08977356453326053,0.08487478174203987,,1.5001093905409915,10.34379953867171,1.0000000006196026e-06,190988526998.06503,18464.059207872822,1846405919643.2441,35.986499431085164,3.969872765574038e-06,-3663086153.26532,135088588580.97856,3106711322344.798,-37505857424.60864
r_3_2,D,2031,1622735872319.117,1585524392618.0786,1875569736713.02,0.09001345195800409,0.08513759252523942,,1.6472555999975378,13.412107005132224,1.0000000004956822e-06,247942258091.88852,18486.450944651162,1848645093548.776,45.10991297168821,3.7685029412101213e-06,-3392906645.758905,138155825473.59393,3204410865258.453,-39905216462.1521
r_3_2,D,2032,1654734802367.8728,1620405929255.6763,1906953454338.7852,0.09023719004890675,0.08538260639442552,,1.7906773659754809,16.480414471592738,1.0000000003717617e-06,304931121060.8126,18502.636672140954,1850263666526.2385,53.632380495415646,3.585791938080653e-06,-3133973749.154882,141285570317.73358,3301225595911.2075,-42052745213.42438
r_3_2,D,2033,1687668885489.9182,1656054859699.3013,1939534429241.2876,0.09044336941037737,0.08560830328658034,,1.9303098101755711,19.54872193805325,1.000000000247841e-06,361868643550.33856,18511.115191403704,1851111518681.5894,61.59723673928972,3.4188316997296436e-06,-2889433203.7231812,144478469796.34595,3397158384435.416,-43971310553.14819
r_3_2,D,2034,1721582693659.1663,1692488066612.6858,1973369238027.4827,0.09063105019948231,0.08581367712253551,,2.06608630035209,22.617029404513765,1.0000000001239205e-06,418663625477.4899,18510.99090165292,1851099089935.903,69.04162915624664,3.265343151875131e-06,-2661932194.477716,147735341413.41266,3492211999398.875,-45684010273.14728
r_3_2,D,2035,1756506331295.8794,1729722804078.1648,2008498490998.7358,0.09080025833381908,0.08599877728091165,,2.197946603558338,25.68533687097428,1e-06,475240571259.2442,18502.4075660962,1850240756609.62,76.00072137013495,3.1236143256707614e-06,-2452776478.3730297,151057396777.62555,3586389364749.7686,-47213204019.732666
r_3_2,D,2036,1793949299413.4922,1767776705767.8845,2046651397372.7295,0.09086775677422702,0.08607259948409764,,2.326462662665656,28.33501835371683,1e-06,524197809424.99396,18499.998937047894,1849999893704.7896,81.3683447105902,2.9945607884791836e-06,-2397721213.2252355,154409879543.19507,3679671811205.648,-48661720794.37494
r_3_2,D,2037,1832376435736.16,1806667793294.7778,2086077564629.1914,0.09092504884128619,0.08613525210531182,,2.451605067916391,30.984699836459384,1e-06,573003654779.2352,18493.11620908419,1849311620908.419,86.40689387030756,2.8750226846208126e-06,-2355961708.798998,157832206243.96686,3772065173822.218,-50040876732.51944
r_3_2,D,2038,1871732279832.143,1846414484747.2632,2126724379124.3733,0.0909766745731424,0.08619170272452975,,2.5733751148162507,33.634381319201935,1e-06,621767000366.4741,18486.054328328202,1848605432832.8203,91.15971550381107,2.7645559698347493e-06,-2320804056.926214,161327792243.1984,3863576455782.225,-51357325383.27112
r_3_2,D,2039,1911940971355.207,1887035603411.7031,2168517656511.272,0.09102792962336509,0.08624774287516021,,2.6918051273243484,36.284062801944486,1e-06,670661586874.4282,18483.640890360464,1848364089036.0464,95.67472801551718,2.6628584517939944e-06,-2283642423.2876515,164900593289.92795,3954213966532.7744,-52612528051.50668
r_3_2,D,2040,1952921779866.0083,1928550386686.7605,2211379321242.4155,0.09108396275880315,0.08630900133250752,,2.8069527737047313,38.93374428468704,1e-06,719898496213.7661,18490.34839674817,1849034839674.817,100.0,2.5696213373072114e-06,-2235369784.5517106,168554728500.73825,4043987226169.8145,-53803099409.77313
r_3_2,D,2041,1992748990122.7231,1970978495193.8691,2253146752775.839,0.09124329689503766,0.0864831607164281,,2.920541552093396,39.01434498650873,1.1402694037476868,721571693079.7786,21089323030.12673,1849503543707.5774,99.82414251825345,2.8454695588400525,-1998561470.1623328,172339231180.28326,4132929966934.4873,-54834539166.84711
r_3_2,D,2042,2033338563640.4268,2014340022088.1343,2296007684142.6875,0.09140540006129291,0.086660296381731,,3.0326016525217834,39.09494568833043,2.280537807495374,723861989945.151,42225269952.77305,1851548780028.6646,99.73473678960485,5.536041518639113,-1745643256.6462643,176209722569.4826,4221050380562.624,-55707514866.370056
r_3_2,D,2043,2074664252401.2478,2058655502574.0732,2339948100550.0957,0.09157223618281317,0.08684255110758449,,3.143160825138774,39.175546390152114,3.420806211243061,726786343016.5735,63462937100.54546,1855204100482.621,99.7330617249489,8.09152620464022,-1472275670.606756,180169136370.23392,4308357037527.7607,-56420952636.68628
r_3_2,D,2044,2116929336604.3828,2103945923630.7031,2385213675592.3984,0.09173458628098397,0.08701985406842716,,3.252246562327994,39.25614709197381,4.561074614990748,730379497819.415,84860986968.71182,1860548097367.2686,99.82280696011313,10.530054591146962,-1195103802.714649,184214881944.48572,4394856214874.3125,-56982120630.75586
r_3_2,D,2045,2160260955021.678,2150232733950.5786,2431964529331.0947,0.09188751054755649,0.08718681714072467,,3.3598772283381493,39.3367477937955,5.701343018738434,734620346925.9833,106473534831.22151,1867516732132.7295,100.00000001001546,12.867316777927224,-923852493.5798564,188346276861.72226,4480553015301.245,-57402469809.32956
r_3_2,D,2046,2200408824023.7764,2197537854097.4912,2475437009332.952,0.09222990169360616,0.08756048020619357,,3.4653523713443666,39.3293963985264,7.340084538447754,736591114991.615,137470735617.76102,1872876734561.87,99.86799775448831,16.191080095063455,-264981385.01668406,192668853281.46756,4565498320880.738,-57519296812.447876
r_3_2,D,2047,2241784035311.9263,2245883686887.636,2520617838401.9365,0.09255148984942922,0.08791124004475112,,3.5686824091382103,39.3220450032573,8.978826058157074,739128731840.78,168773224211.37665,1879680295822.7456,99.81359374367003,19.385142181462868,379043868.42273444,197078014456.79758,4649693330575.92,-57357362959.68042
r_3_2,D,2048,2284345302654.3735,2295293127999.164,2567478754953.3887,0.09285576567997054,0.08824294036935511,,3.6698596298649093,39.3146936079882,10.617567577866394,742146993516.1683,200428774415.45737,1887708959190.1956,99.82427094707045,22.46426867719283,1013871160.2335218,201577346325.14633,4733140229021.885,-56937651095.78461
r_3_2,D,2049,2328053665425.5923,2345789576815.1455,2615995718340.7886,0.0931459667615552,0.08855913877152347,,3.7688607161602983,39.3073422127191,12.256309097575713,745571438001.1343,232474481459.8287,1896773976643.686,99.88928298933864,25.440661832751978,1645073809.8845246,206170427623.97888,4815842064863.323,-56277757115.15875
r_3_2,D,2050,2372881913952.414,2397396947505.079,2666159453879.116,0.09342466780744396,0.0888626624655848,,3.86564949248847,39.299990817449995,13.895050617285033,749342216148.3987,264940215162.27264,1906723641817.4314,100.00000248984786,28.324625379717812,2277258150.633612,210860604590.2442,4897802551563.8955,-55392597999.10919
r_7,D,2019,1361496901347.7095,1361496901347.7095,1652315857408.9397,0.09236379319842411,0.08824028498633725,,,,,,,1927690920589.4683,,,-0.0,120138874582.93698,3125090451137.546,-13488868584.449402
r_7,D,2020,462908946458.2212,462908946458.2212,709983046715.0631,0.121768405058906,0.11711115249230034,,0.0928776882208452,0.0,0.0,0.0,0.0,1047099078025.3121,0.0,0.0,-0.0,54211800218.718834,3179302251356.2646,-13488868584.449402
r_7,D,2021,687555935180.5933,687555935180.5933,826157688416.4329,0.0916385245597242,0.08698127199311853,,0.17620282814313085,0.0,0.0,0.0,0.0,939404057748.4287,0.0,0.0,-0.0,59804489808.426155,3235194297906.196,-13488868584.449402
r_7,D,2022,912202923902.9652,912202923902.9652,1090959425893.8142,0.09104346695936491,0.08638621439275924,,0.2848272970997897,0.0,0.0,0.0,0.0,1224627609432.456,0.0,0.0,-0.0,78801757353.9834,3304022804635.1533,-13488868584.449402
r_7,D,2023,1136849912625.3374,1136849912625.3374,1353514774009.468,0.09047050437039461,0.08581325180378893,,0.4178656899391656,0.0,0.0,0.0,0.0,1499869141368.387,0.0,0.0,-0.0,97556787815.23352,3383658203405.0195,-13488868584.449402
r_7,D,2024,1361496901347.7095,1361496901347.7095,1613982106501.2495,0.08991902631086571,0.08526177374426003,,0.5744674383382142,0.0,0.0,0.0,0.0,1765521402469.5452,0.0,0.0,-0.0,116083640756.21951,3472217857134.9844,-13488868584.449402
r_7,D,2025,1422540591591.548,1391449833177.3591,1679373859390.2847,0.09012355190040036,0.08525817466990727,,0.7320706154102901,2.0,0.0,36088527006.640396,0.0,1804426350332.0198,7.268667295714845,0.0,-2836564207.6339803,121283214232.94543,3558691112686.4316,-15511299661.71045
r_7,D,2026,1457804267810.267,1422061729507.2612,1714194648460.745,0.08985104419902329,0.08495967798630036,,0.8896620074507826,2.8493852084720777,2.000000000068071e-07,51752807061.568275,3632.559536664476,1816279768270.4202,10.281876966349458,8.709330412347261e-07,-3256018191.51223,123854581160.21466,3641220649726.592,-17680922064.229736
r_7,D,2027,1493821162476.809,1453347087556.421,1749904570677.8481,0.08958741874198077,0.08467076772758739,,1.0472166839318098,3.6987704169441558,4.000000000136142e-07,67613615870.84906,7312.010019698518,1828002504862.4126,13.252745300775345,1.7040644465497296e-06,-3681610489.357656,126482984674.62848,3719987895785.5093,-19973644046.19684
r_7,D,2028,1530616953166.1096,1485320723482.662,1786540716188.0469,0.089331760903261,0.08439045388482438,,1.2047008871615261,4.548155625416234,6.000000000204213e-07,83662814008.32799,11036.932889056836,1839488814780.1982,16.181379875881632,2.5021588377261732e-06,-4114335981.361949,129169459401.49498,3795165697188.9233,-22368225046.58899
r_7,D,2029,1568221352922.5774,1517997779399.2808,1824145211551.5408,0.08908300155890393,0.08411757480407522,,1.36207003803501,5.3975408338883115,8.000000000272284e-07,99887248713.51662,14804.853067867793,1850606633420.4878,19.066925677873133,3.2674546871075136e-06,-4555509704.944315,131914976963.81296,3866918704311.752,-24846120489.77777
r_7,D,2030,1606668398785.682,1551393730546.065,1862765531090.6929,0.08883992491300712,0.08385080547668526,,1.5192668040641166,6.246926042360389,1.0000000000340354e-06,116267626082.1,18611.97416099482,1861197416036.1357,21.907414678891797,4.001675281879534e-06,-5006788103.403647,134720439372.1156,3935403744302.645,-27391317678.011536
r_7,D,2031,1642372855331.8384,1585524392618.0786,1898266302239.9604,0.08881842332908763,0.08382720220278936,,1.6746938129093918,8.06879808121821,1.0000000000272283e-06,150691788978.7945,18675.865657570954,1867586565706.2441,27.41643775732602,3.80711553942829e-06,-5148716235.908181,137675521436.27454,4000812392775.924,-29837435672.335327
r_7,D,2032,1678962844221.9397,1620405929255.6763,1934874392509.2788,0.08879151569819045,0.083797663101193,,1.8282703147031416,9.890670120076031,1.0000000000204213e-06,185270403815.8599,18731.835312511583,1873183531212.9053,32.58602387791619,3.630210398623896e-06,-5302641670.746146,140693162779.53088,4063281839633.439,-32191871989.714905
r_7,D,2033,1716482980632.666,1656054859699.3013,1972648703052.5103,0.08875801025019332,0.08376087882068511,,1.9799057348496851,11.712542158933854,1.000000000013614e-06,219941659884.16196,18778.30251559809,1877830251534.2441,37.43844274494066,3.468178726336434e-06,-5471051375.11485,143774122938.54114,4122942989179.2896,-34462163802.95923
r_7,D,2034,1754972274268.1953,1692488066612.6858,2011642143236.8455,0.08871717634937346,0.0837160457463868,,2.1295052902789275,13.534414197791675,1.0000000000068071e-06,254640456733.32446,18814.294657585244,1881429465745.7175,41.99264257066024,3.3188460058185292e-06,-5655897278.120462,146919339196.27673,4179920841958.478,-36655618280.83734
r_7,D,2035,1794456314940.0908,1729722804078.1648,2051892860563.3428,0.0886691305784279,0.08366329000813506,,2.276978855157866,15.356286236649495,1e-06,289311054865.0096,18839.910275606635,1883991027560.6636,46.26677560780709,3.1805922240784766e-06,-5857902537.897687,150130119083.76218,4234334906048.8213,-38778791739.151245
r_7,D,2036,1821472271801.3257,1767776705767.8845,2078051353835.171,0.0893434453801476,0.0844032681524047,,2.417341604602179,20.113643683638163,0.24041236274316827,376920038855.1532,4505212408.636219,1873952053559.3765,58.50722589546423,0.7292504431269176,-4877582808.610949,153738212589.0171,4286411357656.13,-40430997790.045654
r_7,D,2037,1849668465019.3262,1806667793294.7778,2105763756631.5635,0.08998106000976347,0.08510211202189853,,2.550651632910988,24.87100113062683,0.4808237254863365,463603657644.2433,8962712704.921946,1864032956330.6123,69.90976708406556,1.3933834650171344,-3920051601.549382,157410692913.4478,4336243551817.738,-41671985736.39398
r_7,D,2038,1878978191902.028,1846414484747.2632,2134957425064.7883,0.0905869428933394,0.08576541799245672,,2.6769937703720927,29.6283585776155,0.7212350882295048,549499330514.7096,13376313003.895277,1854639800835.4788,80.56426701585016,2.0004034020696895,-2978599141.006899,161151350027.188,4383922421357.2944,-42553245743.40448
r_7,D,2039,1909300423435.0896,1887035603411.7031,2165522755061.1606,0.09116781917986434,0.08640066631247585,,2.7964762274869903,34.385716024604164,0.9616464509726731,634833337702.276,17754035592.09606,1846212355293.2004,90.56356903151335,2.5577473621224733,-2043094210.320154,164964828775.48404,4429536571167.422,-43118178317.684204
r_7,D,2040,1940527316019.0142,1928550386686.7605,2197344524082.7412,0.09173060069578434,0.08701550200261543,,2.909221872251521,39.143073471592835,1.2020578137158413,719898496232.188,22107605145.165726,1839146577885.9634,100.00000000222724,3.072314954735128,-1102434513.0702515,168855958553.18246,4473172159595.915,-43403068345.21936
r_7,D,2041,1974982734343.7798,1970978495193.8691,2233058933529.299,0.09215574354110331,0.08747956762946218,,3.0193417771332527,39.300691877265876,2.8859381686076864,721409835157.7308,52974746220.56232,1835616119458.299,99.80175066359858,7.147599168647684,-369429879.0178281,172770635676.04684,4514898529116.403,-43492290495.63568
r_7,D,2042,2010263962341.1714,2014340022088.1343,2269952278103.092,0.09257190446587518,0.08793349999790988,,3.1268550571508316,39.458310282938925,4.569818523499531,723610412540.0657,83804102185.6052,1833860617323.3474,99.70007409590484,10.987330327305276,376904174.230339,176769546128.32568,4554797742880.35,-43407218261.500854
r_7,D,2043,2046338601567.6968,2058655502574.0732,2308000496118.1504,0.09298170735572518,0.08838018331557843,,3.2317744399494868,39.615928688611966,6.253698878391377,726512808639.8514,114685998458.8486,1833890641187.2039,99.69552604301339,14.62246791955478,1141433056.277372,180855780732.29745,4592948706160.793,-43166436515.73193
r_7,D,2044,2083538082134.1194,2103945923630.7031,2347590654629.681,0.09336954416304157,0.08880264037500436,,3.334113861158526,39.773547094285014,7.9375792332832225,730188212897.4117,145723155677.8975,1835863950395.1384,99.79666356753046,18.082193470670727,1895173058.7623212,185023683015.3825,4629425499877.753,-42792809552.97888
r_7,D,2045,2122013943686.0798,2150232733950.5786,2388907057637.743,0.09372953589016877,0.08919452314561516,,3.4338749422544392,39.931165499958055,9.621459588175068,734620346862.143,177007605249.90646,1839716766751.811,100.00000000121693,21.39135262542729,2625574743.6267824,189272021815.42615,4664298714225.217,-42309049565.942505
r_7,D,2046,2151608217224.7532,2197537854097.4912,2420536834952.0386,0.0945571060465141,0.09009453128152939,,3.5291784061040885,40.05590318005664,12.46466861245134,736217730884.8718,229097568986.03113,1837975610175.296,99.81737384327067,26.98273979814303,4292230185.9249806,193848133832.3512,4697678489199.826,-41569946872.95856
r_7,D,2047,2182848068290.0151,2245883686887.636,2454351397273.397,0.09533212248026211,0.09093630179297753,,3.6200358080880464,40.18064086015522,15.307877636727612,738593560046.5457,281386747409.4805,1838182627840.9749,99.74132294993474,32.31983113432334,5914826987.610158,198500130706.23883,4729623188143.561,-40618071593.3241
r_7,D,2048,2215614047060.562,2295293127999.164,2490228595648.081,0.09606179571462274,0.0917278879963747,,3.706430455886084,40.30537854025381,18.151086661003884,741634551716.136,333987013806.3609,1840038671204.7632,99.75534372698837,37.43361717754564,7504957502.113165,203233597151.9657,4760189970795.383,-39489309380.810974
r_7,D,2049,2249798422456.8467,2345789576815.1455,2528061585384.909,0.09675276051805878,0.09247666323871645,,3.788321747459345,40.430116220352396,20.994295685280157,745243290536.9487,386985234317.1789,1843287529709.8342,99.8453188387553,42.3494244129548,9073661597.107271,208053851068.53732,4789434605847.111,-38213889961.13928
r_7,D,2050,2285319893552.7295,2397396947505.079,2567775161295.2017,0.09741033471487107,0.09318853039367922,,3.8656494911936186,40.55485390045098,23.83750470955643,749342215374.1969,440451558077.32385,1847725101448.0022,100.00000238645954,47.08845492860802,10629898988.692562,212965602359.6183,4817411283082.185,-36817470775.35028
r_15,D,2019,1361496901347.7095,1361496901347.7095,1652315857408.9397,0.09236379319842411,0.08824028498633725,,,,,,,1927690920589.4683,,,-0.0,120138874582.93698,7675481507901.426,-6555862411.894775
r_15,D,2020,462908946458.2212,462908946458.2212,709983046715.0631,0.121768405058906,0.11711115249230034,,0.0928776882208452,0.0,0.0,0.0,0.0,1047099078025.3121,0.0,0.0,-0.0,54211800218.718834,7729693308120.145,-6555862411.894775
r_15,D,2021,687555935180.5933,687555935180.5933,826157688416.4329,0.0916385245597242,0.08698127199311853,,0.17620282814313085,0.0,0.0,0.0,0.0,939404057748.4287,0.0,0.0,-0.0,59804489808.426155,7781697212301.385,-6555862411.894775
r_15,D,2022,912202923902.9652,912202923902.9652,1090959425893.8142,0.09104346695936491,0.08638621439275924,,0.2848272970997897,0.0,0.0,0.0,0.0,1224627609432.456,0.0,0.0,-0.0,78801757353.9834,7841282662096.457,-6555862411.894775
r_15,D,2023,1136849912625.3374,1136849912625.3374,1353514774009.468,0.09047050437039461,0.08581325180378893,,0.4178656899391656,0.0,0.0,0.0,0.0,1499869141368.387,0.0,0.0,-0.0,97556787815.23352,7905427833668.896,-6555862411.894775
r_15,D,2024,1361496901347.7095,1361496901347.7095,1613982106501.2495,0.08991902631086571,0.08526177374426003,,0.5744674383382142,0.0,0.0,0.0,0.0,1765521402469.5452,0.0,0.0,-0.0,116083640756.21951,7971799032031.5205,-6555862411.894775
r_15,D,2025,1422540591591.548,1391449833177.3591,1679373859390.2847,0.09012355190040036,0.08525817466990727,,0.7320706154102901,2.0,0.0,36088527006.640396,0.0,1804426350332.0198,7.268667295714845,0.0,-2836564207.6339803,121283214232.94543,8032098224530.34,-7966136144.1102295
r_15,D,2026,1460855257134.548,1422061729507.2612,1717782228554.7788,0.08964256453660033,0.08473121434207556,,0.8909910211633219,2.0,2e-07,36390150629.48525,3639.0150629485242,1819507531474.2625,7.2297344396004615,8.724808014518054e-07,-3529834499.577612,123780039915.0153,8085611751608.635,-9492181007.27832
r_15,D,2027,1499988555881.6086,1453347087556.421,1757129230616.6143,0.08917823451453208,0.08422205666032057,,1.0512130386150336,2.0,4e-07,36688198238.65845,7337.6396477316885,1834409911932.9224,7.191145459951241,1.7100374331529524e-06,-4232867715.6196904,126332121143.29326,8133104675278.45,-11083472766.674316
r_15,D,2028,1539964553729.5967,1485320723482.662,1797451263709.939,0.0887294703325601,0.08372954414045995,,1.212711556135836,2.0,6e-07,36980495717.02132,11094.148715106394,1849024785851.0657,7.152466197640751,2.5151301120991205e-06,-4946552583.676895,128940530076.24597,8175255563281.04,-12700509580.70166
r_15,D,2029,1580810530050.5686,1517997779399.2808,1838788863184.3936,0.08829509046903894,0.08325241593652645,,1.375449529105413,2.0,8e-07,37264310607.00595,14905.724242802378,1863215530350.2976,7.113178608175755,3.2897171163025626e-06,-5672017861.900334,131606295764.61078,8212666286354.757,-14312851059.260254
r_15,D,2030,1622557048312.0225,1551393730546.065,1881186773890.7734,0.0878738391869785,0.08278932494231951,,1.539375499461467,2.0,1e-06,37536342468.59909,18768.171234299545,1876817123429.9546,7.072684355007873,4.035258498877294e-06,-6410633061.773631,134330402710.15485,8245870707471.898,-15897461508.689941
r_15,D,2031,1662039951582.7913,1585524392618.0786,1920997672863.1985,0.08765141829318339,0.08254465856662879,,1.7030778238852433,2.8390381089432144,1e-06,53560074577.057236,18865.5708453995,1886557084539.95,9.744568439079291,3.845787351558458e-06,-6883992852.009306,137192520327.49776,8275359309923.438,-17377129117.445557
r_15,D,2032,1702437030772.542,1620405929255.6763,1961926570940.7764,0.08743221896150147,0.08230343077386659,,1.866467239427077,3.678076217886429,1e-06,69713897819.77307,18953.902445184645,1895390244518.4644,12.261530671783184,3.673246780285971e-06,-7370918141.384067,140116408309.0549,8301548068494.875,-18754806421.510742
r_15,D,2033,1743786349808.4277,1656054859699.3013,2004026792087.6128,0.08721521494727315,0.08206451531266126,,2.0294416043056205,4.517114326829644,1e-06,85967376320.73506,19031.481184819077,1903148118481.9077,14.633356399988951,3.5149384839493134e-06,-7873265392.6378765,143102981605.8634,8324806303690.672,-20034432158.20752
r_15,D,2034,1786120090088.2725,1692488066612.6858,2047345418947.8955,0.08699982564998274,0.08182727493710806,,2.1918914918402423,5.356152435772858,1e-06,102287700193.03752,19097.234707114545,1909723470711.4543,16.868218383847513,3.3687566971176827e-06,-8392332130.232105,146153339682.3453,8345461959048.17,-21220509195.54712
r_15,D,2035,1829457986983.1116,1729722804078.1648,2091915947430.8835,0.08678621092157422,0.08159188740293352,,2.3537097456331617,6.1951905447160724,1e-06,118645287321.02132,19151.19260088212,1915119260088.212,18.973816565384823,3.2331435434917925e-06,-8928293723.990664,149268930082.32346,8363806287367.788,-22317747256.519043
r_15,D,2036,1853794013377.8564,1767776705767.8845,2114926051233.1152,0.08761430443645651,0.08250382231281847,,2.510250386115701,8.132947358530895,1.4469403973266453,154695197113.07874,27521969601.897747,1902080393411.3044,24.012485167601508,4.454930579812192,-7737201197.714198,152945091884.2933,8380150729395.443,-23144581480.974
r_15,D,2037,1879640227870.9973,1806667793294.7778,2139885250904.1846,0.08838826669453677,0.08335479547889543,,2.66149998917519,10.070704172345717,2.893879794653291,190290891145.2479,54681277055.478714,1889549011555.608,28.69518317810784,8.500996272372701,-6592938185.614991,156677026768.0914,8394710081038.67,-23757236108.052856
r_15,D,2038,1906896496479.2065,1846414484747.2632,2166679129930.3098,0.08911452840253672,0.08415216557309332,,2.807472281374635,12.00846098616054,4.340819191979937,225505695057.55435,81515812070.73428,1877890058663.1726,33.06228055488412,12.190542172657352,-5486972684.192964,160469469702.46976,8407676835617.618,-24200611588.19397
r_15,D,2039,1935391780468.5837,1887035603411.7031,2195115493151.4832,0.08980323561892446,0.08490729446657748,,2.948204892689103,13.946217799975363,5.7877585893065815,260441952400.35315,108084870653.86162,1867473720371.793,37.15392896709678,15.571321312638203,-4403899397.08868,164328879812.43973,8419223457071.326,-24510052992.020508
r_15,D,2040,1964973507312.0046,1928550386686.7605,2225026022884.0728,0.09046345997515523,0.08563029116266072,,3.0837539521365476,15.883974613790185,7.234697986633226,295227441346.6437,134467690073.93825,1858649667510.375,41.00959272717782,18.687103032240344,-3329341719.451891,168261253558.0416,8429504266598.609,-24713476699.767334
r_15,D,2041,1975969439155.6902,1970978495193.8691,2234174573659.5527,0.09210461364964821,0.08742377474089548,,3.2081380544848073,20.969981026911682,9.551229034540365,385090089607.79333,175397566648.03192,1836387401178.8118,53.27438472995078,23.66545554253281,-460335165.12690955,172746707143.64062,8438682416157.339,-24737934618.8938
r_15,D,2042,1988606614862.3628,2014340022088.1343,2245497208436.5503,0.09369277361761517,0.08915451484107063,,3.3216559528280127,26.055987440033178,11.867760082447504,473504743082.3353,215667922842.4952,1817258870622.6838,65.24015845002191,28.275641018534163,2393857344.0056314,177293257957.79776,8446873469099.116,-24627336999.64038
r_15,D,2043,2002765022895.758,2058655502574.0732,2258855236816.7656,0.09523215809294135,0.09082778521369055,,3.4245518020864294,31.141993853154673,14.18429113035464,560899688776.751,255473831189.1616,1801103973694.131,76.96930992145032,32.57292041799914,5241637591.852866,181906711333.06793,8454181466668.68,-24416757222.23108
r_15,D,2044,2018989532970.06,2103945923630.7031,2274861688412.64,0.09669214866559055,0.09241101162934187,,3.5170371780030663,36.22800026627617,16.50082217826178,647809932022.6011,295058971377.1012,1788147088608.7876,88.5378162780584,36.61266722430369,8028088967.867264,186576865210.81573,8460699395640.194,-24136301691.95703
r_15,D,2045,2037295258981.9592,2150232733950.5786,2293533007714.252,0.09807013070447308,0.09390210736115968,,3.599262984259182,41.314006679397664,18.81735322616892,734620346851.6802,334598642564.782,1778138713469.3433,100.0,40.43621482253332,10747446883.836756,191306318135.30557,8466510829568.39,-23809819649.591675
r_15,D,2046,2042916475570.2258,2197537854097.4912,2298259757636.716,0.10016319137532553,0.09616131847433608,,3.6717361933159176,41.771325753202845,24.742742952126445,735276277346.8319,435532068976.627,1760241658814.1309,99.68973032740458,51.296260117381244,14868918042.990274,196449541823.7767,8471700110360.99,-23417052173.063477
r_15,D,2047,2051752855472.2903,2245883686887.636,2306950520671.3486,0.10212367681998383,0.09827155616483502,,3.734581514539007,42.228644827008026,30.66813267808397,737260024212.7765,535427748946.9419,1745876589772.1863,99.56123929457515,61.498754258839185,18847882109.94521,201628945972.9058,8476331498619.36,-22984118997.333496
r_15,D,2048,2063392404148.0408,2295293127999.164,2319139822962.154,0.10396751920780799,0.10025134055300822,,3.787855487488845,42.68596390081321,36.5935224040415,740371622083.0989,634700568153.2303,1734461528860.9988,99.58547033150069,71.13790988423716,22714286465.049656,206857854602.7356,8480463233877.717,-22530428619.28955
r_15,D,2049,2077483958414.194,2345789576815.1455,2334434648498.4004,0.10570959212879305,0.10211770965529636,,3.8315592757068226,43.143282974618394,42.51891212999902,744442879175.1488,733669280199.9637,1725512821110.7893,99.73808227787961,80.28852000209159,26495626842.91798,212147903678.87643,8484147927430.246,-22070238988.82263
r_15,D,2050,2093756065946.889,2397396947505.079,2352534905558.302,0.1073619768615966,0.10388444739127264,,3.8656494916221367,43.600602048423575,48.44430185595655,749342197490.237,832588494266.7979,1718651032978.8674,99.99999999999999,89.01161788952145,30214029889.12533,217508691883.01755,8487432973056.648,-21613914848.92737
