{
    "other_float_data": {
        "short_range_energy_share_2019": 21.90690922351885,
        "medium_range_energy_share_2019": 10.461666853680432,
        "long_range_energy_share_2019": 52.600426391382406,
        "freight_energy_share_2019": 15.0,
        "short_range_rpk_share_2019": 23.4375,
        "medium_range_rpk_share_2019": 14.0625,
        "long_range_rpk_share_2019": 62.5,
        "commercial_aviation_coefficient": 1
    },
    "other_vector_data": {
        "years": [
            2000,
            2001,
            2002,
            2003,
            2004,
            2005,
            2006,
            2007,
            2008,
            2009,
            2010,
            2011,
            2012,
            2013,
            2014,
            2015,
            2016,
            2017,
            2018,
            2019
        ],
        "rpk_init": [
            92213150679.73322,
            89542259199.87857,
            91849766149.00056,
            95034921116.79268,
            109552998320.8265,
            118809133944.91931,
            126434744661.27182,
            137008414841.23746,
            139903651490.8594,
            138475006877.97058,
            149672229126.54517,
            159517612348.0917,
            168050621863.40823,
            177281256818.67773,
            187877391873.55917,
            201964993501.50366,
            216892295724.27402,
            234258251192.97214,
            251326698858.7312,
            263679040689.12524
        ],
        "ask_init": [
            130120198465.0267,
            129684865618.68532,
            128915291863.12363,
            132937111631.8341,
            149272718648.31274,
            158533407963.2669,
            166767391778.6906,
            178385375062.85043,
            184050166494.3221,
            180584200590.08243,
            191469646804.35257,
            204492291929.53165,
            213093910387.1586,
            223045546395.46906,
            235675966947.79382,
            251705565938.39233,
            270151049720.61212,
            287512755077.83966,
            307358954168.99884,
            320000000000.0
        ],
        "rtk_init": [
            3584665446.0245333,
            3363659649.5555406,
            3846199091.1591988,
            4079469495.014657,
            4568323387.946001,
            4665954520.012523,
            4990480888.728666,
            5247187621.550342,
            5196034494.208275,
            4730343708.79147,
            5720892902.883056,
            5738045138.460663,
            5678209640.543027,
            5700795947.215133,
            5966185050.612377,
            6042778130.899639,
            6259048088.872867,
            6835606067.793073,
            7035452380.726504,
            6830566649.906554
        ],
        "pax_init": [
            4729.588499565417,
            4639.070059382348,
            4709.787590775371,
            4989.829015091745,
            5597.999785071747,
            6050.591985987097,
            6384.378734162169,
            6964.262491584963,
            7071.753139302358,
            7037.808724233707,
            7660.123000492315,
            8126.8587076862705,
            8505.904675952877,
            8884.950644219483,
            9391.288168993531,
            10070.176470366558,
            10743.407369228144,
            11501.499305761356,
            12251.105138527406,
            12689.553833164151
        ],
        "freight_init": [
            922881.347892495,
            874308.6453718373,
            995740.4016734813,
            1020026.7529338102,
            1098957.3945298789,
            1108064.776252502,
            1177888.0361259475,
            1256818.6777220161,
            1211281.7691088996,
            1214317.5630164407,
            1457181.0756197288,
            1487539.0146951398,
            1469324.2512498933,
            1502717.9842328453,
            1551290.686753503,
            1557362.2745685852,
            1615042.358811866,
            1730402.5272984281,
            1785046.817634168,
            1748617.2907436746
        ],
        "energy_consumption_init": [
            252454862779.00977,
            246869555398.16556,
            249103738987.86487,
            246869555398.16556,
            263625477540.69812,
            273678848914.13278,
            277029972705.27765,
            284849463675.82117,
            281498339884.6763,
            265859357943.58926,
            280381096496.4225,
            288200587466.96606,
            291551711258.1109,
            299371202228.6544,
            308307633400.6435,
            325064768290.40894,
            341818871312.0923,
            364160707209.08545,
            380914810230.76874,
            385383783783.7838
        ],
        "total_aircraft_distance_init": [
            788759973.057329,
            794072612.3955259,
            774339951.9965088,
            806306861.8429166,
            914441840.8295306,
            967112865.1253688,
            1007246060.5830622,
            1060554601.599484,
            1085873122.7883768,
            1058520619.6814314,
            1164712690.567219,
            1227705414.148697,
            1258458006.4320884,
            1297498316.083067,
            1349713971.292774,
            1417837186.5779963,
            1493732034.2665238,
            1566105361.0223036,
            1647798575.0742347,
            1706085818.0990238
        ]
    },
    "climate_data": {
        "years": [
            1940.0,
            1941.0,
            1942.0,
            1943.0,
            1944.0,
            1945.0,
            1946.0,
            1947.0,
            1948.0,
            1949.0,
            1950.0,
            1951.0,
            1952.0,
            1953.0,
            1954.0,
            1955.0,
            1956.0,
            1957.0,
            1958.0,
            1959.0,
            1960.0,
            1961.0,
            1962.0,
            1963.0,
            1964.0,
            1965.0,
            1966.0,
            1967.0,
            1968.0,
            1969.0,
            1970.0,
            1971.0,
            1972.0,
            1973.0,
            1974.0,
            1975.0,
            1976.0,
            1977.0,
            1978.0,
            1979.0,
            1980.0,
            1981.0,
            1982.0,
            1983.0,
            1984.0,
            1985.0,
            1986.0,
            1987.0,
            1988.0,
            1989.0,
            1990.0,
            1991.0,
            1992.0,
            1993.0,
            1994.0,
            1995.0,
            1996.0,
            1997.0,
            1998.0,
            1999.0,
            2000.0
        ],