{
    "other_float_data": {
        "short_range_energy_share_2019": 35.99360062489726,
        "medium_range_energy_share_2019": 41.54176514514252,
        "long_range_energy_share_2019": 7.464634229960245,
        "freight_energy_share_2019": 15.0,
        "short_range_rpk_share_2019": 35.04861271025362,
        "medium_range_rpk_share_2019": 55.412080703121646,
        "long_range_rpk_share_2019": 9.539306586624706,
        "commercial_aviation_coefficient": 1
    },
    "other_vector_data": {
        "years": [
            2000,
            2001,
            2002,
            2003,
            2004,
            2005,
            2006,
            2007,
            2008,
            2009,
            2010,
            2011,
            2012,
            2013,
            2014,
            2015,
            2016,
            2017,
            2018,
            2019
        ],
        "rpk_init": [
            413441727121.45624,
            401466667401.175,
            411812476554.8301,
            426093259299.22546,
            491185698603.9546,
            532685990814.84045,
            566875752705.4683,
            614283269193.0101,
            627264190374.2242,
            620858799257.6473,
            671062038939.7173,
            715204248736.0845,
            753462373152.7319,
            794848331990.5212,
            842356570735.3148,
            905518953813.2472,
            972446171533.8594,
            1050307198612.6233,
            1126834336338.594,
            1182216605599.6216
        ],
        "ask_init": [
            583399647341.0914,
            581447813328.9429,
            577997395462.2786,
            596029401733.509,
            669270816094.5377,
            710791524979.1908,
            747708954485.1226,
            799798694823.2858,
            825197036989.7379,
            809657226029.6959,
            858462604114.5018,
            916850207754.068,
            955415943388.8085,
            1000034542239.7446,
            1056663589712.1587,
            1128533003596.0288,
            1211234143469.214,
            1289076114985.7954,
            1378057423709.785,
            1434734110087.656
        ],
        "rtk_init": [
            16072005589.574934,
            15081116356.071331,
            17244603219.607014,
            18290481361.12373,
            20482279345.61666,
            20920012831.186386,
            22375041114.99868,
            23525997070.83748,
            23296649768.8521,
            21208704598.255222,
            25649875587.264713,
            25726778391.788,
            25458503298.486404,
            25559770000.371937,
            26749653747.526955,
            27093062200.292007,
            28062718093.077675,
            30647741214.32774,
            31543760970.392876,
            30625146762.025322
        ],
        "pax_init": [
            30761.871820144534,
            30173.12786186425,
            30633.08407927072,
            32454.51070020033,
            36410.134169895944,
            39353.85396129734,
            41524.847307455864,
            45296.4882901889,
            45995.621740646726,
            45774.84275629162,
            49822.457469468536,
            52858.16850435122,
            55323.53382964988,
            57788.89915494854,
            61082.18567157885,
            65497.76535868093,
            69876.5485483905,
            74807.27919898783,
            79682.81510349638,
            82534.54365141649
        ],
        "freight_init": [
            4137779.2168282354,
            3920001.363310959,
            4464445.997104148,
            4573334.923862786,
            4927223.935828359,
            4968057.283362848,
            5281112.947793932,
            5635001.9597595045,
            5430835.222087059,
            5444446.337931888,
            6533335.605518266,
            6669446.763966563,
            6587780.068897584,
            6737502.343190712,
            6955280.196707988,
            6982502.428397647,
            7241113.629449411,
            7758336.031552941,
            8003336.116759876,
            7840002.726621918
        ],
        "energy_consumption_init": [
            1142121600966.7275,
            1116853320778.0227,
            1126960907180.724,
            1116853320778.0227,
            1192658161344.1375,
            1238140242702.1475,
            1253300936488.151,
            1288676803079.5571,
            1273516109293.554,
            1202764376110.7412,
            1268461630274.1543,
            1303837496865.5605,
            1318998190651.564,
            1354374057242.9702,
            1394803031217.6787,
            1470613358328.1833,
            1546409969077.713,
            1647485833104.7273,
            1723282443854.2566,
            1743500359931.8545
        ],
        "total_aircraft_distance_init": [
            3536440118.803658,
            3560259571.53211,
            3471787318.540717,
            3615112368.3867736,
            4099940314.7796087,
            4336093174.687405,
            4516032126.156053,
            4755043320.391263,
            4868560026.537143,
            4745923872.775227,
            5222040705.02737,
            5504471358.807588,
            5642351962.315713,
            5817390912.080222,
            6051502104.611294,
            6356935544.169272,
            6697213440.290016,
            7021702442.030757,
            7387977569.415125,
            7649310993.635855
        ]
    },
    "climate_data": {
        "years": [
            1940.0,
            1941.0,
            1942.0,
            1943.0,
            1944.0,
            1945.0,
            1946.0,
            1947.0,
            1948.0,
            1949.0,
            1950.0,
            1951.0,
            1952.0,
            1953.0,
            1954.0,
            1955.0,
            1956.0,
            1957.0,
            1958.0,
            1959.0,
            1960.0,
            1961.0,
            1962.0,
            1963.0,
            1964.0,
            1965.0,
            1966.0,
            1967.0,
            1968.0,
            1969.0,
            1970.0,
            1971.0,
            1972.0,
            1973.0,
            1974.0,
            1975.0,
            1976.0,
            1977.0,
            1978.0,
            1979.0,
            1980.0,
            1981.0,
            1982.0,
            1983.0,
            1984.0,
            1985.0,
            1986.0,
            1987.0,
            1988.0,
            1989.0,
            1990.0,
            1991.0,
            1992.0,
            1993.0,
            1994.0,
            1995.0,
            1996.0,
            1997.0,
            1998.0,
            1999.0,
            2000.0
        ],