{
    "other_float_data": {
        "short_range_energy_share_last_historical_year": 35.99360062489724,
        "medium_range_energy_share_last_historical_year": 41.541765145142506,
        "long_range_energy_share_last_historical_year": 7.464634229960241,
        "short_range_rpk_share_last_historical_year": 35.048612710253636,
        "medium_range_rpk_share_last_historical_year": 55.41208070312166,
        "long_range_rpk_share_last_historical_year": 9.53930658662471,
        "freight_energy_share_last_historical_year": 15.0,
        "commercial_aviation_coefficient": 1
    },
    "other_vector_data": {
        "years": [
            2000,
            2001,
            2002,
            2003,
            2004,
            2005,
            2006,
            2007,
            2008,
            2009,
            2010,
            2011,
            2012,
            2013,
            2014,
            2015,
            2016,
            2017,
            2018,
            2019
        ],
        "rpk_init": [
            413441727121.4562,
            401466667401.175,
            411812476554.8301,
            426093259299.2254,
            491185698603.9545,
            532685990814.8404,
            566875752705.4681,
            614283269193.0101,
            627264190374.2241,
            620858799257.6472,
            671062038939.7172,
            715204248736.0845,
            753462373152.7319,
            794848331990.5211,
            842356570735.3147,
            905518953813.2471,
            972446171533.8593,
            1050307198612.6232,
            1126834336338.5938,
            1182216605599.6213
        ],
        "ask_init": [
            583399647341.0914,
            581447813328.9429,
            577997395462.2786,
            596029401733.5089,
            669270816094.5376,
            710791524979.1907,
            747708954485.1223,
            799798694823.2856,
            825197036989.7379,
            809657226029.6958,
            858462604114.5017,
            916850207754.0679,
            955415943388.8082,
            1000034542239.7446,
            1056663589712.1586,
            1128533003596.0286,
            1211234143469.2139,
            1289076114985.7952,
            1378057423709.785,
            1434734110087.656
        ],
        "rtk_init": [
            16072005589.574932,
            15081116356.071327,
            17244603219.60701,
            18290481361.12373,
            20482279345.616657,
            20920012831.186382,
            22375041114.998676,
            23525997070.83748,
            23296649768.8521,
            21208704598.25522,
            25649875587.264706,
            25726778391.788,
            25458503298.4864,
            25559770000.371933,
            26749653747.526947,
            27093062200.292004,
            28062718093.07767,
            30647741214.327736,
            31543760970.392876,
            30625146762.02532
        ],
        "freight_init": [
            4137779.216828235,
            3920001.363310959,
            4464445.997104147,
            4573334.923862786,
            4927223.935828359,
            4968057.283362848,
            5281112.947793931,
            5635001.959759504,
            5430835.222087058,
            5444446.337931888,
            6533335.605518265,
            6669446.763966563,
            6587780.0688975835,
            6737502.343190711,
            6955280.196707986,
            6982502.428397646,
            7241113.62944941,
            7758336.03155294,
            8003336.116759875,
            7840002.726621918
        ],
        "total_aircraft_distance_init": [
            3536440118.803658,
            3560259571.5321093,
            3471787318.5407166,
            3615112368.386773,
            4099940314.7796082,
            4336093174.687404,
            4516032126.156053,
            4755043320.391262,
            4868560026.537143,
            4745923872.775227,
            5222040705.02737,
            5504471358.807587,
            5642351962.315712,
            5817390912.080222,
            6051502104.611293,
            6356935544.169272,
            6697213440.290014,
            7021702442.030756,
            7387977569.415123,
            7649310993.635853
        ],
        "pax_init": [
            30761.871820144534,
            30173.12786186425,
            30633.08407927072,
            32454.51070020033,
            36410.134169895944,
            39353.85396129734,
            41524.847307455864,
            45296.4882901889,
            45995.621740646726,
            45774.84275629162,
            49822.457469468536,
            52858.16850435122,
            55323.53382964988,
            57788.89915494854,
            61082.18567157885,
            65497.76535868093,
            69876.5485483905,
            74807.27919898783,
            79682.81510349638,
            82534.54365141649
        ],
        "energy_consumption_init": [
            1142121600966.7283,
            1116853320778.0234,
            1126960907180.7249,
            1116853320778.0234,
            1192658161344.138,
            1238140242702.1482,
            1253300936488.1516,
            1288676803079.5579,
            1273516109293.5544,
            1202764376110.742,
            1268461630274.155,
            1303837496865.5615,
            1318998190651.5647,
            1354374057242.9712,
            1394803031217.6794,
            1470613358328.184,
            1546409969077.7134,
            1647485833104.728,
            1723282443854.2576,
            1743500359931.8552
        ]
    },
    "climate_data": {
        "years": [
            1940.0,
            1941.0,
            1942.0,
            1943.0,
            1944.0,
            1945.0,
            1946.0,
            1947.0,
            1948.0,
            1949.0,
            1950.0,
            1951.0,
            1952.0,
            1953.0,
            1954.0,
            1955.0,
            1956.0,
            1957.0,
            1958.0,
            1959.0,
            1960.0,
            1961.0,
            1962.0,
            1963.0,
            1964.0,
            1965.0,
            1966.0,
            1967.0,
            1968.0,
            1969.0,
            1970.0,
            1971.0,
            1972.0,
            1973.0,
            1974.0,
            1975.0,
            1976.0,
            1977.0,
            1978.0,
            1979.0,
            1980.0,
            1981.0,
            1982.0,
            1983.0,
            1984.0,
            1985.0,
            1986.0,
            1987.0,
            1988.0,
            1989.0,
            1990.0,
            1991.0,
            1992.0,
            1993.0,
            1994.0,
            1995.0,
            1996.0,
            1997.0,
            1998.0,
            1999.0,
            2000.0
        ],