{"rpk_init": [69402870630.95932, 67392663469.84099, 69129420309.24684, 71526520376.24399, 82453383198.20293, 89420014531.09619, 95159226806.30275, 103117275494.59596, 105296332745.74231, 104221244344.37721, 112648600319.43297, 120058514547.67584, 126480849961.13104, 133428037257.94664, 141403039500.61072, 152006002609.953, 163240748376.85477, 176311070555.4724, 189157386471.21667, 198454080501.12845], "ask_init": [97933052216.24736, 97605405356.84254, 97026082754.31747, 100053114753.93604, 112347846092.77008, 119317767603.33101, 125514931482.65549, 134259012755.13594, 138522580346.3954, 135914109212.70685, 144106857241.2934, 153908136574.071, 160381995255.8636, 167871924777.10754, 177377933512.66837, 189442375263.222, 203325257083.4724, 216392220539.05432, 231328187697.5174, 240844341147.55353], "rtk_init": [2697945687.484133, 2531608927.6189184, 2894785136.143311, 3070352672.242804, 3438281359.620488, 3511761994.198308, 3756011989.1102777, 3949218533.261411, 3910718884.8585424, 3560223569.42827, 4305745841.0824, 4318655218.736774, 4273620911.9106297, 4290620163.193558, 4490361365.767967, 4548008020.320157, 4710780421.045403, 5144718297.880588, 5295129683.896069, 5140925454.180364], "pax_init": [35224358.03302384, 34550207.640047304, 35076887.63456022, 37162540.412831366, 41691988.36564245, 45062740.330525115, 47548669.90462609, 51867445.85963199, 52667999.45129163, 52415193.053925425, 57049977.00563908, 60526064.96942434, 63349069.74001357, 66172074.5106028, 69943103.27131528, 74999231.21863928, 80013224.76640223, 85659234.3075807, 91242042.2494176, 94507458.2153977], "freight_init": [694593.0631734218, 658035.5335327153, 749429.3576344814, 767708.1224548346, 827114.1081209825, 833968.644928615, 886520.0937871304, 945926.0794532782, 911653.395415116, 913938.2410176602, 1096725.889221192, 1119574.3452466337, 1105865.271631369, 1130998.5732593543, 1167556.1029000608, 1172125.794105149, 1215537.860553488, 1302361.9934501657, 1343489.2142959603, 1316071.0670654306], "energy_consumption_init": [208269721311.66998, 203661984114.5091, 205505078993.3734, 203661984114.5091, 217485195705.99164, 225779122660.88113, 228543764979.17767, 234994597055.20282, 232229954736.90634, 219328290584.85596, 231308407297.47415, 237759239373.49933, 240523881691.7958, 246974713767.82104, 254347093283.27832, 268170304874.7609, 281993516466.24347, 300424465254.8868, 314247676846.3692, 317933866604.0979], "total_aircraft_distance_init": [593648584.4530212, 597647064.2574733, 582795567.8409364, 606854992.0357263, 688241192.398349, 727883263.60249, 758088922.4681237, 798210811.248799, 817266423.5740172, 796679964.6950943, 876603863.8720888, 924014410.12488, 947159896.078652, 976543010.5273699, 1015842354.8911293, 1067114290.21222, 1124235430.2758238, 1178706149.4404762, 1240191344.6049395, 1284060380.173787], "short_range_energy_share_2019": 24.445253302356683, "medium_range_energy_share_2019": 9.830628659428017, "long_range_energy_share_2019": 50.72411803821528, "freight_energy_share_2019": 15, "short_range_rpk_share_2019": 26.241902223003024, "medium_range_rpk_share_2019": 13.578787094615185, "long_range_rpk_share_2019": 60.17931068238177, "commercial_aviation_coefficient": 1}