{"rpk_init": [70215834421.69255, 68182080314.7634, 69939180987.36966, 72364359944.18095, 83419216662.35489, 90467452962.96117, 96273892598.14082, 104325159410.83807, 106529741465.59862, 105442059810.75278, 113968131230.81903, 121464842905.69823, 127962407572.57791, 134990972075.67342, 143059391031.44116, 153786553975.8048, 165152900084.6456, 178376323980.3512, 191373117673.00693, 200778710305.39914], "ask_init": [99080209742.21114, 98748724928.69257, 98162616320.13165, 101225106037.66171, 113663854062.03625, 120715419080.43518, 126985174623.38002, 135831681363.18088, 140145191068.3547, 137506165109.4611, 145794880458.03442, 155710968949.68356, 162260660412.55237, 169838324654.8613, 179455683840.71542, 191661444735.6999, 205706946345.71237, 218926972175.338, 234037894639.958, 243665517372.33948], "rtk_init": [2729548589.977204, 2561263412.6818614, 2928693755.141953, 3106317835.1333556, 3478556325.516172, 3552897689.5521364, 3800008753.4652147, 3995478459.400574, 3956527838.007353, 3601926928.706453, 4356182017.988009, 4369242612.105023, 4323680787.318057, 4340879162.580109, 4542960071.909213, 4601281981.568025, 4765961047.921325, 5204981939.019284, 5357155197.554344, 5201144667.119418], "pax_init": [3603.5582825179567, 3534.5906598860347, 3588.471615067224, 3801.8401975847346, 4265.216412142964, 4610.0545253025775, 4864.372633757793, 5306.196466243547, 5388.095518118955, 5362.232659631984, 5836.385065226451, 6191.999369422303, 6480.801289193479, 6769.603208964654, 7155.390848061972, 7672.648017801392, 8185.594711126316, 8763.198550668669, 9334.336675589277, 9668.398597712652], "freight_init": [702729.311782749, 665743.5585310253, 758207.9416603345, 776700.8182861961, 836802.6673202472, 843737.4960549453, 896904.516354298, 957006.3653883488, 922332.221714858, 924643.8312930907, 1109572.5975517088, 1132688.6933340363, 1118819.0358646398, 1144246.7412251998, 1181232.4944769233, 1185855.713633389, 1229776.2956198107, 1317617.4595926544, 1359226.4320008433, 1331487.1170620506], "energy_consumption_init": [192657793439.94165, 188395452877.11105, 190100389102.2433, 188395452877.11105, 201182474565.60278, 208854687578.69778, 211412091916.39612, 217379368704.35892, 214821964366.66058, 202887410790.735, 213969496254.09445, 219936773042.05725, 222494177379.75558, 228461454167.71838, 235281199068.2473, 248068220756.739, 260855242445.23074, 277904604696.553, 290691626385.0447, 294101498835.30914], "total_aircraft_distance_init": [600602400.6164271, 604647717.3783344, 589622255.1198217, 613963503.9786122, 696303037.155262, 736409463.3375998, 766968941.9618363, 807560806.1556032, 826839630.0380641, 806012027.7381873, 886872130.7847679, 934838029.533097, 958254634.5605947, 987981933.7366675, 1027741618.4822704, 1079614137.4178128, 1137404376.873631, 1192513149.2186992, 1254718562.9689417, 1299101466.87101], "short_range_energy_share_2019": 24.445253302356694, "medium_range_energy_share_2019": 9.83062865942802, "long_range_energy_share_2019": 50.724118038215295, "freight_energy_share_2019": 15.0, "short_range_rpk_share_2019": 26.241902223003024, "medium_range_rpk_share_2019": 13.578787094615185, "long_range_rpk_share_2019": 60.17931068238177, "commercial_aviation_coefficient": 1, "historic_start_year": 2000, "prospection_start_year": 2020}