{
    "other_float_data": {
        "short_range_energy_share_2019": 48.233602560655555,
        "medium_range_energy_share_2019": 36.76639743934446,
        "long_range_energy_share_2019": 0.0,
        "short_range_rpk_share_2019": 50.79517029018099,
        "medium_range_rpk_share_2019": 49.204829709819,
        "long_range_rpk_share_2019": 0.0,
        "freight_energy_share_2019": 15.0,
        "commercial_aviation_coefficient": 1
    },
    "other_vector_data": {
        "years": [
            2000,
            2001,
            2002,
            2003,
            2004,
            2005,
            2006,
            2007,
            2008,
            2009,
            2010,
            2011,
            2012,
            2013,
            2014,
            2015,
            2016,
            2017,
            2018,
            2019
        ],
        "rpk_init": [
            39492780182.8686,
            38348898542.03253,
            39337150912.116066,
            40701279825.01128,
            46919039737.45766,
            50883230602.32372,
            54149104998.34113,
            58677565733.771935,
            59917529271.92306,
            59305673509.04803,
            64101187312.25302,
            68317739425.68272,
            71972231942.23422,
            75925501454.76678,
            80463583381.53902,
            86496980465.3078,
            92890002079.48718,
            100327443018.60817,
            107637468180.50484,
            112927693241.19804
        ],
        "ask_init": [
            55727500442.73189,
            55541057356.46695,
            55211466544.973495,
            56933919827.287224,
            63930086125.69468,
            67896227232.048874,
            71422653890.88005,
            76398370007.58797,
            78824470418.81792,
            77340076614.15488,
            82002063883.47278,
            87579364491.21826,
            91263240646.19087,
            95525298394.34354,
            100934618201.9117,
            107799728272.31702,
            115699506460.2233,
            123135127173.95535,
            131634799643.6095,
            137048670014.64995
        ],
        "rtk_init": [
            1535230099.4535444,
            1440578379.2297823,
            1647238968.921636,
            1747143339.5534198,
            1956508264.1088095,
            1998321441.6142516,
            2137308651.6680996,
            2247250265.158777,
            2225342552.442151,
            2025897856.256367,
            2450127386.3636646,
            2457473295.9689426,
            2431847122.8149548,
            2441520320.596064,
            2555180394.524103,
            2587983456.3543987,
            2680606925.4305086,
            2927533501.0472236,
            3013123099.156156,
            2925375233.800363
        ],
        "freight_init": [
            395248.9415937309,
            374446.36572037666,
            426452.8054037623,
            436854.09334043943,
            470658.2791346401,
            474558.762110894,
            504462.46492884075,
            538266.6507230415,
            518764.2358417718,
            520064.3968338564,
            624077.2762006278,
            637078.8861214741,
            629277.9201689663,
            643579.6910818974,
            664382.2669552516,
            666982.5889394209,
            691685.647789029,
            741091.7654882455,
            764494.6633457689,
            748892.7314407533
        ],
        "total_aircraft_distance_init": [
            337807828.9634314,
            340083110.6995796,
            331632064.2510294,
            345322759.49768066,
            391634494.0357356,
            414192287.2484041,
            431380415.563763,
            454211242.58476937,
            465054585.25875527,
            453340134.7200726,
            498819766.2231934,
            525798106.8089497,
            538968737.6587671,
            555688808.0169756,
            578051577.0808314,
            607227189.7432108,
            639731214.5453267,
            670727052.5966247,
            705714384.8936223,
            730677475.9416475
        ],
        "pax_init": [
            3738.4475233387943,
            3666.898288442358,
            3722.796128205199,
            3944.1515736660485,
            4424.87299562648,
            4782.619170108661,
            5046.45697378927,
            5504.819259844564,
            5589.783976284083,
            5562.953013197919,
            6054.854003110918,
            6423.7797455456675,
            6723.392166674495,
            7023.004587803322,
            7423.2331205052615,
            7959.852382228534,
            8491.999816770778,
            9091.224659028432,
            9683.741760514546,
            10030.308367044157
        ],
        "energy_consumption_init": [
            103009877712.0046,
            100730888810.9734,
            101642509113.42151,
            100730888810.9734,
            107567855514.06699,
            111669961309.81628,
            113037329908.39937,
            116227939111.87868,
            114860570513.2956,
            108479352106.33699,
            114404698506.98248,
            117595307710.46178,
            118962676309.04488,
            122153285512.52419,
            125799643012.13847,
            132637104555.94447,
            139473328997.96945,
            148589532022.45044,
            155425756464.4754,
            157249244489.72784
        ]
    },
    "climate_data": {
        "years": [
            1940.0,
            1941.0,
            1942.0,
            1943.0,
            1944.0,
            1945.0,
            1946.0,
            1947.0,
            1948.0,
            1949.0,
            1950.0,
            1951.0,
            1952.0,
            1953.0,
            1954.0,
            1955.0,
            1956.0,
            1957.0,
            1958.0,
            1959.0,
            1960.0,
            1961.0,
            1962.0,
            1963.0,
            1964.0,
            1965.0,
            1966.0,
            1967.0,
            1968.0,
            1969.0,
            1970.0,
            1971.0,
            1972.0,
            1973.0,
            1974.0,
            1975.0,
            1976.0,
            1977.0,
            1978.0,
            1979.0,
            1980.0,
            1981.0,
            1982.0,
            1983.0,
            1984.0,
            1985.0,
            1986.0,
            1987.0,
            1988.0,
            1989.0,
            1990.0,
            1991.0,
            1992.0,
            1993.0,
            1994.0,
            1995.0,
            1996.0,
            1997.0,
            1998.0,
            1999.0,
            2000.0
        ],