{
    "other_float_data": {
        "short_range_energy_share_2019": 0.3594058693838149,
        "medium_range_energy_share_2019": 12.032683770204033,
        "long_range_energy_share_2019": 72.60791036041215,
        "freight_energy_share_2019": 15.0,
        "short_range_rpk_share_2019": 0.3805842831842843,
        "medium_range_rpk_share_2019": 15.645987190192152,
        "long_range_rpk_share_2019": 83.97342852662355,
        "commercial_aviation_coefficient": 1
    },
    "other_vector_data": {
        "years": [
            2000,
            2001,
            2002,
            2003,
            2004,
            2005,
            2006,
            2007,
            2008,
            2009,
            2010,
            2011,
            2012,
            2013,
            2014,
            2015,
            2016,
            2017,
            2018,
            2019
        ],
        "rpk_init": [
            79841518566.67818,
            77528963035.21138,
            79526886949.13263,
            82284710617.71068,
            94854992861.55435,
            102869293629.27687,
            109471826295.21396,
            118626896670.41158,
            121133698455.31712,
            119896725696.61256,
            129591690259.31105,
            138116183148.7177,
            145504374883.02878,
            153496596238.9937,
            162671117524.5492,
            174868678269.9137,
            187793282502.4386,
            202829361909.3523,
            217607848179.0942,
            228302957524.3832
        ],
        "ask_init": [
            112662826994.46458,
            112285899893.74586,
            111619574788.91881,
            115101813443.25754,
            129245779475.10893,
            137264022994.93102,
            144393307341.37042,
            154452582198.06903,
            159357365809.93204,
            156356405761.8806,
            165781423230.82864,
            177056905685.1741,
            184504501551.11868,
            193120991989.51526,
            204056872063.01788,
            217935885153.7783,
            233906659658.42966,
            248939059163.38376,
            266122624213.86234,
            277067704042.264
        ],
        "rtk_init": [
            3103734452.7801733,
            2912379550.881125,
            3330179848.36538,
            3532153895.9192657,
            3955421476.3149223,
            4039954081.3296666,
            4320940880.958902,
            4543206959.318566,
            4498916710.733416,
            4095704596.017563,
            4953358317.729659,
            4968209350.638033,
            4916401588.0497055,
            4935957638.463564,
            5165741230.826405,
            5232058321.141144,
            5419312760.856642,
            5918517746.689984,
            6091551993.833038,
            5914154434.366461
        ],
        "pax_init": [
            1425.1959591307727,
            1397.9194814440593,
            1419.2292296368041,
            1503.6158324800735,
            1686.8796669376786,
            1823.2620553712457,
            1923.844066841001,
            2098.5840020215082,
            2130.9748192744805,
            2120.7461401419628,
            2308.271924238117,
            2448.916262310233,
            2563.136512623345,
            2677.3567629364575,
            2829.93455999651,
            3034.50814264686,
            3237.3769454417907,
            3465.8174460680148,
            3691.70077691111,
            3823.8212157061275
        ],
        "freight_init": [
            799064.4255125107,
            757008.4031171155,
            862148.4591056037,
            883176.4703033014,
            951517.5066958187,
            959403.0108949554,
            1019858.5430883361,
            1088199.5794808536,
            1048772.0584851704,
            1051400.5598848825,
            1261680.671861859,
            1287965.6858589812,
            1272194.677460708,
            1301108.192857542,
            1343164.2152529373,
            1348421.2180523619,
            1398362.7446468938,
            1498245.7978359577,
            1545558.8230307773,
            1514016.806234231
        ],
        "energy_consumption_init": [
            216108598714.41815,
            211327415503.3816,
            213239940695.11584,
            211327415503.3816,
            225670965136.49124,
            234276939194.39813,
            237145597213.70044,
            243839305616.47122,
            240970647597.1689,
            227583230791.62735,
            240014255233.00275,
            246707963635.77353,
            249576621655.0758,
            256270330057.8466,
            263920171288.18546,
            278264759067.6877,
            292606751481.20844,
            311732003398.5509,
            326073995812.07166,
            329899565268.73645
        ],
        "total_aircraft_distance_init": [
            682937233.6732255,
            687537111.1227219,
            670451852.0245925,
            698129971.763562,
            791757191.6213108,
            837361690.9063176,
            872110479.410513,
            918266963.9894594,
            940188665.6630591,
            916505868.0516521,
            1008450847.0135851,
            1062992251.0576134,
            1089618970.236698,
            1123421498.2369971,
            1168631722.312047,
            1227615293.7215889,
            1293327828.714394,
            1355991302.083533,
            1426724274.7497885,
            1477191501.624263
        ]
    },
    "climate_data": {
        "years": [
            1940.0,
            1941.0,
            1942.0,
            1943.0,
            1944.0,
            1945.0,
            1946.0,
            1947.0,
            1948.0,
            1949.0,
            1950.0,
            1951.0,
            1952.0,
            1953.0,
            1954.0,
            1955.0,
            1956.0,
            1957.0,
            1958.0,
            1959.0,
            1960.0,
            1961.0,
            1962.0,
            1963.0,
            1964.0,
            1965.0,
            1966.0,
            1967.0,
            1968.0,
            1969.0,
            1970.0,
            1971.0,
            1972.0,
            1973.0,
            1974.0,
            1975.0,
            1976.0,
            1977.0,
            1978.0,
            1979.0,
            1980.0,
            1981.0,
            1982.0,
            1983.0,
            1984.0,
            1985.0,
            1986.0,
            1987.0,
            1988.0,
            1989.0,
            1990.0,
            1991.0,
            1992.0,
            1993.0,
            1994.0,
            1995.0,
            1996.0,
            1997.0,
            1998.0,
            1999.0,
            2000.0
        ],