{
    "reference_cagr_passenger_reference_periods": [
        2023,
        2024,
        2025,
        2026,
        2027,
        2028,
        2029,
        2030,
        2031,
        2032,
        2033,
        2034,
        2035,
        2036,
        2037,
        2038,
        2039,
        2040,
        2041,
        2042,
        2043,
        2044,
        2045,
        2046,
        2047,
        2048,
        2049,
        2050
    ],
    "reference_cagr_passenger_reference_periods_values": [
        18.36439789,
        9.60515219,
        6.64755753,
        5.68776648,
        5.06408982,
        4.64006007,
        4.27725852,
        3.95689851,
        3.69928066,
        3.48116583,
        3.30173265,
        3.17772793,
        3.0834835,
        3.01528127,
        2.98571961,
        2.96536003,
        3.00624251,
        3.17242857,
        3.10438536,
        3.03171495,
        2.99787755,
        3.02649297,
        3.04996033,
        3.06588498,
        3.05952994,
        3.08607471,
        2.8861181,
        2.8861181
    ],
    "reference_cagr_freight_reference_periods": [
        2023,
        2024,
        2025,
        2026,
        2027,
        2028,
        2029,
        2030,
        2031,
        2032,
        2033,
        2034,
        2035,
        2036,
        2037,
        2038,
        2039,
        2040,
        2041,
        2042,
        2043,
        2044,
        2045,
        2046,
        2047,
        2048,
        2049,
        2050
    ],
    "reference_cagr_freight_reference_periods_values": [
        18.36439789,
        9.60515219,
        6.64755753,
        5.68776648,
        5.06408982,
        4.64006007,
        4.27725852,
        3.95689851,
        3.69928066,
        3.48116583,
        3.30173265,
        3.17772793,
        3.0834835,
        3.01528127,
        2.98571961,
        2.96536003,
        3.00624251,
        3.17242857,
        3.10438536,
        3.03171495,
        2.99787755,
        3.02649297,
        3.04996033,
        3.06588498,
        3.05952994,
        3.08607471,
        2.8861181,
        2.8861181
    ],
    "operations_gain_reference_years": [
        2020,
        2050
    ],
    "operations_gain_reference_years_values": [
        0,
        3
    ],
    "covid_end_year_passenger": 2023,
    "covid_end_year_reference_rpk_ratio": 93.0,
    "covid_end_year_freight": 2023,
    "covid_end_year_reference_rtk_ratio": 93.0,
    "load_factor_end_year": 88.389,
    "energy_per_ask_short_range_dropin_fuel_gain_reference_years": [
        2019,
        2030,
        2040,
        2050
    ],
    "energy_per_ask_short_range_dropin_fuel_gain_reference_years_values": [
        0.5,
        0.7,
        1.6,
        1.3
    ],
    "energy_per_ask_medium_range_dropin_fuel_gain_reference_years": [
        2019,
        2030,
        2040,
        2050
    ],
    "energy_per_ask_medium_range_dropin_fuel_gain_reference_years_values": [
        0.5,
        0.7,
        1.6,
        1.3
    ],
    "energy_per_ask_long_range_dropin_fuel_gain_reference_years": [
        2019,
        2030,
        2040,
        2050
    ],
    "energy_per_ask_long_range_dropin_fuel_gain_reference_years_values": [
        0.5,
        0.7,
        1.6,
        1.3
    ],
    "carbon_offset_baseline_level_vs_2019_reference_periods": [
        2020,
        2050
    ],
    "carbon_offset_baseline_level_vs_2019_reference_periods_values": [
        999999.0
    ],
    "residual_carbon_offset_share_reference_years": [
        2020,
        2035,
        2036,
        2040,
        2045,
        2050
    ],
    "residual_carbon_offset_share_reference_years_values": [
        0.0,
        0.0,
        7.0,
        20.0,
        50.0,
        100.0
    ],
    "prescribed_carbon_offset_reference_years": [
        2020,
        2022,
        2023,
        2024,
        2025,
        2026,
        2027,
        2028,
        2029,
        2030,
        2031,
        2032,
        2033,
        2034,
        2035,
        2036,
        2050
    ],
    "prescribed_carbon_offset_reference_years_values": [
        0.0,
        0.0,
        19.041039435866402,
        45.42572375843365,
        57.12133367606881,
        72.50756092217927,
        118.50628714929557,
        131.8418956922163,
        147.15583411408397,
        160.173745039803,
        160.1771071727971,
        162.0292001386294,
        162.74024623067737,
        163.2037817088446,
        161.7878013591845,
        0.0,
        0.0
    ],
    "rpk_init": [
        3129400000000.0,
        3038600000000.0,
        3069800000000.0,
        3177200000000.0,
        3589500000000.0,
        3879800000000.0,
        4124500000000.0,
        4414800000000.0,
        4476400000000.0,
        4492300000000.0,
        4922630000000.0,
        5246440000000.0,
        5527090000000.0,
        5830680000000.0,
        6179180000000.0,
        6642510000000.0,
        7133460000000.0,
        7699420000000.0,
        8148140000000.0,
        8596850000000.0
    ],
    "population_init": [
        6144321462.0,
        6226348086.0,
        6308140970.0,
        6389462496.0,
        6470924346.0,
        6552700448.0,
        6635110367.0,
        6717878341.0,
        6801710019.0,
        6885849785.0,
        6970038720.0,
        7053994597.0,
        7141487869.0,
        7229731581.0,
        7317970484.0,
        7405277863.0,
        7492156881.0,
        7578220703.0,
        7661776612.0,
        7742682218.0
    ],
    "gdp_per_capita_init": [
        5508.433013747786,
        5401.402568840111,
        5536.51492421616,
        6129.098557078467,
        6820.295454675826,
        7293.723876881715,
        7805.6118726195855,
        8687.429843412854,
        9429.274802622718,
        8832.30414329192,
        9558.02173069303,
        10473.744853898917,
        10575.660129935786,
        10738.317408268145,
        10898.720811240011,
        10156.95345780368,
        10208.869900251148,
        10746.856268417636,
        11290.09997484749,
        11330.453670493522
    ],
    "gdp_per_capita_2019": 11330.453670493522,
    "historic_start_year": 2000,
    "prospection_start_year": 2020
}