{
    "other_float_data": {
        "short_range_energy_share_2019": 70.0546920162645,
        "medium_range_energy_share_2019": 14.945307983735498,
        "long_range_energy_share_2019": 0.0,
        "freight_energy_share_2019": 15.0,
        "short_range_rpk_share_2019": 76.61499671437548,
        "medium_range_rpk_share_2019": 23.385003285624524,
        "long_range_rpk_share_2019": 0.0,
        "commercial_aviation_coefficient": 1
    },
    "other_vector_data": {
        "years": [
            2000,
            2001,
            2002,
            2003,
            2004,
            2005,
            2006,
            2007,
            2008,
            2009,
            2010,
            2011,
            2012,
            2013,
            2014,
            2015,
            2016,
            2017,
            2018,
            2019
        ],
        "rpk_init": [
            11977031856.216011,
            11630125237.117638,
            11929833944.97928,
            12343535268.868816,
            14229204198.75533,
            15431430024.660017,
            16421876417.605236,
            17795229173.140175,
            18171274686.477432,
            17985716315.31615,
            19440058636.164574,
            20718818418.385464,
            21827121583.8341,
            23026035275.61691,
            24402305863.59255,
            26232062815.08835,
            28170883611.597343,
            30426446948.594776,
            32643368720.836987,
            34247742831.372765
        ],
        "ask_init": [
            16900558658.552528,
            16844015797.471933,
            16744060321.293896,
            17266431188.515453,
            19388168534.921856,
            20590985813.348305,
            21660450263.201134,
            23169442797.06051,
            23905209734.13435,
            23455035504.736065,
            24868883042.927746,
            26560318964.66711,
            27677533348.110317,
            28970093689.17235,
            30610585833.703823,
            32692577570.647717,
            35088354585.47122,
            37343365900.11501,
            39921073710.63298,
            41562945911.04856
        ],
        "rtk_init": [
            465591425.13225764,
            436886262.74266726,
            499560514.9655435,
            529858656.14708376,
            593353055.8668056,
            606033797.9334158,
            648184647.6510973,
            681526797.8113137,
            674882814.4835035,
            614396936.5911522,
            743053632.1419688,
            745281436.6406115,
            737509750.5046387,
            740443355.0125858,
            774913207.9809648,
            784861439.3970276,
            812951491.163984,
            887837266.4528714,
            913794146.1246672,
            887182725.6621197
        ],
        "pax_init": [
            1858.6767525077382,
            1823.1039916941927,
            1850.8952110797752,
            1960.9484398466805,
            2199.952926562688,
            2377.816730630414,
            2508.991286130362,
            2736.8792850921363,
            2779.121938558221,
            2765.7821532531416,
            3010.344883846265,
            3193.7669317911077,
            3342.7278676978285,
            3491.688803604549,
            3690.6739344053176,
            3957.469640506906,
            4222.042049057649,
            4519.9639208710905,
            4814.550846358262,
            4986.856406548872
        ],
        "freight_init": [
            119867.71107741051,
            113558.88417859942,
            129330.95142562712,
            132485.36487503265,
            142737.20858560066,
            143920.11362912774,
            152989.05229616867,
            163240.89600673667,
            157326.37078910126,
            157720.67247027697,
            189264.80696433235,
            193207.8237760893,
            190842.01368903514,
            195179.33218196777,
            201488.15908077883,
            202276.7624431302,
            209768.49438546837,
            224751.95827014468,
            231849.38853130714,
            227117.76835719883
        ],
        "energy_consumption_init": [
            37994223534.97519,
            37153639935.97713,
            37489882501.443245,
            37153639935.97713,
            39675390732.971306,
            41188413833.567154,
            41692754867.0991,
            42869581031.56327,
            42365239998.03133,
            40011587669.10298,
            42197095900.63105,
            43373922065.09522,
            43878263098.62717,
            45055089263.09134,
            46400013895.621346,
            48921947209.95327,
            51443424230.94083,
            54805849885.60194,
            57327326906.58949,
            57999903296.19058
        ],
        "total_aircraft_distance_init": [
            102447462.80306841,
            103137490.74512586,
            100574529.81748386,
            104726526.5202639,
            118771552.40374206,
            125612686.57214034,
            130825354.79728298,
            137749292.31872815,
            141037768.33973342,
            137485110.19234043,
            151277782.99986616,
            159459542.8842618,
            163453818.91457152,
            168524538.53449094,
            175306527.45071286,
            184154657.1762954,
            194012199.2056877,
            203412351.2849162,
            214023009.5253541,
            221593601.8039274
        ]
    },
    "climate_data": {
        "years": [
            1940.0,
            1941.0,
            1942.0,
            1943.0,
            1944.0,
            1945.0,
            1946.0,
            1947.0,
            1948.0,
            1949.0,
            1950.0,
            1951.0,
            1952.0,
            1953.0,
            1954.0,
            1955.0,
            1956.0,
            1957.0,
            1958.0,
            1959.0,
            1960.0,
            1961.0,
            1962.0,
            1963.0,
            1964.0,
            1965.0,
            1966.0,
            1967.0,
            1968.0,
            1969.0,
            1970.0,
            1971.0,
            1972.0,
            1973.0,
            1974.0,
            1975.0,
            1976.0,
            1977.0,
            1978.0,
            1979.0,
            1980.0,
            1981.0,
            1982.0,
            1983.0,
            1984.0,
            1985.0,
            1986.0,
            1987.0,
            1988.0,
            1989.0,
            1990.0,
            1991.0,
            1992.0,
            1993.0,
            1994.0,
            1995.0,
            1996.0,
            1997.0,
            1998.0,
            1999.0,
            2000.0
        ],