2026-07-28 13:40:49 - DEBUG - backend_pdf - Assigning font /F1 = 'C:\\Users\\i.costa-alves\\Documents\\Kodigus\\Python_v3_11\\Lib\\site-packages\\matplotlib\\mpl-data\\fonts\\ttf\\DejaVuSans.ttf'
2026-07-28 13:40:49 - DEBUG - backend_pdf - Embedding font C:\Users\i.costa-alves\Documents\Kodigus\Python_v3_11\Lib\site-packages\matplotlib\mpl-data\fonts\ttf\DejaVuSans.ttf.
2026-07-28 13:40:49 - DEBUG - backend_pdf - Writing TrueType font.
2026-07-28 13:40:50 - INFO - process - Loaded custom model 'socioeconomic_drivers' from 'C:\Users\i.costa-alves\Documents\Kodigus\aeromaps\AeroMAPS\aeromaps\notebooks\publications\wctr_2026\models\socioeconomic_drivers.py'
2026-07-28 13:40:50 - INFO - process - Loaded custom model 'socioeconomic_drivers' from 'C:\Users\i.costa-alves\Documents\Kodigus\aeromaps\AeroMAPS\aeromaps\notebooks\publications\wctr_2026\models\socioeconomic_drivers.py'
2026-07-28 13:40:51 - INFO - process - Loaded custom model 'socioeconomic_drivers' from 'C:\Users\i.costa-alves\Documents\Kodigus\aeromaps\AeroMAPS\aeromaps\notebooks\publications\wctr_2026\models\socioeconomic_drivers.py'
2026-07-28 13:40:51 - INFO - process - Loaded custom model 'socioeconomic_drivers' from 'C:\Users\i.costa-alves\Documents\Kodigus\aeromaps\AeroMAPS\aeromaps\notebooks\publications\wctr_2026\models\socioeconomic_drivers.py'
2026-07-28 13:40:51 - INFO - process - Loaded custom model 'socioeconomic_drivers' from 'C:\Users\i.costa-alves\Documents\Kodigus\aeromaps\AeroMAPS\aeromaps\notebooks\publications\wctr_2026\models\socioeconomic_drivers.py'
2026-07-28 13:40:52 - INFO - process - Loaded custom model 'socioeconomic_drivers' from 'C:\Users\i.costa-alves\Documents\Kodigus\aeromaps\AeroMAPS\aeromaps\notebooks\publications\wctr_2026\models\socioeconomic_drivers.py'
2026-07-28 13:40:53 - INFO - processes_assembly - Computing scenario: Constant income and price elasticities - min price
2026-07-28 13:40:53 - INFO - process - Running MDA
2026-07-28 13:41:00 - INFO - base_mda_solver - MDAGaussSeidel running... Normalized residual norm = 1.00e+00 (iter. 1)
2026-07-28 13:41:02 - INFO - base_mda_solver - MDAGaussSeidel running... Normalized residual norm = 2.46e-07 (iter. 2)
2026-07-28 13:41:03 - INFO - base_mda_solver - MDAGaussSeidel running... Normalized residual norm = 2.46e-07 (iter. 3)
2026-07-28 13:41:05 - INFO - base_mda_solver - MDAGaussSeidel running... Normalized residual norm = 2.46e-07 (iter. 4)
2026-07-28 13:41:07 - INFO - base_mda_solver - MDAGaussSeidel running... Normalized residual norm = 2.46e-07 (iter. 5)
2026-07-28 13:41:08 - INFO - base_mda_solver - MDAGaussSeidel running... Normalized residual norm = 2.46e-07 (iter. 6)
2026-07-28 13:41:10 - INFO - base_mda_solver - MDAGaussSeidel running... Normalized residual norm = 2.46e-07 (iter. 7)
2026-07-28 13:41:11 - INFO - base_mda_solver - MDAGaussSeidel running... Normalized residual norm = 2.46e-07 (iter. 8)
2026-07-28 13:41:13 - INFO - base_mda_solver - MDAGaussSeidel running... Normalized residual norm = 2.46e-07 (iter. 9)
2026-07-28 13:41:14 - INFO - base_mda_solver - MDAGaussSeidel running... Normalized residual norm = 2.46e-07 (iter. 10)
2026-07-28 13:41:14 - WARNING - base_mda_solver - MDAGaussSeidel has reached its maximum number of unsuccessful iterations, but the normalized residual norm 2.458851841067205e-07 is still above the tolerance 1e-10.
2026-07-28 13:41:16 - DEBUG - process - Input 'ask' not found in process parameters; skipping.
2026-07-28 13:41:16 - DEBUG - process - Input 'ask_short_range' not found in process parameters; skipping.
2026-07-28 13:41:16 - DEBUG - process - Input 'ask_medium_range' not found in process parameters; skipping.
2026-07-28 13:41:16 - DEBUG - process - Input 'ask_long_range' not found in process parameters; skipping.
2026-07-28 13:41:16 - DEBUG - process - Input 'co2_emissions' not found in process parameters; skipping.
2026-07-28 13:41:16 - DEBUG - process - Input 'load_factor' not found in process parameters; skipping.
2026-07-28 13:41:16 - DEBUG - process - Input 'rpk_short_range' not found in process parameters; skipping.
2026-07-28 13:41:16 - DEBUG - process - Input 'rpk_medium_range' not found in process parameters; skipping.
2026-07-28 13:41:16 - DEBUG - process - Input 'rpk_long_range' not found in process parameters; skipping.
2026-07-28 13:41:16 - DEBUG - process - Input 'dropin_fuel_mean_co2_emission_factor' not found in process parameters; skipping.
2026-07-28 13:41:16 - DEBUG - process - Input 'hydrogen_mean_co2_emission_factor' not found in process parameters; skipping.
2026-07-28 13:41:16 - DEBUG - process - Input 'electric_mean_co2_emission_factor' not found in process parameters; skipping.
2026-07-28 13:41:16 - DEBUG - process - Input 'dropin_fuel_mean_mfsp' not found in process parameters; skipping.
2026-07-28 13:41:16 - DEBUG - process - Input 'hydrogen_mean_mfsp' not found in process parameters; skipping.
2026-07-28 13:41:16 - DEBUG - process - Input 'electric_mean_mfsp' not found in process parameters; skipping.
2026-07-28 13:41:16 - DEBUG - process - Input 'dropin_fuel_mean_unit_carbon_tax' not found in process parameters; skipping.
2026-07-28 13:41:16 - DEBUG - process - Input 'hydrogen_mean_unit_carbon_tax' not found in process parameters; skipping.
2026-07-28 13:41:16 - DEBUG - process - Input 'electric_mean_unit_carbon_tax' not found in process parameters; skipping.
2026-07-28 13:41:16 - DEBUG - process - Input 'dropin_fuel_mean_unit_tax' not found in process parameters; skipping.
2026-07-28 13:41:16 - DEBUG - process - Input 'hydrogen_mean_unit_tax' not found in process parameters; skipping.
2026-07-28 13:41:16 - DEBUG - process - Input 'electric_mean_unit_tax' not found in process parameters; skipping.
2026-07-28 13:41:16 - DEBUG - process - Input 'dropin_fuel_mean_unit_subsidy' not found in process parameters; skipping.
2026-07-28 13:41:16 - DEBUG - process - Input 'hydrogen_mean_unit_subsidy' not found in process parameters; skipping.
2026-07-28 13:41:16 - DEBUG - process - Input 'electric_mean_unit_subsidy' not found in process parameters; skipping.
2026-07-28 13:41:16 - DEBUG - process - Input 'doc_non_energy_per_ask_short_range_dropin_fuel' not found in process parameters; skipping.
2026-07-28 13:41:16 - DEBUG - process - Input 'doc_non_energy_per_ask_short_range_hydrogen' not found in process parameters; skipping.
2026-07-28 13:41:16 - DEBUG - process - Input 'doc_non_energy_per_ask_short_range_electric' not found in process parameters; skipping.
2026-07-28 13:41:16 - DEBUG - process - Input 'doc_non_energy_per_ask_short_range_mean' not found in process parameters; skipping.
2026-07-28 13:41:16 - DEBUG - process - Input 'doc_non_energy_per_ask_medium_range_dropin_fuel' not found in process parameters; skipping.
2026-07-28 13:41:16 - DEBUG - process - Input 'doc_non_energy_per_ask_medium_range_hydrogen' not found in process parameters; skipping.
2026-07-28 13:41:16 - DEBUG - process - Input 'doc_non_energy_per_ask_medium_range_electric' not found in process parameters; skipping.
2026-07-28 13:41:16 - DEBUG - process - Input 'doc_non_energy_per_ask_medium_range_mean' not found in process parameters; skipping.
2026-07-28 13:41:16 - DEBUG - process - Input 'doc_non_energy_per_ask_long_range_dropin_fuel' not found in process parameters; skipping.
2026-07-28 13:41:16 - DEBUG - process - Input 'doc_non_energy_per_ask_long_range_hydrogen' not found in process parameters; skipping.
2026-07-28 13:41:16 - DEBUG - process - Input 'doc_non_energy_per_ask_long_range_electric' not found in process parameters; skipping.
2026-07-28 13:41:16 - DEBUG - process - Input 'doc_non_energy_per_ask_long_range_mean' not found in process parameters; skipping.
2026-07-28 13:41:16 - DEBUG - process - Input 'doc_non_energy_per_ask_mean' not found in process parameters; skipping.
2026-07-28 13:41:16 - DEBUG - process - Input 'generic_biofuel_energy_consumption' not found in process parameters; skipping.
2026-07-28 13:41:16 - DEBUG - process - Input 'generic_biofuel_energy_production_commissioned' not found in process parameters; skipping.
2026-07-28 13:41:16 - DEBUG - process - Input 'generic_biofuel_energy_unused' not found in process parameters; skipping.
2026-07-28 13:41:16 - DEBUG - process - Input 'electrofuel_energy_consumption' not found in process parameters; skipping.
2026-07-28 13:41:16 - DEBUG - process - Input 'electrofuel_energy_production_commissioned' not found in process parameters; skipping.
2026-07-28 13:41:16 - DEBUG - process - Input 'electrofuel_energy_unused' not found in process parameters; skipping.
2026-07-28 13:41:16 - DEBUG - process - Input 'fossil_kerosene_energy_consumption' not found in process parameters; skipping.
2026-07-28 13:41:17 - INFO - processes_assembly - Computing scenario: Constant income and price elasticities - 2019 price
2026-07-28 13:41:17 - INFO - process - Running MDA
2026-07-28 13:41:24 - INFO - base_mda_solver - MDAGaussSeidel running... Normalized residual norm = 1.00e+00 (iter. 1)
2026-07-28 13:41:25 - INFO - base_mda_solver - MDAGaussSeidel running... Normalized residual norm = 2.43e-07 (iter. 2)
2026-07-28 13:41:27 - INFO - base_mda_solver - MDAGaussSeidel running... Normalized residual norm = 2.43e-07 (iter. 3)
2026-07-28 13:41:28 - INFO - base_mda_solver - MDAGaussSeidel running... Normalized residual norm = 2.43e-07 (iter. 4)
2026-07-28 13:41:30 - INFO - base_mda_solver - MDAGaussSeidel running... Normalized residual norm = 2.43e-07 (iter. 5)
2026-07-28 13:41:31 - INFO - base_mda_solver - MDAGaussSeidel running... Normalized residual norm = 2.43e-07 (iter. 6)
2026-07-28 13:41:33 - INFO - base_mda_solver - MDAGaussSeidel running... Normalized residual norm = 2.43e-07 (iter. 7)
2026-07-28 13:41:34 - INFO - base_mda_solver - MDAGaussSeidel running... Normalized residual norm = 2.43e-07 (iter. 8)
2026-07-28 13:41:36 - INFO - base_mda_solver - MDAGaussSeidel running... Normalized residual norm = 2.43e-07 (iter. 9)
2026-07-28 13:41:37 - INFO - base_mda_solver - MDAGaussSeidel running... Normalized residual norm = 2.43e-07 (iter. 10)
2026-07-28 13:41:37 - WARNING - base_mda_solver - MDAGaussSeidel has reached its maximum number of unsuccessful iterations, but the normalized residual norm 2.432570089561263e-07 is still above the tolerance 1e-10.
2026-07-28 13:41:40 - DEBUG - process - Input 'ask' not found in process parameters; skipping.
2026-07-28 13:41:40 - DEBUG - process - Input 'ask_short_range' not found in process parameters; skipping.
2026-07-28 13:41:40 - DEBUG - process - Input 'ask_medium_range' not found in process parameters; skipping.
2026-07-28 13:41:40 - DEBUG - process - Input 'ask_long_range' not found in process parameters; skipping.
2026-07-28 13:41:40 - DEBUG - process - Input 'co2_emissions' not found in process parameters; skipping.
2026-07-28 13:41:40 - DEBUG - process - Input 'load_factor' not found in process parameters; skipping.
2026-07-28 13:41:40 - DEBUG - process - Input 'rpk_short_range' not found in process parameters; skipping.
2026-07-28 13:41:40 - DEBUG - process - Input 'rpk_medium_range' not found in process parameters; skipping.
2026-07-28 13:41:40 - DEBUG - process - Input 'rpk_long_range' not found in process parameters; skipping.
2026-07-28 13:41:40 - DEBUG - process - Input 'dropin_fuel_mean_co2_emission_factor' not found in process parameters; skipping.
2026-07-28 13:41:40 - DEBUG - process - Input 'hydrogen_mean_co2_emission_factor' not found in process parameters; skipping.
2026-07-28 13:41:40 - DEBUG - process - Input 'electric_mean_co2_emission_factor' not found in process parameters; skipping.
2026-07-28 13:41:40 - DEBUG - process - Input 'dropin_fuel_mean_mfsp' not found in process parameters; skipping.
2026-07-28 13:41:40 - DEBUG - process - Input 'hydrogen_mean_mfsp' not found in process parameters; skipping.
2026-07-28 13:41:40 - DEBUG - process - Input 'electric_mean_mfsp' not found in process parameters; skipping.
2026-07-28 13:41:40 - DEBUG - process - Input 'dropin_fuel_mean_unit_carbon_tax' not found in process parameters; skipping.
2026-07-28 13:41:40 - DEBUG - process - Input 'hydrogen_mean_unit_carbon_tax' not found in process parameters; skipping.
2026-07-28 13:41:40 - DEBUG - process - Input 'electric_mean_unit_carbon_tax' not found in process parameters; skipping.
2026-07-28 13:41:40 - DEBUG - process - Input 'dropin_fuel_mean_unit_tax' not found in process parameters; skipping.
2026-07-28 13:41:40 - DEBUG - process - Input 'hydrogen_mean_unit_tax' not found in process parameters; skipping.
2026-07-28 13:41:40 - DEBUG - process - Input 'electric_mean_unit_tax' not found in process parameters; skipping.
2026-07-28 13:41:40 - DEBUG - process - Input 'dropin_fuel_mean_unit_subsidy' not found in process parameters; skipping.
2026-07-28 13:41:40 - DEBUG - process - Input 'hydrogen_mean_unit_subsidy' not found in process parameters; skipping.
2026-07-28 13:41:40 - DEBUG - process - Input 'electric_mean_unit_subsidy' not found in process parameters; skipping.
2026-07-28 13:41:40 - DEBUG - process - Input 'doc_non_energy_per_ask_short_range_dropin_fuel' not found in process parameters; skipping.
2026-07-28 13:41:40 - DEBUG - process - Input 'doc_non_energy_per_ask_short_range_hydrogen' not found in process parameters; skipping.
2026-07-28 13:41:40 - DEBUG - process - Input 'doc_non_energy_per_ask_short_range_electric' not found in process parameters; skipping.
2026-07-28 13:41:40 - DEBUG - process - Input 'doc_non_energy_per_ask_short_range_mean' not found in process parameters; skipping.
2026-07-28 13:41:40 - DEBUG - process - Input 'doc_non_energy_per_ask_medium_range_dropin_fuel' not found in process parameters; skipping.
2026-07-28 13:41:40 - DEBUG - process - Input 'doc_non_energy_per_ask_medium_range_hydrogen' not found in process parameters; skipping.
2026-07-28 13:41:40 - DEBUG - process - Input 'doc_non_energy_per_ask_medium_range_electric' not found in process parameters; skipping.
2026-07-28 13:41:40 - DEBUG - process - Input 'doc_non_energy_per_ask_medium_range_mean' not found in process parameters; skipping.
2026-07-28 13:41:40 - DEBUG - process - Input 'doc_non_energy_per_ask_long_range_dropin_fuel' not found in process parameters; skipping.
2026-07-28 13:41:40 - DEBUG - process - Input 'doc_non_energy_per_ask_long_range_hydrogen' not found in process parameters; skipping.
2026-07-28 13:41:40 - DEBUG - process - Input 'doc_non_energy_per_ask_long_range_electric' not found in process parameters; skipping.
2026-07-28 13:41:40 - DEBUG - process - Input 'doc_non_energy_per_ask_long_range_mean' not found in process parameters; skipping.
2026-07-28 13:41:40 - DEBUG - process - Input 'doc_non_energy_per_ask_mean' not found in process parameters; skipping.
2026-07-28 13:41:40 - DEBUG - process - Input 'generic_biofuel_energy_consumption' not found in process parameters; skipping.
2026-07-28 13:41:40 - DEBUG - process - Input 'generic_biofuel_energy_production_commissioned' not found in process parameters; skipping.
2026-07-28 13:41:40 - DEBUG - process - Input 'generic_biofuel_energy_unused' not found in process parameters; skipping.
2026-07-28 13:41:40 - DEBUG - process - Input 'electrofuel_energy_consumption' not found in process parameters; skipping.
2026-07-28 13:41:40 - DEBUG - process - Input 'electrofuel_energy_production_commissioned' not found in process parameters; skipping.
2026-07-28 13:41:40 - DEBUG - process - Input 'electrofuel_energy_unused' not found in process parameters; skipping.
2026-07-28 13:41:40 - DEBUG - process - Input 'fossil_kerosene_energy_consumption' not found in process parameters; skipping.
2026-07-28 13:41:40 - INFO - processes_assembly - Computing scenario: Constant income and price elasticities - max price
2026-07-28 13:41:40 - INFO - process - Running MDA
2026-07-28 13:41:47 - INFO - base_mda_solver - MDAGaussSeidel running... Normalized residual norm = 1.00e+00 (iter. 1)
2026-07-28 13:41:49 - INFO - base_mda_solver - MDAGaussSeidel running... Normalized residual norm = 1.01e-07 (iter. 2)
2026-07-28 13:41:50 - INFO - base_mda_solver - MDAGaussSeidel running... Normalized residual norm = 1.01e-07 (iter. 3)
2026-07-28 13:41:52 - INFO - base_mda_solver - MDAGaussSeidel running... Normalized residual norm = 1.01e-07 (iter. 4)
2026-07-28 13:41:54 - INFO - base_mda_solver - MDAGaussSeidel running... Normalized residual norm = 1.01e-07 (iter. 5)
2026-07-28 13:41:55 - INFO - base_mda_solver - MDAGaussSeidel running... Normalized residual norm = 1.01e-07 (iter. 6)
2026-07-28 13:41:57 - INFO - base_mda_solver - MDAGaussSeidel running... Normalized residual norm = 1.01e-07 (iter. 7)
2026-07-28 13:41:59 - INFO - base_mda_solver - MDAGaussSeidel running... Normalized residual norm = 1.01e-07 (iter. 8)
2026-07-28 13:42:00 - INFO - base_mda_solver - MDAGaussSeidel running... Normalized residual norm = 1.01e-07 (iter. 9)
2026-07-28 13:42:02 - INFO - base_mda_solver - MDAGaussSeidel running... Normalized residual norm = 1.01e-07 (iter. 10)
2026-07-28 13:42:02 - WARNING - base_mda_solver - MDAGaussSeidel has reached its maximum number of unsuccessful iterations, but the normalized residual norm 1.0144476317245578e-07 is still above the tolerance 1e-10.
2026-07-28 13:42:04 - DEBUG - backend_pdf - Assigning font /F1 = 'C:\\Users\\i.costa-alves\\Documents\\Kodigus\\Python_v3_11\\Lib\\site-packages\\matplotlib\\mpl-data\\fonts\\ttf\\DejaVuSans.ttf'
2026-07-28 13:42:04 - DEBUG - backend_pdf - Embedding font C:\Users\i.costa-alves\Documents\Kodigus\Python_v3_11\Lib\site-packages\matplotlib\mpl-data\fonts\ttf\DejaVuSans.ttf.
2026-07-28 13:42:04 - DEBUG - backend_pdf - Writing TrueType font.
2026-07-28 13:42:04 - INFO - process - Loaded custom model 'socioeconomic_drivers' from 'C:\Users\i.costa-alves\Documents\Kodigus\aeromaps\AeroMAPS\aeromaps\notebooks\publications\wctr_2026\models\socioeconomic_drivers.py'
2026-07-28 13:42:05 - DEBUG - process - Input 'ask' not found in process parameters; skipping.
2026-07-28 13:42:05 - DEBUG - process - Input 'ask_short_range' not found in process parameters; skipping.
2026-07-28 13:42:05 - DEBUG - process - Input 'ask_medium_range' not found in process parameters; skipping.
2026-07-28 13:42:05 - DEBUG - process - Input 'ask_long_range' not found in process parameters; skipping.
2026-07-28 13:42:05 - DEBUG - process - Input 'co2_emissions' not found in process parameters; skipping.
2026-07-28 13:42:05 - DEBUG - process - Input 'load_factor' not found in process parameters; skipping.
2026-07-28 13:42:05 - DEBUG - process - Input 'rpk_short_range' not found in process parameters; skipping.
2026-07-28 13:42:05 - DEBUG - process - Input 'rpk_medium_range' not found in process parameters; skipping.
2026-07-28 13:42:05 - DEBUG - process - Input 'rpk_long_range' not found in process parameters; skipping.
2026-07-28 13:42:05 - DEBUG - process - Input 'dropin_fuel_mean_co2_emission_factor' not found in process parameters; skipping.
2026-07-28 13:42:05 - DEBUG - process - Input 'hydrogen_mean_co2_emission_factor' not found in process parameters; skipping.
2026-07-28 13:42:05 - DEBUG - process - Input 'electric_mean_co2_emission_factor' not found in process parameters; skipping.
2026-07-28 13:42:05 - DEBUG - process - Input 'dropin_fuel_mean_mfsp' not found in process parameters; skipping.
2026-07-28 13:42:05 - DEBUG - process - Input 'hydrogen_mean_mfsp' not found in process parameters; skipping.
2026-07-28 13:42:05 - DEBUG - process - Input 'electric_mean_mfsp' not found in process parameters; skipping.
2026-07-28 13:42:05 - DEBUG - process - Input 'dropin_fuel_mean_unit_carbon_tax' not found in process parameters; skipping.
2026-07-28 13:42:05 - DEBUG - process - Input 'hydrogen_mean_unit_carbon_tax' not found in process parameters; skipping.
2026-07-28 13:42:05 - DEBUG - process - Input 'electric_mean_unit_carbon_tax' not found in process parameters; skipping.
2026-07-28 13:42:05 - DEBUG - process - Input 'dropin_fuel_mean_unit_tax' not found in process parameters; skipping.
2026-07-28 13:42:05 - DEBUG - process - Input 'hydrogen_mean_unit_tax' not found in process parameters; skipping.
2026-07-28 13:42:05 - DEBUG - process - Input 'electric_mean_unit_tax' not found in process parameters; skipping.
2026-07-28 13:42:05 - DEBUG - process - Input 'dropin_fuel_mean_unit_subsidy' not found in process parameters; skipping.
2026-07-28 13:42:05 - DEBUG - process - Input 'hydrogen_mean_unit_subsidy' not found in process parameters; skipping.
2026-07-28 13:42:05 - DEBUG - process - Input 'electric_mean_unit_subsidy' not found in process parameters; skipping.
2026-07-28 13:42:05 - DEBUG - process - Input 'doc_non_energy_per_ask_short_range_dropin_fuel' not found in process parameters; skipping.
2026-07-28 13:42:05 - DEBUG - process - Input 'doc_non_energy_per_ask_short_range_hydrogen' not found in process parameters; skipping.
2026-07-28 13:42:05 - DEBUG - process - Input 'doc_non_energy_per_ask_short_range_electric' not found in process parameters; skipping.
2026-07-28 13:42:05 - DEBUG - process - Input 'doc_non_energy_per_ask_short_range_mean' not found in process parameters; skipping.
2026-07-28 13:42:05 - DEBUG - process - Input 'doc_non_energy_per_ask_medium_range_dropin_fuel' not found in process parameters; skipping.
2026-07-28 13:42:05 - DEBUG - process - Input 'doc_non_energy_per_ask_medium_range_hydrogen' not found in process parameters; skipping.
2026-07-28 13:42:05 - DEBUG - process - Input 'doc_non_energy_per_ask_medium_range_electric' not found in process parameters; skipping.
2026-07-28 13:42:05 - DEBUG - process - Input 'doc_non_energy_per_ask_medium_range_mean' not found in process parameters; skipping.
2026-07-28 13:42:05 - DEBUG - process - Input 'doc_non_energy_per_ask_long_range_dropin_fuel' not found in process parameters; skipping.
2026-07-28 13:42:05 - DEBUG - process - Input 'doc_non_energy_per_ask_long_range_hydrogen' not found in process parameters; skipping.
2026-07-28 13:42:05 - DEBUG - process - Input 'doc_non_energy_per_ask_long_range_electric' not found in process parameters; skipping.
2026-07-28 13:42:05 - DEBUG - process - Input 'doc_non_energy_per_ask_long_range_mean' not found in process parameters; skipping.
2026-07-28 13:42:05 - DEBUG - process - Input 'doc_non_energy_per_ask_mean' not found in process parameters; skipping.
2026-07-28 13:42:05 - DEBUG - process - Input 'generic_biofuel_energy_consumption' not found in process parameters; skipping.
2026-07-28 13:42:05 - DEBUG - process - Input 'generic_biofuel_energy_production_commissioned' not found in process parameters; skipping.
2026-07-28 13:42:05 - DEBUG - process - Input 'generic_biofuel_energy_unused' not found in process parameters; skipping.
2026-07-28 13:42:05 - DEBUG - process - Input 'electrofuel_energy_consumption' not found in process parameters; skipping.
2026-07-28 13:42:05 - DEBUG - process - Input 'electrofuel_energy_production_commissioned' not found in process parameters; skipping.
2026-07-28 13:42:05 - DEBUG - process - Input 'electrofuel_energy_unused' not found in process parameters; skipping.
2026-07-28 13:42:05 - DEBUG - process - Input 'fossil_kerosene_energy_consumption' not found in process parameters; skipping.
2026-07-28 13:42:05 - INFO - processes_assembly - Computing scenario: Logistic income and price elasticity   - min price
2026-07-28 13:42:05 - INFO - process - Running MDA
2026-07-28 13:42:05 - INFO - process - Loaded custom model 'socioeconomic_drivers' from 'C:\Users\i.costa-alves\Documents\Kodigus\aeromaps\AeroMAPS\aeromaps\notebooks\publications\wctr_2026\models\socioeconomic_drivers.py'
2026-07-28 13:42:05 - INFO - process - Loaded custom model 'socioeconomic_drivers' from 'C:\Users\i.costa-alves\Documents\Kodigus\aeromaps\AeroMAPS\aeromaps\notebooks\publications\wctr_2026\models\socioeconomic_drivers.py'
2026-07-28 13:42:06 - INFO - process - Loaded custom model 'socioeconomic_drivers' from 'C:\Users\i.costa-alves\Documents\Kodigus\aeromaps\AeroMAPS\aeromaps\notebooks\publications\wctr_2026\models\socioeconomic_drivers.py'
2026-07-28 13:42:06 - INFO - process - Loaded custom model 'socioeconomic_drivers' from 'C:\Users\i.costa-alves\Documents\Kodigus\aeromaps\AeroMAPS\aeromaps\notebooks\publications\wctr_2026\models\socioeconomic_drivers.py'
2026-07-28 13:42:06 - INFO - process - Loaded custom model 'socioeconomic_drivers' from 'C:\Users\i.costa-alves\Documents\Kodigus\aeromaps\AeroMAPS\aeromaps\notebooks\publications\wctr_2026\models\socioeconomic_drivers.py'
2026-07-28 13:42:07 - INFO - processes_assembly - Computing scenario: FOSSIL (SSP2-19)
2026-07-28 13:42:07 - INFO - process - Running MDA
2026-07-28 13:42:13 - INFO - base_mda_solver - MDAGaussSeidel running... Normalized residual norm = 1.00e+00 (iter. 1)
2026-07-28 13:42:13 - INFO - base_mda_solver - MDAGaussSeidel running... Normalized residual norm = 1.00e+00 (iter. 1)
2026-07-28 13:42:14 - INFO - base_mda_solver - MDAGaussSeidel running... Normalized residual norm = 7.09e-08 (iter. 2)
2026-07-28 13:42:15 - INFO - base_mda_solver - MDAGaussSeidel running... Normalized residual norm = 4.48e-07 (iter. 2)
2026-07-28 13:42:15 - INFO - base_mda_solver - MDAGaussSeidel running... Normalized residual norm = 7.09e-08 (iter. 3)
2026-07-28 13:42:16 - INFO - base_mda_solver - MDAGaussSeidel running... Normalized residual norm = 4.48e-07 (iter. 3)
2026-07-28 13:42:16 - INFO - base_mda_solver - MDAGaussSeidel running... Normalized residual norm = 7.09e-08 (iter. 4)
2026-07-28 13:42:18 - INFO - base_mda_solver - MDAGaussSeidel running... Normalized residual norm = 7.09e-08 (iter. 5)
2026-07-28 13:42:18 - INFO - base_mda_solver - MDAGaussSeidel running... Normalized residual norm = 4.48e-07 (iter. 4)
2026-07-28 13:42:19 - INFO - base_mda_solver - MDAGaussSeidel running... Normalized residual norm = 7.09e-08 (iter. 6)
2026-07-28 13:42:20 - INFO - base_mda_solver - MDAGaussSeidel running... Normalized residual norm = 4.48e-07 (iter. 5)
2026-07-28 13:42:20 - INFO - base_mda_solver - MDAGaussSeidel running... Normalized residual norm = 7.09e-08 (iter. 7)
2026-07-28 13:42:21 - INFO - base_mda_solver - MDAGaussSeidel running... Normalized residual norm = 4.48e-07 (iter. 6)
2026-07-28 13:42:21 - INFO - base_mda_solver - MDAGaussSeidel running... Normalized residual norm = 7.09e-08 (iter. 8)
2026-07-28 13:42:22 - INFO - base_mda_solver - MDAGaussSeidel running... Normalized residual norm = 7.09e-08 (iter. 9)
2026-07-28 13:42:23 - INFO - base_mda_solver - MDAGaussSeidel running... Normalized residual norm = 4.48e-07 (iter. 7)
2026-07-28 13:42:23 - INFO - base_mda_solver - MDAGaussSeidel running... Normalized residual norm = 7.09e-08 (iter. 10)
2026-07-28 13:42:23 - WARNING - base_mda_solver - MDAGaussSeidel has reached its maximum number of unsuccessful iterations, but the normalized residual norm 7.08867564667088e-08 is still above the tolerance 1e-10.
2026-07-28 13:42:24 - INFO - base_mda_solver - MDAGaussSeidel running... Normalized residual norm = 4.48e-07 (iter. 8)
2026-07-28 13:42:25 - DEBUG - process - Input 'ask' not found in process parameters; skipping.
2026-07-28 13:42:25 - DEBUG - process - Input 'ask_short_range' not found in process parameters; skipping.
2026-07-28 13:42:25 - DEBUG - process - Input 'ask_medium_range' not found in process parameters; skipping.
2026-07-28 13:42:25 - DEBUG - process - Input 'ask_long_range' not found in process parameters; skipping.
2026-07-28 13:42:25 - DEBUG - process - Input 'co2_emissions' not found in process parameters; skipping.
2026-07-28 13:42:25 - DEBUG - process - Input 'load_factor' not found in process parameters; skipping.
2026-07-28 13:42:25 - DEBUG - process - Input 'rpk_short_range' not found in process parameters; skipping.
2026-07-28 13:42:25 - DEBUG - process - Input 'rpk_medium_range' not found in process parameters; skipping.
2026-07-28 13:42:25 - DEBUG - process - Input 'rpk_long_range' not found in process parameters; skipping.
2026-07-28 13:42:25 - DEBUG - process - Input 'dropin_fuel_mean_co2_emission_factor' not found in process parameters; skipping.
2026-07-28 13:42:25 - DEBUG - process - Input 'hydrogen_mean_co2_emission_factor' not found in process parameters; skipping.
2026-07-28 13:42:25 - DEBUG - process - Input 'electric_mean_co2_emission_factor' not found in process parameters; skipping.
2026-07-28 13:42:25 - DEBUG - process - Input 'dropin_fuel_mean_mfsp' not found in process parameters; skipping.
2026-07-28 13:42:25 - DEBUG - process - Input 'hydrogen_mean_mfsp' not found in process parameters; skipping.
2026-07-28 13:42:25 - DEBUG - process - Input 'electric_mean_mfsp' not found in process parameters; skipping.
2026-07-28 13:42:25 - DEBUG - process - Input 'dropin_fuel_mean_unit_carbon_tax' not found in process parameters; skipping.
2026-07-28 13:42:25 - DEBUG - process - Input 'hydrogen_mean_unit_carbon_tax' not found in process parameters; skipping.
2026-07-28 13:42:25 - DEBUG - process - Input 'electric_mean_unit_carbon_tax' not found in process parameters; skipping.
2026-07-28 13:42:25 - DEBUG - process - Input 'dropin_fuel_mean_unit_tax' not found in process parameters; skipping.
2026-07-28 13:42:25 - DEBUG - process - Input 'hydrogen_mean_unit_tax' not found in process parameters; skipping.
2026-07-28 13:42:25 - DEBUG - process - Input 'electric_mean_unit_tax' not found in process parameters; skipping.
2026-07-28 13:42:25 - DEBUG - process - Input 'dropin_fuel_mean_unit_subsidy' not found in process parameters; skipping.
2026-07-28 13:42:25 - DEBUG - process - Input 'hydrogen_mean_unit_subsidy' not found in process parameters; skipping.
2026-07-28 13:42:25 - DEBUG - process - Input 'electric_mean_unit_subsidy' not found in process parameters; skipping.
2026-07-28 13:42:25 - DEBUG - process - Input 'doc_non_energy_per_ask_short_range_dropin_fuel' not found in process parameters; skipping.
2026-07-28 13:42:25 - DEBUG - process - Input 'doc_non_energy_per_ask_short_range_hydrogen' not found in process parameters; skipping.
2026-07-28 13:42:25 - DEBUG - process - Input 'doc_non_energy_per_ask_short_range_electric' not found in process parameters; skipping.
2026-07-28 13:42:25 - DEBUG - process - Input 'doc_non_energy_per_ask_short_range_mean' not found in process parameters; skipping.
2026-07-28 13:42:25 - DEBUG - process - Input 'doc_non_energy_per_ask_medium_range_dropin_fuel' not found in process parameters; skipping.
2026-07-28 13:42:25 - DEBUG - process - Input 'doc_non_energy_per_ask_medium_range_hydrogen' not found in process parameters; skipping.
2026-07-28 13:42:25 - DEBUG - process - Input 'doc_non_energy_per_ask_medium_range_electric' not found in process parameters; skipping.
2026-07-28 13:42:25 - DEBUG - process - Input 'doc_non_energy_per_ask_medium_range_mean' not found in process parameters; skipping.
2026-07-28 13:42:25 - DEBUG - process - Input 'doc_non_energy_per_ask_long_range_dropin_fuel' not found in process parameters; skipping.
2026-07-28 13:42:25 - DEBUG - process - Input 'doc_non_energy_per_ask_long_range_hydrogen' not found in process parameters; skipping.
2026-07-28 13:42:25 - DEBUG - process - Input 'doc_non_energy_per_ask_long_range_electric' not found in process parameters; skipping.
2026-07-28 13:42:25 - DEBUG - process - Input 'doc_non_energy_per_ask_long_range_mean' not found in process parameters; skipping.
2026-07-28 13:42:25 - DEBUG - process - Input 'doc_non_energy_per_ask_mean' not found in process parameters; skipping.
2026-07-28 13:42:25 - DEBUG - process - Input 'generic_biofuel_energy_consumption' not found in process parameters; skipping.
2026-07-28 13:42:25 - DEBUG - process - Input 'generic_biofuel_energy_production_commissioned' not found in process parameters; skipping.
2026-07-28 13:42:25 - DEBUG - process - Input 'generic_biofuel_energy_unused' not found in process parameters; skipping.
2026-07-28 13:42:25 - DEBUG - process - Input 'electrofuel_energy_consumption' not found in process parameters; skipping.
2026-07-28 13:42:25 - DEBUG - process - Input 'electrofuel_energy_production_commissioned' not found in process parameters; skipping.
2026-07-28 13:42:25 - DEBUG - process - Input 'electrofuel_energy_unused' not found in process parameters; skipping.
2026-07-28 13:42:25 - DEBUG - process - Input 'fossil_kerosene_energy_consumption' not found in process parameters; skipping.
2026-07-28 13:42:25 - INFO - processes_assembly - Computing scenario: SAF (SSP2-19)
2026-07-28 13:42:25 - INFO - process - Running MDA
2026-07-28 13:42:26 - INFO - base_mda_solver - MDAGaussSeidel running... Normalized residual norm = 4.48e-07 (iter. 9)
2026-07-28 13:42:27 - INFO - base_mda_solver - MDAGaussSeidel running... Normalized residual norm = 4.48e-07 (iter. 10)
2026-07-28 13:42:27 - WARNING - base_mda_solver - MDAGaussSeidel has reached its maximum number of unsuccessful iterations, but the normalized residual norm 4.47737068058746e-07 is still above the tolerance 1e-10.
2026-07-28 13:42:30 - DEBUG - process - Input 'ask' not found in process parameters; skipping.
2026-07-28 13:42:30 - DEBUG - process - Input 'ask_short_range' not found in process parameters; skipping.
2026-07-28 13:42:30 - DEBUG - process - Input 'ask_medium_range' not found in process parameters; skipping.
2026-07-28 13:42:30 - DEBUG - process - Input 'ask_long_range' not found in process parameters; skipping.
2026-07-28 13:42:30 - DEBUG - process - Input 'co2_emissions' not found in process parameters; skipping.
2026-07-28 13:42:30 - DEBUG - process - Input 'load_factor' not found in process parameters; skipping.
2026-07-28 13:42:30 - DEBUG - process - Input 'rpk_short_range' not found in process parameters; skipping.
2026-07-28 13:42:30 - DEBUG - process - Input 'rpk_medium_range' not found in process parameters; skipping.
2026-07-28 13:42:30 - DEBUG - process - Input 'rpk_long_range' not found in process parameters; skipping.
2026-07-28 13:42:30 - DEBUG - process - Input 'dropin_fuel_mean_co2_emission_factor' not found in process parameters; skipping.
2026-07-28 13:42:30 - DEBUG - process - Input 'hydrogen_mean_co2_emission_factor' not found in process parameters; skipping.
2026-07-28 13:42:30 - DEBUG - process - Input 'electric_mean_co2_emission_factor' not found in process parameters; skipping.
2026-07-28 13:42:30 - DEBUG - process - Input 'dropin_fuel_mean_mfsp' not found in process parameters; skipping.
2026-07-28 13:42:30 - DEBUG - process - Input 'hydrogen_mean_mfsp' not found in process parameters; skipping.
2026-07-28 13:42:30 - DEBUG - process - Input 'electric_mean_mfsp' not found in process parameters; skipping.
2026-07-28 13:42:30 - DEBUG - process - Input 'dropin_fuel_mean_unit_carbon_tax' not found in process parameters; skipping.
2026-07-28 13:42:30 - DEBUG - process - Input 'hydrogen_mean_unit_carbon_tax' not found in process parameters; skipping.
2026-07-28 13:42:30 - DEBUG - process - Input 'electric_mean_unit_carbon_tax' not found in process parameters; skipping.
2026-07-28 13:42:30 - DEBUG - process - Input 'dropin_fuel_mean_unit_tax' not found in process parameters; skipping.
2026-07-28 13:42:30 - DEBUG - process - Input 'hydrogen_mean_unit_tax' not found in process parameters; skipping.
2026-07-28 13:42:30 - DEBUG - process - Input 'electric_mean_unit_tax' not found in process parameters; skipping.
2026-07-28 13:42:30 - DEBUG - process - Input 'dropin_fuel_mean_unit_subsidy' not found in process parameters; skipping.
2026-07-28 13:42:30 - DEBUG - process - Input 'hydrogen_mean_unit_subsidy' not found in process parameters; skipping.
2026-07-28 13:42:30 - DEBUG - process - Input 'electric_mean_unit_subsidy' not found in process parameters; skipping.
2026-07-28 13:42:30 - DEBUG - process - Input 'doc_non_energy_per_ask_short_range_dropin_fuel' not found in process parameters; skipping.
2026-07-28 13:42:30 - DEBUG - process - Input 'doc_non_energy_per_ask_short_range_hydrogen' not found in process parameters; skipping.
2026-07-28 13:42:30 - DEBUG - process - Input 'doc_non_energy_per_ask_short_range_electric' not found in process parameters; skipping.
2026-07-28 13:42:30 - DEBUG - process - Input 'doc_non_energy_per_ask_short_range_mean' not found in process parameters; skipping.
2026-07-28 13:42:30 - DEBUG - process - Input 'doc_non_energy_per_ask_medium_range_dropin_fuel' not found in process parameters; skipping.
2026-07-28 13:42:30 - DEBUG - process - Input 'doc_non_energy_per_ask_medium_range_hydrogen' not found in process parameters; skipping.
2026-07-28 13:42:30 - DEBUG - process - Input 'doc_non_energy_per_ask_medium_range_electric' not found in process parameters; skipping.
2026-07-28 13:42:30 - DEBUG - process - Input 'doc_non_energy_per_ask_medium_range_mean' not found in process parameters; skipping.
2026-07-28 13:42:30 - DEBUG - process - Input 'doc_non_energy_per_ask_long_range_dropin_fuel' not found in process parameters; skipping.
2026-07-28 13:42:30 - DEBUG - process - Input 'doc_non_energy_per_ask_long_range_hydrogen' not found in process parameters; skipping.
2026-07-28 13:42:30 - DEBUG - process - Input 'doc_non_energy_per_ask_long_range_electric' not found in process parameters; skipping.
2026-07-28 13:42:30 - DEBUG - process - Input 'doc_non_energy_per_ask_long_range_mean' not found in process parameters; skipping.
2026-07-28 13:42:30 - DEBUG - process - Input 'doc_non_energy_per_ask_mean' not found in process parameters; skipping.
2026-07-28 13:42:30 - DEBUG - process - Input 'generic_biofuel_energy_consumption' not found in process parameters; skipping.
2026-07-28 13:42:30 - DEBUG - process - Input 'generic_biofuel_energy_production_commissioned' not found in process parameters; skipping.
2026-07-28 13:42:30 - DEBUG - process - Input 'generic_biofuel_energy_unused' not found in process parameters; skipping.
2026-07-28 13:42:30 - DEBUG - process - Input 'electrofuel_energy_consumption' not found in process parameters; skipping.
2026-07-28 13:42:30 - DEBUG - process - Input 'electrofuel_energy_production_commissioned' not found in process parameters; skipping.
2026-07-28 13:42:30 - DEBUG - process - Input 'electrofuel_energy_unused' not found in process parameters; skipping.
2026-07-28 13:42:30 - DEBUG - process - Input 'fossil_kerosene_energy_consumption' not found in process parameters; skipping.
2026-07-28 13:42:30 - INFO - processes_assembly - Computing scenario: Logistic income and price elasticity   - 2019 price
2026-07-28 13:42:30 - INFO - process - Running MDA
2026-07-28 13:42:31 - INFO - base_mda_solver - MDAGaussSeidel running... Normalized residual norm = 1.00e+00 (iter. 1)
2026-07-28 13:42:33 - INFO - base_mda_solver - MDAGaussSeidel running... Normalized residual norm = 1.44e-02 (iter. 2)
2026-07-28 13:42:34 - INFO - base_mda_solver - MDAGaussSeidel running... Normalized residual norm = 7.91e-02 (iter. 3)
2026-07-28 13:42:35 - INFO - base_mda_solver - MDAGaussSeidel running... Normalized residual norm = 1.03e-01 (iter. 4)
2026-07-28 13:42:36 - INFO - base_mda_solver - MDAGaussSeidel running... Normalized residual norm = 6.63e-02 (iter. 5)
2026-07-28 13:42:38 - INFO - base_mda_solver - MDAGaussSeidel running... Normalized residual norm = 1.00e+00 (iter. 1)
2026-07-28 13:42:38 - INFO - base_mda_solver - MDAGaussSeidel running... Normalized residual norm = 6.85e-03 (iter. 6)
2026-07-28 13:42:39 - INFO - base_mda_solver - MDAGaussSeidel running... Normalized residual norm = 1.44e-02 (iter. 7)
2026-07-28 13:42:39 - INFO - base_mda_solver - MDAGaussSeidel running... Normalized residual norm = 1.91e-07 (iter. 2)
2026-07-28 13:42:40 - INFO - base_mda_solver - MDAGaussSeidel running... Normalized residual norm = 1.29e-02 (iter. 8)
2026-07-28 13:42:41 - INFO - base_mda_solver - MDAGaussSeidel running... Normalized residual norm = 1.91e-07 (iter. 3)
2026-07-28 13:42:41 - INFO - base_mda_solver - MDAGaussSeidel running... Normalized residual norm = 5.48e-03 (iter. 9)
2026-07-28 13:42:42 - INFO - base_mda_solver - MDAGaussSeidel running... Normalized residual norm = 1.91e-07 (iter. 4)
2026-07-28 13:42:42 - INFO - base_mda_solver - MDAGaussSeidel running... Normalized residual norm = 1.77e-03 (iter. 10)
2026-07-28 13:42:43 - INFO - base_mda_solver - MDAGaussSeidel running... Normalized residual norm = 2.19e-03 (iter. 11)
2026-07-28 13:42:43 - INFO - base_mda_solver - MDAGaussSeidel running... Normalized residual norm = 1.91e-07 (iter. 5)
2026-07-28 13:42:44 - INFO - base_mda_solver - MDAGaussSeidel running... Normalized residual norm = 1.49e-03 (iter. 12)
2026-07-28 13:42:45 - INFO - base_mda_solver - MDAGaussSeidel running... Normalized residual norm = 1.91e-07 (iter. 6)
2026-07-28 13:42:45 - INFO - base_mda_solver - MDAGaussSeidel running... Normalized residual norm = 4.64e-04 (iter. 13)
2026-07-28 13:42:47 - INFO - base_mda_solver - MDAGaussSeidel running... Normalized residual norm = 3.36e-04 (iter. 14)
2026-07-28 13:42:47 - INFO - base_mda_solver - MDAGaussSeidel running... Normalized residual norm = 1.91e-07 (iter. 7)
2026-07-28 13:42:48 - INFO - base_mda_solver - MDAGaussSeidel running... Normalized residual norm = 3.09e-04 (iter. 15)
2026-07-28 13:42:48 - INFO - base_mda_solver - MDAGaussSeidel running... Normalized residual norm = 1.91e-07 (iter. 8)
2026-07-28 13:42:49 - INFO - base_mda_solver - MDAGaussSeidel running... Normalized residual norm = 1.60e-04 (iter. 16)
2026-07-28 13:42:50 - INFO - base_mda_solver - MDAGaussSeidel running... Normalized residual norm = 1.91e-07 (iter. 9)
2026-07-28 13:42:50 - INFO - base_mda_solver - MDAGaussSeidel running... Normalized residual norm = 4.87e-05 (iter. 17)
2026-07-28 13:42:51 - INFO - base_mda_solver - MDAGaussSeidel running... Normalized residual norm = 5.58e-05 (iter. 18)
2026-07-28 13:42:51 - INFO - base_mda_solver - MDAGaussSeidel running... Normalized residual norm = 1.91e-07 (iter. 10)
2026-07-28 13:42:51 - WARNING - base_mda_solver - MDAGaussSeidel has reached its maximum number of unsuccessful iterations, but the normalized residual norm 1.9050182361560845e-07 is still above the tolerance 1e-10.
2026-07-28 13:42:52 - INFO - base_mda_solver - MDAGaussSeidel running... Normalized residual norm = 4.02e-05 (iter. 19)
2026-07-28 13:42:53 - INFO - base_mda_solver - MDAGaussSeidel running... Normalized residual norm = 1.59e-05 (iter. 20)
2026-07-28 13:42:54 - DEBUG - process - Input 'ask' not found in process parameters; skipping.
2026-07-28 13:42:54 - DEBUG - process - Input 'ask_short_range' not found in process parameters; skipping.
2026-07-28 13:42:54 - DEBUG - process - Input 'ask_medium_range' not found in process parameters; skipping.
2026-07-28 13:42:54 - DEBUG - process - Input 'ask_long_range' not found in process parameters; skipping.
2026-07-28 13:42:54 - DEBUG - process - Input 'co2_emissions' not found in process parameters; skipping.
2026-07-28 13:42:54 - DEBUG - process - Input 'load_factor' not found in process parameters; skipping.
2026-07-28 13:42:54 - DEBUG - process - Input 'rpk_short_range' not found in process parameters; skipping.
2026-07-28 13:42:54 - DEBUG - process - Input 'rpk_medium_range' not found in process parameters; skipping.
2026-07-28 13:42:54 - DEBUG - process - Input 'rpk_long_range' not found in process parameters; skipping.
2026-07-28 13:42:54 - DEBUG - process - Input 'dropin_fuel_mean_co2_emission_factor' not found in process parameters; skipping.
2026-07-28 13:42:54 - DEBUG - process - Input 'hydrogen_mean_co2_emission_factor' not found in process parameters; skipping.
2026-07-28 13:42:54 - DEBUG - process - Input 'electric_mean_co2_emission_factor' not found in process parameters; skipping.
2026-07-28 13:42:54 - DEBUG - process - Input 'dropin_fuel_mean_mfsp' not found in process parameters; skipping.
2026-07-28 13:42:54 - DEBUG - process - Input 'hydrogen_mean_mfsp' not found in process parameters; skipping.
2026-07-28 13:42:54 - DEBUG - process - Input 'electric_mean_mfsp' not found in process parameters; skipping.
2026-07-28 13:42:54 - DEBUG - process - Input 'dropin_fuel_mean_unit_carbon_tax' not found in process parameters; skipping.
2026-07-28 13:42:54 - DEBUG - process - Input 'hydrogen_mean_unit_carbon_tax' not found in process parameters; skipping.
2026-07-28 13:42:54 - DEBUG - process - Input 'electric_mean_unit_carbon_tax' not found in process parameters; skipping.
2026-07-28 13:42:54 - DEBUG - process - Input 'dropin_fuel_mean_unit_tax' not found in process parameters; skipping.
2026-07-28 13:42:54 - DEBUG - process - Input 'hydrogen_mean_unit_tax' not found in process parameters; skipping.
2026-07-28 13:42:54 - DEBUG - process - Input 'electric_mean_unit_tax' not found in process parameters; skipping.
2026-07-28 13:42:54 - DEBUG - process - Input 'dropin_fuel_mean_unit_subsidy' not found in process parameters; skipping.
2026-07-28 13:42:54 - DEBUG - process - Input 'hydrogen_mean_unit_subsidy' not found in process parameters; skipping.
2026-07-28 13:42:54 - DEBUG - process - Input 'electric_mean_unit_subsidy' not found in process parameters; skipping.
2026-07-28 13:42:54 - DEBUG - process - Input 'doc_non_energy_per_ask_short_range_dropin_fuel' not found in process parameters; skipping.
2026-07-28 13:42:54 - DEBUG - process - Input 'doc_non_energy_per_ask_short_range_hydrogen' not found in process parameters; skipping.
2026-07-28 13:42:54 - DEBUG - process - Input 'doc_non_energy_per_ask_short_range_electric' not found in process parameters; skipping.
2026-07-28 13:42:54 - DEBUG - process - Input 'doc_non_energy_per_ask_short_range_mean' not found in process parameters; skipping.
2026-07-28 13:42:54 - DEBUG - process - Input 'doc_non_energy_per_ask_medium_range_dropin_fuel' not found in process parameters; skipping.
2026-07-28 13:42:54 - DEBUG - process - Input 'doc_non_energy_per_ask_medium_range_hydrogen' not found in process parameters; skipping.
2026-07-28 13:42:54 - DEBUG - process - Input 'doc_non_energy_per_ask_medium_range_electric' not found in process parameters; skipping.
2026-07-28 13:42:54 - DEBUG - process - Input 'doc_non_energy_per_ask_medium_range_mean' not found in process parameters; skipping.
2026-07-28 13:42:54 - DEBUG - process - Input 'doc_non_energy_per_ask_long_range_dropin_fuel' not found in process parameters; skipping.
2026-07-28 13:42:54 - DEBUG - process - Input 'doc_non_energy_per_ask_long_range_hydrogen' not found in process parameters; skipping.
2026-07-28 13:42:54 - DEBUG - process - Input 'doc_non_energy_per_ask_long_range_electric' not found in process parameters; skipping.
2026-07-28 13:42:54 - DEBUG - process - Input 'doc_non_energy_per_ask_long_range_mean' not found in process parameters; skipping.
2026-07-28 13:42:54 - DEBUG - process - Input 'doc_non_energy_per_ask_mean' not found in process parameters; skipping.
2026-07-28 13:42:54 - DEBUG - process - Input 'generic_biofuel_energy_consumption' not found in process parameters; skipping.
2026-07-28 13:42:54 - DEBUG - process - Input 'generic_biofuel_energy_production_commissioned' not found in process parameters; skipping.
2026-07-28 13:42:54 - DEBUG - process - Input 'generic_biofuel_energy_unused' not found in process parameters; skipping.
2026-07-28 13:42:54 - DEBUG - process - Input 'electrofuel_energy_consumption' not found in process parameters; skipping.
2026-07-28 13:42:54 - DEBUG - process - Input 'electrofuel_energy_production_commissioned' not found in process parameters; skipping.
2026-07-28 13:42:54 - DEBUG - process - Input 'electrofuel_energy_unused' not found in process parameters; skipping.
2026-07-28 13:42:54 - DEBUG - process - Input 'fossil_kerosene_energy_consumption' not found in process parameters; skipping.
2026-07-28 13:42:54 - INFO - processes_assembly - Computing scenario: Logistic income and price elasticity   - max price
2026-07-28 13:42:54 - INFO - process - Running MDA
2026-07-28 13:42:54 - INFO - base_mda_solver - MDAGaussSeidel running... Normalized residual norm = 7.78e-06 (iter. 21)
2026-07-28 13:42:55 - INFO - base_mda_solver - MDAGaussSeidel running... Normalized residual norm = 8.40e-06 (iter. 22)
2026-07-28 13:42:57 - INFO - base_mda_solver - MDAGaussSeidel running... Normalized residual norm = 4.81e-06 (iter. 23)
2026-07-28 13:42:58 - INFO - base_mda_solver - MDAGaussSeidel running... Normalized residual norm = 1.53e-06 (iter. 24)
2026-07-28 13:42:59 - INFO - base_mda_solver - MDAGaussSeidel running... Normalized residual norm = 1.36e-06 (iter. 25)
2026-07-28 13:43:00 - INFO - base_mda_solver - MDAGaussSeidel running... Normalized residual norm = 1.16e-06 (iter. 26)
2026-07-28 13:43:01 - INFO - base_mda_solver - MDAGaussSeidel running... Normalized residual norm = 1.00e+00 (iter. 1)
2026-07-28 13:43:01 - INFO - base_mda_solver - MDAGaussSeidel running... Normalized residual norm = 5.31e-07 (iter. 27)
2026-07-28 13:43:02 - INFO - base_mda_solver - MDAGaussSeidel running... Normalized residual norm = 2.05e-07 (iter. 28)
2026-07-28 13:43:02 - INFO - base_mda_solver - MDAGaussSeidel running... Normalized residual norm = 1.17e-07 (iter. 2)
2026-07-28 13:43:03 - INFO - base_mda_solver - MDAGaussSeidel running... Normalized residual norm = 2.34e-07 (iter. 29)
2026-07-28 13:43:04 - INFO - base_mda_solver - MDAGaussSeidel running... Normalized residual norm = 1.17e-07 (iter. 3)
2026-07-28 13:43:04 - INFO - base_mda_solver - MDAGaussSeidel running... Normalized residual norm = 1.69e-07 (iter. 30)
2026-07-28 13:43:06 - INFO - base_mda_solver - MDAGaussSeidel running... Normalized residual norm = 9.87e-08 (iter. 31)
2026-07-28 13:43:06 - INFO - base_mda_solver - MDAGaussSeidel running... Normalized residual norm = 1.17e-07 (iter. 4)
2026-07-28 13:43:07 - INFO - base_mda_solver - MDAGaussSeidel running... Normalized residual norm = 8.94e-08 (iter. 32)
2026-07-28 13:43:07 - INFO - base_mda_solver - MDAGaussSeidel running... Normalized residual norm = 1.17e-07 (iter. 5)
2026-07-28 13:43:08 - INFO - base_mda_solver - MDAGaussSeidel running... Normalized residual norm = 8.96e-08 (iter. 33)
2026-07-28 13:43:09 - INFO - base_mda_solver - MDAGaussSeidel running... Normalized residual norm = 1.17e-07 (iter. 6)
2026-07-28 13:43:09 - INFO - base_mda_solver - MDAGaussSeidel running... Normalized residual norm = 8.54e-08 (iter. 34)
2026-07-28 13:43:11 - INFO - base_mda_solver - MDAGaussSeidel running... Normalized residual norm = 1.17e-07 (iter. 7)
2026-07-28 13:43:11 - INFO - base_mda_solver - MDAGaussSeidel running... Normalized residual norm = 8.39e-08 (iter. 35)
2026-07-28 13:43:12 - INFO - base_mda_solver - MDAGaussSeidel running... Normalized residual norm = 8.39e-08 (iter. 36)
2026-07-28 13:43:12 - INFO - base_mda_solver - MDAGaussSeidel running... Normalized residual norm = 1.17e-07 (iter. 8)
2026-07-28 13:43:13 - INFO - base_mda_solver - MDAGaussSeidel running... Normalized residual norm = 8.38e-08 (iter. 37)
2026-07-28 13:43:14 - INFO - base_mda_solver - MDAGaussSeidel running... Normalized residual norm = 1.17e-07 (iter. 9)
2026-07-28 13:43:14 - INFO - base_mda_solver - MDAGaussSeidel running... Normalized residual norm = 8.37e-08 (iter. 38)
2026-07-28 13:43:15 - INFO - base_mda_solver - MDAGaussSeidel running... Normalized residual norm = 8.37e-08 (iter. 39)
2026-07-28 13:43:15 - INFO - base_mda_solver - MDAGaussSeidel running... Normalized residual norm = 1.17e-07 (iter. 10)
2026-07-28 13:43:15 - WARNING - base_mda_solver - MDAGaussSeidel has reached its maximum number of unsuccessful iterations, but the normalized residual norm 1.17261163746151e-07 is still above the tolerance 1e-10.
2026-07-28 13:43:16 - INFO - base_mda_solver - MDAGaussSeidel running... Normalized residual norm = 8.37e-08 (iter. 40)
2026-07-28 13:43:18 - INFO - base_mda_solver - MDAGaussSeidel running... Normalized residual norm = 8.37e-08 (iter. 41)
2026-07-28 13:43:18 - DEBUG - process - Input 'ask' not found in process parameters; skipping.
2026-07-28 13:43:18 - DEBUG - process - Input 'ask_short_range' not found in process parameters; skipping.
2026-07-28 13:43:18 - DEBUG - process - Input 'ask_medium_range' not found in process parameters; skipping.
2026-07-28 13:43:18 - DEBUG - process - Input 'ask_long_range' not found in process parameters; skipping.
2026-07-28 13:43:18 - DEBUG - process - Input 'co2_emissions' not found in process parameters; skipping.
2026-07-28 13:43:18 - DEBUG - process - Input 'load_factor' not found in process parameters; skipping.
2026-07-28 13:43:18 - DEBUG - process - Input 'rpk_short_range' not found in process parameters; skipping.
2026-07-28 13:43:18 - DEBUG - process - Input 'rpk_medium_range' not found in process parameters; skipping.
2026-07-28 13:43:18 - DEBUG - process - Input 'rpk_long_range' not found in process parameters; skipping.
2026-07-28 13:43:18 - DEBUG - process - Input 'dropin_fuel_mean_co2_emission_factor' not found in process parameters; skipping.
2026-07-28 13:43:18 - DEBUG - process - Input 'hydrogen_mean_co2_emission_factor' not found in process parameters; skipping.
2026-07-28 13:43:18 - DEBUG - process - Input 'electric_mean_co2_emission_factor' not found in process parameters; skipping.
2026-07-28 13:43:18 - DEBUG - process - Input 'dropin_fuel_mean_mfsp' not found in process parameters; skipping.
2026-07-28 13:43:18 - DEBUG - process - Input 'hydrogen_mean_mfsp' not found in process parameters; skipping.
2026-07-28 13:43:18 - DEBUG - process - Input 'electric_mean_mfsp' not found in process parameters; skipping.
2026-07-28 13:43:18 - DEBUG - process - Input 'dropin_fuel_mean_unit_carbon_tax' not found in process parameters; skipping.
2026-07-28 13:43:18 - DEBUG - process - Input 'hydrogen_mean_unit_carbon_tax' not found in process parameters; skipping.
2026-07-28 13:43:18 - DEBUG - process - Input 'electric_mean_unit_carbon_tax' not found in process parameters; skipping.
2026-07-28 13:43:18 - DEBUG - process - Input 'dropin_fuel_mean_unit_tax' not found in process parameters; skipping.
2026-07-28 13:43:18 - DEBUG - process - Input 'hydrogen_mean_unit_tax' not found in process parameters; skipping.
2026-07-28 13:43:18 - DEBUG - process - Input 'electric_mean_unit_tax' not found in process parameters; skipping.
2026-07-28 13:43:18 - DEBUG - process - Input 'dropin_fuel_mean_unit_subsidy' not found in process parameters; skipping.
2026-07-28 13:43:18 - DEBUG - process - Input 'hydrogen_mean_unit_subsidy' not found in process parameters; skipping.
2026-07-28 13:43:18 - DEBUG - process - Input 'electric_mean_unit_subsidy' not found in process parameters; skipping.
2026-07-28 13:43:18 - DEBUG - process - Input 'doc_non_energy_per_ask_short_range_dropin_fuel' not found in process parameters; skipping.
2026-07-28 13:43:18 - DEBUG - process - Input 'doc_non_energy_per_ask_short_range_hydrogen' not found in process parameters; skipping.
2026-07-28 13:43:18 - DEBUG - process - Input 'doc_non_energy_per_ask_short_range_electric' not found in process parameters; skipping.
2026-07-28 13:43:18 - DEBUG - process - Input 'doc_non_energy_per_ask_short_range_mean' not found in process parameters; skipping.
2026-07-28 13:43:18 - DEBUG - process - Input 'doc_non_energy_per_ask_medium_range_dropin_fuel' not found in process parameters; skipping.
2026-07-28 13:43:18 - DEBUG - process - Input 'doc_non_energy_per_ask_medium_range_hydrogen' not found in process parameters; skipping.
2026-07-28 13:43:18 - DEBUG - process - Input 'doc_non_energy_per_ask_medium_range_electric' not found in process parameters; skipping.
2026-07-28 13:43:18 - DEBUG - process - Input 'doc_non_energy_per_ask_medium_range_mean' not found in process parameters; skipping.
2026-07-28 13:43:18 - DEBUG - process - Input 'doc_non_energy_per_ask_long_range_dropin_fuel' not found in process parameters; skipping.
2026-07-28 13:43:18 - DEBUG - process - Input 'doc_non_energy_per_ask_long_range_hydrogen' not found in process parameters; skipping.
2026-07-28 13:43:18 - DEBUG - process - Input 'doc_non_energy_per_ask_long_range_electric' not found in process parameters; skipping.
2026-07-28 13:43:18 - DEBUG - process - Input 'doc_non_energy_per_ask_long_range_mean' not found in process parameters; skipping.
2026-07-28 13:43:18 - DEBUG - process - Input 'doc_non_energy_per_ask_mean' not found in process parameters; skipping.
2026-07-28 13:43:18 - DEBUG - process - Input 'generic_biofuel_energy_consumption' not found in process parameters; skipping.
2026-07-28 13:43:18 - DEBUG - process - Input 'generic_biofuel_energy_production_commissioned' not found in process parameters; skipping.
2026-07-28 13:43:18 - DEBUG - process - Input 'generic_biofuel_energy_unused' not found in process parameters; skipping.
2026-07-28 13:43:18 - DEBUG - process - Input 'electrofuel_energy_consumption' not found in process parameters; skipping.
2026-07-28 13:43:18 - DEBUG - process - Input 'electrofuel_energy_production_commissioned' not found in process parameters; skipping.
2026-07-28 13:43:18 - DEBUG - process - Input 'electrofuel_energy_unused' not found in process parameters; skipping.
2026-07-28 13:43:18 - DEBUG - process - Input 'fossil_kerosene_energy_consumption' not found in process parameters; skipping.
2026-07-28 13:43:18 - INFO - processes_assembly - Computing scenario: Exogenous growth (ICAO LTAG)
2026-07-28 13:43:18 - INFO - process - Running MDA
2026-07-28 13:43:19 - INFO - base_mda_solver - MDAGaussSeidel running... Normalized residual norm = 8.37e-08 (iter. 42)
2026-07-28 13:43:20 - INFO - base_mda_solver - MDAGaussSeidel running... Normalized residual norm = 8.37e-08 (iter. 43)
2026-07-28 13:43:21 - INFO - base_mda_solver - MDAGaussSeidel running... Normalized residual norm = 8.37e-08 (iter. 44)
2026-07-28 13:43:22 - INFO - base_mda_solver - MDAGaussSeidel running... Normalized residual norm = 8.37e-08 (iter. 45)
2026-07-28 13:43:22 - INFO - process - Running MDA
2026-07-28 13:43:24 - INFO - base_mda_solver - MDAGaussSeidel running... Normalized residual norm = 8.37e-08 (iter. 46)
2026-07-28 13:43:25 - INFO - base_mda_solver - MDAGaussSeidel running... Normalized residual norm = 8.37e-08 (iter. 47)
2026-07-28 13:43:26 - INFO - base_mda_solver - MDAGaussSeidel running... Normalized residual norm = 8.37e-08 (iter. 48)
2026-07-28 13:43:27 - INFO - base_mda_solver - MDAGaussSeidel running... Normalized residual norm = 8.37e-08 (iter. 49)
2026-07-28 13:43:28 - INFO - base_mda_solver - MDAGaussSeidel running... Normalized residual norm = 8.37e-08 (iter. 50)
2026-07-28 13:43:28 - INFO - base_mda_solver - MDAGaussSeidel running... Normalized residual norm = 1.00e+00 (iter. 1)
2026-07-28 13:43:30 - INFO - base_mda_solver - MDAGaussSeidel running... Normalized residual norm = 8.13e-02 (iter. 2)
2026-07-28 13:43:30 - INFO - base_mda_solver - MDAGaussSeidel running... Normalized residual norm = 8.37e-08 (iter. 51)
2026-07-28 13:43:31 - INFO - base_mda_solver - MDAGaussSeidel running... Normalized residual norm = 6.57e-03 (iter. 3)
2026-07-28 13:43:31 - INFO - base_mda_solver - MDAGaussSeidel running... Normalized residual norm = 8.37e-08 (iter. 52)
2026-07-28 13:43:32 - INFO - base_mda_solver - MDAGaussSeidel running... Normalized residual norm = 8.37e-08 (iter. 53)
2026-07-28 13:43:32 - INFO - base_mda_solver - MDAGaussSeidel running... Normalized residual norm = 5.31e-04 (iter. 4)
2026-07-28 13:43:33 - INFO - base_mda_solver - MDAGaussSeidel running... Normalized residual norm = 4.29e-05 (iter. 5)
2026-07-28 13:43:33 - INFO - base_mda_solver - MDAGaussSeidel running... Normalized residual norm = 8.37e-08 (iter. 54)
2026-07-28 13:43:34 - INFO - base_mda_solver - MDAGaussSeidel running... Normalized residual norm = 3.49e-06 (iter. 6)
2026-07-28 13:43:34 - INFO - base_mda_solver - MDAGaussSeidel running... Normalized residual norm = 8.37e-08 (iter. 55)
2026-07-28 13:43:35 - INFO - base_mda_solver - MDAGaussSeidel running... Normalized residual norm = 4.69e-07 (iter. 7)
2026-07-28 13:43:35 - INFO - base_mda_solver - MDAGaussSeidel running... Normalized residual norm = 8.37e-08 (iter. 56)
2026-07-28 13:43:36 - INFO - base_mda_solver - MDAGaussSeidel running... Normalized residual norm = 3.76e-07 (iter. 8)
2026-07-28 13:43:37 - INFO - base_mda_solver - MDAGaussSeidel running... Normalized residual norm = 8.37e-08 (iter. 57)
2026-07-28 13:43:38 - INFO - base_mda_solver - MDAGaussSeidel running... Normalized residual norm = 3.76e-07 (iter. 9)
2026-07-28 13:43:38 - INFO - base_mda_solver - MDAGaussSeidel running... Normalized residual norm = 8.37e-08 (iter. 58)
2026-07-28 13:43:39 - INFO - base_mda_solver - MDAGaussSeidel running... Normalized residual norm = 3.76e-07 (iter. 10)
2026-07-28 13:43:39 - INFO - base_mda_solver - MDAGaussSeidel running... Normalized residual norm = 8.37e-08 (iter. 59)
2026-07-28 13:43:40 - INFO - base_mda_solver - MDAGaussSeidel running... Normalized residual norm = 3.76e-07 (iter. 11)
2026-07-28 13:43:40 - INFO - base_mda_solver - MDAGaussSeidel running... Normalized residual norm = 8.37e-08 (iter. 60)
2026-07-28 13:43:41 - INFO - base_mda_solver - MDAGaussSeidel running... Normalized residual norm = 3.76e-07 (iter. 12)
2026-07-28 13:43:41 - INFO - base_mda_solver - MDAGaussSeidel running... Normalized residual norm = 8.37e-08 (iter. 61)
2026-07-28 13:43:42 - INFO - base_mda_solver - MDAGaussSeidel running... Normalized residual norm = 3.76e-07 (iter. 13)
2026-07-28 13:43:43 - INFO - base_mda_solver - MDAGaussSeidel running... Normalized residual norm = 8.37e-08 (iter. 62)
2026-07-28 13:43:43 - INFO - base_mda_solver - MDAGaussSeidel running... Normalized residual norm = 3.76e-07 (iter. 14)
2026-07-28 13:43:44 - INFO - base_mda_solver - MDAGaussSeidel running... Normalized residual norm = 8.37e-08 (iter. 63)
2026-07-28 13:43:44 - INFO - base_mda_solver - MDAGaussSeidel running... Normalized residual norm = 3.76e-07 (iter. 15)
2026-07-28 13:43:45 - INFO - base_mda_solver - MDAGaussSeidel running... Normalized residual norm = 8.37e-08 (iter. 64)
2026-07-28 13:43:45 - INFO - base_mda_solver - MDAGaussSeidel running... Normalized residual norm = 3.76e-07 (iter. 16)
2026-07-28 13:43:46 - INFO - base_mda_solver - MDAGaussSeidel running... Normalized residual norm = 8.37e-08 (iter. 65)
2026-07-28 13:43:46 - INFO - base_mda_solver - MDAGaussSeidel running... Normalized residual norm = 3.76e-07 (iter. 17)
2026-07-28 13:43:48 - INFO - base_mda_solver - MDAGaussSeidel running... Normalized residual norm = 3.76e-07 (iter. 18)
2026-07-28 13:43:48 - INFO - base_mda_solver - MDAGaussSeidel running... Normalized residual norm = 8.37e-08 (iter. 66)
2026-07-28 13:43:49 - INFO - base_mda_solver - MDAGaussSeidel running... Normalized residual norm = 3.76e-07 (iter. 19)
2026-07-28 13:43:49 - INFO - base_mda_solver - MDAGaussSeidel running... Normalized residual norm = 8.37e-08 (iter. 67)
2026-07-28 13:43:50 - INFO - base_mda_solver - MDAGaussSeidel running... Normalized residual norm = 3.76e-07 (iter. 20)
2026-07-28 13:43:50 - INFO - base_mda_solver - MDAGaussSeidel running... Normalized residual norm = 8.37e-08 (iter. 68)
2026-07-28 13:43:51 - INFO - base_mda_solver - MDAGaussSeidel running... Normalized residual norm = 3.76e-07 (iter. 21)
2026-07-28 13:43:51 - INFO - base_mda_solver - MDAGaussSeidel running... Normalized residual norm = 8.37e-08 (iter. 69)
2026-07-28 13:43:52 - INFO - base_mda_solver - MDAGaussSeidel running... Normalized residual norm = 3.76e-07 (iter. 22)
2026-07-28 13:43:52 - INFO - base_mda_solver - MDAGaussSeidel running... Normalized residual norm = 8.37e-08 (iter. 70)
2026-07-28 13:43:53 - INFO - base_mda_solver - MDAGaussSeidel running... Normalized residual norm = 3.76e-07 (iter. 23)
2026-07-28 13:43:53 - WARNING - base_mda_solver - MDAGaussSeidel has reached its maximum number of unsuccessful iterations, but the normalized residual norm 3.7558807284187085e-07 is still above the tolerance 1e-10.
2026-07-28 13:43:53 - INFO - base_mda_solver - MDAGaussSeidel running... Normalized residual norm = 8.37e-08 (iter. 71)
2026-07-28 13:43:54 - INFO - base_mda_solver - MDAGaussSeidel running... Normalized residual norm = 8.37e-08 (iter. 72)
2026-07-28 13:43:55 - DEBUG - process - Input 'ask' not found in process parameters; skipping.
2026-07-28 13:43:55 - DEBUG - process - Input 'ask_short_range' not found in process parameters; skipping.
2026-07-28 13:43:55 - DEBUG - process - Input 'ask_medium_range' not found in process parameters; skipping.
2026-07-28 13:43:55 - DEBUG - process - Input 'ask_long_range' not found in process parameters; skipping.
2026-07-28 13:43:55 - DEBUG - process - Input 'co2_emissions' not found in process parameters; skipping.
2026-07-28 13:43:55 - DEBUG - process - Input 'load_factor' not found in process parameters; skipping.
2026-07-28 13:43:55 - DEBUG - process - Input 'rpk_short_range' not found in process parameters; skipping.
2026-07-28 13:43:55 - DEBUG - process - Input 'rpk_medium_range' not found in process parameters; skipping.
2026-07-28 13:43:55 - DEBUG - process - Input 'rpk_long_range' not found in process parameters; skipping.
2026-07-28 13:43:55 - DEBUG - process - Input 'dropin_fuel_mean_co2_emission_factor' not found in process parameters; skipping.
2026-07-28 13:43:55 - DEBUG - process - Input 'hydrogen_mean_co2_emission_factor' not found in process parameters; skipping.
2026-07-28 13:43:55 - DEBUG - process - Input 'electric_mean_co2_emission_factor' not found in process parameters; skipping.
2026-07-28 13:43:55 - DEBUG - process - Input 'dropin_fuel_mean_mfsp' not found in process parameters; skipping.
2026-07-28 13:43:55 - DEBUG - process - Input 'hydrogen_mean_mfsp' not found in process parameters; skipping.
2026-07-28 13:43:55 - DEBUG - process - Input 'electric_mean_mfsp' not found in process parameters; skipping.
2026-07-28 13:43:55 - DEBUG - process - Input 'dropin_fuel_mean_unit_carbon_tax' not found in process parameters; skipping.
2026-07-28 13:43:55 - DEBUG - process - Input 'hydrogen_mean_unit_carbon_tax' not found in process parameters; skipping.
2026-07-28 13:43:55 - DEBUG - process - Input 'electric_mean_unit_carbon_tax' not found in process parameters; skipping.
2026-07-28 13:43:55 - DEBUG - process - Input 'doc_non_energy_per_ask_mean' not found in process parameters; skipping.
2026-07-28 13:43:55 - DEBUG - process - Input 'doc_non_energy_per_ask_short_range_mean' not found in process parameters; skipping.
2026-07-28 13:43:55 - DEBUG - process - Input 'doc_non_energy_per_ask_medium_range_mean' not found in process parameters; skipping.
2026-07-28 13:43:55 - DEBUG - process - Input 'doc_non_energy_per_ask_long_range_mean' not found in process parameters; skipping.
2026-07-28 13:43:55 - DEBUG - process - Input 'rpk' not found in process parameters; skipping.
2026-07-28 13:43:55 - DEBUG - process - Input 'generic_biofuel_energy_consumption' not found in process parameters; skipping.
2026-07-28 13:43:55 - DEBUG - process - Input 'generic_biofuel_energy_production_commissioned' not found in process parameters; skipping.
2026-07-28 13:43:55 - DEBUG - process - Input 'generic_biofuel_energy_unused' not found in process parameters; skipping.
2026-07-28 13:43:55 - DEBUG - process - Input 'electrofuel_energy_consumption' not found in process parameters; skipping.
2026-07-28 13:43:55 - DEBUG - process - Input 'electrofuel_energy_production_commissioned' not found in process parameters; skipping.
2026-07-28 13:43:55 - DEBUG - process - Input 'electrofuel_energy_unused' not found in process parameters; skipping.
2026-07-28 13:43:55 - DEBUG - process - Input 'fossil_kerosene_energy_consumption' not found in process parameters; skipping.
2026-07-28 13:43:55 - INFO - base_mda_solver - MDAGaussSeidel running... Normalized residual norm = 8.37e-08 (iter. 73)
2026-07-28 13:43:55 - INFO - process - Running MDA
2026-07-28 13:43:56 - INFO - base_mda_solver - MDAGaussSeidel running... Normalized residual norm = 8.37e-08 (iter. 74)
2026-07-28 13:43:57 - INFO - base_mda_solver - MDAGaussSeidel running... Normalized residual norm = 8.37e-08 (iter. 75)
2026-07-28 13:43:57 - WARNING - base_mda_solver - MDAGaussSeidel has reached its maximum number of unsuccessful iterations, but the normalized residual norm 8.372641399969226e-08 is still above the tolerance 1e-10.
2026-07-28 13:44:00 - DEBUG - process - Input 'ask' not found in process parameters; skipping.
2026-07-28 13:44:00 - DEBUG - process - Input 'ask_short_range' not found in process parameters; skipping.
2026-07-28 13:44:00 - DEBUG - process - Input 'ask_medium_range' not found in process parameters; skipping.
2026-07-28 13:44:00 - DEBUG - process - Input 'ask_long_range' not found in process parameters; skipping.
2026-07-28 13:44:00 - DEBUG - process - Input 'co2_emissions' not found in process parameters; skipping.
2026-07-28 13:44:00 - DEBUG - process - Input 'load_factor' not found in process parameters; skipping.
2026-07-28 13:44:00 - DEBUG - process - Input 'rpk_short_range' not found in process parameters; skipping.
2026-07-28 13:44:00 - DEBUG - process - Input 'rpk_medium_range' not found in process parameters; skipping.
2026-07-28 13:44:00 - DEBUG - process - Input 'rpk_long_range' not found in process parameters; skipping.
2026-07-28 13:44:00 - DEBUG - process - Input 'dropin_fuel_mean_co2_emission_factor' not found in process parameters; skipping.
2026-07-28 13:44:00 - DEBUG - process - Input 'hydrogen_mean_co2_emission_factor' not found in process parameters; skipping.
2026-07-28 13:44:00 - DEBUG - process - Input 'electric_mean_co2_emission_factor' not found in process parameters; skipping.
2026-07-28 13:44:00 - DEBUG - process - Input 'dropin_fuel_mean_mfsp' not found in process parameters; skipping.
2026-07-28 13:44:00 - DEBUG - process - Input 'hydrogen_mean_mfsp' not found in process parameters; skipping.
2026-07-28 13:44:00 - DEBUG - process - Input 'electric_mean_mfsp' not found in process parameters; skipping.
2026-07-28 13:44:00 - DEBUG - process - Input 'dropin_fuel_mean_unit_carbon_tax' not found in process parameters; skipping.
2026-07-28 13:44:00 - DEBUG - process - Input 'hydrogen_mean_unit_carbon_tax' not found in process parameters; skipping.
2026-07-28 13:44:00 - DEBUG - process - Input 'electric_mean_unit_carbon_tax' not found in process parameters; skipping.
2026-07-28 13:44:00 - DEBUG - process - Input 'dropin_fuel_mean_unit_tax' not found in process parameters; skipping.
2026-07-28 13:44:00 - DEBUG - process - Input 'hydrogen_mean_unit_tax' not found in process parameters; skipping.
2026-07-28 13:44:00 - DEBUG - process - Input 'electric_mean_unit_tax' not found in process parameters; skipping.
2026-07-28 13:44:00 - DEBUG - process - Input 'dropin_fuel_mean_unit_subsidy' not found in process parameters; skipping.
2026-07-28 13:44:00 - DEBUG - process - Input 'hydrogen_mean_unit_subsidy' not found in process parameters; skipping.
2026-07-28 13:44:00 - DEBUG - process - Input 'electric_mean_unit_subsidy' not found in process parameters; skipping.
2026-07-28 13:44:00 - DEBUG - process - Input 'doc_non_energy_per_ask_short_range_dropin_fuel' not found in process parameters; skipping.
2026-07-28 13:44:00 - DEBUG - process - Input 'doc_non_energy_per_ask_short_range_hydrogen' not found in process parameters; skipping.
2026-07-28 13:44:00 - DEBUG - process - Input 'doc_non_energy_per_ask_short_range_electric' not found in process parameters; skipping.
2026-07-28 13:44:00 - DEBUG - process - Input 'doc_non_energy_per_ask_short_range_mean' not found in process parameters; skipping.
2026-07-28 13:44:00 - DEBUG - process - Input 'doc_non_energy_per_ask_medium_range_dropin_fuel' not found in process parameters; skipping.
2026-07-28 13:44:00 - DEBUG - process - Input 'doc_non_energy_per_ask_medium_range_hydrogen' not found in process parameters; skipping.
2026-07-28 13:44:00 - DEBUG - process - Input 'doc_non_energy_per_ask_medium_range_electric' not found in process parameters; skipping.
2026-07-28 13:44:00 - DEBUG - process - Input 'doc_non_energy_per_ask_medium_range_mean' not found in process parameters; skipping.
2026-07-28 13:44:00 - DEBUG - process - Input 'doc_non_energy_per_ask_long_range_dropin_fuel' not found in process parameters; skipping.
2026-07-28 13:44:00 - DEBUG - process - Input 'doc_non_energy_per_ask_long_range_hydrogen' not found in process parameters; skipping.
2026-07-28 13:44:00 - DEBUG - process - Input 'doc_non_energy_per_ask_long_range_electric' not found in process parameters; skipping.
2026-07-28 13:44:00 - DEBUG - process - Input 'doc_non_energy_per_ask_long_range_mean' not found in process parameters; skipping.
2026-07-28 13:44:00 - DEBUG - process - Input 'doc_non_energy_per_ask_mean' not found in process parameters; skipping.
2026-07-28 13:44:00 - DEBUG - process - Input 'generic_biofuel_energy_consumption' not found in process parameters; skipping.
2026-07-28 13:44:00 - DEBUG - process - Input 'generic_biofuel_energy_production_commissioned' not found in process parameters; skipping.
2026-07-28 13:44:00 - DEBUG - process - Input 'generic_biofuel_energy_unused' not found in process parameters; skipping.
2026-07-28 13:44:00 - DEBUG - process - Input 'electrofuel_energy_consumption' not found in process parameters; skipping.
2026-07-28 13:44:00 - DEBUG - process - Input 'electrofuel_energy_production_commissioned' not found in process parameters; skipping.
2026-07-28 13:44:00 - DEBUG - process - Input 'electrofuel_energy_unused' not found in process parameters; skipping.
2026-07-28 13:44:00 - DEBUG - process - Input 'fossil_kerosene_energy_consumption' not found in process parameters; skipping.
2026-07-28 13:44:00 - INFO - processes_assembly - Computing scenario: FOSSIL (SSP2-26)
2026-07-28 13:44:00 - INFO - process - Running MDA
2026-07-28 13:44:01 - INFO - base_mda_solver - MDAGaussSeidel running... Normalized residual norm = 1.00e+00 (iter. 1)
2026-07-28 13:44:02 - INFO - base_mda_solver - MDAGaussSeidel running... Normalized residual norm = 3.86e-01 (iter. 2)
2026-07-28 13:44:03 - INFO - base_mda_solver - MDAGaussSeidel running... Normalized residual norm = 1.54e-01 (iter. 3)
2026-07-28 13:44:04 - INFO - base_mda_solver - MDAGaussSeidel running... Normalized residual norm = 6.05e-02 (iter. 4)
2026-07-28 13:44:05 - INFO - base_mda_solver - MDAGaussSeidel running... Normalized residual norm = 2.39e-02 (iter. 5)
2026-07-28 13:44:05 - INFO - base_mda_solver - MDAGaussSeidel running... Normalized residual norm = 1.00e+00 (iter. 1)
2026-07-28 13:44:06 - INFO - base_mda_solver - MDAGaussSeidel running... Normalized residual norm = 9.44e-03 (iter. 6)
2026-07-28 13:44:06 - INFO - base_mda_solver - MDAGaussSeidel running... Normalized residual norm = 1.15e-07 (iter. 2)
2026-07-28 13:44:07 - INFO - base_mda_solver - MDAGaussSeidel running... Normalized residual norm = 3.73e-03 (iter. 7)
2026-07-28 13:44:07 - INFO - base_mda_solver - MDAGaussSeidel running... Normalized residual norm = 1.15e-07 (iter. 3)
2026-07-28 13:44:08 - INFO - base_mda_solver - MDAGaussSeidel running... Normalized residual norm = 1.47e-03 (iter. 8)
2026-07-28 13:44:08 - INFO - base_mda_solver - MDAGaussSeidel running... Normalized residual norm = 1.15e-07 (iter. 4)
2026-07-28 13:44:09 - INFO - base_mda_solver - MDAGaussSeidel running... Normalized residual norm = 5.82e-04 (iter. 9)
2026-07-28 13:44:10 - INFO - base_mda_solver - MDAGaussSeidel running... Normalized residual norm = 1.15e-07 (iter. 5)
2026-07-28 13:44:10 - INFO - base_mda_solver - MDAGaussSeidel running... Normalized residual norm = 2.30e-04 (iter. 10)
2026-07-28 13:44:11 - INFO - base_mda_solver - MDAGaussSeidel running... Normalized residual norm = 1.15e-07 (iter. 6)
2026-07-28 13:44:11 - INFO - base_mda_solver - MDAGaussSeidel running... Normalized residual norm = 9.08e-05 (iter. 11)
2026-07-28 13:44:12 - INFO - base_mda_solver - MDAGaussSeidel running... Normalized residual norm = 1.15e-07 (iter. 7)
2026-07-28 13:44:12 - INFO - base_mda_solver - MDAGaussSeidel running... Normalized residual norm = 3.59e-05 (iter. 12)
2026-07-28 13:44:13 - INFO - base_mda_solver - MDAGaussSeidel running... Normalized residual norm = 1.15e-07 (iter. 8)
2026-07-28 13:44:13 - INFO - base_mda_solver - MDAGaussSeidel running... Normalized residual norm = 1.42e-05 (iter. 13)
2026-07-28 13:44:14 - INFO - base_mda_solver - MDAGaussSeidel running... Normalized residual norm = 1.15e-07 (iter. 9)
2026-07-28 13:44:14 - INFO - base_mda_solver - MDAGaussSeidel running... Normalized residual norm = 5.61e-06 (iter. 14)
2026-07-28 13:44:15 - INFO - base_mda_solver - MDAGaussSeidel running... Normalized residual norm = 1.15e-07 (iter. 10)
2026-07-28 13:44:15 - WARNING - base_mda_solver - MDAGaussSeidel has reached its maximum number of unsuccessful iterations, but the normalized residual norm 1.1469028808313562e-07 is still above the tolerance 1e-10.
2026-07-28 13:44:15 - INFO - base_mda_solver - MDAGaussSeidel running... Normalized residual norm = 2.23e-06 (iter. 15)
2026-07-28 13:44:16 - INFO - base_mda_solver - MDAGaussSeidel running... Normalized residual norm = 9.08e-07 (iter. 16)
2026-07-28 13:44:17 - DEBUG - process - Input 'ask' not found in process parameters; skipping.
2026-07-28 13:44:17 - DEBUG - process - Input 'ask_short_range' not found in process parameters; skipping.
2026-07-28 13:44:17 - DEBUG - process - Input 'ask_medium_range' not found in process parameters; skipping.
2026-07-28 13:44:17 - DEBUG - process - Input 'ask_long_range' not found in process parameters; skipping.
2026-07-28 13:44:17 - DEBUG - process - Input 'co2_emissions' not found in process parameters; skipping.
2026-07-28 13:44:17 - DEBUG - process - Input 'load_factor' not found in process parameters; skipping.
2026-07-28 13:44:17 - DEBUG - process - Input 'rpk_short_range' not found in process parameters; skipping.
2026-07-28 13:44:17 - DEBUG - process - Input 'rpk_medium_range' not found in process parameters; skipping.
2026-07-28 13:44:17 - DEBUG - process - Input 'rpk_long_range' not found in process parameters; skipping.
2026-07-28 13:44:17 - DEBUG - process - Input 'dropin_fuel_mean_co2_emission_factor' not found in process parameters; skipping.
2026-07-28 13:44:17 - DEBUG - process - Input 'hydrogen_mean_co2_emission_factor' not found in process parameters; skipping.
2026-07-28 13:44:17 - DEBUG - process - Input 'electric_mean_co2_emission_factor' not found in process parameters; skipping.
2026-07-28 13:44:17 - DEBUG - process - Input 'dropin_fuel_mean_mfsp' not found in process parameters; skipping.
2026-07-28 13:44:17 - DEBUG - process - Input 'hydrogen_mean_mfsp' not found in process parameters; skipping.
2026-07-28 13:44:17 - DEBUG - process - Input 'electric_mean_mfsp' not found in process parameters; skipping.
2026-07-28 13:44:17 - DEBUG - process - Input 'dropin_fuel_mean_unit_carbon_tax' not found in process parameters; skipping.
2026-07-28 13:44:17 - DEBUG - process - Input 'hydrogen_mean_unit_carbon_tax' not found in process parameters; skipping.
2026-07-28 13:44:17 - DEBUG - process - Input 'electric_mean_unit_carbon_tax' not found in process parameters; skipping.
2026-07-28 13:44:17 - DEBUG - process - Input 'dropin_fuel_mean_unit_tax' not found in process parameters; skipping.
2026-07-28 13:44:17 - DEBUG - process - Input 'hydrogen_mean_unit_tax' not found in process parameters; skipping.
2026-07-28 13:44:17 - DEBUG - process - Input 'electric_mean_unit_tax' not found in process parameters; skipping.
2026-07-28 13:44:17 - DEBUG - process - Input 'dropin_fuel_mean_unit_subsidy' not found in process parameters; skipping.
2026-07-28 13:44:17 - DEBUG - process - Input 'hydrogen_mean_unit_subsidy' not found in process parameters; skipping.
2026-07-28 13:44:17 - DEBUG - process - Input 'electric_mean_unit_subsidy' not found in process parameters; skipping.
2026-07-28 13:44:17 - DEBUG - process - Input 'doc_non_energy_per_ask_short_range_dropin_fuel' not found in process parameters; skipping.
2026-07-28 13:44:17 - DEBUG - process - Input 'doc_non_energy_per_ask_short_range_hydrogen' not found in process parameters; skipping.
2026-07-28 13:44:17 - DEBUG - process - Input 'doc_non_energy_per_ask_short_range_electric' not found in process parameters; skipping.
2026-07-28 13:44:17 - DEBUG - process - Input 'doc_non_energy_per_ask_short_range_mean' not found in process parameters; skipping.
2026-07-28 13:44:17 - DEBUG - process - Input 'doc_non_energy_per_ask_medium_range_dropin_fuel' not found in process parameters; skipping.
2026-07-28 13:44:17 - DEBUG - process - Input 'doc_non_energy_per_ask_medium_range_hydrogen' not found in process parameters; skipping.
2026-07-28 13:44:17 - DEBUG - process - Input 'doc_non_energy_per_ask_medium_range_electric' not found in process parameters; skipping.
2026-07-28 13:44:17 - DEBUG - process - Input 'doc_non_energy_per_ask_medium_range_mean' not found in process parameters; skipping.
2026-07-28 13:44:17 - DEBUG - process - Input 'doc_non_energy_per_ask_long_range_dropin_fuel' not found in process parameters; skipping.
2026-07-28 13:44:17 - DEBUG - process - Input 'doc_non_energy_per_ask_long_range_hydrogen' not found in process parameters; skipping.
2026-07-28 13:44:17 - DEBUG - process - Input 'doc_non_energy_per_ask_long_range_electric' not found in process parameters; skipping.
2026-07-28 13:44:17 - DEBUG - process - Input 'doc_non_energy_per_ask_long_range_mean' not found in process parameters; skipping.
2026-07-28 13:44:17 - DEBUG - process - Input 'doc_non_energy_per_ask_mean' not found in process parameters; skipping.
2026-07-28 13:44:17 - DEBUG - process - Input 'generic_biofuel_energy_consumption' not found in process parameters; skipping.
2026-07-28 13:44:17 - DEBUG - process - Input 'generic_biofuel_energy_production_commissioned' not found in process parameters; skipping.
2026-07-28 13:44:17 - DEBUG - process - Input 'generic_biofuel_energy_unused' not found in process parameters; skipping.
2026-07-28 13:44:17 - DEBUG - process - Input 'electrofuel_energy_consumption' not found in process parameters; skipping.
2026-07-28 13:44:17 - DEBUG - process - Input 'electrofuel_energy_production_commissioned' not found in process parameters; skipping.
2026-07-28 13:44:17 - DEBUG - process - Input 'electrofuel_energy_unused' not found in process parameters; skipping.
2026-07-28 13:44:17 - DEBUG - process - Input 'fossil_kerosene_energy_consumption' not found in process parameters; skipping.
2026-07-28 13:44:17 - INFO - processes_assembly - Computing scenario: SAF (SSP2-26)
2026-07-28 13:44:17 - INFO - process - Running MDA
2026-07-28 13:44:18 - INFO - base_mda_solver - MDAGaussSeidel running... Normalized residual norm = 4.21e-07 (iter. 17)
2026-07-28 13:44:19 - INFO - base_mda_solver - MDAGaussSeidel running... Normalized residual norm = 2.76e-07 (iter. 18)
2026-07-28 13:44:20 - INFO - base_mda_solver - MDAGaussSeidel running... Normalized residual norm = 2.45e-07 (iter. 19)
2026-07-28 13:44:21 - INFO - base_mda_solver - MDAGaussSeidel running... Normalized residual norm = 2.40e-07 (iter. 20)
2026-07-28 13:44:22 - INFO - base_mda_solver - MDAGaussSeidel running... Normalized residual norm = 2.39e-07 (iter. 21)
2026-07-28 13:44:23 - INFO - base_mda_solver - MDAGaussSeidel running... Normalized residual norm = 1.00e+00 (iter. 1)
2026-07-28 13:44:23 - INFO - base_mda_solver - MDAGaussSeidel running... Normalized residual norm = 2.39e-07 (iter. 22)
2026-07-28 13:44:24 - INFO - base_mda_solver - MDAGaussSeidel running... Normalized residual norm = 1.42e-02 (iter. 2)
2026-07-28 13:44:24 - INFO - base_mda_solver - MDAGaussSeidel running... Normalized residual norm = 2.39e-07 (iter. 23)
2026-07-28 13:44:25 - INFO - base_mda_solver - MDAGaussSeidel running... Normalized residual norm = 2.39e-07 (iter. 24)
2026-07-28 13:44:25 - INFO - base_mda_solver - MDAGaussSeidel running... Normalized residual norm = 1.66e-01 (iter. 3)
2026-07-28 13:44:26 - INFO - base_mda_solver - MDAGaussSeidel running... Normalized residual norm = 2.39e-07 (iter. 25)
2026-07-28 13:44:27 - INFO - base_mda_solver - MDAGaussSeidel running... Normalized residual norm = 2.16e-01 (iter. 4)
2026-07-28 13:44:27 - INFO - base_mda_solver - MDAGaussSeidel running... Normalized residual norm = 2.39e-07 (iter. 26)
2026-07-28 13:44:28 - INFO - base_mda_solver - MDAGaussSeidel running... Normalized residual norm = 1.38e-01 (iter. 5)
2026-07-28 13:44:29 - INFO - base_mda_solver - MDAGaussSeidel running... Normalized residual norm = 2.39e-07 (iter. 27)
2026-07-28 13:44:29 - INFO - base_mda_solver - MDAGaussSeidel running... Normalized residual norm = 3.06e-02 (iter. 6)
2026-07-28 13:44:30 - INFO - base_mda_solver - MDAGaussSeidel running... Normalized residual norm = 2.39e-07 (iter. 28)
2026-07-28 13:44:30 - INFO - base_mda_solver - MDAGaussSeidel running... Normalized residual norm = 6.57e-02 (iter. 7)
2026-07-28 13:44:31 - INFO - base_mda_solver - MDAGaussSeidel running... Normalized residual norm = 2.39e-07 (iter. 29)
2026-07-28 13:44:31 - INFO - base_mda_solver - MDAGaussSeidel running... Normalized residual norm = 5.84e-02 (iter. 8)
2026-07-28 13:44:32 - INFO - base_mda_solver - MDAGaussSeidel running... Normalized residual norm = 2.39e-07 (iter. 30)
2026-07-28 13:44:32 - INFO - base_mda_solver - MDAGaussSeidel running... Normalized residual norm = 2.54e-02 (iter. 9)
2026-07-28 13:44:33 - INFO - base_mda_solver - MDAGaussSeidel running... Normalized residual norm = 2.39e-07 (iter. 31)
2026-07-28 13:44:34 - INFO - base_mda_solver - MDAGaussSeidel running... Normalized residual norm = 1.69e-02 (iter. 10)
2026-07-28 13:44:34 - INFO - base_mda_solver - MDAGaussSeidel running... Normalized residual norm = 2.39e-07 (iter. 32)
2026-07-28 13:44:35 - INFO - base_mda_solver - MDAGaussSeidel running... Normalized residual norm = 2.10e-02 (iter. 11)
2026-07-28 13:44:35 - INFO - base_mda_solver - MDAGaussSeidel running... Normalized residual norm = 2.39e-07 (iter. 33)
2026-07-28 13:44:36 - INFO - base_mda_solver - MDAGaussSeidel running... Normalized residual norm = 1.40e-02 (iter. 12)
2026-07-28 13:44:36 - INFO - base_mda_solver - MDAGaussSeidel running... Normalized residual norm = 2.39e-07 (iter. 34)
2026-07-28 13:44:37 - INFO - base_mda_solver - MDAGaussSeidel running... Normalized residual norm = 5.32e-03 (iter. 13)
2026-07-28 13:44:37 - INFO - base_mda_solver - MDAGaussSeidel running... Normalized residual norm = 2.39e-07 (iter. 35)
2026-07-28 13:44:38 - INFO - base_mda_solver - MDAGaussSeidel running... Normalized residual norm = 2.39e-07 (iter. 36)
2026-07-28 13:44:39 - INFO - base_mda_solver - MDAGaussSeidel running... Normalized residual norm = 6.67e-03 (iter. 14)
2026-07-28 13:44:40 - INFO - base_mda_solver - MDAGaussSeidel running... Normalized residual norm = 2.39e-07 (iter. 37)
2026-07-28 13:44:40 - INFO - base_mda_solver - MDAGaussSeidel running... Normalized residual norm = 6.04e-03 (iter. 15)
2026-07-28 13:44:41 - INFO - base_mda_solver - MDAGaussSeidel running... Normalized residual norm = 2.39e-07 (iter. 38)
2026-07-28 13:44:41 - INFO - base_mda_solver - MDAGaussSeidel running... Normalized residual norm = 3.03e-03 (iter. 16)
2026-07-28 13:44:42 - INFO - base_mda_solver - MDAGaussSeidel running... Normalized residual norm = 2.39e-07 (iter. 39)
2026-07-28 13:44:42 - INFO - base_mda_solver - MDAGaussSeidel running... Normalized residual norm = 1.77e-03 (iter. 17)
2026-07-28 13:44:43 - INFO - base_mda_solver - MDAGaussSeidel running... Normalized residual norm = 2.39e-07 (iter. 40)
2026-07-28 13:44:44 - INFO - base_mda_solver - MDAGaussSeidel running... Normalized residual norm = 2.25e-03 (iter. 18)
2026-07-28 13:44:44 - INFO - base_mda_solver - MDAGaussSeidel running... Normalized residual norm = 2.39e-07 (iter. 41)
2026-07-28 13:44:45 - INFO - base_mda_solver - MDAGaussSeidel running... Normalized residual norm = 1.57e-03 (iter. 19)
2026-07-28 13:44:45 - INFO - base_mda_solver - MDAGaussSeidel running... Normalized residual norm = 2.39e-07 (iter. 42)
2026-07-28 13:44:46 - INFO - base_mda_solver - MDAGaussSeidel running... Normalized residual norm = 6.36e-04 (iter. 20)
2026-07-28 13:44:47 - INFO - base_mda_solver - MDAGaussSeidel running... Normalized residual norm = 2.39e-07 (iter. 43)
2026-07-28 13:44:47 - INFO - base_mda_solver - MDAGaussSeidel running... Normalized residual norm = 6.80e-04 (iter. 21)
2026-07-28 13:44:48 - INFO - base_mda_solver - MDAGaussSeidel running... Normalized residual norm = 2.39e-07 (iter. 44)
2026-07-28 13:44:48 - INFO - base_mda_solver - MDAGaussSeidel running... Normalized residual norm = 6.76e-04 (iter. 22)
2026-07-28 13:44:49 - INFO - base_mda_solver - MDAGaussSeidel running... Normalized residual norm = 2.39e-07 (iter. 45)
2026-07-28 13:44:49 - WARNING - base_mda_solver - MDAGaussSeidel has reached its maximum number of unsuccessful iterations, but the normalized residual norm 2.391394177013797e-07 is still above the tolerance 1e-10.
2026-07-28 13:44:49 - INFO - base_mda_solver - MDAGaussSeidel running... Normalized residual norm = 3.62e-04 (iter. 23)
2026-07-28 13:44:51 - INFO - base_mda_solver - MDAGaussSeidel running... Normalized residual norm = 1.79e-04 (iter. 24)
2026-07-28 13:44:51 - DEBUG - process - Input 'ask' not found in process parameters; skipping.
2026-07-28 13:44:51 - DEBUG - process - Input 'ask_short_range' not found in process parameters; skipping.
2026-07-28 13:44:51 - DEBUG - process - Input 'ask_medium_range' not found in process parameters; skipping.
2026-07-28 13:44:51 - DEBUG - process - Input 'ask_long_range' not found in process parameters; skipping.
2026-07-28 13:44:51 - DEBUG - process - Input 'co2_emissions' not found in process parameters; skipping.
2026-07-28 13:44:51 - DEBUG - process - Input 'load_factor' not found in process parameters; skipping.
2026-07-28 13:44:51 - DEBUG - process - Input 'rpk_short_range' not found in process parameters; skipping.
2026-07-28 13:44:51 - DEBUG - process - Input 'rpk_medium_range' not found in process parameters; skipping.
2026-07-28 13:44:51 - DEBUG - process - Input 'rpk_long_range' not found in process parameters; skipping.
2026-07-28 13:44:51 - DEBUG - process - Input 'dropin_fuel_mean_co2_emission_factor' not found in process parameters; skipping.
2026-07-28 13:44:51 - DEBUG - process - Input 'hydrogen_mean_co2_emission_factor' not found in process parameters; skipping.
2026-07-28 13:44:51 - DEBUG - process - Input 'electric_mean_co2_emission_factor' not found in process parameters; skipping.
2026-07-28 13:44:51 - DEBUG - process - Input 'dropin_fuel_mean_mfsp' not found in process parameters; skipping.
2026-07-28 13:44:51 - DEBUG - process - Input 'hydrogen_mean_mfsp' not found in process parameters; skipping.
2026-07-28 13:44:51 - DEBUG - process - Input 'electric_mean_mfsp' not found in process parameters; skipping.
2026-07-28 13:44:51 - DEBUG - process - Input 'dropin_fuel_mean_unit_carbon_tax' not found in process parameters; skipping.
2026-07-28 13:44:51 - DEBUG - process - Input 'hydrogen_mean_unit_carbon_tax' not found in process parameters; skipping.
2026-07-28 13:44:51 - DEBUG - process - Input 'electric_mean_unit_carbon_tax' not found in process parameters; skipping.
2026-07-28 13:44:51 - DEBUG - process - Input 'doc_non_energy_per_ask_mean' not found in process parameters; skipping.
2026-07-28 13:44:51 - DEBUG - process - Input 'doc_non_energy_per_ask_short_range_mean' not found in process parameters; skipping.
2026-07-28 13:44:51 - DEBUG - process - Input 'doc_non_energy_per_ask_medium_range_mean' not found in process parameters; skipping.
2026-07-28 13:44:51 - DEBUG - process - Input 'doc_non_energy_per_ask_long_range_mean' not found in process parameters; skipping.
2026-07-28 13:44:51 - DEBUG - process - Input 'rpk' not found in process parameters; skipping.
2026-07-28 13:44:51 - DEBUG - process - Input 'generic_biofuel_energy_consumption' not found in process parameters; skipping.
2026-07-28 13:44:51 - DEBUG - process - Input 'generic_biofuel_energy_production_commissioned' not found in process parameters; skipping.
2026-07-28 13:44:51 - DEBUG - process - Input 'generic_biofuel_energy_unused' not found in process parameters; skipping.
2026-07-28 13:44:51 - DEBUG - process - Input 'electrofuel_energy_consumption' not found in process parameters; skipping.
2026-07-28 13:44:51 - DEBUG - process - Input 'electrofuel_energy_production_commissioned' not found in process parameters; skipping.
2026-07-28 13:44:51 - DEBUG - process - Input 'electrofuel_energy_unused' not found in process parameters; skipping.
2026-07-28 13:44:51 - DEBUG - process - Input 'fossil_kerosene_energy_consumption' not found in process parameters; skipping.
2026-07-28 13:44:52 - INFO - process - Running MDA
2026-07-28 13:44:52 - INFO - base_mda_solver - MDAGaussSeidel running... Normalized residual norm = 2.38e-04 (iter. 25)
2026-07-28 13:44:53 - INFO - base_mda_solver - MDAGaussSeidel running... Normalized residual norm = 1.82e-04 (iter. 26)
2026-07-28 13:44:55 - INFO - base_mda_solver - MDAGaussSeidel running... Normalized residual norm = 7.69e-05 (iter. 27)
2026-07-28 13:44:56 - INFO - base_mda_solver - MDAGaussSeidel running... Normalized residual norm = 6.78e-05 (iter. 28)
2026-07-28 13:44:57 - INFO - base_mda_solver - MDAGaussSeidel running... Normalized residual norm = 7.46e-05 (iter. 29)
2026-07-28 13:44:58 - INFO - base_mda_solver - MDAGaussSeidel running... Normalized residual norm = 1.00e+00 (iter. 1)
2026-07-28 13:44:58 - INFO - base_mda_solver - MDAGaussSeidel running... Normalized residual norm = 4.41e-05 (iter. 30)
2026-07-28 13:44:59 - INFO - base_mda_solver - MDAGaussSeidel running... Normalized residual norm = 5.97e-02 (iter. 2)
2026-07-28 13:44:59 - INFO - base_mda_solver - MDAGaussSeidel running... Normalized residual norm = 1.88e-05 (iter. 31)
2026-07-28 13:45:00 - INFO - base_mda_solver - MDAGaussSeidel running... Normalized residual norm = 3.59e-03 (iter. 3)
2026-07-28 13:45:01 - INFO - base_mda_solver - MDAGaussSeidel running... Normalized residual norm = 2.47e-05 (iter. 32)
2026-07-28 13:45:01 - INFO - base_mda_solver - MDAGaussSeidel running... Normalized residual norm = 2.17e-04 (iter. 4)
2026-07-28 13:45:02 - INFO - base_mda_solver - MDAGaussSeidel running... Normalized residual norm = 2.10e-05 (iter. 33)
2026-07-28 13:45:02 - INFO - base_mda_solver - MDAGaussSeidel running... Normalized residual norm = 1.31e-05 (iter. 5)
2026-07-28 13:45:03 - INFO - base_mda_solver - MDAGaussSeidel running... Normalized residual norm = 9.59e-06 (iter. 34)
2026-07-28 13:45:03 - INFO - base_mda_solver - MDAGaussSeidel running... Normalized residual norm = 1.01e-06 (iter. 6)
2026-07-28 13:45:04 - INFO - base_mda_solver - MDAGaussSeidel running... Normalized residual norm = 6.65e-06 (iter. 35)
2026-07-28 13:45:05 - INFO - base_mda_solver - MDAGaussSeidel running... Normalized residual norm = 6.30e-07 (iter. 7)
2026-07-28 13:45:05 - INFO - base_mda_solver - MDAGaussSeidel running... Normalized residual norm = 8.06e-06 (iter. 36)
2026-07-28 13:45:06 - INFO - base_mda_solver - MDAGaussSeidel running... Normalized residual norm = 6.29e-07 (iter. 8)
2026-07-28 13:45:07 - INFO - base_mda_solver - MDAGaussSeidel running... Normalized residual norm = 5.29e-06 (iter. 37)
2026-07-28 13:45:07 - INFO - base_mda_solver - MDAGaussSeidel running... Normalized residual norm = 6.29e-07 (iter. 9)
2026-07-28 13:45:08 - INFO - base_mda_solver - MDAGaussSeidel running... Normalized residual norm = 2.11e-06 (iter. 38)
2026-07-28 13:45:08 - INFO - base_mda_solver - MDAGaussSeidel running... Normalized residual norm = 6.29e-07 (iter. 10)
2026-07-28 13:45:09 - INFO - base_mda_solver - MDAGaussSeidel running... Normalized residual norm = 6.29e-07 (iter. 11)
2026-07-28 13:45:09 - INFO - base_mda_solver - MDAGaussSeidel running... Normalized residual norm = 2.50e-06 (iter. 39)
2026-07-28 13:45:10 - INFO - base_mda_solver - MDAGaussSeidel running... Normalized residual norm = 6.29e-07 (iter. 12)
2026-07-28 13:45:11 - INFO - base_mda_solver - MDAGaussSeidel running... Normalized residual norm = 2.36e-06 (iter. 40)
2026-07-28 13:45:12 - INFO - base_mda_solver - MDAGaussSeidel running... Normalized residual norm = 6.29e-07 (iter. 13)
2026-07-28 13:45:12 - INFO - base_mda_solver - MDAGaussSeidel running... Normalized residual norm = 1.20e-06 (iter. 41)
2026-07-28 13:45:13 - INFO - base_mda_solver - MDAGaussSeidel running... Normalized residual norm = 6.29e-07 (iter. 14)
2026-07-28 13:45:13 - INFO - base_mda_solver - MDAGaussSeidel running... Normalized residual norm = 6.60e-07 (iter. 42)
2026-07-28 13:45:14 - INFO - base_mda_solver - MDAGaussSeidel running... Normalized residual norm = 6.29e-07 (iter. 15)
2026-07-28 13:45:14 - INFO - base_mda_solver - MDAGaussSeidel running... Normalized residual norm = 8.56e-07 (iter. 43)
2026-07-28 13:45:15 - INFO - base_mda_solver - MDAGaussSeidel running... Normalized residual norm = 6.29e-07 (iter. 16)
2026-07-28 13:45:15 - INFO - base_mda_solver - MDAGaussSeidel running... Normalized residual norm = 6.27e-07 (iter. 44)
2026-07-28 13:45:16 - INFO - base_mda_solver - MDAGaussSeidel running... Normalized residual norm = 6.29e-07 (iter. 17)
2026-07-28 13:45:16 - INFO - base_mda_solver - MDAGaussSeidel running... Normalized residual norm = 2.74e-07 (iter. 45)
2026-07-28 13:45:17 - INFO - base_mda_solver - MDAGaussSeidel running... Normalized residual norm = 6.29e-07 (iter. 18)
2026-07-28 13:45:18 - INFO - base_mda_solver - MDAGaussSeidel running... Normalized residual norm = 2.70e-07 (iter. 46)
2026-07-28 13:45:18 - INFO - base_mda_solver - MDAGaussSeidel running... Normalized residual norm = 6.29e-07 (iter. 19)
2026-07-28 13:45:19 - INFO - base_mda_solver - MDAGaussSeidel running... Normalized residual norm = 2.80e-07 (iter. 47)
2026-07-28 13:45:19 - INFO - base_mda_solver - MDAGaussSeidel running... Normalized residual norm = 6.29e-07 (iter. 20)
2026-07-28 13:45:20 - INFO - base_mda_solver - MDAGaussSeidel running... Normalized residual norm = 1.82e-07 (iter. 48)
2026-07-28 13:45:20 - INFO - base_mda_solver - MDAGaussSeidel running... Normalized residual norm = 6.29e-07 (iter. 21)
2026-07-28 13:45:20 - WARNING - base_mda_solver - MDAGaussSeidel has reached its maximum number of unsuccessful iterations, but the normalized residual norm 6.28508674431346e-07 is still above the tolerance 1e-10.
2026-07-28 13:45:21 - INFO - base_mda_solver - MDAGaussSeidel running... Normalized residual norm = 1.28e-07 (iter. 49)
2026-07-28 13:45:22 - INFO - base_mda_solver - MDAGaussSeidel running... Normalized residual norm = 1.41e-07 (iter. 50)
2026-07-28 13:45:22 - DEBUG - process - Input 'ask' not found in process parameters; skipping.
2026-07-28 13:45:22 - DEBUG - process - Input 'ask_short_range' not found in process parameters; skipping.
2026-07-28 13:45:22 - DEBUG - process - Input 'ask_medium_range' not found in process parameters; skipping.
2026-07-28 13:45:22 - DEBUG - process - Input 'ask_long_range' not found in process parameters; skipping.
2026-07-28 13:45:22 - DEBUG - process - Input 'co2_emissions' not found in process parameters; skipping.
2026-07-28 13:45:22 - DEBUG - process - Input 'load_factor' not found in process parameters; skipping.
2026-07-28 13:45:22 - DEBUG - process - Input 'rpk_short_range' not found in process parameters; skipping.
2026-07-28 13:45:22 - DEBUG - process - Input 'rpk_medium_range' not found in process parameters; skipping.
2026-07-28 13:45:22 - DEBUG - process - Input 'rpk_long_range' not found in process parameters; skipping.
2026-07-28 13:45:22 - DEBUG - process - Input 'dropin_fuel_mean_co2_emission_factor' not found in process parameters; skipping.
2026-07-28 13:45:22 - DEBUG - process - Input 'hydrogen_mean_co2_emission_factor' not found in process parameters; skipping.
2026-07-28 13:45:22 - DEBUG - process - Input 'electric_mean_co2_emission_factor' not found in process parameters; skipping.
2026-07-28 13:45:22 - DEBUG - process - Input 'dropin_fuel_mean_mfsp' not found in process parameters; skipping.
2026-07-28 13:45:22 - DEBUG - process - Input 'hydrogen_mean_mfsp' not found in process parameters; skipping.
2026-07-28 13:45:22 - DEBUG - process - Input 'electric_mean_mfsp' not found in process parameters; skipping.
2026-07-28 13:45:22 - DEBUG - process - Input 'dropin_fuel_mean_unit_carbon_tax' not found in process parameters; skipping.
2026-07-28 13:45:22 - DEBUG - process - Input 'hydrogen_mean_unit_carbon_tax' not found in process parameters; skipping.
2026-07-28 13:45:22 - DEBUG - process - Input 'electric_mean_unit_carbon_tax' not found in process parameters; skipping.
2026-07-28 13:45:22 - DEBUG - process - Input 'doc_non_energy_per_ask_mean' not found in process parameters; skipping.
2026-07-28 13:45:22 - DEBUG - process - Input 'doc_non_energy_per_ask_short_range_mean' not found in process parameters; skipping.
2026-07-28 13:45:22 - DEBUG - process - Input 'doc_non_energy_per_ask_medium_range_mean' not found in process parameters; skipping.
2026-07-28 13:45:22 - DEBUG - process - Input 'doc_non_energy_per_ask_long_range_mean' not found in process parameters; skipping.
2026-07-28 13:45:22 - DEBUG - process - Input 'rpk' not found in process parameters; skipping.
2026-07-28 13:45:22 - DEBUG - process - Input 'generic_biofuel_energy_consumption' not found in process parameters; skipping.
2026-07-28 13:45:22 - DEBUG - process - Input 'generic_biofuel_energy_production_commissioned' not found in process parameters; skipping.
2026-07-28 13:45:22 - DEBUG - process - Input 'generic_biofuel_energy_unused' not found in process parameters; skipping.
2026-07-28 13:45:22 - DEBUG - process - Input 'electrofuel_energy_consumption' not found in process parameters; skipping.
2026-07-28 13:45:22 - DEBUG - process - Input 'electrofuel_energy_production_commissioned' not found in process parameters; skipping.
2026-07-28 13:45:22 - DEBUG - process - Input 'electrofuel_energy_unused' not found in process parameters; skipping.
2026-07-28 13:45:22 - DEBUG - process - Input 'fossil_kerosene_energy_consumption' not found in process parameters; skipping.
2026-07-28 13:45:23 - INFO - functions - \U0001f9f9 clean_notebooks_on_tests called
2026-07-28 13:45:23 - INFO - functions - \u23ed Skipping cleanup during notebook run
2026-07-28 13:45:23 - INFO - base_mda_solver - MDAGaussSeidel running... Normalized residual norm = 1.31e-07 (iter. 51)
2026-07-28 13:45:25 - INFO - base_mda_solver - MDAGaussSeidel running... Normalized residual norm = 1.15e-07 (iter. 52)
2026-07-28 13:45:26 - INFO - base_mda_solver - MDAGaussSeidel running... Normalized residual norm = 1.13e-07 (iter. 53)
2026-07-28 13:45:27 - INFO - base_mda_solver - MDAGaussSeidel running... Normalized residual norm = 1.14e-07 (iter. 54)
2026-07-28 13:45:28 - INFO - base_mda_solver - MDAGaussSeidel running... Normalized residual norm = 1.12e-07 (iter. 55)
2026-07-28 13:45:29 - INFO - base_mda_solver - MDAGaussSeidel running... Normalized residual norm = 1.11e-07 (iter. 56)
2026-07-28 13:45:30 - INFO - base_mda_solver - MDAGaussSeidel running... Normalized residual norm = 1.11e-07 (iter. 57)
2026-07-28 13:45:31 - INFO - base_mda_solver - MDAGaussSeidel running... Normalized residual norm = 1.11e-07 (iter. 58)
2026-07-28 13:45:32 - INFO - base_mda_solver - MDAGaussSeidel running... Normalized residual norm = 1.11e-07 (iter. 59)
2026-07-28 13:45:34 - INFO - base_mda_solver - MDAGaussSeidel running... Normalized residual norm = 1.11e-07 (iter. 60)
2026-07-28 13:45:35 - INFO - base_mda_solver - MDAGaussSeidel running... Normalized residual norm = 1.11e-07 (iter. 61)
2026-07-28 13:45:36 - INFO - base_mda_solver - MDAGaussSeidel running... Normalized residual norm = 1.11e-07 (iter. 62)
2026-07-28 13:45:37 - INFO - base_mda_solver - MDAGaussSeidel running... Normalized residual norm = 1.11e-07 (iter. 63)
2026-07-28 13:45:38 - INFO - base_mda_solver - MDAGaussSeidel running... Normalized residual norm = 1.11e-07 (iter. 64)
2026-07-28 13:45:39 - INFO - base_mda_solver - MDAGaussSeidel running... Normalized residual norm = 1.11e-07 (iter. 65)
2026-07-28 13:45:40 - INFO - base_mda_solver - MDAGaussSeidel running... Normalized residual norm = 1.11e-07 (iter. 66)
2026-07-28 13:45:41 - INFO - base_mda_solver - MDAGaussSeidel running... Normalized residual norm = 1.11e-07 (iter. 67)
2026-07-28 13:45:43 - INFO - base_mda_solver - MDAGaussSeidel running... Normalized residual norm = 1.11e-07 (iter. 68)
2026-07-28 13:45:44 - INFO - base_mda_solver - MDAGaussSeidel running... Normalized residual norm = 1.11e-07 (iter. 69)
2026-07-28 13:45:45 - INFO - base_mda_solver - MDAGaussSeidel running... Normalized residual norm = 1.11e-07 (iter. 70)
2026-07-28 13:45:46 - INFO - base_mda_solver - MDAGaussSeidel running... Normalized residual norm = 1.11e-07 (iter. 71)
2026-07-28 13:45:47 - INFO - base_mda_solver - MDAGaussSeidel running... Normalized residual norm = 1.11e-07 (iter. 72)
2026-07-28 13:45:49 - INFO - base_mda_solver - MDAGaussSeidel running... Normalized residual norm = 1.11e-07 (iter. 73)
2026-07-28 13:45:50 - INFO - base_mda_solver - MDAGaussSeidel running... Normalized residual norm = 1.11e-07 (iter. 74)
2026-07-28 13:45:51 - INFO - base_mda_solver - MDAGaussSeidel running... Normalized residual norm = 1.11e-07 (iter. 75)
2026-07-28 13:45:52 - INFO - base_mda_solver - MDAGaussSeidel running... Normalized residual norm = 1.11e-07 (iter. 76)
2026-07-28 13:45:53 - INFO - base_mda_solver - MDAGaussSeidel running... Normalized residual norm = 1.11e-07 (iter. 77)
2026-07-28 13:45:54 - INFO - base_mda_solver - MDAGaussSeidel running... Normalized residual norm = 1.11e-07 (iter. 78)
2026-07-28 13:45:55 - INFO - base_mda_solver - MDAGaussSeidel running... Normalized residual norm = 1.11e-07 (iter. 79)
2026-07-28 13:45:56 - INFO - base_mda_solver - MDAGaussSeidel running... Normalized residual norm = 1.11e-07 (iter. 80)
2026-07-28 13:45:58 - INFO - base_mda_solver - MDAGaussSeidel running... Normalized residual norm = 1.11e-07 (iter. 81)
2026-07-28 13:45:59 - INFO - base_mda_solver - MDAGaussSeidel running... Normalized residual norm = 1.11e-07 (iter. 82)
2026-07-28 13:46:00 - INFO - base_mda_solver - MDAGaussSeidel running... Normalized residual norm = 1.11e-07 (iter. 83)
2026-07-28 13:46:01 - INFO - base_mda_solver - MDAGaussSeidel running... Normalized residual norm = 1.11e-07 (iter. 84)
2026-07-28 13:46:02 - INFO - base_mda_solver - MDAGaussSeidel running... Normalized residual norm = 1.11e-07 (iter. 85)
2026-07-28 13:46:03 - INFO - base_mda_solver - MDAGaussSeidel running... Normalized residual norm = 1.11e-07 (iter. 86)
2026-07-28 13:46:05 - INFO - base_mda_solver - MDAGaussSeidel running... Normalized residual norm = 1.11e-07 (iter. 87)
2026-07-28 13:46:06 - INFO - base_mda_solver - MDAGaussSeidel running... Normalized residual norm = 1.11e-07 (iter. 88)
2026-07-28 13:46:07 - INFO - base_mda_solver - MDAGaussSeidel running... Normalized residual norm = 1.11e-07 (iter. 89)
2026-07-28 13:46:08 - INFO - base_mda_solver - MDAGaussSeidel running... Normalized residual norm = 1.11e-07 (iter. 90)
2026-07-28 13:46:09 - INFO - base_mda_solver - MDAGaussSeidel running... Normalized residual norm = 1.11e-07 (iter. 91)
2026-07-28 13:46:10 - INFO - base_mda_solver - MDAGaussSeidel running... Normalized residual norm = 1.11e-07 (iter. 92)
2026-07-28 13:46:12 - INFO - base_mda_solver - MDAGaussSeidel running... Normalized residual norm = 1.11e-07 (iter. 93)
2026-07-28 13:46:13 - INFO - base_mda_solver - MDAGaussSeidel running... Normalized residual norm = 1.11e-07 (iter. 94)
2026-07-28 13:46:14 - INFO - base_mda_solver - MDAGaussSeidel running... Normalized residual norm = 1.11e-07 (iter. 95)
2026-07-28 13:46:15 - INFO - base_mda_solver - MDAGaussSeidel running... Normalized residual norm = 1.11e-07 (iter. 96)
2026-07-28 13:46:16 - INFO - base_mda_solver - MDAGaussSeidel running... Normalized residual norm = 1.11e-07 (iter. 97)
2026-07-28 13:46:17 - INFO - base_mda_solver - MDAGaussSeidel running... Normalized residual norm = 1.11e-07 (iter. 98)
2026-07-28 13:46:18 - INFO - base_mda_solver - MDAGaussSeidel running... Normalized residual norm = 1.11e-07 (iter. 99)
2026-07-28 13:46:19 - INFO - base_mda_solver - MDAGaussSeidel running... Normalized residual norm = 1.11e-07 (iter. 100)
2026-07-28 13:46:20 - INFO - base_mda_solver - MDAGaussSeidel running... Normalized residual norm = 1.11e-07 (iter. 101)
2026-07-28 13:46:22 - INFO - base_mda_solver - MDAGaussSeidel running... Normalized residual norm = 1.11e-07 (iter. 102)
2026-07-28 13:46:23 - INFO - base_mda_solver - MDAGaussSeidel running... Normalized residual norm = 1.11e-07 (iter. 103)
2026-07-28 13:46:24 - INFO - base_mda_solver - MDAGaussSeidel running... Normalized residual norm = 1.11e-07 (iter. 104)
2026-07-28 13:46:25 - INFO - base_mda_solver - MDAGaussSeidel running... Normalized residual norm = 1.11e-07 (iter. 105)
2026-07-28 13:46:27 - INFO - base_mda_solver - MDAGaussSeidel running... Normalized residual norm = 1.11e-07 (iter. 106)
2026-07-28 13:46:28 - INFO - base_mda_solver - MDAGaussSeidel running... Normalized residual norm = 1.11e-07 (iter. 107)
2026-07-28 13:46:29 - INFO - base_mda_solver - MDAGaussSeidel running... Normalized residual norm = 1.11e-07 (iter. 108)
2026-07-28 13:46:30 - INFO - base_mda_solver - MDAGaussSeidel running... Normalized residual norm = 1.11e-07 (iter. 109)
2026-07-28 13:46:31 - INFO - base_mda_solver - MDAGaussSeidel running... Normalized residual norm = 1.11e-07 (iter. 110)
2026-07-28 13:46:32 - INFO - base_mda_solver - MDAGaussSeidel running... Normalized residual norm = 1.11e-07 (iter. 111)
2026-07-28 13:46:34 - INFO - base_mda_solver - MDAGaussSeidel running... Normalized residual norm = 1.11e-07 (iter. 112)
2026-07-28 13:46:35 - INFO - base_mda_solver - MDAGaussSeidel running... Normalized residual norm = 1.11e-07 (iter. 113)
2026-07-28 13:46:36 - INFO - base_mda_solver - MDAGaussSeidel running... Normalized residual norm = 1.11e-07 (iter. 114)
2026-07-28 13:46:36 - WARNING - base_mda_solver - MDAGaussSeidel has reached its maximum number of unsuccessful iterations, but the normalized residual norm 1.107283100864537e-07 is still above the tolerance 1e-10.
2026-07-28 13:46:38 - DEBUG - process - Input 'ask' not found in process parameters; skipping.
2026-07-28 13:46:38 - DEBUG - process - Input 'ask_short_range' not found in process parameters; skipping.
2026-07-28 13:46:38 - DEBUG - process - Input 'ask_medium_range' not found in process parameters; skipping.
2026-07-28 13:46:38 - DEBUG - process - Input 'ask_long_range' not found in process parameters; skipping.
2026-07-28 13:46:38 - DEBUG - process - Input 'co2_emissions' not found in process parameters; skipping.
2026-07-28 13:46:38 - DEBUG - process - Input 'load_factor' not found in process parameters; skipping.
2026-07-28 13:46:38 - DEBUG - process - Input 'rpk_short_range' not found in process parameters; skipping.
2026-07-28 13:46:38 - DEBUG - process - Input 'rpk_medium_range' not found in process parameters; skipping.
2026-07-28 13:46:38 - DEBUG - process - Input 'rpk_long_range' not found in process parameters; skipping.
2026-07-28 13:46:38 - DEBUG - process - Input 'dropin_fuel_mean_co2_emission_factor' not found in process parameters; skipping.
2026-07-28 13:46:38 - DEBUG - process - Input 'hydrogen_mean_co2_emission_factor' not found in process parameters; skipping.
2026-07-28 13:46:38 - DEBUG - process - Input 'electric_mean_co2_emission_factor' not found in process parameters; skipping.
2026-07-28 13:46:38 - DEBUG - process - Input 'dropin_fuel_mean_mfsp' not found in process parameters; skipping.
2026-07-28 13:46:38 - DEBUG - process - Input 'hydrogen_mean_mfsp' not found in process parameters; skipping.
2026-07-28 13:46:38 - DEBUG - process - Input 'electric_mean_mfsp' not found in process parameters; skipping.
2026-07-28 13:46:38 - DEBUG - process - Input 'dropin_fuel_mean_unit_carbon_tax' not found in process parameters; skipping.
2026-07-28 13:46:38 - DEBUG - process - Input 'hydrogen_mean_unit_carbon_tax' not found in process parameters; skipping.
2026-07-28 13:46:38 - DEBUG - process - Input 'electric_mean_unit_carbon_tax' not found in process parameters; skipping.
2026-07-28 13:46:38 - DEBUG - process - Input 'dropin_fuel_mean_unit_tax' not found in process parameters; skipping.
2026-07-28 13:46:38 - DEBUG - process - Input 'hydrogen_mean_unit_tax' not found in process parameters; skipping.
2026-07-28 13:46:38 - DEBUG - process - Input 'electric_mean_unit_tax' not found in process parameters; skipping.
2026-07-28 13:46:38 - DEBUG - process - Input 'dropin_fuel_mean_unit_subsidy' not found in process parameters; skipping.
2026-07-28 13:46:38 - DEBUG - process - Input 'hydrogen_mean_unit_subsidy' not found in process parameters; skipping.
2026-07-28 13:46:38 - DEBUG - process - Input 'electric_mean_unit_subsidy' not found in process parameters; skipping.
2026-07-28 13:46:38 - DEBUG - process - Input 'doc_non_energy_per_ask_short_range_dropin_fuel' not found in process parameters; skipping.
2026-07-28 13:46:38 - DEBUG - process - Input 'doc_non_energy_per_ask_short_range_hydrogen' not found in process parameters; skipping.
2026-07-28 13:46:38 - DEBUG - process - Input 'doc_non_energy_per_ask_short_range_electric' not found in process parameters; skipping.
2026-07-28 13:46:38 - DEBUG - process - Input 'doc_non_energy_per_ask_short_range_mean' not found in process parameters; skipping.
2026-07-28 13:46:38 - DEBUG - process - Input 'doc_non_energy_per_ask_medium_range_dropin_fuel' not found in process parameters; skipping.
2026-07-28 13:46:38 - DEBUG - process - Input 'doc_non_energy_per_ask_medium_range_hydrogen' not found in process parameters; skipping.
2026-07-28 13:46:38 - DEBUG - process - Input 'doc_non_energy_per_ask_medium_range_electric' not found in process parameters; skipping.
2026-07-28 13:46:38 - DEBUG - process - Input 'doc_non_energy_per_ask_medium_range_mean' not found in process parameters; skipping.
2026-07-28 13:46:38 - DEBUG - process - Input 'doc_non_energy_per_ask_long_range_dropin_fuel' not found in process parameters; skipping.
2026-07-28 13:46:38 - DEBUG - process - Input 'doc_non_energy_per_ask_long_range_hydrogen' not found in process parameters; skipping.
2026-07-28 13:46:38 - DEBUG - process - Input 'doc_non_energy_per_ask_long_range_electric' not found in process parameters; skipping.
2026-07-28 13:46:38 - DEBUG - process - Input 'doc_non_energy_per_ask_long_range_mean' not found in process parameters; skipping.
2026-07-28 13:46:38 - DEBUG - process - Input 'doc_non_energy_per_ask_mean' not found in process parameters; skipping.
2026-07-28 13:46:38 - DEBUG - process - Input 'generic_biofuel_energy_consumption' not found in process parameters; skipping.
2026-07-28 13:46:38 - DEBUG - process - Input 'generic_biofuel_energy_production_commissioned' not found in process parameters; skipping.
2026-07-28 13:46:38 - DEBUG - process - Input 'generic_biofuel_energy_unused' not found in process parameters; skipping.
2026-07-28 13:46:38 - DEBUG - process - Input 'electrofuel_energy_consumption' not found in process parameters; skipping.
2026-07-28 13:46:38 - DEBUG - process - Input 'electrofuel_energy_production_commissioned' not found in process parameters; skipping.
2026-07-28 13:46:38 - DEBUG - process - Input 'electrofuel_energy_unused' not found in process parameters; skipping.
2026-07-28 13:46:38 - DEBUG - process - Input 'fossil_kerosene_energy_consumption' not found in process parameters; skipping.
2026-07-28 13:46:38 - INFO - processes_assembly - Computing scenario: FOSSIL (SSP2-45)
2026-07-28 13:46:38 - INFO - process - Running MDA
2026-07-28 13:46:44 - INFO - base_mda_solver - MDAGaussSeidel running... Normalized residual norm = 1.00e+00 (iter. 1)
2026-07-28 13:46:45 - INFO - base_mda_solver - MDAGaussSeidel running... Normalized residual norm = 2.40e-07 (iter. 2)
2026-07-28 13:46:46 - INFO - base_mda_solver - MDAGaussSeidel running... Normalized residual norm = 2.40e-07 (iter. 3)
2026-07-28 13:46:47 - INFO - base_mda_solver - MDAGaussSeidel running... Normalized residual norm = 2.40e-07 (iter. 4)
2026-07-28 13:46:48 - INFO - base_mda_solver - MDAGaussSeidel running... Normalized residual norm = 2.40e-07 (iter. 5)
2026-07-28 13:46:49 - INFO - base_mda_solver - MDAGaussSeidel running... Normalized residual norm = 2.40e-07 (iter. 6)
2026-07-28 13:46:50 - INFO - base_mda_solver - MDAGaussSeidel running... Normalized residual norm = 2.40e-07 (iter. 7)
2026-07-28 13:46:51 - INFO - base_mda_solver - MDAGaussSeidel running... Normalized residual norm = 2.40e-07 (iter. 8)
2026-07-28 13:46:52 - INFO - base_mda_solver - MDAGaussSeidel running... Normalized residual norm = 2.40e-07 (iter. 9)
2026-07-28 13:46:53 - INFO - base_mda_solver - MDAGaussSeidel running... Normalized residual norm = 2.40e-07 (iter. 10)
2026-07-28 13:46:53 - WARNING - base_mda_solver - MDAGaussSeidel has reached its maximum number of unsuccessful iterations, but the normalized residual norm 2.4015993477518494e-07 is still above the tolerance 1e-10.
2026-07-28 13:46:55 - DEBUG - process - Input 'ask' not found in process parameters; skipping.
2026-07-28 13:46:55 - DEBUG - process - Input 'ask_short_range' not found in process parameters; skipping.
2026-07-28 13:46:55 - DEBUG - process - Input 'ask_medium_range' not found in process parameters; skipping.
2026-07-28 13:46:55 - DEBUG - process - Input 'ask_long_range' not found in process parameters; skipping.
2026-07-28 13:46:55 - DEBUG - process - Input 'co2_emissions' not found in process parameters; skipping.
2026-07-28 13:46:55 - DEBUG - process - Input 'load_factor' not found in process parameters; skipping.
2026-07-28 13:46:55 - DEBUG - process - Input 'rpk_short_range' not found in process parameters; skipping.
2026-07-28 13:46:55 - DEBUG - process - Input 'rpk_medium_range' not found in process parameters; skipping.
2026-07-28 13:46:55 - DEBUG - process - Input 'rpk_long_range' not found in process parameters; skipping.
2026-07-28 13:46:55 - DEBUG - process - Input 'dropin_fuel_mean_co2_emission_factor' not found in process parameters; skipping.
2026-07-28 13:46:55 - DEBUG - process - Input 'hydrogen_mean_co2_emission_factor' not found in process parameters; skipping.
2026-07-28 13:46:55 - DEBUG - process - Input 'electric_mean_co2_emission_factor' not found in process parameters; skipping.
2026-07-28 13:46:55 - DEBUG - process - Input 'dropin_fuel_mean_mfsp' not found in process parameters; skipping.
2026-07-28 13:46:55 - DEBUG - process - Input 'hydrogen_mean_mfsp' not found in process parameters; skipping.
2026-07-28 13:46:55 - DEBUG - process - Input 'electric_mean_mfsp' not found in process parameters; skipping.
2026-07-28 13:46:55 - DEBUG - process - Input 'dropin_fuel_mean_unit_carbon_tax' not found in process parameters; skipping.
2026-07-28 13:46:55 - DEBUG - process - Input 'hydrogen_mean_unit_carbon_tax' not found in process parameters; skipping.
2026-07-28 13:46:55 - DEBUG - process - Input 'electric_mean_unit_carbon_tax' not found in process parameters; skipping.
2026-07-28 13:46:55 - DEBUG - process - Input 'dropin_fuel_mean_unit_tax' not found in process parameters; skipping.
2026-07-28 13:46:55 - DEBUG - process - Input 'hydrogen_mean_unit_tax' not found in process parameters; skipping.
2026-07-28 13:46:55 - DEBUG - process - Input 'electric_mean_unit_tax' not found in process parameters; skipping.
2026-07-28 13:46:55 - DEBUG - process - Input 'dropin_fuel_mean_unit_subsidy' not found in process parameters; skipping.
2026-07-28 13:46:55 - DEBUG - process - Input 'hydrogen_mean_unit_subsidy' not found in process parameters; skipping.
2026-07-28 13:46:55 - DEBUG - process - Input 'electric_mean_unit_subsidy' not found in process parameters; skipping.
2026-07-28 13:46:55 - DEBUG - process - Input 'doc_non_energy_per_ask_short_range_dropin_fuel' not found in process parameters; skipping.
2026-07-28 13:46:55 - DEBUG - process - Input 'doc_non_energy_per_ask_short_range_hydrogen' not found in process parameters; skipping.
2026-07-28 13:46:55 - DEBUG - process - Input 'doc_non_energy_per_ask_short_range_electric' not found in process parameters; skipping.
2026-07-28 13:46:55 - DEBUG - process - Input 'doc_non_energy_per_ask_short_range_mean' not found in process parameters; skipping.
2026-07-28 13:46:55 - DEBUG - process - Input 'doc_non_energy_per_ask_medium_range_dropin_fuel' not found in process parameters; skipping.
2026-07-28 13:46:55 - DEBUG - process - Input 'doc_non_energy_per_ask_medium_range_hydrogen' not found in process parameters; skipping.
2026-07-28 13:46:55 - DEBUG - process - Input 'doc_non_energy_per_ask_medium_range_electric' not found in process parameters; skipping.
2026-07-28 13:46:55 - DEBUG - process - Input 'doc_non_energy_per_ask_medium_range_mean' not found in process parameters; skipping.
2026-07-28 13:46:55 - DEBUG - process - Input 'doc_non_energy_per_ask_long_range_dropin_fuel' not found in process parameters; skipping.
2026-07-28 13:46:55 - DEBUG - process - Input 'doc_non_energy_per_ask_long_range_hydrogen' not found in process parameters; skipping.
2026-07-28 13:46:55 - DEBUG - process - Input 'doc_non_energy_per_ask_long_range_electric' not found in process parameters; skipping.
2026-07-28 13:46:55 - DEBUG - process - Input 'doc_non_energy_per_ask_long_range_mean' not found in process parameters; skipping.
2026-07-28 13:46:55 - DEBUG - process - Input 'doc_non_energy_per_ask_mean' not found in process parameters; skipping.
2026-07-28 13:46:55 - DEBUG - process - Input 'generic_biofuel_energy_consumption' not found in process parameters; skipping.
2026-07-28 13:46:55 - DEBUG - process - Input 'generic_biofuel_energy_production_commissioned' not found in process parameters; skipping.
2026-07-28 13:46:55 - DEBUG - process - Input 'generic_biofuel_energy_unused' not found in process parameters; skipping.
2026-07-28 13:46:55 - DEBUG - process - Input 'electrofuel_energy_consumption' not found in process parameters; skipping.
2026-07-28 13:46:55 - DEBUG - process - Input 'electrofuel_energy_production_commissioned' not found in process parameters; skipping.
2026-07-28 13:46:55 - DEBUG - process - Input 'electrofuel_energy_unused' not found in process parameters; skipping.
2026-07-28 13:46:55 - DEBUG - process - Input 'fossil_kerosene_energy_consumption' not found in process parameters; skipping.
2026-07-28 13:46:55 - INFO - processes_assembly - Computing scenario: SAF (SSP2-45)
2026-07-28 13:46:56 - INFO - process - Running MDA
2026-07-28 13:47:02 - INFO - base_mda_solver - MDAGaussSeidel running... Normalized residual norm = 1.00e+00 (iter. 1)
2026-07-28 13:47:03 - INFO - base_mda_solver - MDAGaussSeidel running... Normalized residual norm = 1.40e-02 (iter. 2)
2026-07-28 13:47:04 - INFO - base_mda_solver - MDAGaussSeidel running... Normalized residual norm = 2.15e-01 (iter. 3)
2026-07-28 13:47:05 - INFO - base_mda_solver - MDAGaussSeidel running... Normalized residual norm = 2.79e-01 (iter. 4)
2026-07-28 13:47:06 - INFO - base_mda_solver - MDAGaussSeidel running... Normalized residual norm = 1.78e-01 (iter. 5)
2026-07-28 13:47:07 - INFO - base_mda_solver - MDAGaussSeidel running... Normalized residual norm = 5.13e-02 (iter. 6)
2026-07-28 13:47:08 - INFO - base_mda_solver - MDAGaussSeidel running... Normalized residual norm = 1.11e-01 (iter. 7)
2026-07-28 13:47:10 - INFO - base_mda_solver - MDAGaussSeidel running... Normalized residual norm = 9.86e-02 (iter. 8)
2026-07-28 13:47:11 - INFO - base_mda_solver - MDAGaussSeidel running... Normalized residual norm = 4.39e-02 (iter. 9)
2026-07-28 13:47:12 - INFO - base_mda_solver - MDAGaussSeidel running... Normalized residual norm = 3.74e-02 (iter. 10)
2026-07-28 13:47:13 - INFO - base_mda_solver - MDAGaussSeidel running... Normalized residual norm = 4.64e-02 (iter. 11)
2026-07-28 13:47:14 - INFO - base_mda_solver - MDAGaussSeidel running... Normalized residual norm = 3.06e-02 (iter. 12)
2026-07-28 13:47:15 - INFO - base_mda_solver - MDAGaussSeidel running... Normalized residual norm = 1.35e-02 (iter. 13)
2026-07-28 13:47:16 - INFO - base_mda_solver - MDAGaussSeidel running... Normalized residual norm = 1.92e-02 (iter. 14)
2026-07-28 13:47:18 - INFO - base_mda_solver - MDAGaussSeidel running... Normalized residual norm = 1.73e-02 (iter. 15)
2026-07-28 13:47:19 - INFO - base_mda_solver - MDAGaussSeidel running... Normalized residual norm = 8.57e-03 (iter. 16)
2026-07-28 13:47:20 - INFO - base_mda_solver - MDAGaussSeidel running... Normalized residual norm = 6.65e-03 (iter. 17)
2026-07-28 13:47:21 - INFO - base_mda_solver - MDAGaussSeidel running... Normalized residual norm = 8.39e-03 (iter. 18)
2026-07-28 13:47:22 - INFO - base_mda_solver - MDAGaussSeidel running... Normalized residual norm = 5.73e-03 (iter. 19)
2026-07-28 13:47:24 - INFO - base_mda_solver - MDAGaussSeidel running... Normalized residual norm = 2.55e-03 (iter. 20)
2026-07-28 13:47:25 - INFO - base_mda_solver - MDAGaussSeidel running... Normalized residual norm = 3.37e-03 (iter. 21)
2026-07-28 13:47:26 - INFO - base_mda_solver - MDAGaussSeidel running... Normalized residual norm = 3.24e-03 (iter. 22)
2026-07-28 13:47:27 - INFO - base_mda_solver - MDAGaussSeidel running... Normalized residual norm = 1.68e-03 (iter. 23)
2026-07-28 13:47:28 - INFO - base_mda_solver - MDAGaussSeidel running... Normalized residual norm = 1.13e-03 (iter. 24)
2026-07-28 13:47:29 - INFO - base_mda_solver - MDAGaussSeidel running... Normalized residual norm = 1.52e-03 (iter. 25)
2026-07-28 13:47:30 - INFO - base_mda_solver - MDAGaussSeidel running... Normalized residual norm = 1.11e-03 (iter. 26)
2026-07-28 13:47:32 - INFO - base_mda_solver - MDAGaussSeidel running... Normalized residual norm = 4.82e-04 (iter. 27)
2026-07-28 13:47:33 - INFO - base_mda_solver - MDAGaussSeidel running... Normalized residual norm = 5.80e-04 (iter. 28)
2026-07-28 13:47:34 - INFO - base_mda_solver - MDAGaussSeidel running... Normalized residual norm = 6.04e-04 (iter. 29)
2026-07-28 13:47:35 - INFO - base_mda_solver - MDAGaussSeidel running... Normalized residual norm = 3.38e-04 (iter. 30)
2026-07-28 13:47:36 - INFO - base_mda_solver - MDAGaussSeidel running... Normalized residual norm = 1.92e-04 (iter. 31)
2026-07-28 13:47:37 - INFO - base_mda_solver - MDAGaussSeidel running... Normalized residual norm = 2.70e-04 (iter. 32)
2026-07-28 13:47:38 - INFO - base_mda_solver - MDAGaussSeidel running... Normalized residual norm = 2.14e-04 (iter. 33)
2026-07-28 13:47:40 - INFO - base_mda_solver - MDAGaussSeidel running... Normalized residual norm = 9.49e-05 (iter. 34)
2026-07-28 13:47:41 - INFO - base_mda_solver - MDAGaussSeidel running... Normalized residual norm = 9.83e-05 (iter. 35)
2026-07-28 13:47:42 - INFO - base_mda_solver - MDAGaussSeidel running... Normalized residual norm = 1.11e-04 (iter. 36)
2026-07-28 13:47:43 - INFO - base_mda_solver - MDAGaussSeidel running... Normalized residual norm = 6.73e-05 (iter. 37)
2026-07-28 13:47:44 - INFO - base_mda_solver - MDAGaussSeidel running... Normalized residual norm = 3.31e-05 (iter. 38)
2026-07-28 13:47:46 - INFO - base_mda_solver - MDAGaussSeidel running... Normalized residual norm = 4.72e-05 (iter. 39)
2026-07-28 13:47:47 - INFO - base_mda_solver - MDAGaussSeidel running... Normalized residual norm = 4.06e-05 (iter. 40)
2026-07-28 13:47:48 - INFO - base_mda_solver - MDAGaussSeidel running... Normalized residual norm = 1.90e-05 (iter. 41)
2026-07-28 13:47:49 - INFO - base_mda_solver - MDAGaussSeidel running... Normalized residual norm = 1.64e-05 (iter. 42)
2026-07-28 13:47:50 - INFO - base_mda_solver - MDAGaussSeidel running... Normalized residual norm = 2.00e-05 (iter. 43)
2026-07-28 13:47:51 - INFO - base_mda_solver - MDAGaussSeidel running... Normalized residual norm = 1.32e-05 (iter. 44)
2026-07-28 13:47:52 - INFO - base_mda_solver - MDAGaussSeidel running... Normalized residual norm = 5.90e-06 (iter. 45)
2026-07-28 13:47:53 - INFO - base_mda_solver - MDAGaussSeidel running... Normalized residual norm = 8.10e-06 (iter. 46)
2026-07-28 13:47:54 - INFO - base_mda_solver - MDAGaussSeidel running... Normalized residual norm = 7.56e-06 (iter. 47)
2026-07-28 13:47:56 - INFO - base_mda_solver - MDAGaussSeidel running... Normalized residual norm = 3.81e-06 (iter. 48)
2026-07-28 13:47:57 - INFO - base_mda_solver - MDAGaussSeidel running... Normalized residual norm = 2.71e-06 (iter. 49)
2026-07-28 13:47:58 - INFO - base_mda_solver - MDAGaussSeidel running... Normalized residual norm = 3.55e-06 (iter. 50)
2026-07-28 13:47:59 - INFO - base_mda_solver - MDAGaussSeidel running... Normalized residual norm = 2.54e-06 (iter. 51)
2026-07-28 13:48:00 - INFO - base_mda_solver - MDAGaussSeidel running... Normalized residual norm = 1.10e-06 (iter. 52)
2026-07-28 13:48:01 - INFO - base_mda_solver - MDAGaussSeidel running... Normalized residual norm = 1.37e-06 (iter. 53)
2026-07-28 13:48:02 - INFO - base_mda_solver - MDAGaussSeidel running... Normalized residual norm = 1.39e-06 (iter. 54)
2026-07-28 13:48:04 - INFO - base_mda_solver - MDAGaussSeidel running... Normalized residual norm = 7.65e-07 (iter. 55)
2026-07-28 13:48:05 - INFO - base_mda_solver - MDAGaussSeidel running... Normalized residual norm = 4.61e-07 (iter. 56)
2026-07-28 13:48:06 - INFO - base_mda_solver - MDAGaussSeidel running... Normalized residual norm = 6.28e-07 (iter. 57)
2026-07-28 13:48:07 - INFO - base_mda_solver - MDAGaussSeidel running... Normalized residual norm = 4.94e-07 (iter. 58)
2026-07-28 13:48:08 - INFO - base_mda_solver - MDAGaussSeidel running... Normalized residual norm = 2.45e-07 (iter. 59)
2026-07-28 13:48:09 - INFO - base_mda_solver - MDAGaussSeidel running... Normalized residual norm = 2.57e-07 (iter. 60)
2026-07-28 13:48:10 - INFO - base_mda_solver - MDAGaussSeidel running... Normalized residual norm = 2.77e-07 (iter. 61)
2026-07-28 13:48:12 - INFO - base_mda_solver - MDAGaussSeidel running... Normalized residual norm = 1.94e-07 (iter. 62)
2026-07-28 13:48:13 - INFO - base_mda_solver - MDAGaussSeidel running... Normalized residual norm = 1.47e-07 (iter. 63)
2026-07-28 13:48:14 - INFO - base_mda_solver - MDAGaussSeidel running... Normalized residual norm = 1.65e-07 (iter. 64)
2026-07-28 13:48:15 - INFO - base_mda_solver - MDAGaussSeidel running... Normalized residual norm = 1.55e-07 (iter. 65)
2026-07-28 13:48:16 - INFO - base_mda_solver - MDAGaussSeidel running... Normalized residual norm = 1.34e-07 (iter. 66)
2026-07-28 13:48:17 - INFO - base_mda_solver - MDAGaussSeidel running... Normalized residual norm = 1.33e-07 (iter. 67)
2026-07-28 13:48:18 - INFO - base_mda_solver - MDAGaussSeidel running... Normalized residual norm = 1.35e-07 (iter. 68)
2026-07-28 13:48:19 - INFO - base_mda_solver - MDAGaussSeidel running... Normalized residual norm = 1.31e-07 (iter. 69)
2026-07-28 13:48:21 - INFO - base_mda_solver - MDAGaussSeidel running... Normalized residual norm = 1.29e-07 (iter. 70)
2026-07-28 13:48:22 - INFO - base_mda_solver - MDAGaussSeidel running... Normalized residual norm = 1.29e-07 (iter. 71)
2026-07-28 13:48:23 - INFO - base_mda_solver - MDAGaussSeidel running... Normalized residual norm = 1.29e-07 (iter. 72)
2026-07-28 13:48:24 - INFO - base_mda_solver - MDAGaussSeidel running... Normalized residual norm = 1.28e-07 (iter. 73)
2026-07-28 13:48:25 - INFO - base_mda_solver - MDAGaussSeidel running... Normalized residual norm = 1.28e-07 (iter. 74)
2026-07-28 13:48:26 - INFO - base_mda_solver - MDAGaussSeidel running... Normalized residual norm = 1.28e-07 (iter. 75)
2026-07-28 13:48:27 - INFO - base_mda_solver - MDAGaussSeidel running... Normalized residual norm = 1.28e-07 (iter. 76)
2026-07-28 13:48:29 - INFO - base_mda_solver - MDAGaussSeidel running... Normalized residual norm = 1.28e-07 (iter. 77)
2026-07-28 13:48:30 - INFO - base_mda_solver - MDAGaussSeidel running... Normalized residual norm = 1.28e-07 (iter. 78)
2026-07-28 13:48:31 - INFO - base_mda_solver - MDAGaussSeidel running... Normalized residual norm = 1.28e-07 (iter. 79)
2026-07-28 13:48:32 - INFO - base_mda_solver - MDAGaussSeidel running... Normalized residual norm = 1.28e-07 (iter. 80)
2026-07-28 13:48:33 - INFO - base_mda_solver - MDAGaussSeidel running... Normalized residual norm = 1.28e-07 (iter. 81)
2026-07-28 13:48:34 - INFO - base_mda_solver - MDAGaussSeidel running... Normalized residual norm = 1.28e-07 (iter. 82)
2026-07-28 13:48:36 - INFO - base_mda_solver - MDAGaussSeidel running... Normalized residual norm = 1.28e-07 (iter. 83)
2026-07-28 13:48:37 - INFO - base_mda_solver - MDAGaussSeidel running... Normalized residual norm = 1.28e-07 (iter. 84)
2026-07-28 13:48:38 - INFO - base_mda_solver - MDAGaussSeidel running... Normalized residual norm = 1.28e-07 (iter. 85)
2026-07-28 13:48:39 - INFO - base_mda_solver - MDAGaussSeidel running... Normalized residual norm = 1.28e-07 (iter. 86)
2026-07-28 13:48:40 - INFO - base_mda_solver - MDAGaussSeidel running... Normalized residual norm = 1.28e-07 (iter. 87)
2026-07-28 13:48:41 - INFO - base_mda_solver - MDAGaussSeidel running... Normalized residual norm = 1.28e-07 (iter. 88)
2026-07-28 13:48:42 - INFO - base_mda_solver - MDAGaussSeidel running... Normalized residual norm = 1.28e-07 (iter. 89)
2026-07-28 13:48:43 - INFO - base_mda_solver - MDAGaussSeidel running... Normalized residual norm = 1.28e-07 (iter. 90)
2026-07-28 13:48:45 - INFO - base_mda_solver - MDAGaussSeidel running... Normalized residual norm = 1.28e-07 (iter. 91)
2026-07-28 13:48:46 - INFO - base_mda_solver - MDAGaussSeidel running... Normalized residual norm = 1.28e-07 (iter. 92)
2026-07-28 13:48:47 - INFO - base_mda_solver - MDAGaussSeidel running... Normalized residual norm = 1.28e-07 (iter. 93)
2026-07-28 13:48:48 - INFO - base_mda_solver - MDAGaussSeidel running... Normalized residual norm = 1.28e-07 (iter. 94)
2026-07-28 13:48:49 - INFO - base_mda_solver - MDAGaussSeidel running... Normalized residual norm = 1.28e-07 (iter. 95)
2026-07-28 13:48:50 - INFO - base_mda_solver - MDAGaussSeidel running... Normalized residual norm = 1.28e-07 (iter. 96)
2026-07-28 13:48:52 - INFO - base_mda_solver - MDAGaussSeidel running... Normalized residual norm = 1.28e-07 (iter. 97)
2026-07-28 13:48:53 - INFO - base_mda_solver - MDAGaussSeidel running... Normalized residual norm = 1.28e-07 (iter. 98)
2026-07-28 13:48:54 - INFO - base_mda_solver - MDAGaussSeidel running... Normalized residual norm = 1.28e-07 (iter. 99)
2026-07-28 13:48:55 - INFO - base_mda_solver - MDAGaussSeidel running... Normalized residual norm = 1.28e-07 (iter. 100)
2026-07-28 13:48:56 - INFO - base_mda_solver - MDAGaussSeidel running... Normalized residual norm = 1.28e-07 (iter. 101)
2026-07-28 13:48:57 - INFO - base_mda_solver - MDAGaussSeidel running... Normalized residual norm = 1.28e-07 (iter. 102)
2026-07-28 13:48:58 - INFO - base_mda_solver - MDAGaussSeidel running... Normalized residual norm = 1.28e-07 (iter. 103)
2026-07-28 13:48:59 - INFO - base_mda_solver - MDAGaussSeidel running... Normalized residual norm = 1.28e-07 (iter. 104)
2026-07-28 13:49:00 - INFO - base_mda_solver - MDAGaussSeidel running... Normalized residual norm = 1.28e-07 (iter. 105)
2026-07-28 13:49:02 - INFO - base_mda_solver - MDAGaussSeidel running... Normalized residual norm = 1.28e-07 (iter. 106)
2026-07-28 13:49:03 - INFO - base_mda_solver - MDAGaussSeidel running... Normalized residual norm = 1.28e-07 (iter. 107)
2026-07-28 13:49:04 - INFO - base_mda_solver - MDAGaussSeidel running... Normalized residual norm = 1.28e-07 (iter. 108)
2026-07-28 13:49:05 - INFO - base_mda_solver - MDAGaussSeidel running... Normalized residual norm = 1.28e-07 (iter. 109)
2026-07-28 13:49:06 - INFO - base_mda_solver - MDAGaussSeidel running... Normalized residual norm = 1.28e-07 (iter. 110)
2026-07-28 13:49:07 - INFO - base_mda_solver - MDAGaussSeidel running... Normalized residual norm = 1.28e-07 (iter. 111)
2026-07-28 13:49:08 - INFO - base_mda_solver - MDAGaussSeidel running... Normalized residual norm = 1.28e-07 (iter. 112)
2026-07-28 13:49:09 - INFO - base_mda_solver - MDAGaussSeidel running... Normalized residual norm = 1.28e-07 (iter. 113)
2026-07-28 13:49:11 - INFO - base_mda_solver - MDAGaussSeidel running... Normalized residual norm = 1.28e-07 (iter. 114)
2026-07-28 13:49:12 - INFO - base_mda_solver - MDAGaussSeidel running... Normalized residual norm = 1.28e-07 (iter. 115)
2026-07-28 13:49:13 - INFO - base_mda_solver - MDAGaussSeidel running... Normalized residual norm = 1.28e-07 (iter. 116)
2026-07-28 13:49:14 - INFO - base_mda_solver - MDAGaussSeidel running... Normalized residual norm = 1.28e-07 (iter. 117)
2026-07-28 13:49:15 - INFO - base_mda_solver - MDAGaussSeidel running... Normalized residual norm = 1.28e-07 (iter. 118)
2026-07-28 13:49:16 - INFO - base_mda_solver - MDAGaussSeidel running... Normalized residual norm = 1.28e-07 (iter. 119)
2026-07-28 13:49:17 - INFO - base_mda_solver - MDAGaussSeidel running... Normalized residual norm = 1.28e-07 (iter. 120)
2026-07-28 13:49:18 - INFO - base_mda_solver - MDAGaussSeidel running... Normalized residual norm = 1.28e-07 (iter. 121)
2026-07-28 13:49:20 - INFO - base_mda_solver - MDAGaussSeidel running... Normalized residual norm = 1.28e-07 (iter. 122)
2026-07-28 13:49:21 - INFO - base_mda_solver - MDAGaussSeidel running... Normalized residual norm = 1.28e-07 (iter. 123)
2026-07-28 13:49:22 - INFO - base_mda_solver - MDAGaussSeidel running... Normalized residual norm = 1.28e-07 (iter. 124)
2026-07-28 13:49:23 - INFO - base_mda_solver - MDAGaussSeidel running... Normalized residual norm = 1.28e-07 (iter. 125)
2026-07-28 13:49:24 - INFO - base_mda_solver - MDAGaussSeidel running... Normalized residual norm = 1.28e-07 (iter. 126)
2026-07-28 13:49:25 - INFO - base_mda_solver - MDAGaussSeidel running... Normalized residual norm = 1.28e-07 (iter. 127)
2026-07-28 13:49:27 - INFO - base_mda_solver - MDAGaussSeidel running... Normalized residual norm = 1.28e-07 (iter. 128)
2026-07-28 13:49:28 - INFO - base_mda_solver - MDAGaussSeidel running... Normalized residual norm = 1.28e-07 (iter. 129)
2026-07-28 13:49:29 - INFO - base_mda_solver - MDAGaussSeidel running... Normalized residual norm = 1.28e-07 (iter. 130)
2026-07-28 13:49:30 - INFO - base_mda_solver - MDAGaussSeidel running... Normalized residual norm = 1.28e-07 (iter. 131)
2026-07-28 13:49:31 - INFO - base_mda_solver - MDAGaussSeidel running... Normalized residual norm = 1.28e-07 (iter. 132)
2026-07-28 13:49:32 - INFO - base_mda_solver - MDAGaussSeidel running... Normalized residual norm = 1.28e-07 (iter. 133)
2026-07-28 13:49:33 - INFO - base_mda_solver - MDAGaussSeidel running... Normalized residual norm = 1.28e-07 (iter. 134)
2026-07-28 13:49:35 - INFO - base_mda_solver - MDAGaussSeidel running... Normalized residual norm = 1.28e-07 (iter. 135)
2026-07-28 13:49:36 - INFO - base_mda_solver - MDAGaussSeidel running... Normalized residual norm = 1.28e-07 (iter. 136)
2026-07-28 13:49:37 - INFO - base_mda_solver - MDAGaussSeidel running... Normalized residual norm = 1.28e-07 (iter. 137)
2026-07-28 13:49:38 - INFO - base_mda_solver - MDAGaussSeidel running... Normalized residual norm = 1.28e-07 (iter. 138)
2026-07-28 13:49:39 - INFO - base_mda_solver - MDAGaussSeidel running... Normalized residual norm = 1.28e-07 (iter. 139)
2026-07-28 13:49:41 - INFO - base_mda_solver - MDAGaussSeidel running... Normalized residual norm = 1.28e-07 (iter. 140)
2026-07-28 13:49:42 - INFO - base_mda_solver - MDAGaussSeidel running... Normalized residual norm = 1.28e-07 (iter. 141)
2026-07-28 13:49:43 - INFO - base_mda_solver - MDAGaussSeidel running... Normalized residual norm = 1.28e-07 (iter. 142)
2026-07-28 13:49:43 - WARNING - base_mda_solver - MDAGaussSeidel has reached its maximum number of unsuccessful iterations, but the normalized residual norm 1.2790677653523863e-07 is still above the tolerance 1e-10.
2026-07-28 13:49:45 - DEBUG - process - Input 'ask' not found in process parameters; skipping.
2026-07-28 13:49:45 - DEBUG - process - Input 'ask_short_range' not found in process parameters; skipping.
2026-07-28 13:49:45 - DEBUG - process - Input 'ask_medium_range' not found in process parameters; skipping.
2026-07-28 13:49:45 - DEBUG - process - Input 'ask_long_range' not found in process parameters; skipping.
2026-07-28 13:49:45 - DEBUG - process - Input 'co2_emissions' not found in process parameters; skipping.
2026-07-28 13:49:45 - DEBUG - process - Input 'load_factor' not found in process parameters; skipping.
2026-07-28 13:49:45 - DEBUG - process - Input 'rpk_short_range' not found in process parameters; skipping.
2026-07-28 13:49:45 - DEBUG - process - Input 'rpk_medium_range' not found in process parameters; skipping.
2026-07-28 13:49:45 - DEBUG - process - Input 'rpk_long_range' not found in process parameters; skipping.
2026-07-28 13:49:45 - DEBUG - process - Input 'dropin_fuel_mean_co2_emission_factor' not found in process parameters; skipping.
2026-07-28 13:49:45 - DEBUG - process - Input 'hydrogen_mean_co2_emission_factor' not found in process parameters; skipping.
2026-07-28 13:49:45 - DEBUG - process - Input 'electric_mean_co2_emission_factor' not found in process parameters; skipping.
2026-07-28 13:49:45 - DEBUG - process - Input 'dropin_fuel_mean_mfsp' not found in process parameters; skipping.
2026-07-28 13:49:45 - DEBUG - process - Input 'hydrogen_mean_mfsp' not found in process parameters; skipping.
2026-07-28 13:49:45 - DEBUG - process - Input 'electric_mean_mfsp' not found in process parameters; skipping.
2026-07-28 13:49:45 - DEBUG - process - Input 'dropin_fuel_mean_unit_carbon_tax' not found in process parameters; skipping.
2026-07-28 13:49:45 - DEBUG - process - Input 'hydrogen_mean_unit_carbon_tax' not found in process parameters; skipping.
2026-07-28 13:49:45 - DEBUG - process - Input 'electric_mean_unit_carbon_tax' not found in process parameters; skipping.
2026-07-28 13:49:45 - DEBUG - process - Input 'dropin_fuel_mean_unit_tax' not found in process parameters; skipping.
2026-07-28 13:49:45 - DEBUG - process - Input 'hydrogen_mean_unit_tax' not found in process parameters; skipping.
2026-07-28 13:49:45 - DEBUG - process - Input 'electric_mean_unit_tax' not found in process parameters; skipping.
2026-07-28 13:49:45 - DEBUG - process - Input 'dropin_fuel_mean_unit_subsidy' not found in process parameters; skipping.
2026-07-28 13:49:45 - DEBUG - process - Input 'hydrogen_mean_unit_subsidy' not found in process parameters; skipping.
2026-07-28 13:49:45 - DEBUG - process - Input 'electric_mean_unit_subsidy' not found in process parameters; skipping.
2026-07-28 13:49:45 - DEBUG - process - Input 'doc_non_energy_per_ask_short_range_dropin_fuel' not found in process parameters; skipping.
2026-07-28 13:49:45 - DEBUG - process - Input 'doc_non_energy_per_ask_short_range_hydrogen' not found in process parameters; skipping.
2026-07-28 13:49:45 - DEBUG - process - Input 'doc_non_energy_per_ask_short_range_electric' not found in process parameters; skipping.
2026-07-28 13:49:45 - DEBUG - process - Input 'doc_non_energy_per_ask_short_range_mean' not found in process parameters; skipping.
2026-07-28 13:49:45 - DEBUG - process - Input 'doc_non_energy_per_ask_medium_range_dropin_fuel' not found in process parameters; skipping.
2026-07-28 13:49:45 - DEBUG - process - Input 'doc_non_energy_per_ask_medium_range_hydrogen' not found in process parameters; skipping.
2026-07-28 13:49:45 - DEBUG - process - Input 'doc_non_energy_per_ask_medium_range_electric' not found in process parameters; skipping.
2026-07-28 13:49:45 - DEBUG - process - Input 'doc_non_energy_per_ask_medium_range_mean' not found in process parameters; skipping.
2026-07-28 13:49:45 - DEBUG - process - Input 'doc_non_energy_per_ask_long_range_dropin_fuel' not found in process parameters; skipping.
2026-07-28 13:49:45 - DEBUG - process - Input 'doc_non_energy_per_ask_long_range_hydrogen' not found in process parameters; skipping.
2026-07-28 13:49:45 - DEBUG - process - Input 'doc_non_energy_per_ask_long_range_electric' not found in process parameters; skipping.
2026-07-28 13:49:45 - DEBUG - process - Input 'doc_non_energy_per_ask_long_range_mean' not found in process parameters; skipping.
2026-07-28 13:49:45 - DEBUG - process - Input 'doc_non_energy_per_ask_mean' not found in process parameters; skipping.
2026-07-28 13:49:45 - DEBUG - process - Input 'generic_biofuel_energy_consumption' not found in process parameters; skipping.
2026-07-28 13:49:45 - DEBUG - process - Input 'generic_biofuel_energy_production_commissioned' not found in process parameters; skipping.
2026-07-28 13:49:45 - DEBUG - process - Input 'generic_biofuel_energy_unused' not found in process parameters; skipping.
2026-07-28 13:49:45 - DEBUG - process - Input 'electrofuel_energy_consumption' not found in process parameters; skipping.
2026-07-28 13:49:45 - DEBUG - process - Input 'electrofuel_energy_production_commissioned' not found in process parameters; skipping.
2026-07-28 13:49:45 - DEBUG - process - Input 'electrofuel_energy_unused' not found in process parameters; skipping.
2026-07-28 13:49:45 - DEBUG - process - Input 'fossil_kerosene_energy_consumption' not found in process parameters; skipping.
2026-07-28 13:49:47 - INFO - functions - \U0001f9f9 clean_notebooks_on_tests called
2026-07-28 13:49:47 - INFO - functions - \u23ed Skipping cleanup during notebook run
2026-07-29 09:46:52 - DEBUG - backend_pdf - Assigning font /F1 = 'C:\\Users\\i.costa-alves\\Documents\\Kodigus\\Python_v3_11\\Lib\\site-packages\\matplotlib\\mpl-data\\fonts\\ttf\\DejaVuSans.ttf'
2026-07-29 09:46:52 - DEBUG - backend_pdf - Embedding font C:\Users\i.costa-alves\Documents\Kodigus\Python_v3_11\Lib\site-packages\matplotlib\mpl-data\fonts\ttf\DejaVuSans.ttf.
2026-07-29 09:46:52 - DEBUG - backend_pdf - Writing TrueType font.
2026-07-29 09:46:53 - INFO - process - Loaded custom model 'socioeconomic_drivers' from 'C:\Users\i.costa-alves\Documents\Kodigus\aeromaps\AeroMAPS\aeromaps\notebooks\publications\wctr_2026\models\socioeconomic_drivers.py'
2026-07-29 09:46:53 - INFO - process - Loaded custom model 'socioeconomic_drivers' from 'C:\Users\i.costa-alves\Documents\Kodigus\aeromaps\AeroMAPS\aeromaps\notebooks\publications\wctr_2026\models\socioeconomic_drivers.py'
2026-07-29 09:46:54 - INFO - process - Loaded custom model 'socioeconomic_drivers' from 'C:\Users\i.costa-alves\Documents\Kodigus\aeromaps\AeroMAPS\aeromaps\notebooks\publications\wctr_2026\models\socioeconomic_drivers.py'
2026-07-29 09:46:54 - INFO - process - Loaded custom model 'socioeconomic_drivers' from 'C:\Users\i.costa-alves\Documents\Kodigus\aeromaps\AeroMAPS\aeromaps\notebooks\publications\wctr_2026\models\socioeconomic_drivers.py'
2026-07-29 09:46:54 - INFO - process - Loaded custom model 'socioeconomic_drivers' from 'C:\Users\i.costa-alves\Documents\Kodigus\aeromaps\AeroMAPS\aeromaps\notebooks\publications\wctr_2026\models\socioeconomic_drivers.py'
2026-07-29 09:46:55 - INFO - process - Loaded custom model 'socioeconomic_drivers' from 'C:\Users\i.costa-alves\Documents\Kodigus\aeromaps\AeroMAPS\aeromaps\notebooks\publications\wctr_2026\models\socioeconomic_drivers.py'
2026-07-29 09:46:56 - INFO - processes_assembly - Computing scenario: Constant income and price elasticities - min price
2026-07-29 09:46:56 - INFO - process - Running MDA
2026-07-29 09:47:05 - INFO - base_mda_solver - MDAGaussSeidel running... Normalized residual norm = 1.00e+00 (iter. 1)
2026-07-29 09:47:06 - INFO - base_mda_solver - MDAGaussSeidel running... Normalized residual norm = 2.46e-07 (iter. 2)
2026-07-29 09:47:08 - INFO - base_mda_solver - MDAGaussSeidel running... Normalized residual norm = 2.46e-07 (iter. 3)
2026-07-29 09:47:10 - INFO - base_mda_solver - MDAGaussSeidel running... Normalized residual norm = 2.46e-07 (iter. 4)
2026-07-29 09:47:12 - INFO - base_mda_solver - MDAGaussSeidel running... Normalized residual norm = 2.46e-07 (iter. 5)
2026-07-29 09:47:13 - INFO - base_mda_solver - MDAGaussSeidel running... Normalized residual norm = 2.46e-07 (iter. 6)
2026-07-29 09:47:15 - INFO - base_mda_solver - MDAGaussSeidel running... Normalized residual norm = 2.46e-07 (iter. 7)
2026-07-29 09:47:17 - INFO - base_mda_solver - MDAGaussSeidel running... Normalized residual norm = 2.46e-07 (iter. 8)
2026-07-29 09:47:18 - INFO - base_mda_solver - MDAGaussSeidel running... Normalized residual norm = 2.46e-07 (iter. 9)
2026-07-29 09:47:20 - INFO - base_mda_solver - MDAGaussSeidel running... Normalized residual norm = 2.46e-07 (iter. 10)
2026-07-29 09:47:20 - WARNING - base_mda_solver - MDAGaussSeidel has reached its maximum number of unsuccessful iterations, but the normalized residual norm 2.458851841067205e-07 is still above the tolerance 1e-10.
2026-07-29 09:47:22 - DEBUG - process - Input 'ask' not found in process parameters; skipping.
2026-07-29 09:47:22 - DEBUG - process - Input 'ask_short_range' not found in process parameters; skipping.
2026-07-29 09:47:22 - DEBUG - process - Input 'ask_medium_range' not found in process parameters; skipping.
2026-07-29 09:47:22 - DEBUG - process - Input 'ask_long_range' not found in process parameters; skipping.
2026-07-29 09:47:22 - DEBUG - process - Input 'co2_emissions' not found in process parameters; skipping.
2026-07-29 09:47:22 - DEBUG - process - Input 'load_factor' not found in process parameters; skipping.
2026-07-29 09:47:22 - DEBUG - process - Input 'rpk_short_range' not found in process parameters; skipping.
2026-07-29 09:47:22 - DEBUG - process - Input 'rpk_medium_range' not found in process parameters; skipping.
2026-07-29 09:47:22 - DEBUG - process - Input 'rpk_long_range' not found in process parameters; skipping.
2026-07-29 09:47:22 - DEBUG - process - Input 'dropin_fuel_mean_co2_emission_factor' not found in process parameters; skipping.
2026-07-29 09:47:22 - DEBUG - process - Input 'hydrogen_mean_co2_emission_factor' not found in process parameters; skipping.
2026-07-29 09:47:22 - DEBUG - process - Input 'electric_mean_co2_emission_factor' not found in process parameters; skipping.
2026-07-29 09:47:22 - DEBUG - process - Input 'dropin_fuel_mean_mfsp' not found in process parameters; skipping.
2026-07-29 09:47:22 - DEBUG - process - Input 'hydrogen_mean_mfsp' not found in process parameters; skipping.
2026-07-29 09:47:22 - DEBUG - process - Input 'electric_mean_mfsp' not found in process parameters; skipping.
2026-07-29 09:47:22 - DEBUG - process - Input 'dropin_fuel_mean_unit_carbon_tax' not found in process parameters; skipping.
2026-07-29 09:47:22 - DEBUG - process - Input 'hydrogen_mean_unit_carbon_tax' not found in process parameters; skipping.
2026-07-29 09:47:22 - DEBUG - process - Input 'electric_mean_unit_carbon_tax' not found in process parameters; skipping.
2026-07-29 09:47:22 - DEBUG - process - Input 'dropin_fuel_mean_unit_tax' not found in process parameters; skipping.
2026-07-29 09:47:22 - DEBUG - process - Input 'hydrogen_mean_unit_tax' not found in process parameters; skipping.
2026-07-29 09:47:22 - DEBUG - process - Input 'electric_mean_unit_tax' not found in process parameters; skipping.
2026-07-29 09:47:22 - DEBUG - process - Input 'dropin_fuel_mean_unit_subsidy' not found in process parameters; skipping.
2026-07-29 09:47:22 - DEBUG - process - Input 'hydrogen_mean_unit_subsidy' not found in process parameters; skipping.
2026-07-29 09:47:22 - DEBUG - process - Input 'electric_mean_unit_subsidy' not found in process parameters; skipping.
2026-07-29 09:47:22 - DEBUG - process - Input 'doc_non_energy_per_ask_short_range_dropin_fuel' not found in process parameters; skipping.
2026-07-29 09:47:22 - DEBUG - process - Input 'doc_non_energy_per_ask_short_range_hydrogen' not found in process parameters; skipping.
2026-07-29 09:47:22 - DEBUG - process - Input 'doc_non_energy_per_ask_short_range_electric' not found in process parameters; skipping.
2026-07-29 09:47:22 - DEBUG - process - Input 'doc_non_energy_per_ask_short_range_mean' not found in process parameters; skipping.
2026-07-29 09:47:22 - DEBUG - process - Input 'doc_non_energy_per_ask_medium_range_dropin_fuel' not found in process parameters; skipping.
2026-07-29 09:47:22 - DEBUG - process - Input 'doc_non_energy_per_ask_medium_range_hydrogen' not found in process parameters; skipping.
2026-07-29 09:47:22 - DEBUG - process - Input 'doc_non_energy_per_ask_medium_range_electric' not found in process parameters; skipping.
2026-07-29 09:47:22 - DEBUG - process - Input 'doc_non_energy_per_ask_medium_range_mean' not found in process parameters; skipping.
2026-07-29 09:47:22 - DEBUG - process - Input 'doc_non_energy_per_ask_long_range_dropin_fuel' not found in process parameters; skipping.
2026-07-29 09:47:22 - DEBUG - process - Input 'doc_non_energy_per_ask_long_range_hydrogen' not found in process parameters; skipping.
2026-07-29 09:47:22 - DEBUG - process - Input 'doc_non_energy_per_ask_long_range_electric' not found in process parameters; skipping.
2026-07-29 09:47:22 - DEBUG - process - Input 'doc_non_energy_per_ask_long_range_mean' not found in process parameters; skipping.
2026-07-29 09:47:22 - DEBUG - process - Input 'doc_non_energy_per_ask_mean' not found in process parameters; skipping.
2026-07-29 09:47:22 - DEBUG - process - Input 'generic_biofuel_energy_consumption' not found in process parameters; skipping.
2026-07-29 09:47:22 - DEBUG - process - Input 'generic_biofuel_energy_production_commissioned' not found in process parameters; skipping.
2026-07-29 09:47:22 - DEBUG - process - Input 'generic_biofuel_energy_unused' not found in process parameters; skipping.
2026-07-29 09:47:22 - DEBUG - process - Input 'electrofuel_energy_consumption' not found in process parameters; skipping.
2026-07-29 09:47:22 - DEBUG - process - Input 'electrofuel_energy_production_commissioned' not found in process parameters; skipping.
2026-07-29 09:47:22 - DEBUG - process - Input 'electrofuel_energy_unused' not found in process parameters; skipping.
2026-07-29 09:47:22 - DEBUG - process - Input 'fossil_kerosene_energy_consumption' not found in process parameters; skipping.
2026-07-29 09:47:23 - INFO - processes_assembly - Computing scenario: Constant income and price elasticities - 2019 price
2026-07-29 09:47:23 - INFO - process - Running MDA
2026-07-29 09:47:31 - INFO - base_mda_solver - MDAGaussSeidel running... Normalized residual norm = 1.00e+00 (iter. 1)
2026-07-29 09:47:32 - INFO - base_mda_solver - MDAGaussSeidel running... Normalized residual norm = 2.43e-07 (iter. 2)
2026-07-29 09:47:34 - INFO - base_mda_solver - MDAGaussSeidel running... Normalized residual norm = 2.43e-07 (iter. 3)
2026-07-29 09:47:36 - INFO - base_mda_solver - MDAGaussSeidel running... Normalized residual norm = 2.43e-07 (iter. 4)
2026-07-29 09:47:37 - INFO - base_mda_solver - MDAGaussSeidel running... Normalized residual norm = 2.43e-07 (iter. 5)
2026-07-29 09:47:39 - INFO - base_mda_solver - MDAGaussSeidel running... Normalized residual norm = 2.43e-07 (iter. 6)
2026-07-29 09:47:41 - INFO - base_mda_solver - MDAGaussSeidel running... Normalized residual norm = 2.43e-07 (iter. 7)
2026-07-29 09:47:42 - INFO - base_mda_solver - MDAGaussSeidel running... Normalized residual norm = 2.43e-07 (iter. 8)
2026-07-29 09:47:44 - INFO - base_mda_solver - MDAGaussSeidel running... Normalized residual norm = 2.43e-07 (iter. 9)
2026-07-29 09:47:45 - INFO - base_mda_solver - MDAGaussSeidel running... Normalized residual norm = 2.43e-07 (iter. 10)
2026-07-29 09:47:45 - WARNING - base_mda_solver - MDAGaussSeidel has reached its maximum number of unsuccessful iterations, but the normalized residual norm 2.432570089561263e-07 is still above the tolerance 1e-10.
2026-07-29 09:47:48 - DEBUG - process - Input 'ask' not found in process parameters; skipping.
2026-07-29 09:47:48 - DEBUG - process - Input 'ask_short_range' not found in process parameters; skipping.
2026-07-29 09:47:48 - DEBUG - process - Input 'ask_medium_range' not found in process parameters; skipping.
2026-07-29 09:47:48 - DEBUG - process - Input 'ask_long_range' not found in process parameters; skipping.
2026-07-29 09:47:48 - DEBUG - process - Input 'co2_emissions' not found in process parameters; skipping.
2026-07-29 09:47:48 - DEBUG - process - Input 'load_factor' not found in process parameters; skipping.
2026-07-29 09:47:48 - DEBUG - process - Input 'rpk_short_range' not found in process parameters; skipping.
2026-07-29 09:47:48 - DEBUG - process - Input 'rpk_medium_range' not found in process parameters; skipping.
2026-07-29 09:47:48 - DEBUG - process - Input 'rpk_long_range' not found in process parameters; skipping.
2026-07-29 09:47:48 - DEBUG - process - Input 'dropin_fuel_mean_co2_emission_factor' not found in process parameters; skipping.
2026-07-29 09:47:48 - DEBUG - process - Input 'hydrogen_mean_co2_emission_factor' not found in process parameters; skipping.
2026-07-29 09:47:48 - DEBUG - process - Input 'electric_mean_co2_emission_factor' not found in process parameters; skipping.
2026-07-29 09:47:48 - DEBUG - process - Input 'dropin_fuel_mean_mfsp' not found in process parameters; skipping.
2026-07-29 09:47:48 - DEBUG - process - Input 'hydrogen_mean_mfsp' not found in process parameters; skipping.
2026-07-29 09:47:48 - DEBUG - process - Input 'electric_mean_mfsp' not found in process parameters; skipping.
2026-07-29 09:47:48 - DEBUG - process - Input 'dropin_fuel_mean_unit_carbon_tax' not found in process parameters; skipping.
2026-07-29 09:47:48 - DEBUG - process - Input 'hydrogen_mean_unit_carbon_tax' not found in process parameters; skipping.
2026-07-29 09:47:48 - DEBUG - process - Input 'electric_mean_unit_carbon_tax' not found in process parameters; skipping.
2026-07-29 09:47:48 - DEBUG - process - Input 'dropin_fuel_mean_unit_tax' not found in process parameters; skipping.
2026-07-29 09:47:48 - DEBUG - process - Input 'hydrogen_mean_unit_tax' not found in process parameters; skipping.
2026-07-29 09:47:48 - DEBUG - process - Input 'electric_mean_unit_tax' not found in process parameters; skipping.
2026-07-29 09:47:48 - DEBUG - process - Input 'dropin_fuel_mean_unit_subsidy' not found in process parameters; skipping.
2026-07-29 09:47:48 - DEBUG - process - Input 'hydrogen_mean_unit_subsidy' not found in process parameters; skipping.
2026-07-29 09:47:48 - DEBUG - process - Input 'electric_mean_unit_subsidy' not found in process parameters; skipping.
2026-07-29 09:47:48 - DEBUG - process - Input 'doc_non_energy_per_ask_short_range_dropin_fuel' not found in process parameters; skipping.
2026-07-29 09:47:48 - DEBUG - process - Input 'doc_non_energy_per_ask_short_range_hydrogen' not found in process parameters; skipping.
2026-07-29 09:47:48 - DEBUG - process - Input 'doc_non_energy_per_ask_short_range_electric' not found in process parameters; skipping.
2026-07-29 09:47:48 - DEBUG - process - Input 'doc_non_energy_per_ask_short_range_mean' not found in process parameters; skipping.
2026-07-29 09:47:48 - DEBUG - process - Input 'doc_non_energy_per_ask_medium_range_dropin_fuel' not found in process parameters; skipping.
2026-07-29 09:47:48 - DEBUG - process - Input 'doc_non_energy_per_ask_medium_range_hydrogen' not found in process parameters; skipping.
2026-07-29 09:47:48 - DEBUG - process - Input 'doc_non_energy_per_ask_medium_range_electric' not found in process parameters; skipping.
2026-07-29 09:47:48 - DEBUG - process - Input 'doc_non_energy_per_ask_medium_range_mean' not found in process parameters; skipping.
2026-07-29 09:47:48 - DEBUG - process - Input 'doc_non_energy_per_ask_long_range_dropin_fuel' not found in process parameters; skipping.
2026-07-29 09:47:48 - DEBUG - process - Input 'doc_non_energy_per_ask_long_range_hydrogen' not found in process parameters; skipping.
2026-07-29 09:47:48 - DEBUG - process - Input 'doc_non_energy_per_ask_long_range_electric' not found in process parameters; skipping.
2026-07-29 09:47:48 - DEBUG - process - Input 'doc_non_energy_per_ask_long_range_mean' not found in process parameters; skipping.
2026-07-29 09:47:48 - DEBUG - process - Input 'doc_non_energy_per_ask_mean' not found in process parameters; skipping.
2026-07-29 09:47:48 - DEBUG - process - Input 'generic_biofuel_energy_consumption' not found in process parameters; skipping.
2026-07-29 09:47:48 - DEBUG - process - Input 'generic_biofuel_energy_production_commissioned' not found in process parameters; skipping.
2026-07-29 09:47:48 - DEBUG - process - Input 'generic_biofuel_energy_unused' not found in process parameters; skipping.
2026-07-29 09:47:48 - DEBUG - process - Input 'electrofuel_energy_consumption' not found in process parameters; skipping.
2026-07-29 09:47:48 - DEBUG - process - Input 'electrofuel_energy_production_commissioned' not found in process parameters; skipping.
2026-07-29 09:47:48 - DEBUG - process - Input 'electrofuel_energy_unused' not found in process parameters; skipping.
2026-07-29 09:47:48 - DEBUG - process - Input 'fossil_kerosene_energy_consumption' not found in process parameters; skipping.
2026-07-29 09:47:48 - INFO - processes_assembly - Computing scenario: Constant income and price elasticities - max price
2026-07-29 09:47:48 - INFO - process - Running MDA
2026-07-29 09:47:56 - INFO - base_mda_solver - MDAGaussSeidel running... Normalized residual norm = 1.00e+00 (iter. 1)
2026-07-29 09:47:57 - INFO - base_mda_solver - MDAGaussSeidel running... Normalized residual norm = 1.01e-07 (iter. 2)
2026-07-29 09:47:59 - INFO - base_mda_solver - MDAGaussSeidel running... Normalized residual norm = 1.01e-07 (iter. 3)
2026-07-29 09:48:01 - INFO - base_mda_solver - MDAGaussSeidel running... Normalized residual norm = 1.01e-07 (iter. 4)
2026-07-29 09:48:02 - INFO - base_mda_solver - MDAGaussSeidel running... Normalized residual norm = 1.01e-07 (iter. 5)
2026-07-29 09:48:04 - INFO - base_mda_solver - MDAGaussSeidel running... Normalized residual norm = 1.01e-07 (iter. 6)
2026-07-29 09:48:05 - INFO - base_mda_solver - MDAGaussSeidel running... Normalized residual norm = 1.01e-07 (iter. 7)
2026-07-29 09:48:07 - INFO - base_mda_solver - MDAGaussSeidel running... Normalized residual norm = 1.01e-07 (iter. 8)
2026-07-29 09:48:08 - INFO - base_mda_solver - MDAGaussSeidel running... Normalized residual norm = 1.01e-07 (iter. 9)
2026-07-29 09:48:10 - INFO - base_mda_solver - MDAGaussSeidel running... Normalized residual norm = 1.01e-07 (iter. 10)
2026-07-29 09:48:10 - WARNING - base_mda_solver - MDAGaussSeidel has reached its maximum number of unsuccessful iterations, but the normalized residual norm 1.0144476317245578e-07 is still above the tolerance 1e-10.
2026-07-29 09:48:12 - DEBUG - process - Input 'ask' not found in process parameters; skipping.
2026-07-29 09:48:12 - DEBUG - process - Input 'ask_short_range' not found in process parameters; skipping.
2026-07-29 09:48:12 - DEBUG - process - Input 'ask_medium_range' not found in process parameters; skipping.
2026-07-29 09:48:12 - DEBUG - process - Input 'ask_long_range' not found in process parameters; skipping.
2026-07-29 09:48:12 - DEBUG - process - Input 'co2_emissions' not found in process parameters; skipping.
2026-07-29 09:48:12 - DEBUG - process - Input 'load_factor' not found in process parameters; skipping.
2026-07-29 09:48:12 - DEBUG - process - Input 'rpk_short_range' not found in process parameters; skipping.
2026-07-29 09:48:12 - DEBUG - process - Input 'rpk_medium_range' not found in process parameters; skipping.
2026-07-29 09:48:12 - DEBUG - process - Input 'rpk_long_range' not found in process parameters; skipping.
2026-07-29 09:48:12 - DEBUG - process - Input 'dropin_fuel_mean_co2_emission_factor' not found in process parameters; skipping.
2026-07-29 09:48:12 - DEBUG - process - Input 'hydrogen_mean_co2_emission_factor' not found in process parameters; skipping.
2026-07-29 09:48:12 - DEBUG - process - Input 'electric_mean_co2_emission_factor' not found in process parameters; skipping.
2026-07-29 09:48:12 - DEBUG - process - Input 'dropin_fuel_mean_mfsp' not found in process parameters; skipping.
2026-07-29 09:48:12 - DEBUG - process - Input 'hydrogen_mean_mfsp' not found in process parameters; skipping.
2026-07-29 09:48:12 - DEBUG - process - Input 'electric_mean_mfsp' not found in process parameters; skipping.
2026-07-29 09:48:12 - DEBUG - process - Input 'dropin_fuel_mean_unit_carbon_tax' not found in process parameters; skipping.
2026-07-29 09:48:12 - DEBUG - process - Input 'hydrogen_mean_unit_carbon_tax' not found in process parameters; skipping.
2026-07-29 09:48:12 - DEBUG - process - Input 'electric_mean_unit_carbon_tax' not found in process parameters; skipping.
2026-07-29 09:48:12 - DEBUG - process - Input 'dropin_fuel_mean_unit_tax' not found in process parameters; skipping.
2026-07-29 09:48:12 - DEBUG - process - Input 'hydrogen_mean_unit_tax' not found in process parameters; skipping.
2026-07-29 09:48:12 - DEBUG - process - Input 'electric_mean_unit_tax' not found in process parameters; skipping.
2026-07-29 09:48:12 - DEBUG - process - Input 'dropin_fuel_mean_unit_subsidy' not found in process parameters; skipping.
2026-07-29 09:48:12 - DEBUG - process - Input 'hydrogen_mean_unit_subsidy' not found in process parameters; skipping.
2026-07-29 09:48:12 - DEBUG - process - Input 'electric_mean_unit_subsidy' not found in process parameters; skipping.
2026-07-29 09:48:12 - DEBUG - process - Input 'doc_non_energy_per_ask_short_range_dropin_fuel' not found in process parameters; skipping.
2026-07-29 09:48:12 - DEBUG - process - Input 'doc_non_energy_per_ask_short_range_hydrogen' not found in process parameters; skipping.
2026-07-29 09:48:12 - DEBUG - process - Input 'doc_non_energy_per_ask_short_range_electric' not found in process parameters; skipping.
2026-07-29 09:48:12 - DEBUG - process - Input 'doc_non_energy_per_ask_short_range_mean' not found in process parameters; skipping.
2026-07-29 09:48:12 - DEBUG - process - Input 'doc_non_energy_per_ask_medium_range_dropin_fuel' not found in process parameters; skipping.
2026-07-29 09:48:12 - DEBUG - process - Input 'doc_non_energy_per_ask_medium_range_hydrogen' not found in process parameters; skipping.
2026-07-29 09:48:12 - DEBUG - process - Input 'doc_non_energy_per_ask_medium_range_electric' not found in process parameters; skipping.
2026-07-29 09:48:12 - DEBUG - process - Input 'doc_non_energy_per_ask_medium_range_mean' not found in process parameters; skipping.
2026-07-29 09:48:12 - DEBUG - process - Input 'doc_non_energy_per_ask_long_range_dropin_fuel' not found in process parameters; skipping.
2026-07-29 09:48:12 - DEBUG - process - Input 'doc_non_energy_per_ask_long_range_hydrogen' not found in process parameters; skipping.
2026-07-29 09:48:12 - DEBUG - process - Input 'doc_non_energy_per_ask_long_range_electric' not found in process parameters; skipping.
2026-07-29 09:48:12 - DEBUG - process - Input 'doc_non_energy_per_ask_long_range_mean' not found in process parameters; skipping.
2026-07-29 09:48:12 - DEBUG - process - Input 'doc_non_energy_per_ask_mean' not found in process parameters; skipping.
2026-07-29 09:48:12 - DEBUG - process - Input 'generic_biofuel_energy_consumption' not found in process parameters; skipping.
2026-07-29 09:48:12 - DEBUG - process - Input 'generic_biofuel_energy_production_commissioned' not found in process parameters; skipping.
2026-07-29 09:48:12 - DEBUG - process - Input 'generic_biofuel_energy_unused' not found in process parameters; skipping.
2026-07-29 09:48:12 - DEBUG - process - Input 'electrofuel_energy_consumption' not found in process parameters; skipping.
2026-07-29 09:48:12 - DEBUG - process - Input 'electrofuel_energy_production_commissioned' not found in process parameters; skipping.
2026-07-29 09:48:12 - DEBUG - process - Input 'electrofuel_energy_unused' not found in process parameters; skipping.
2026-07-29 09:48:12 - DEBUG - process - Input 'fossil_kerosene_energy_consumption' not found in process parameters; skipping.
2026-07-29 09:48:12 - INFO - processes_assembly - Computing scenario: Logistic income and price elasticity   - min price
2026-07-29 09:48:12 - INFO - process - Running MDA
2026-07-29 09:48:20 - INFO - base_mda_solver - MDAGaussSeidel running... Normalized residual norm = 1.00e+00 (iter. 1)
2026-07-29 09:48:22 - INFO - base_mda_solver - MDAGaussSeidel running... Normalized residual norm = 4.48e-07 (iter. 2)
2026-07-29 09:48:23 - INFO - base_mda_solver - MDAGaussSeidel running... Normalized residual norm = 4.48e-07 (iter. 3)
2026-07-29 09:48:25 - INFO - base_mda_solver - MDAGaussSeidel running... Normalized residual norm = 4.48e-07 (iter. 4)
2026-07-29 09:48:27 - INFO - base_mda_solver - MDAGaussSeidel running... Normalized residual norm = 4.48e-07 (iter. 5)
2026-07-29 09:48:28 - INFO - base_mda_solver - MDAGaussSeidel running... Normalized residual norm = 4.48e-07 (iter. 6)
2026-07-29 09:48:30 - INFO - base_mda_solver - MDAGaussSeidel running... Normalized residual norm = 4.48e-07 (iter. 7)
2026-07-29 09:48:31 - INFO - base_mda_solver - MDAGaussSeidel running... Normalized residual norm = 4.48e-07 (iter. 8)
2026-07-29 09:48:33 - INFO - base_mda_solver - MDAGaussSeidel running... Normalized residual norm = 4.48e-07 (iter. 9)
2026-07-29 09:48:34 - INFO - base_mda_solver - MDAGaussSeidel running... Normalized residual norm = 4.48e-07 (iter. 10)
2026-07-29 09:48:34 - WARNING - base_mda_solver - MDAGaussSeidel has reached its maximum number of unsuccessful iterations, but the normalized residual norm 4.47737068058746e-07 is still above the tolerance 1e-10.
2026-07-29 09:48:37 - DEBUG - process - Input 'ask' not found in process parameters; skipping.
2026-07-29 09:48:37 - DEBUG - process - Input 'ask_short_range' not found in process parameters; skipping.
2026-07-29 09:48:37 - DEBUG - process - Input 'ask_medium_range' not found in process parameters; skipping.
2026-07-29 09:48:37 - DEBUG - process - Input 'ask_long_range' not found in process parameters; skipping.
2026-07-29 09:48:37 - DEBUG - process - Input 'co2_emissions' not found in process parameters; skipping.
2026-07-29 09:48:37 - DEBUG - process - Input 'load_factor' not found in process parameters; skipping.
2026-07-29 09:48:37 - DEBUG - process - Input 'rpk_short_range' not found in process parameters; skipping.
2026-07-29 09:48:37 - DEBUG - process - Input 'rpk_medium_range' not found in process parameters; skipping.
2026-07-29 09:48:37 - DEBUG - process - Input 'rpk_long_range' not found in process parameters; skipping.
2026-07-29 09:48:37 - DEBUG - process - Input 'dropin_fuel_mean_co2_emission_factor' not found in process parameters; skipping.
2026-07-29 09:48:37 - DEBUG - process - Input 'hydrogen_mean_co2_emission_factor' not found in process parameters; skipping.
2026-07-29 09:48:37 - DEBUG - process - Input 'electric_mean_co2_emission_factor' not found in process parameters; skipping.
2026-07-29 09:48:37 - DEBUG - process - Input 'dropin_fuel_mean_mfsp' not found in process parameters; skipping.
2026-07-29 09:48:37 - DEBUG - process - Input 'hydrogen_mean_mfsp' not found in process parameters; skipping.
2026-07-29 09:48:37 - DEBUG - process - Input 'electric_mean_mfsp' not found in process parameters; skipping.
2026-07-29 09:48:37 - DEBUG - process - Input 'dropin_fuel_mean_unit_carbon_tax' not found in process parameters; skipping.
2026-07-29 09:48:37 - DEBUG - process - Input 'hydrogen_mean_unit_carbon_tax' not found in process parameters; skipping.
2026-07-29 09:48:37 - DEBUG - process - Input 'electric_mean_unit_carbon_tax' not found in process parameters; skipping.
2026-07-29 09:48:37 - DEBUG - process - Input 'dropin_fuel_mean_unit_tax' not found in process parameters; skipping.
2026-07-29 09:48:37 - DEBUG - process - Input 'hydrogen_mean_unit_tax' not found in process parameters; skipping.
2026-07-29 09:48:37 - DEBUG - process - Input 'electric_mean_unit_tax' not found in process parameters; skipping.
2026-07-29 09:48:37 - DEBUG - process - Input 'dropin_fuel_mean_unit_subsidy' not found in process parameters; skipping.
2026-07-29 09:48:37 - DEBUG - process - Input 'hydrogen_mean_unit_subsidy' not found in process parameters; skipping.
2026-07-29 09:48:37 - DEBUG - process - Input 'electric_mean_unit_subsidy' not found in process parameters; skipping.
2026-07-29 09:48:37 - DEBUG - process - Input 'doc_non_energy_per_ask_short_range_dropin_fuel' not found in process parameters; skipping.
2026-07-29 09:48:37 - DEBUG - process - Input 'doc_non_energy_per_ask_short_range_hydrogen' not found in process parameters; skipping.
2026-07-29 09:48:37 - DEBUG - process - Input 'doc_non_energy_per_ask_short_range_electric' not found in process parameters; skipping.
2026-07-29 09:48:37 - DEBUG - process - Input 'doc_non_energy_per_ask_short_range_mean' not found in process parameters; skipping.
2026-07-29 09:48:37 - DEBUG - process - Input 'doc_non_energy_per_ask_medium_range_dropin_fuel' not found in process parameters; skipping.
2026-07-29 09:48:37 - DEBUG - process - Input 'doc_non_energy_per_ask_medium_range_hydrogen' not found in process parameters; skipping.
2026-07-29 09:48:37 - DEBUG - process - Input 'doc_non_energy_per_ask_medium_range_electric' not found in process parameters; skipping.
2026-07-29 09:48:37 - DEBUG - process - Input 'doc_non_energy_per_ask_medium_range_mean' not found in process parameters; skipping.
2026-07-29 09:48:37 - DEBUG - process - Input 'doc_non_energy_per_ask_long_range_dropin_fuel' not found in process parameters; skipping.
2026-07-29 09:48:37 - DEBUG - process - Input 'doc_non_energy_per_ask_long_range_hydrogen' not found in process parameters; skipping.
2026-07-29 09:48:37 - DEBUG - process - Input 'doc_non_energy_per_ask_long_range_electric' not found in process parameters; skipping.
2026-07-29 09:48:37 - DEBUG - process - Input 'doc_non_energy_per_ask_long_range_mean' not found in process parameters; skipping.
2026-07-29 09:48:37 - DEBUG - process - Input 'doc_non_energy_per_ask_mean' not found in process parameters; skipping.
2026-07-29 09:48:37 - DEBUG - process - Input 'generic_biofuel_energy_consumption' not found in process parameters; skipping.
2026-07-29 09:48:37 - DEBUG - process - Input 'generic_biofuel_energy_production_commissioned' not found in process parameters; skipping.
2026-07-29 09:48:37 - DEBUG - process - Input 'generic_biofuel_energy_unused' not found in process parameters; skipping.
2026-07-29 09:48:37 - DEBUG - process - Input 'electrofuel_energy_consumption' not found in process parameters; skipping.
2026-07-29 09:48:37 - DEBUG - process - Input 'electrofuel_energy_production_commissioned' not found in process parameters; skipping.
2026-07-29 09:48:37 - DEBUG - process - Input 'electrofuel_energy_unused' not found in process parameters; skipping.
2026-07-29 09:48:37 - DEBUG - process - Input 'fossil_kerosene_energy_consumption' not found in process parameters; skipping.
2026-07-29 09:48:37 - INFO - processes_assembly - Computing scenario: Logistic income and price elasticity   - 2019 price
2026-07-29 09:48:37 - INFO - process - Running MDA
2026-07-29 09:48:45 - INFO - base_mda_solver - MDAGaussSeidel running... Normalized residual norm = 1.00e+00 (iter. 1)
2026-07-29 09:48:46 - INFO - base_mda_solver - MDAGaussSeidel running... Normalized residual norm = 1.91e-07 (iter. 2)
2026-07-29 09:48:48 - INFO - base_mda_solver - MDAGaussSeidel running... Normalized residual norm = 1.91e-07 (iter. 3)
2026-07-29 09:48:49 - INFO - base_mda_solver - MDAGaussSeidel running... Normalized residual norm = 1.91e-07 (iter. 4)
2026-07-29 09:48:51 - INFO - base_mda_solver - MDAGaussSeidel running... Normalized residual norm = 1.91e-07 (iter. 5)
2026-07-29 09:48:53 - INFO - base_mda_solver - MDAGaussSeidel running... Normalized residual norm = 1.91e-07 (iter. 6)
2026-07-29 09:48:54 - INFO - base_mda_solver - MDAGaussSeidel running... Normalized residual norm = 1.91e-07 (iter. 7)
2026-07-29 09:48:56 - INFO - base_mda_solver - MDAGaussSeidel running... Normalized residual norm = 1.91e-07 (iter. 8)
2026-07-29 09:48:57 - INFO - base_mda_solver - MDAGaussSeidel running... Normalized residual norm = 1.91e-07 (iter. 9)
2026-07-29 09:48:59 - INFO - base_mda_solver - MDAGaussSeidel running... Normalized residual norm = 1.91e-07 (iter. 10)
2026-07-29 09:48:59 - WARNING - base_mda_solver - MDAGaussSeidel has reached its maximum number of unsuccessful iterations, but the normalized residual norm 1.9050182361560845e-07 is still above the tolerance 1e-10.
2026-07-29 09:49:01 - DEBUG - process - Input 'ask' not found in process parameters; skipping.
2026-07-29 09:49:01 - DEBUG - process - Input 'ask_short_range' not found in process parameters; skipping.
2026-07-29 09:49:01 - DEBUG - process - Input 'ask_medium_range' not found in process parameters; skipping.
2026-07-29 09:49:01 - DEBUG - process - Input 'ask_long_range' not found in process parameters; skipping.
2026-07-29 09:49:01 - DEBUG - process - Input 'co2_emissions' not found in process parameters; skipping.
2026-07-29 09:49:01 - DEBUG - process - Input 'load_factor' not found in process parameters; skipping.
2026-07-29 09:49:01 - DEBUG - process - Input 'rpk_short_range' not found in process parameters; skipping.
2026-07-29 09:49:01 - DEBUG - process - Input 'rpk_medium_range' not found in process parameters; skipping.
2026-07-29 09:49:01 - DEBUG - process - Input 'rpk_long_range' not found in process parameters; skipping.
2026-07-29 09:49:01 - DEBUG - process - Input 'dropin_fuel_mean_co2_emission_factor' not found in process parameters; skipping.
2026-07-29 09:49:01 - DEBUG - process - Input 'hydrogen_mean_co2_emission_factor' not found in process parameters; skipping.
2026-07-29 09:49:01 - DEBUG - process - Input 'electric_mean_co2_emission_factor' not found in process parameters; skipping.
2026-07-29 09:49:01 - DEBUG - process - Input 'dropin_fuel_mean_mfsp' not found in process parameters; skipping.
2026-07-29 09:49:01 - DEBUG - process - Input 'hydrogen_mean_mfsp' not found in process parameters; skipping.
2026-07-29 09:49:01 - DEBUG - process - Input 'electric_mean_mfsp' not found in process parameters; skipping.
2026-07-29 09:49:01 - DEBUG - process - Input 'dropin_fuel_mean_unit_carbon_tax' not found in process parameters; skipping.
2026-07-29 09:49:01 - DEBUG - process - Input 'hydrogen_mean_unit_carbon_tax' not found in process parameters; skipping.
2026-07-29 09:49:01 - DEBUG - process - Input 'electric_mean_unit_carbon_tax' not found in process parameters; skipping.
2026-07-29 09:49:01 - DEBUG - process - Input 'dropin_fuel_mean_unit_tax' not found in process parameters; skipping.
2026-07-29 09:49:01 - DEBUG - process - Input 'hydrogen_mean_unit_tax' not found in process parameters; skipping.
2026-07-29 09:49:01 - DEBUG - process - Input 'electric_mean_unit_tax' not found in process parameters; skipping.
2026-07-29 09:49:01 - DEBUG - process - Input 'dropin_fuel_mean_unit_subsidy' not found in process parameters; skipping.
2026-07-29 09:49:01 - DEBUG - process - Input 'hydrogen_mean_unit_subsidy' not found in process parameters; skipping.
2026-07-29 09:49:01 - DEBUG - process - Input 'electric_mean_unit_subsidy' not found in process parameters; skipping.
2026-07-29 09:49:01 - DEBUG - process - Input 'doc_non_energy_per_ask_short_range_dropin_fuel' not found in process parameters; skipping.
2026-07-29 09:49:01 - DEBUG - process - Input 'doc_non_energy_per_ask_short_range_hydrogen' not found in process parameters; skipping.
2026-07-29 09:49:01 - DEBUG - process - Input 'doc_non_energy_per_ask_short_range_electric' not found in process parameters; skipping.
2026-07-29 09:49:01 - DEBUG - process - Input 'doc_non_energy_per_ask_short_range_mean' not found in process parameters; skipping.
2026-07-29 09:49:01 - DEBUG - process - Input 'doc_non_energy_per_ask_medium_range_dropin_fuel' not found in process parameters; skipping.
2026-07-29 09:49:01 - DEBUG - process - Input 'doc_non_energy_per_ask_medium_range_hydrogen' not found in process parameters; skipping.
2026-07-29 09:49:01 - DEBUG - process - Input 'doc_non_energy_per_ask_medium_range_electric' not found in process parameters; skipping.
2026-07-29 09:49:01 - DEBUG - process - Input 'doc_non_energy_per_ask_medium_range_mean' not found in process parameters; skipping.
2026-07-29 09:49:01 - DEBUG - process - Input 'doc_non_energy_per_ask_long_range_dropin_fuel' not found in process parameters; skipping.
2026-07-29 09:49:01 - DEBUG - process - Input 'doc_non_energy_per_ask_long_range_hydrogen' not found in process parameters; skipping.
2026-07-29 09:49:01 - DEBUG - process - Input 'doc_non_energy_per_ask_long_range_electric' not found in process parameters; skipping.
2026-07-29 09:49:01 - DEBUG - process - Input 'doc_non_energy_per_ask_long_range_mean' not found in process parameters; skipping.
2026-07-29 09:49:01 - DEBUG - process - Input 'doc_non_energy_per_ask_mean' not found in process parameters; skipping.
2026-07-29 09:49:01 - DEBUG - process - Input 'generic_biofuel_energy_consumption' not found in process parameters; skipping.
2026-07-29 09:49:01 - DEBUG - process - Input 'generic_biofuel_energy_production_commissioned' not found in process parameters; skipping.
2026-07-29 09:49:01 - DEBUG - process - Input 'generic_biofuel_energy_unused' not found in process parameters; skipping.
2026-07-29 09:49:01 - DEBUG - process - Input 'electrofuel_energy_consumption' not found in process parameters; skipping.
2026-07-29 09:49:01 - DEBUG - process - Input 'electrofuel_energy_production_commissioned' not found in process parameters; skipping.
2026-07-29 09:49:01 - DEBUG - process - Input 'electrofuel_energy_unused' not found in process parameters; skipping.
2026-07-29 09:49:01 - DEBUG - process - Input 'fossil_kerosene_energy_consumption' not found in process parameters; skipping.
2026-07-29 09:49:01 - INFO - processes_assembly - Computing scenario: Logistic income and price elasticity   - max price
2026-07-29 09:49:01 - INFO - process - Running MDA
2026-07-29 09:49:09 - INFO - base_mda_solver - MDAGaussSeidel running... Normalized residual norm = 1.00e+00 (iter. 1)
2026-07-29 09:49:11 - INFO - base_mda_solver - MDAGaussSeidel running... Normalized residual norm = 1.17e-07 (iter. 2)
2026-07-29 09:49:12 - INFO - base_mda_solver - MDAGaussSeidel running... Normalized residual norm = 1.17e-07 (iter. 3)
2026-07-29 09:49:14 - INFO - base_mda_solver - MDAGaussSeidel running... Normalized residual norm = 1.17e-07 (iter. 4)
2026-07-29 09:49:16 - INFO - base_mda_solver - MDAGaussSeidel running... Normalized residual norm = 1.17e-07 (iter. 5)
2026-07-29 09:49:17 - INFO - base_mda_solver - MDAGaussSeidel running... Normalized residual norm = 1.17e-07 (iter. 6)
2026-07-29 09:49:19 - INFO - base_mda_solver - MDAGaussSeidel running... Normalized residual norm = 1.17e-07 (iter. 7)
2026-07-29 09:49:21 - INFO - base_mda_solver - MDAGaussSeidel running... Normalized residual norm = 1.17e-07 (iter. 8)
2026-07-29 09:49:22 - INFO - base_mda_solver - MDAGaussSeidel running... Normalized residual norm = 1.17e-07 (iter. 9)
2026-07-29 09:49:24 - INFO - base_mda_solver - MDAGaussSeidel running... Normalized residual norm = 1.17e-07 (iter. 10)
2026-07-29 09:49:24 - WARNING - base_mda_solver - MDAGaussSeidel has reached its maximum number of unsuccessful iterations, but the normalized residual norm 1.17261163746151e-07 is still above the tolerance 1e-10.
2026-07-29 09:49:26 - DEBUG - process - Input 'ask' not found in process parameters; skipping.
2026-07-29 09:49:26 - DEBUG - process - Input 'ask_short_range' not found in process parameters; skipping.
2026-07-29 09:49:26 - DEBUG - process - Input 'ask_medium_range' not found in process parameters; skipping.
2026-07-29 09:49:26 - DEBUG - process - Input 'ask_long_range' not found in process parameters; skipping.
2026-07-29 09:49:26 - DEBUG - process - Input 'co2_emissions' not found in process parameters; skipping.
2026-07-29 09:49:26 - DEBUG - process - Input 'load_factor' not found in process parameters; skipping.
2026-07-29 09:49:26 - DEBUG - process - Input 'rpk_short_range' not found in process parameters; skipping.
2026-07-29 09:49:26 - DEBUG - process - Input 'rpk_medium_range' not found in process parameters; skipping.
2026-07-29 09:49:26 - DEBUG - process - Input 'rpk_long_range' not found in process parameters; skipping.
2026-07-29 09:49:26 - DEBUG - process - Input 'dropin_fuel_mean_co2_emission_factor' not found in process parameters; skipping.
2026-07-29 09:49:26 - DEBUG - process - Input 'hydrogen_mean_co2_emission_factor' not found in process parameters; skipping.
2026-07-29 09:49:26 - DEBUG - process - Input 'electric_mean_co2_emission_factor' not found in process parameters; skipping.
2026-07-29 09:49:26 - DEBUG - process - Input 'dropin_fuel_mean_mfsp' not found in process parameters; skipping.
2026-07-29 09:49:26 - DEBUG - process - Input 'hydrogen_mean_mfsp' not found in process parameters; skipping.
2026-07-29 09:49:26 - DEBUG - process - Input 'electric_mean_mfsp' not found in process parameters; skipping.
2026-07-29 09:49:26 - DEBUG - process - Input 'dropin_fuel_mean_unit_carbon_tax' not found in process parameters; skipping.
2026-07-29 09:49:26 - DEBUG - process - Input 'hydrogen_mean_unit_carbon_tax' not found in process parameters; skipping.
2026-07-29 09:49:26 - DEBUG - process - Input 'electric_mean_unit_carbon_tax' not found in process parameters; skipping.
2026-07-29 09:49:26 - DEBUG - process - Input 'dropin_fuel_mean_unit_tax' not found in process parameters; skipping.
2026-07-29 09:49:26 - DEBUG - process - Input 'hydrogen_mean_unit_tax' not found in process parameters; skipping.
2026-07-29 09:49:26 - DEBUG - process - Input 'electric_mean_unit_tax' not found in process parameters; skipping.
2026-07-29 09:49:26 - DEBUG - process - Input 'dropin_fuel_mean_unit_subsidy' not found in process parameters; skipping.
2026-07-29 09:49:26 - DEBUG - process - Input 'hydrogen_mean_unit_subsidy' not found in process parameters; skipping.
2026-07-29 09:49:26 - DEBUG - process - Input 'electric_mean_unit_subsidy' not found in process parameters; skipping.
2026-07-29 09:49:26 - DEBUG - process - Input 'doc_non_energy_per_ask_short_range_dropin_fuel' not found in process parameters; skipping.
2026-07-29 09:49:26 - DEBUG - process - Input 'doc_non_energy_per_ask_short_range_hydrogen' not found in process parameters; skipping.
2026-07-29 09:49:26 - DEBUG - process - Input 'doc_non_energy_per_ask_short_range_electric' not found in process parameters; skipping.
2026-07-29 09:49:26 - DEBUG - process - Input 'doc_non_energy_per_ask_short_range_mean' not found in process parameters; skipping.
2026-07-29 09:49:26 - DEBUG - process - Input 'doc_non_energy_per_ask_medium_range_dropin_fuel' not found in process parameters; skipping.
2026-07-29 09:49:26 - DEBUG - process - Input 'doc_non_energy_per_ask_medium_range_hydrogen' not found in process parameters; skipping.
2026-07-29 09:49:26 - DEBUG - process - Input 'doc_non_energy_per_ask_medium_range_electric' not found in process parameters; skipping.
2026-07-29 09:49:26 - DEBUG - process - Input 'doc_non_energy_per_ask_medium_range_mean' not found in process parameters; skipping.
2026-07-29 09:49:26 - DEBUG - process - Input 'doc_non_energy_per_ask_long_range_dropin_fuel' not found in process parameters; skipping.
2026-07-29 09:49:26 - DEBUG - process - Input 'doc_non_energy_per_ask_long_range_hydrogen' not found in process parameters; skipping.
2026-07-29 09:49:26 - DEBUG - process - Input 'doc_non_energy_per_ask_long_range_electric' not found in process parameters; skipping.
2026-07-29 09:49:26 - DEBUG - process - Input 'doc_non_energy_per_ask_long_range_mean' not found in process parameters; skipping.
2026-07-29 09:49:26 - DEBUG - process - Input 'doc_non_energy_per_ask_mean' not found in process parameters; skipping.
2026-07-29 09:49:26 - DEBUG - process - Input 'generic_biofuel_energy_consumption' not found in process parameters; skipping.
2026-07-29 09:49:26 - DEBUG - process - Input 'generic_biofuel_energy_production_commissioned' not found in process parameters; skipping.
2026-07-29 09:49:26 - DEBUG - process - Input 'generic_biofuel_energy_unused' not found in process parameters; skipping.
2026-07-29 09:49:26 - DEBUG - process - Input 'electrofuel_energy_consumption' not found in process parameters; skipping.
2026-07-29 09:49:26 - DEBUG - process - Input 'electrofuel_energy_production_commissioned' not found in process parameters; skipping.
2026-07-29 09:49:26 - DEBUG - process - Input 'electrofuel_energy_unused' not found in process parameters; skipping.
2026-07-29 09:49:26 - DEBUG - process - Input 'fossil_kerosene_energy_consumption' not found in process parameters; skipping.
2026-07-29 09:49:26 - INFO - processes_assembly - Computing scenario: Exogenous growth (ICAO LTAG)
2026-07-29 09:49:26 - INFO - process - Running MDA
2026-07-29 09:49:31 - INFO - process - Running MDA
2026-07-29 09:49:37 - INFO - base_mda_solver - MDAGaussSeidel running... Normalized residual norm = 1.00e+00 (iter. 1)
2026-07-29 09:49:38 - INFO - base_mda_solver - MDAGaussSeidel running... Normalized residual norm = 8.13e-02 (iter. 2)
2026-07-29 09:49:39 - INFO - base_mda_solver - MDAGaussSeidel running... Normalized residual norm = 6.57e-03 (iter. 3)
2026-07-29 09:49:40 - INFO - base_mda_solver - MDAGaussSeidel running... Normalized residual norm = 5.31e-04 (iter. 4)
2026-07-29 09:49:41 - INFO - base_mda_solver - MDAGaussSeidel running... Normalized residual norm = 4.29e-05 (iter. 5)
2026-07-29 09:49:42 - INFO - base_mda_solver - MDAGaussSeidel running... Normalized residual norm = 3.49e-06 (iter. 6)
2026-07-29 09:49:43 - INFO - base_mda_solver - MDAGaussSeidel running... Normalized residual norm = 4.69e-07 (iter. 7)
2026-07-29 09:49:45 - INFO - base_mda_solver - MDAGaussSeidel running... Normalized residual norm = 3.76e-07 (iter. 8)
2026-07-29 09:49:46 - INFO - base_mda_solver - MDAGaussSeidel running... Normalized residual norm = 3.76e-07 (iter. 9)
2026-07-29 09:49:47 - INFO - base_mda_solver - MDAGaussSeidel running... Normalized residual norm = 3.76e-07 (iter. 10)
2026-07-29 09:49:48 - INFO - base_mda_solver - MDAGaussSeidel running... Normalized residual norm = 3.76e-07 (iter. 11)
2026-07-29 09:49:49 - INFO - base_mda_solver - MDAGaussSeidel running... Normalized residual norm = 3.76e-07 (iter. 12)
2026-07-29 09:49:50 - INFO - base_mda_solver - MDAGaussSeidel running... Normalized residual norm = 3.76e-07 (iter. 13)
2026-07-29 09:49:51 - INFO - base_mda_solver - MDAGaussSeidel running... Normalized residual norm = 3.76e-07 (iter. 14)
2026-07-29 09:49:52 - INFO - base_mda_solver - MDAGaussSeidel running... Normalized residual norm = 3.76e-07 (iter. 15)
2026-07-29 09:49:53 - INFO - base_mda_solver - MDAGaussSeidel running... Normalized residual norm = 3.76e-07 (iter. 16)
2026-07-29 09:49:54 - INFO - base_mda_solver - MDAGaussSeidel running... Normalized residual norm = 3.76e-07 (iter. 17)
2026-07-29 09:49:56 - INFO - base_mda_solver - MDAGaussSeidel running... Normalized residual norm = 3.76e-07 (iter. 18)
2026-07-29 09:49:57 - INFO - base_mda_solver - MDAGaussSeidel running... Normalized residual norm = 3.76e-07 (iter. 19)
2026-07-29 09:49:58 - INFO - base_mda_solver - MDAGaussSeidel running... Normalized residual norm = 3.76e-07 (iter. 20)
2026-07-29 09:49:59 - INFO - base_mda_solver - MDAGaussSeidel running... Normalized residual norm = 3.76e-07 (iter. 21)
2026-07-29 09:50:00 - INFO - base_mda_solver - MDAGaussSeidel running... Normalized residual norm = 3.76e-07 (iter. 22)
2026-07-29 09:50:01 - INFO - base_mda_solver - MDAGaussSeidel running... Normalized residual norm = 3.76e-07 (iter. 23)
2026-07-29 09:50:01 - WARNING - base_mda_solver - MDAGaussSeidel has reached its maximum number of unsuccessful iterations, but the normalized residual norm 3.7558807284187085e-07 is still above the tolerance 1e-10.
2026-07-29 09:50:03 - DEBUG - process - Input 'ask' not found in process parameters; skipping.
2026-07-29 09:50:03 - DEBUG - process - Input 'ask_short_range' not found in process parameters; skipping.
2026-07-29 09:50:03 - DEBUG - process - Input 'ask_medium_range' not found in process parameters; skipping.
2026-07-29 09:50:03 - DEBUG - process - Input 'ask_long_range' not found in process parameters; skipping.
2026-07-29 09:50:03 - DEBUG - process - Input 'co2_emissions' not found in process parameters; skipping.
2026-07-29 09:50:03 - DEBUG - process - Input 'load_factor' not found in process parameters; skipping.
2026-07-29 09:50:03 - DEBUG - process - Input 'rpk_short_range' not found in process parameters; skipping.
2026-07-29 09:50:03 - DEBUG - process - Input 'rpk_medium_range' not found in process parameters; skipping.
2026-07-29 09:50:03 - DEBUG - process - Input 'rpk_long_range' not found in process parameters; skipping.
2026-07-29 09:50:03 - DEBUG - process - Input 'dropin_fuel_mean_co2_emission_factor' not found in process parameters; skipping.
2026-07-29 09:50:03 - DEBUG - process - Input 'hydrogen_mean_co2_emission_factor' not found in process parameters; skipping.
2026-07-29 09:50:03 - DEBUG - process - Input 'electric_mean_co2_emission_factor' not found in process parameters; skipping.
2026-07-29 09:50:03 - DEBUG - process - Input 'dropin_fuel_mean_mfsp' not found in process parameters; skipping.
2026-07-29 09:50:03 - DEBUG - process - Input 'hydrogen_mean_mfsp' not found in process parameters; skipping.
2026-07-29 09:50:03 - DEBUG - process - Input 'electric_mean_mfsp' not found in process parameters; skipping.
2026-07-29 09:50:03 - DEBUG - process - Input 'dropin_fuel_mean_unit_carbon_tax' not found in process parameters; skipping.
2026-07-29 09:50:03 - DEBUG - process - Input 'hydrogen_mean_unit_carbon_tax' not found in process parameters; skipping.
2026-07-29 09:50:03 - DEBUG - process - Input 'electric_mean_unit_carbon_tax' not found in process parameters; skipping.
2026-07-29 09:50:03 - DEBUG - process - Input 'doc_non_energy_per_ask_mean' not found in process parameters; skipping.
2026-07-29 09:50:03 - DEBUG - process - Input 'doc_non_energy_per_ask_short_range_mean' not found in process parameters; skipping.
2026-07-29 09:50:03 - DEBUG - process - Input 'doc_non_energy_per_ask_medium_range_mean' not found in process parameters; skipping.
2026-07-29 09:50:03 - DEBUG - process - Input 'doc_non_energy_per_ask_long_range_mean' not found in process parameters; skipping.
2026-07-29 09:50:03 - DEBUG - process - Input 'rpk' not found in process parameters; skipping.
2026-07-29 09:50:03 - DEBUG - process - Input 'generic_biofuel_energy_consumption' not found in process parameters; skipping.
2026-07-29 09:50:03 - DEBUG - process - Input 'generic_biofuel_energy_production_commissioned' not found in process parameters; skipping.
2026-07-29 09:50:03 - DEBUG - process - Input 'generic_biofuel_energy_unused' not found in process parameters; skipping.
2026-07-29 09:50:03 - DEBUG - process - Input 'electrofuel_energy_consumption' not found in process parameters; skipping.
2026-07-29 09:50:03 - DEBUG - process - Input 'electrofuel_energy_production_commissioned' not found in process parameters; skipping.
2026-07-29 09:50:03 - DEBUG - process - Input 'electrofuel_energy_unused' not found in process parameters; skipping.
2026-07-29 09:50:03 - DEBUG - process - Input 'fossil_kerosene_energy_consumption' not found in process parameters; skipping.
2026-07-29 09:50:04 - INFO - process - Running MDA
2026-07-29 09:50:10 - INFO - base_mda_solver - MDAGaussSeidel running... Normalized residual norm = 1.00e+00 (iter. 1)
2026-07-29 09:50:11 - INFO - base_mda_solver - MDAGaussSeidel running... Normalized residual norm = 3.86e-01 (iter. 2)
2026-07-29 09:50:12 - INFO - base_mda_solver - MDAGaussSeidel running... Normalized residual norm = 1.54e-01 (iter. 3)
2026-07-29 09:50:13 - INFO - base_mda_solver - MDAGaussSeidel running... Normalized residual norm = 6.05e-02 (iter. 4)
2026-07-29 09:50:14 - INFO - base_mda_solver - MDAGaussSeidel running... Normalized residual norm = 2.39e-02 (iter. 5)
2026-07-29 09:50:15 - INFO - base_mda_solver - MDAGaussSeidel running... Normalized residual norm = 9.44e-03 (iter. 6)
2026-07-29 09:50:16 - INFO - base_mda_solver - MDAGaussSeidel running... Normalized residual norm = 3.73e-03 (iter. 7)
2026-07-29 09:50:18 - INFO - base_mda_solver - MDAGaussSeidel running... Normalized residual norm = 1.47e-03 (iter. 8)
2026-07-29 09:50:19 - INFO - base_mda_solver - MDAGaussSeidel running... Normalized residual norm = 5.82e-04 (iter. 9)
2026-07-29 09:50:20 - INFO - base_mda_solver - MDAGaussSeidel running... Normalized residual norm = 2.30e-04 (iter. 10)
2026-07-29 09:50:21 - INFO - base_mda_solver - MDAGaussSeidel running... Normalized residual norm = 9.08e-05 (iter. 11)
2026-07-29 09:50:22 - INFO - base_mda_solver - MDAGaussSeidel running... Normalized residual norm = 3.59e-05 (iter. 12)
2026-07-29 09:50:23 - INFO - base_mda_solver - MDAGaussSeidel running... Normalized residual norm = 1.42e-05 (iter. 13)
2026-07-29 09:50:24 - INFO - base_mda_solver - MDAGaussSeidel running... Normalized residual norm = 5.61e-06 (iter. 14)
2026-07-29 09:50:25 - INFO - base_mda_solver - MDAGaussSeidel running... Normalized residual norm = 2.23e-06 (iter. 15)
2026-07-29 09:50:26 - INFO - base_mda_solver - MDAGaussSeidel running... Normalized residual norm = 9.08e-07 (iter. 16)
2026-07-29 09:50:27 - INFO - base_mda_solver - MDAGaussSeidel running... Normalized residual norm = 4.21e-07 (iter. 17)
2026-07-29 09:50:28 - INFO - base_mda_solver - MDAGaussSeidel running... Normalized residual norm = 2.76e-07 (iter. 18)
2026-07-29 09:50:30 - INFO - base_mda_solver - MDAGaussSeidel running... Normalized residual norm = 2.45e-07 (iter. 19)
2026-07-29 09:50:31 - INFO - base_mda_solver - MDAGaussSeidel running... Normalized residual norm = 2.40e-07 (iter. 20)
2026-07-29 09:50:32 - INFO - base_mda_solver - MDAGaussSeidel running... Normalized residual norm = 2.39e-07 (iter. 21)
2026-07-29 09:50:33 - INFO - base_mda_solver - MDAGaussSeidel running... Normalized residual norm = 2.39e-07 (iter. 22)
2026-07-29 09:50:34 - INFO - base_mda_solver - MDAGaussSeidel running... Normalized residual norm = 2.39e-07 (iter. 23)
2026-07-29 09:50:35 - INFO - base_mda_solver - MDAGaussSeidel running... Normalized residual norm = 2.39e-07 (iter. 24)
2026-07-29 09:50:36 - INFO - base_mda_solver - MDAGaussSeidel running... Normalized residual norm = 2.39e-07 (iter. 25)
2026-07-29 09:50:37 - INFO - base_mda_solver - MDAGaussSeidel running... Normalized residual norm = 2.39e-07 (iter. 26)
2026-07-29 09:50:39 - INFO - base_mda_solver - MDAGaussSeidel running... Normalized residual norm = 2.39e-07 (iter. 27)
2026-07-29 09:50:40 - INFO - base_mda_solver - MDAGaussSeidel running... Normalized residual norm = 2.39e-07 (iter. 28)
2026-07-29 09:50:41 - INFO - base_mda_solver - MDAGaussSeidel running... Normalized residual norm = 2.39e-07 (iter. 29)
2026-07-29 09:50:42 - INFO - base_mda_solver - MDAGaussSeidel running... Normalized residual norm = 2.39e-07 (iter. 30)
2026-07-29 09:50:43 - INFO - base_mda_solver - MDAGaussSeidel running... Normalized residual norm = 2.39e-07 (iter. 31)
2026-07-29 09:50:44 - INFO - base_mda_solver - MDAGaussSeidel running... Normalized residual norm = 2.39e-07 (iter. 32)
2026-07-29 09:50:45 - INFO - base_mda_solver - MDAGaussSeidel running... Normalized residual norm = 2.39e-07 (iter. 33)
2026-07-29 09:50:46 - INFO - base_mda_solver - MDAGaussSeidel running... Normalized residual norm = 2.39e-07 (iter. 34)
2026-07-29 09:50:47 - INFO - base_mda_solver - MDAGaussSeidel running... Normalized residual norm = 2.39e-07 (iter. 35)
2026-07-29 09:50:48 - INFO - base_mda_solver - MDAGaussSeidel running... Normalized residual norm = 2.39e-07 (iter. 36)
2026-07-29 09:50:49 - INFO - base_mda_solver - MDAGaussSeidel running... Normalized residual norm = 2.39e-07 (iter. 37)
2026-07-29 09:50:51 - INFO - base_mda_solver - MDAGaussSeidel running... Normalized residual norm = 2.39e-07 (iter. 38)
2026-07-29 09:50:52 - INFO - base_mda_solver - MDAGaussSeidel running... Normalized residual norm = 2.39e-07 (iter. 39)
2026-07-29 09:50:53 - INFO - base_mda_solver - MDAGaussSeidel running... Normalized residual norm = 2.39e-07 (iter. 40)
2026-07-29 09:50:54 - INFO - base_mda_solver - MDAGaussSeidel running... Normalized residual norm = 2.39e-07 (iter. 41)
2026-07-29 09:50:55 - INFO - base_mda_solver - MDAGaussSeidel running... Normalized residual norm = 2.39e-07 (iter. 42)
2026-07-29 09:50:56 - INFO - base_mda_solver - MDAGaussSeidel running... Normalized residual norm = 2.39e-07 (iter. 43)
2026-07-29 09:50:57 - INFO - base_mda_solver - MDAGaussSeidel running... Normalized residual norm = 2.39e-07 (iter. 44)
2026-07-29 09:50:58 - INFO - base_mda_solver - MDAGaussSeidel running... Normalized residual norm = 2.39e-07 (iter. 45)
2026-07-29 09:50:58 - WARNING - base_mda_solver - MDAGaussSeidel has reached its maximum number of unsuccessful iterations, but the normalized residual norm 2.391394177013797e-07 is still above the tolerance 1e-10.
2026-07-29 09:51:01 - DEBUG - process - Input 'ask' not found in process parameters; skipping.
2026-07-29 09:51:01 - DEBUG - process - Input 'ask_short_range' not found in process parameters; skipping.
2026-07-29 09:51:01 - DEBUG - process - Input 'ask_medium_range' not found in process parameters; skipping.
2026-07-29 09:51:01 - DEBUG - process - Input 'ask_long_range' not found in process parameters; skipping.
2026-07-29 09:51:01 - DEBUG - process - Input 'co2_emissions' not found in process parameters; skipping.
2026-07-29 09:51:01 - DEBUG - process - Input 'load_factor' not found in process parameters; skipping.
2026-07-29 09:51:01 - DEBUG - process - Input 'rpk_short_range' not found in process parameters; skipping.
2026-07-29 09:51:01 - DEBUG - process - Input 'rpk_medium_range' not found in process parameters; skipping.
2026-07-29 09:51:01 - DEBUG - process - Input 'rpk_long_range' not found in process parameters; skipping.
2026-07-29 09:51:01 - DEBUG - process - Input 'dropin_fuel_mean_co2_emission_factor' not found in process parameters; skipping.
2026-07-29 09:51:01 - DEBUG - process - Input 'hydrogen_mean_co2_emission_factor' not found in process parameters; skipping.
2026-07-29 09:51:01 - DEBUG - process - Input 'electric_mean_co2_emission_factor' not found in process parameters; skipping.
2026-07-29 09:51:01 - DEBUG - process - Input 'dropin_fuel_mean_mfsp' not found in process parameters; skipping.
2026-07-29 09:51:01 - DEBUG - process - Input 'hydrogen_mean_mfsp' not found in process parameters; skipping.
2026-07-29 09:51:01 - DEBUG - process - Input 'electric_mean_mfsp' not found in process parameters; skipping.
2026-07-29 09:51:01 - DEBUG - process - Input 'dropin_fuel_mean_unit_carbon_tax' not found in process parameters; skipping.
2026-07-29 09:51:01 - DEBUG - process - Input 'hydrogen_mean_unit_carbon_tax' not found in process parameters; skipping.
2026-07-29 09:51:01 - DEBUG - process - Input 'electric_mean_unit_carbon_tax' not found in process parameters; skipping.
2026-07-29 09:51:01 - DEBUG - process - Input 'doc_non_energy_per_ask_mean' not found in process parameters; skipping.
2026-07-29 09:51:01 - DEBUG - process - Input 'doc_non_energy_per_ask_short_range_mean' not found in process parameters; skipping.
2026-07-29 09:51:01 - DEBUG - process - Input 'doc_non_energy_per_ask_medium_range_mean' not found in process parameters; skipping.
2026-07-29 09:51:01 - DEBUG - process - Input 'doc_non_energy_per_ask_long_range_mean' not found in process parameters; skipping.
2026-07-29 09:51:01 - DEBUG - process - Input 'rpk' not found in process parameters; skipping.
2026-07-29 09:51:01 - DEBUG - process - Input 'generic_biofuel_energy_consumption' not found in process parameters; skipping.
2026-07-29 09:51:01 - DEBUG - process - Input 'generic_biofuel_energy_production_commissioned' not found in process parameters; skipping.
2026-07-29 09:51:01 - DEBUG - process - Input 'generic_biofuel_energy_unused' not found in process parameters; skipping.
2026-07-29 09:51:01 - DEBUG - process - Input 'electrofuel_energy_consumption' not found in process parameters; skipping.
2026-07-29 09:51:01 - DEBUG - process - Input 'electrofuel_energy_production_commissioned' not found in process parameters; skipping.
2026-07-29 09:51:01 - DEBUG - process - Input 'electrofuel_energy_unused' not found in process parameters; skipping.
2026-07-29 09:51:01 - DEBUG - process - Input 'fossil_kerosene_energy_consumption' not found in process parameters; skipping.
2026-07-29 09:51:01 - INFO - process - Running MDA
2026-07-29 09:51:07 - INFO - base_mda_solver - MDAGaussSeidel running... Normalized residual norm = 1.00e+00 (iter. 1)
2026-07-29 09:51:08 - INFO - base_mda_solver - MDAGaussSeidel running... Normalized residual norm = 5.97e-02 (iter. 2)
2026-07-29 09:51:09 - INFO - base_mda_solver - MDAGaussSeidel running... Normalized residual norm = 3.59e-03 (iter. 3)
2026-07-29 09:51:10 - INFO - base_mda_solver - MDAGaussSeidel running... Normalized residual norm = 2.17e-04 (iter. 4)
2026-07-29 09:51:11 - INFO - base_mda_solver - MDAGaussSeidel running... Normalized residual norm = 1.31e-05 (iter. 5)
2026-07-29 09:51:12 - INFO - base_mda_solver - MDAGaussSeidel running... Normalized residual norm = 1.01e-06 (iter. 6)
2026-07-29 09:51:14 - INFO - base_mda_solver - MDAGaussSeidel running... Normalized residual norm = 6.30e-07 (iter. 7)
2026-07-29 09:51:15 - INFO - base_mda_solver - MDAGaussSeidel running... Normalized residual norm = 6.29e-07 (iter. 8)
2026-07-29 09:51:16 - INFO - base_mda_solver - MDAGaussSeidel running... Normalized residual norm = 6.29e-07 (iter. 9)
2026-07-29 09:51:17 - INFO - base_mda_solver - MDAGaussSeidel running... Normalized residual norm = 6.29e-07 (iter. 10)
2026-07-29 09:51:18 - INFO - base_mda_solver - MDAGaussSeidel running... Normalized residual norm = 6.29e-07 (iter. 11)
2026-07-29 09:51:19 - INFO - base_mda_solver - MDAGaussSeidel running... Normalized residual norm = 6.29e-07 (iter. 12)
2026-07-29 09:51:20 - INFO - base_mda_solver - MDAGaussSeidel running... Normalized residual norm = 6.29e-07 (iter. 13)
2026-07-29 09:51:21 - INFO - base_mda_solver - MDAGaussSeidel running... Normalized residual norm = 6.29e-07 (iter. 14)
2026-07-29 09:51:22 - INFO - base_mda_solver - MDAGaussSeidel running... Normalized residual norm = 6.29e-07 (iter. 15)
2026-07-29 09:51:23 - INFO - base_mda_solver - MDAGaussSeidel running... Normalized residual norm = 6.29e-07 (iter. 16)
2026-07-29 09:51:25 - INFO - base_mda_solver - MDAGaussSeidel running... Normalized residual norm = 6.29e-07 (iter. 17)
2026-07-29 09:51:26 - INFO - base_mda_solver - MDAGaussSeidel running... Normalized residual norm = 6.29e-07 (iter. 18)
2026-07-29 09:51:27 - INFO - base_mda_solver - MDAGaussSeidel running... Normalized residual norm = 6.29e-07 (iter. 19)
2026-07-29 09:51:28 - INFO - base_mda_solver - MDAGaussSeidel running... Normalized residual norm = 6.29e-07 (iter. 20)
2026-07-29 09:51:29 - INFO - base_mda_solver - MDAGaussSeidel running... Normalized residual norm = 6.29e-07 (iter. 21)
2026-07-29 09:51:29 - WARNING - base_mda_solver - MDAGaussSeidel has reached its maximum number of unsuccessful iterations, but the normalized residual norm 6.28508674431346e-07 is still above the tolerance 1e-10.
2026-07-29 09:51:31 - DEBUG - process - Input 'ask' not found in process parameters; skipping.
2026-07-29 09:51:31 - DEBUG - process - Input 'ask_short_range' not found in process parameters; skipping.
2026-07-29 09:51:31 - DEBUG - process - Input 'ask_medium_range' not found in process parameters; skipping.
2026-07-29 09:51:31 - DEBUG - process - Input 'ask_long_range' not found in process parameters; skipping.
2026-07-29 09:51:31 - DEBUG - process - Input 'co2_emissions' not found in process parameters; skipping.
2026-07-29 09:51:31 - DEBUG - process - Input 'load_factor' not found in process parameters; skipping.
2026-07-29 09:51:31 - DEBUG - process - Input 'rpk_short_range' not found in process parameters; skipping.
2026-07-29 09:51:31 - DEBUG - process - Input 'rpk_medium_range' not found in process parameters; skipping.
2026-07-29 09:51:31 - DEBUG - process - Input 'rpk_long_range' not found in process parameters; skipping.
2026-07-29 09:51:31 - DEBUG - process - Input 'dropin_fuel_mean_co2_emission_factor' not found in process parameters; skipping.
2026-07-29 09:51:31 - DEBUG - process - Input 'hydrogen_mean_co2_emission_factor' not found in process parameters; skipping.
2026-07-29 09:51:31 - DEBUG - process - Input 'electric_mean_co2_emission_factor' not found in process parameters; skipping.
2026-07-29 09:51:31 - DEBUG - process - Input 'dropin_fuel_mean_mfsp' not found in process parameters; skipping.
2026-07-29 09:51:31 - DEBUG - process - Input 'hydrogen_mean_mfsp' not found in process parameters; skipping.
2026-07-29 09:51:31 - DEBUG - process - Input 'electric_mean_mfsp' not found in process parameters; skipping.
2026-07-29 09:51:31 - DEBUG - process - Input 'dropin_fuel_mean_unit_carbon_tax' not found in process parameters; skipping.
2026-07-29 09:51:31 - DEBUG - process - Input 'hydrogen_mean_unit_carbon_tax' not found in process parameters; skipping.
2026-07-29 09:51:31 - DEBUG - process - Input 'electric_mean_unit_carbon_tax' not found in process parameters; skipping.
2026-07-29 09:51:31 - DEBUG - process - Input 'doc_non_energy_per_ask_mean' not found in process parameters; skipping.
2026-07-29 09:51:31 - DEBUG - process - Input 'doc_non_energy_per_ask_short_range_mean' not found in process parameters; skipping.
2026-07-29 09:51:31 - DEBUG - process - Input 'doc_non_energy_per_ask_medium_range_mean' not found in process parameters; skipping.
2026-07-29 09:51:31 - DEBUG - process - Input 'doc_non_energy_per_ask_long_range_mean' not found in process parameters; skipping.
2026-07-29 09:51:31 - DEBUG - process - Input 'rpk' not found in process parameters; skipping.
2026-07-29 09:51:31 - DEBUG - process - Input 'generic_biofuel_energy_consumption' not found in process parameters; skipping.
2026-07-29 09:51:31 - DEBUG - process - Input 'generic_biofuel_energy_production_commissioned' not found in process parameters; skipping.
2026-07-29 09:51:31 - DEBUG - process - Input 'generic_biofuel_energy_unused' not found in process parameters; skipping.
2026-07-29 09:51:31 - DEBUG - process - Input 'electrofuel_energy_consumption' not found in process parameters; skipping.
2026-07-29 09:51:31 - DEBUG - process - Input 'electrofuel_energy_production_commissioned' not found in process parameters; skipping.
2026-07-29 09:51:31 - DEBUG - process - Input 'electrofuel_energy_unused' not found in process parameters; skipping.
2026-07-29 09:51:31 - DEBUG - process - Input 'fossil_kerosene_energy_consumption' not found in process parameters; skipping.
2026-07-29 09:51:32 - INFO - functions - \U0001f9f9 clean_notebooks_on_tests called
2026-07-29 09:51:32 - INFO - functions - \u23ed Skipping cleanup during notebook run
2026-07-29 09:51:49 - DEBUG - backend_pdf - Assigning font /F1 = 'C:\\Users\\i.costa-alves\\Documents\\Kodigus\\Python_v3_11\\Lib\\site-packages\\matplotlib\\mpl-data\\fonts\\ttf\\DejaVuSans.ttf'
2026-07-29 09:51:49 - DEBUG - backend_pdf - Embedding font C:\Users\i.costa-alves\Documents\Kodigus\Python_v3_11\Lib\site-packages\matplotlib\mpl-data\fonts\ttf\DejaVuSans.ttf.
2026-07-29 09:51:49 - DEBUG - backend_pdf - Writing TrueType font.
2026-07-29 09:51:49 - INFO - process - Loaded custom model 'socioeconomic_drivers' from 'C:\Users\i.costa-alves\Documents\Kodigus\aeromaps\AeroMAPS\aeromaps\notebooks\publications\wctr_2026\models\socioeconomic_drivers.py'
2026-07-29 09:51:50 - INFO - process - Loaded custom model 'socioeconomic_drivers' from 'C:\Users\i.costa-alves\Documents\Kodigus\aeromaps\AeroMAPS\aeromaps\notebooks\publications\wctr_2026\models\socioeconomic_drivers.py'
2026-07-29 09:51:50 - INFO - process - Loaded custom model 'socioeconomic_drivers' from 'C:\Users\i.costa-alves\Documents\Kodigus\aeromaps\AeroMAPS\aeromaps\notebooks\publications\wctr_2026\models\socioeconomic_drivers.py'
2026-07-29 09:51:51 - INFO - process - Loaded custom model 'socioeconomic_drivers' from 'C:\Users\i.costa-alves\Documents\Kodigus\aeromaps\AeroMAPS\aeromaps\notebooks\publications\wctr_2026\models\socioeconomic_drivers.py'
2026-07-29 09:51:51 - INFO - process - Loaded custom model 'socioeconomic_drivers' from 'C:\Users\i.costa-alves\Documents\Kodigus\aeromaps\AeroMAPS\aeromaps\notebooks\publications\wctr_2026\models\socioeconomic_drivers.py'
2026-07-29 09:51:51 - INFO - process - Loaded custom model 'socioeconomic_drivers' from 'C:\Users\i.costa-alves\Documents\Kodigus\aeromaps\AeroMAPS\aeromaps\notebooks\publications\wctr_2026\models\socioeconomic_drivers.py'
2026-07-29 09:51:52 - INFO - processes_assembly - Computing scenario: FOSSIL (SSP2-19)
2026-07-29 09:51:52 - INFO - process - Running MDA
2026-07-29 09:51:58 - INFO - base_mda_solver - MDAGaussSeidel running... Normalized residual norm = 1.00e+00 (iter. 1)
2026-07-29 09:51:59 - INFO - base_mda_solver - MDAGaussSeidel running... Normalized residual norm = 7.09e-08 (iter. 2)
2026-07-29 09:52:00 - INFO - base_mda_solver - MDAGaussSeidel running... Normalized residual norm = 7.09e-08 (iter. 3)
2026-07-29 09:52:01 - INFO - base_mda_solver - MDAGaussSeidel running... Normalized residual norm = 7.09e-08 (iter. 4)
2026-07-29 09:52:03 - INFO - base_mda_solver - MDAGaussSeidel running... Normalized residual norm = 7.09e-08 (iter. 5)
2026-07-29 09:52:04 - INFO - base_mda_solver - MDAGaussSeidel running... Normalized residual norm = 7.09e-08 (iter. 6)
2026-07-29 09:52:05 - INFO - base_mda_solver - MDAGaussSeidel running... Normalized residual norm = 7.09e-08 (iter. 7)
2026-07-29 09:52:06 - INFO - base_mda_solver - MDAGaussSeidel running... Normalized residual norm = 7.09e-08 (iter. 8)
2026-07-29 09:52:07 - INFO - base_mda_solver - MDAGaussSeidel running... Normalized residual norm = 7.09e-08 (iter. 9)
2026-07-29 09:52:08 - INFO - base_mda_solver - MDAGaussSeidel running... Normalized residual norm = 7.09e-08 (iter. 10)
2026-07-29 09:52:08 - WARNING - base_mda_solver - MDAGaussSeidel has reached its maximum number of unsuccessful iterations, but the normalized residual norm 7.08867564667088e-08 is still above the tolerance 1e-10.
2026-07-29 09:52:10 - DEBUG - process - Input 'ask' not found in process parameters; skipping.
2026-07-29 09:52:10 - DEBUG - process - Input 'ask_short_range' not found in process parameters; skipping.
2026-07-29 09:52:10 - DEBUG - process - Input 'ask_medium_range' not found in process parameters; skipping.
2026-07-29 09:52:10 - DEBUG - process - Input 'ask_long_range' not found in process parameters; skipping.
2026-07-29 09:52:10 - DEBUG - process - Input 'co2_emissions' not found in process parameters; skipping.
2026-07-29 09:52:10 - DEBUG - process - Input 'load_factor' not found in process parameters; skipping.
2026-07-29 09:52:10 - DEBUG - process - Input 'rpk_short_range' not found in process parameters; skipping.
2026-07-29 09:52:10 - DEBUG - process - Input 'rpk_medium_range' not found in process parameters; skipping.
2026-07-29 09:52:10 - DEBUG - process - Input 'rpk_long_range' not found in process parameters; skipping.
2026-07-29 09:52:10 - DEBUG - process - Input 'dropin_fuel_mean_co2_emission_factor' not found in process parameters; skipping.
2026-07-29 09:52:10 - DEBUG - process - Input 'hydrogen_mean_co2_emission_factor' not found in process parameters; skipping.
2026-07-29 09:52:10 - DEBUG - process - Input 'electric_mean_co2_emission_factor' not found in process parameters; skipping.
2026-07-29 09:52:10 - DEBUG - process - Input 'dropin_fuel_mean_mfsp' not found in process parameters; skipping.
2026-07-29 09:52:10 - DEBUG - process - Input 'hydrogen_mean_mfsp' not found in process parameters; skipping.
2026-07-29 09:52:10 - DEBUG - process - Input 'electric_mean_mfsp' not found in process parameters; skipping.
2026-07-29 09:52:10 - DEBUG - process - Input 'dropin_fuel_mean_unit_carbon_tax' not found in process parameters; skipping.
2026-07-29 09:52:10 - DEBUG - process - Input 'hydrogen_mean_unit_carbon_tax' not found in process parameters; skipping.
2026-07-29 09:52:10 - DEBUG - process - Input 'electric_mean_unit_carbon_tax' not found in process parameters; skipping.
2026-07-29 09:52:10 - DEBUG - process - Input 'dropin_fuel_mean_unit_tax' not found in process parameters; skipping.
2026-07-29 09:52:10 - DEBUG - process - Input 'hydrogen_mean_unit_tax' not found in process parameters; skipping.
2026-07-29 09:52:10 - DEBUG - process - Input 'electric_mean_unit_tax' not found in process parameters; skipping.
2026-07-29 09:52:10 - DEBUG - process - Input 'dropin_fuel_mean_unit_subsidy' not found in process parameters; skipping.
2026-07-29 09:52:10 - DEBUG - process - Input 'hydrogen_mean_unit_subsidy' not found in process parameters; skipping.
2026-07-29 09:52:10 - DEBUG - process - Input 'electric_mean_unit_subsidy' not found in process parameters; skipping.
2026-07-29 09:52:10 - DEBUG - process - Input 'doc_non_energy_per_ask_short_range_dropin_fuel' not found in process parameters; skipping.
2026-07-29 09:52:10 - DEBUG - process - Input 'doc_non_energy_per_ask_short_range_hydrogen' not found in process parameters; skipping.
2026-07-29 09:52:10 - DEBUG - process - Input 'doc_non_energy_per_ask_short_range_electric' not found in process parameters; skipping.
2026-07-29 09:52:10 - DEBUG - process - Input 'doc_non_energy_per_ask_short_range_mean' not found in process parameters; skipping.
2026-07-29 09:52:10 - DEBUG - process - Input 'doc_non_energy_per_ask_medium_range_dropin_fuel' not found in process parameters; skipping.
2026-07-29 09:52:10 - DEBUG - process - Input 'doc_non_energy_per_ask_medium_range_hydrogen' not found in process parameters; skipping.
2026-07-29 09:52:10 - DEBUG - process - Input 'doc_non_energy_per_ask_medium_range_electric' not found in process parameters; skipping.
2026-07-29 09:52:10 - DEBUG - process - Input 'doc_non_energy_per_ask_medium_range_mean' not found in process parameters; skipping.
2026-07-29 09:52:10 - DEBUG - process - Input 'doc_non_energy_per_ask_long_range_dropin_fuel' not found in process parameters; skipping.
2026-07-29 09:52:10 - DEBUG - process - Input 'doc_non_energy_per_ask_long_range_hydrogen' not found in process parameters; skipping.
2026-07-29 09:52:10 - DEBUG - process - Input 'doc_non_energy_per_ask_long_range_electric' not found in process parameters; skipping.
2026-07-29 09:52:10 - DEBUG - process - Input 'doc_non_energy_per_ask_long_range_mean' not found in process parameters; skipping.
2026-07-29 09:52:10 - DEBUG - process - Input 'doc_non_energy_per_ask_mean' not found in process parameters; skipping.
2026-07-29 09:52:10 - DEBUG - process - Input 'generic_biofuel_energy_consumption' not found in process parameters; skipping.
2026-07-29 09:52:10 - DEBUG - process - Input 'generic_biofuel_energy_production_commissioned' not found in process parameters; skipping.
2026-07-29 09:52:10 - DEBUG - process - Input 'generic_biofuel_energy_unused' not found in process parameters; skipping.
2026-07-29 09:52:10 - DEBUG - process - Input 'electrofuel_energy_consumption' not found in process parameters; skipping.
2026-07-29 09:52:10 - DEBUG - process - Input 'electrofuel_energy_production_commissioned' not found in process parameters; skipping.
2026-07-29 09:52:10 - DEBUG - process - Input 'electrofuel_energy_unused' not found in process parameters; skipping.
2026-07-29 09:52:10 - DEBUG - process - Input 'fossil_kerosene_energy_consumption' not found in process parameters; skipping.
2026-07-29 09:52:10 - INFO - processes_assembly - Computing scenario: SAF (SSP2-19)
2026-07-29 09:52:10 - INFO - process - Running MDA
2026-07-29 09:52:16 - INFO - base_mda_solver - MDAGaussSeidel running... Normalized residual norm = 1.00e+00 (iter. 1)
2026-07-29 09:52:18 - INFO - base_mda_solver - MDAGaussSeidel running... Normalized residual norm = 1.44e-02 (iter. 2)
2026-07-29 09:52:19 - INFO - base_mda_solver - MDAGaussSeidel running... Normalized residual norm = 7.91e-02 (iter. 3)
2026-07-29 09:52:20 - INFO - base_mda_solver - MDAGaussSeidel running... Normalized residual norm = 1.03e-01 (iter. 4)
2026-07-29 09:52:21 - INFO - base_mda_solver - MDAGaussSeidel running... Normalized residual norm = 6.63e-02 (iter. 5)
2026-07-29 09:52:22 - INFO - base_mda_solver - MDAGaussSeidel running... Normalized residual norm = 6.85e-03 (iter. 6)
2026-07-29 09:52:24 - INFO - base_mda_solver - MDAGaussSeidel running... Normalized residual norm = 1.44e-02 (iter. 7)
2026-07-29 09:52:25 - INFO - base_mda_solver - MDAGaussSeidel running... Normalized residual norm = 1.29e-02 (iter. 8)
2026-07-29 09:52:26 - INFO - base_mda_solver - MDAGaussSeidel running... Normalized residual norm = 5.48e-03 (iter. 9)
2026-07-29 09:52:27 - INFO - base_mda_solver - MDAGaussSeidel running... Normalized residual norm = 1.77e-03 (iter. 10)
2026-07-29 09:52:28 - INFO - base_mda_solver - MDAGaussSeidel running... Normalized residual norm = 2.19e-03 (iter. 11)
2026-07-29 09:52:30 - INFO - base_mda_solver - MDAGaussSeidel running... Normalized residual norm = 1.49e-03 (iter. 12)
2026-07-29 09:52:31 - INFO - base_mda_solver - MDAGaussSeidel running... Normalized residual norm = 4.64e-04 (iter. 13)
2026-07-29 09:52:32 - INFO - base_mda_solver - MDAGaussSeidel running... Normalized residual norm = 3.36e-04 (iter. 14)
2026-07-29 09:52:33 - INFO - base_mda_solver - MDAGaussSeidel running... Normalized residual norm = 3.09e-04 (iter. 15)
2026-07-29 09:52:34 - INFO - base_mda_solver - MDAGaussSeidel running... Normalized residual norm = 1.60e-04 (iter. 16)
2026-07-29 09:52:36 - INFO - base_mda_solver - MDAGaussSeidel running... Normalized residual norm = 4.87e-05 (iter. 17)
2026-07-29 09:52:37 - INFO - base_mda_solver - MDAGaussSeidel running... Normalized residual norm = 5.58e-05 (iter. 18)
2026-07-29 09:52:38 - INFO - base_mda_solver - MDAGaussSeidel running... Normalized residual norm = 4.02e-05 (iter. 19)
2026-07-29 09:52:39 - INFO - base_mda_solver - MDAGaussSeidel running... Normalized residual norm = 1.59e-05 (iter. 20)
2026-07-29 09:52:41 - INFO - base_mda_solver - MDAGaussSeidel running... Normalized residual norm = 7.78e-06 (iter. 21)
2026-07-29 09:52:42 - INFO - base_mda_solver - MDAGaussSeidel running... Normalized residual norm = 8.40e-06 (iter. 22)
2026-07-29 09:52:43 - INFO - base_mda_solver - MDAGaussSeidel running... Normalized residual norm = 4.81e-06 (iter. 23)
2026-07-29 09:52:44 - INFO - base_mda_solver - MDAGaussSeidel running... Normalized residual norm = 1.53e-06 (iter. 24)
2026-07-29 09:52:46 - INFO - base_mda_solver - MDAGaussSeidel running... Normalized residual norm = 1.36e-06 (iter. 25)
2026-07-29 09:52:47 - INFO - base_mda_solver - MDAGaussSeidel running... Normalized residual norm = 1.16e-06 (iter. 26)
2026-07-29 09:52:48 - INFO - base_mda_solver - MDAGaussSeidel running... Normalized residual norm = 5.31e-07 (iter. 27)
2026-07-29 09:52:49 - INFO - base_mda_solver - MDAGaussSeidel running... Normalized residual norm = 2.05e-07 (iter. 28)
2026-07-29 09:52:51 - INFO - base_mda_solver - MDAGaussSeidel running... Normalized residual norm = 2.34e-07 (iter. 29)
2026-07-29 09:52:52 - INFO - base_mda_solver - MDAGaussSeidel running... Normalized residual norm = 1.69e-07 (iter. 30)
2026-07-29 09:52:53 - INFO - base_mda_solver - MDAGaussSeidel running... Normalized residual norm = 9.87e-08 (iter. 31)
2026-07-29 09:52:54 - INFO - base_mda_solver - MDAGaussSeidel running... Normalized residual norm = 8.94e-08 (iter. 32)
2026-07-29 09:52:55 - INFO - base_mda_solver - MDAGaussSeidel running... Normalized residual norm = 8.96e-08 (iter. 33)
2026-07-29 09:52:56 - INFO - base_mda_solver - MDAGaussSeidel running... Normalized residual norm = 8.54e-08 (iter. 34)
2026-07-29 09:52:58 - INFO - base_mda_solver - MDAGaussSeidel running... Normalized residual norm = 8.39e-08 (iter. 35)
2026-07-29 09:52:59 - INFO - base_mda_solver - MDAGaussSeidel running... Normalized residual norm = 8.39e-08 (iter. 36)
2026-07-29 09:53:00 - INFO - base_mda_solver - MDAGaussSeidel running... Normalized residual norm = 8.38e-08 (iter. 37)
2026-07-29 09:53:01 - INFO - base_mda_solver - MDAGaussSeidel running... Normalized residual norm = 8.37e-08 (iter. 38)
2026-07-29 09:53:02 - INFO - base_mda_solver - MDAGaussSeidel running... Normalized residual norm = 8.37e-08 (iter. 39)
2026-07-29 09:53:03 - INFO - base_mda_solver - MDAGaussSeidel running... Normalized residual norm = 8.37e-08 (iter. 40)
2026-07-29 09:53:04 - INFO - base_mda_solver - MDAGaussSeidel running... Normalized residual norm = 8.37e-08 (iter. 41)
2026-07-29 09:53:05 - INFO - base_mda_solver - MDAGaussSeidel running... Normalized residual norm = 8.37e-08 (iter. 42)
2026-07-29 09:53:06 - INFO - base_mda_solver - MDAGaussSeidel running... Normalized residual norm = 8.37e-08 (iter. 43)
2026-07-29 09:53:07 - INFO - base_mda_solver - MDAGaussSeidel running... Normalized residual norm = 8.37e-08 (iter. 44)
2026-07-29 09:53:08 - INFO - base_mda_solver - MDAGaussSeidel running... Normalized residual norm = 8.37e-08 (iter. 45)
2026-07-29 09:53:10 - INFO - base_mda_solver - MDAGaussSeidel running... Normalized residual norm = 8.37e-08 (iter. 46)
2026-07-29 09:53:11 - INFO - base_mda_solver - MDAGaussSeidel running... Normalized residual norm = 8.37e-08 (iter. 47)
2026-07-29 09:53:12 - INFO - base_mda_solver - MDAGaussSeidel running... Normalized residual norm = 8.37e-08 (iter. 48)
2026-07-29 09:53:13 - INFO - base_mda_solver - MDAGaussSeidel running... Normalized residual norm = 8.37e-08 (iter. 49)
2026-07-29 09:53:14 - INFO - base_mda_solver - MDAGaussSeidel running... Normalized residual norm = 8.37e-08 (iter. 50)
2026-07-29 09:53:15 - INFO - base_mda_solver - MDAGaussSeidel running... Normalized residual norm = 8.37e-08 (iter. 51)
2026-07-29 09:53:17 - INFO - base_mda_solver - MDAGaussSeidel running... Normalized residual norm = 8.37e-08 (iter. 52)
2026-07-29 09:53:18 - INFO - base_mda_solver - MDAGaussSeidel running... Normalized residual norm = 8.37e-08 (iter. 53)
2026-07-29 09:53:19 - INFO - base_mda_solver - MDAGaussSeidel running... Normalized residual norm = 8.37e-08 (iter. 54)
2026-07-29 09:53:20 - INFO - base_mda_solver - MDAGaussSeidel running... Normalized residual norm = 8.37e-08 (iter. 55)
2026-07-29 09:53:21 - INFO - base_mda_solver - MDAGaussSeidel running... Normalized residual norm = 8.37e-08 (iter. 56)
2026-07-29 09:53:22 - INFO - base_mda_solver - MDAGaussSeidel running... Normalized residual norm = 8.37e-08 (iter. 57)
2026-07-29 09:53:24 - INFO - base_mda_solver - MDAGaussSeidel running... Normalized residual norm = 8.37e-08 (iter. 58)
2026-07-29 09:53:25 - INFO - base_mda_solver - MDAGaussSeidel running... Normalized residual norm = 8.37e-08 (iter. 59)
2026-07-29 09:53:26 - INFO - base_mda_solver - MDAGaussSeidel running... Normalized residual norm = 8.37e-08 (iter. 60)
2026-07-29 09:53:27 - INFO - base_mda_solver - MDAGaussSeidel running... Normalized residual norm = 8.37e-08 (iter. 61)
2026-07-29 09:53:28 - INFO - base_mda_solver - MDAGaussSeidel running... Normalized residual norm = 8.37e-08 (iter. 62)
2026-07-29 09:53:30 - INFO - base_mda_solver - MDAGaussSeidel running... Normalized residual norm = 8.37e-08 (iter. 63)
2026-07-29 09:53:31 - INFO - base_mda_solver - MDAGaussSeidel running... Normalized residual norm = 8.37e-08 (iter. 64)
2026-07-29 09:53:32 - INFO - base_mda_solver - MDAGaussSeidel running... Normalized residual norm = 8.37e-08 (iter. 65)
2026-07-29 09:53:33 - INFO - base_mda_solver - MDAGaussSeidel running... Normalized residual norm = 8.37e-08 (iter. 66)
2026-07-29 09:53:34 - INFO - base_mda_solver - MDAGaussSeidel running... Normalized residual norm = 8.37e-08 (iter. 67)
2026-07-29 09:53:36 - INFO - base_mda_solver - MDAGaussSeidel running... Normalized residual norm = 8.37e-08 (iter. 68)
2026-07-29 09:53:37 - INFO - base_mda_solver - MDAGaussSeidel running... Normalized residual norm = 8.37e-08 (iter. 69)
2026-07-29 09:53:38 - INFO - base_mda_solver - MDAGaussSeidel running... Normalized residual norm = 8.37e-08 (iter. 70)
2026-07-29 09:53:39 - INFO - base_mda_solver - MDAGaussSeidel running... Normalized residual norm = 8.37e-08 (iter. 71)
2026-07-29 09:53:40 - INFO - base_mda_solver - MDAGaussSeidel running... Normalized residual norm = 8.37e-08 (iter. 72)
2026-07-29 09:53:41 - INFO - base_mda_solver - MDAGaussSeidel running... Normalized residual norm = 8.37e-08 (iter. 73)
2026-07-29 09:53:43 - INFO - base_mda_solver - MDAGaussSeidel running... Normalized residual norm = 8.37e-08 (iter. 74)
2026-07-29 09:53:44 - INFO - base_mda_solver - MDAGaussSeidel running... Normalized residual norm = 8.37e-08 (iter. 75)
2026-07-29 09:53:44 - WARNING - base_mda_solver - MDAGaussSeidel has reached its maximum number of unsuccessful iterations, but the normalized residual norm 8.372641399969226e-08 is still above the tolerance 1e-10.
2026-07-29 09:53:46 - DEBUG - process - Input 'ask' not found in process parameters; skipping.
2026-07-29 09:53:46 - DEBUG - process - Input 'ask_short_range' not found in process parameters; skipping.
2026-07-29 09:53:46 - DEBUG - process - Input 'ask_medium_range' not found in process parameters; skipping.
2026-07-29 09:53:46 - DEBUG - process - Input 'ask_long_range' not found in process parameters; skipping.
2026-07-29 09:53:46 - DEBUG - process - Input 'co2_emissions' not found in process parameters; skipping.
2026-07-29 09:53:46 - DEBUG - process - Input 'load_factor' not found in process parameters; skipping.
2026-07-29 09:53:46 - DEBUG - process - Input 'rpk_short_range' not found in process parameters; skipping.
2026-07-29 09:53:46 - DEBUG - process - Input 'rpk_medium_range' not found in process parameters; skipping.
2026-07-29 09:53:46 - DEBUG - process - Input 'rpk_long_range' not found in process parameters; skipping.
2026-07-29 09:53:46 - DEBUG - process - Input 'dropin_fuel_mean_co2_emission_factor' not found in process parameters; skipping.
2026-07-29 09:53:46 - DEBUG - process - Input 'hydrogen_mean_co2_emission_factor' not found in process parameters; skipping.
2026-07-29 09:53:46 - DEBUG - process - Input 'electric_mean_co2_emission_factor' not found in process parameters; skipping.
2026-07-29 09:53:46 - DEBUG - process - Input 'dropin_fuel_mean_mfsp' not found in process parameters; skipping.
2026-07-29 09:53:46 - DEBUG - process - Input 'hydrogen_mean_mfsp' not found in process parameters; skipping.
2026-07-29 09:53:46 - DEBUG - process - Input 'electric_mean_mfsp' not found in process parameters; skipping.
2026-07-29 09:53:46 - DEBUG - process - Input 'dropin_fuel_mean_unit_carbon_tax' not found in process parameters; skipping.
2026-07-29 09:53:46 - DEBUG - process - Input 'hydrogen_mean_unit_carbon_tax' not found in process parameters; skipping.
2026-07-29 09:53:46 - DEBUG - process - Input 'electric_mean_unit_carbon_tax' not found in process parameters; skipping.
2026-07-29 09:53:46 - DEBUG - process - Input 'dropin_fuel_mean_unit_tax' not found in process parameters; skipping.
2026-07-29 09:53:46 - DEBUG - process - Input 'hydrogen_mean_unit_tax' not found in process parameters; skipping.
2026-07-29 09:53:46 - DEBUG - process - Input 'electric_mean_unit_tax' not found in process parameters; skipping.
2026-07-29 09:53:46 - DEBUG - process - Input 'dropin_fuel_mean_unit_subsidy' not found in process parameters; skipping.
2026-07-29 09:53:46 - DEBUG - process - Input 'hydrogen_mean_unit_subsidy' not found in process parameters; skipping.
2026-07-29 09:53:46 - DEBUG - process - Input 'electric_mean_unit_subsidy' not found in process parameters; skipping.
2026-07-29 09:53:46 - DEBUG - process - Input 'doc_non_energy_per_ask_short_range_dropin_fuel' not found in process parameters; skipping.
2026-07-29 09:53:46 - DEBUG - process - Input 'doc_non_energy_per_ask_short_range_hydrogen' not found in process parameters; skipping.
2026-07-29 09:53:46 - DEBUG - process - Input 'doc_non_energy_per_ask_short_range_electric' not found in process parameters; skipping.
2026-07-29 09:53:46 - DEBUG - process - Input 'doc_non_energy_per_ask_short_range_mean' not found in process parameters; skipping.
2026-07-29 09:53:46 - DEBUG - process - Input 'doc_non_energy_per_ask_medium_range_dropin_fuel' not found in process parameters; skipping.
2026-07-29 09:53:46 - DEBUG - process - Input 'doc_non_energy_per_ask_medium_range_hydrogen' not found in process parameters; skipping.
2026-07-29 09:53:46 - DEBUG - process - Input 'doc_non_energy_per_ask_medium_range_electric' not found in process parameters; skipping.
2026-07-29 09:53:46 - DEBUG - process - Input 'doc_non_energy_per_ask_medium_range_mean' not found in process parameters; skipping.
2026-07-29 09:53:46 - DEBUG - process - Input 'doc_non_energy_per_ask_long_range_dropin_fuel' not found in process parameters; skipping.
2026-07-29 09:53:46 - DEBUG - process - Input 'doc_non_energy_per_ask_long_range_hydrogen' not found in process parameters; skipping.
2026-07-29 09:53:46 - DEBUG - process - Input 'doc_non_energy_per_ask_long_range_electric' not found in process parameters; skipping.
2026-07-29 09:53:46 - DEBUG - process - Input 'doc_non_energy_per_ask_long_range_mean' not found in process parameters; skipping.
2026-07-29 09:53:46 - DEBUG - process - Input 'doc_non_energy_per_ask_mean' not found in process parameters; skipping.
2026-07-29 09:53:46 - DEBUG - process - Input 'generic_biofuel_energy_consumption' not found in process parameters; skipping.
2026-07-29 09:53:46 - DEBUG - process - Input 'generic_biofuel_energy_production_commissioned' not found in process parameters; skipping.
2026-07-29 09:53:46 - DEBUG - process - Input 'generic_biofuel_energy_unused' not found in process parameters; skipping.
2026-07-29 09:53:46 - DEBUG - process - Input 'electrofuel_energy_consumption' not found in process parameters; skipping.
2026-07-29 09:53:46 - DEBUG - process - Input 'electrofuel_energy_production_commissioned' not found in process parameters; skipping.
2026-07-29 09:53:46 - DEBUG - process - Input 'electrofuel_energy_unused' not found in process parameters; skipping.
2026-07-29 09:53:46 - DEBUG - process - Input 'fossil_kerosene_energy_consumption' not found in process parameters; skipping.
2026-07-29 09:53:46 - INFO - processes_assembly - Computing scenario: FOSSIL (SSP2-26)
2026-07-29 09:53:46 - INFO - process - Running MDA
2026-07-29 09:53:52 - INFO - base_mda_solver - MDAGaussSeidel running... Normalized residual norm = 1.00e+00 (iter. 1)
2026-07-29 09:53:53 - INFO - base_mda_solver - MDAGaussSeidel running... Normalized residual norm = 1.15e-07 (iter. 2)
2026-07-29 09:53:54 - INFO - base_mda_solver - MDAGaussSeidel running... Normalized residual norm = 1.15e-07 (iter. 3)
2026-07-29 09:53:55 - INFO - base_mda_solver - MDAGaussSeidel running... Normalized residual norm = 1.15e-07 (iter. 4)
2026-07-29 09:53:56 - INFO - base_mda_solver - MDAGaussSeidel running... Normalized residual norm = 1.15e-07 (iter. 5)
2026-07-29 09:53:57 - INFO - base_mda_solver - MDAGaussSeidel running... Normalized residual norm = 1.15e-07 (iter. 6)
2026-07-29 09:53:59 - INFO - base_mda_solver - MDAGaussSeidel running... Normalized residual norm = 1.15e-07 (iter. 7)
2026-07-29 09:54:00 - INFO - base_mda_solver - MDAGaussSeidel running... Normalized residual norm = 1.15e-07 (iter. 8)
2026-07-29 09:54:01 - INFO - base_mda_solver - MDAGaussSeidel running... Normalized residual norm = 1.15e-07 (iter. 9)
2026-07-29 09:54:02 - INFO - base_mda_solver - MDAGaussSeidel running... Normalized residual norm = 1.15e-07 (iter. 10)
2026-07-29 09:54:02 - WARNING - base_mda_solver - MDAGaussSeidel has reached its maximum number of unsuccessful iterations, but the normalized residual norm 1.1469028808313562e-07 is still above the tolerance 1e-10.
2026-07-29 09:54:04 - DEBUG - process - Input 'ask' not found in process parameters; skipping.
2026-07-29 09:54:04 - DEBUG - process - Input 'ask_short_range' not found in process parameters; skipping.
2026-07-29 09:54:04 - DEBUG - process - Input 'ask_medium_range' not found in process parameters; skipping.
2026-07-29 09:54:04 - DEBUG - process - Input 'ask_long_range' not found in process parameters; skipping.
2026-07-29 09:54:04 - DEBUG - process - Input 'co2_emissions' not found in process parameters; skipping.
2026-07-29 09:54:04 - DEBUG - process - Input 'load_factor' not found in process parameters; skipping.
2026-07-29 09:54:04 - DEBUG - process - Input 'rpk_short_range' not found in process parameters; skipping.
2026-07-29 09:54:04 - DEBUG - process - Input 'rpk_medium_range' not found in process parameters; skipping.
2026-07-29 09:54:04 - DEBUG - process - Input 'rpk_long_range' not found in process parameters; skipping.
2026-07-29 09:54:04 - DEBUG - process - Input 'dropin_fuel_mean_co2_emission_factor' not found in process parameters; skipping.
2026-07-29 09:54:04 - DEBUG - process - Input 'hydrogen_mean_co2_emission_factor' not found in process parameters; skipping.
2026-07-29 09:54:04 - DEBUG - process - Input 'electric_mean_co2_emission_factor' not found in process parameters; skipping.
2026-07-29 09:54:04 - DEBUG - process - Input 'dropin_fuel_mean_mfsp' not found in process parameters; skipping.
2026-07-29 09:54:04 - DEBUG - process - Input 'hydrogen_mean_mfsp' not found in process parameters; skipping.
2026-07-29 09:54:04 - DEBUG - process - Input 'electric_mean_mfsp' not found in process parameters; skipping.
2026-07-29 09:54:04 - DEBUG - process - Input 'dropin_fuel_mean_unit_carbon_tax' not found in process parameters; skipping.
2026-07-29 09:54:04 - DEBUG - process - Input 'hydrogen_mean_unit_carbon_tax' not found in process parameters; skipping.
2026-07-29 09:54:04 - DEBUG - process - Input 'electric_mean_unit_carbon_tax' not found in process parameters; skipping.
2026-07-29 09:54:04 - DEBUG - process - Input 'dropin_fuel_mean_unit_tax' not found in process parameters; skipping.
2026-07-29 09:54:04 - DEBUG - process - Input 'hydrogen_mean_unit_tax' not found in process parameters; skipping.
2026-07-29 09:54:04 - DEBUG - process - Input 'electric_mean_unit_tax' not found in process parameters; skipping.
2026-07-29 09:54:04 - DEBUG - process - Input 'dropin_fuel_mean_unit_subsidy' not found in process parameters; skipping.
2026-07-29 09:54:04 - DEBUG - process - Input 'hydrogen_mean_unit_subsidy' not found in process parameters; skipping.
2026-07-29 09:54:04 - DEBUG - process - Input 'electric_mean_unit_subsidy' not found in process parameters; skipping.
2026-07-29 09:54:04 - DEBUG - process - Input 'doc_non_energy_per_ask_short_range_dropin_fuel' not found in process parameters; skipping.
2026-07-29 09:54:04 - DEBUG - process - Input 'doc_non_energy_per_ask_short_range_hydrogen' not found in process parameters; skipping.
2026-07-29 09:54:04 - DEBUG - process - Input 'doc_non_energy_per_ask_short_range_electric' not found in process parameters; skipping.
2026-07-29 09:54:04 - DEBUG - process - Input 'doc_non_energy_per_ask_short_range_mean' not found in process parameters; skipping.
2026-07-29 09:54:04 - DEBUG - process - Input 'doc_non_energy_per_ask_medium_range_dropin_fuel' not found in process parameters; skipping.
2026-07-29 09:54:04 - DEBUG - process - Input 'doc_non_energy_per_ask_medium_range_hydrogen' not found in process parameters; skipping.
2026-07-29 09:54:04 - DEBUG - process - Input 'doc_non_energy_per_ask_medium_range_electric' not found in process parameters; skipping.
2026-07-29 09:54:04 - DEBUG - process - Input 'doc_non_energy_per_ask_medium_range_mean' not found in process parameters; skipping.
2026-07-29 09:54:04 - DEBUG - process - Input 'doc_non_energy_per_ask_long_range_dropin_fuel' not found in process parameters; skipping.
2026-07-29 09:54:04 - DEBUG - process - Input 'doc_non_energy_per_ask_long_range_hydrogen' not found in process parameters; skipping.
2026-07-29 09:54:04 - DEBUG - process - Input 'doc_non_energy_per_ask_long_range_electric' not found in process parameters; skipping.
2026-07-29 09:54:04 - DEBUG - process - Input 'doc_non_energy_per_ask_long_range_mean' not found in process parameters; skipping.
2026-07-29 09:54:04 - DEBUG - process - Input 'doc_non_energy_per_ask_mean' not found in process parameters; skipping.
2026-07-29 09:54:04 - DEBUG - process - Input 'generic_biofuel_energy_consumption' not found in process parameters; skipping.
2026-07-29 09:54:04 - DEBUG - process - Input 'generic_biofuel_energy_production_commissioned' not found in process parameters; skipping.
2026-07-29 09:54:04 - DEBUG - process - Input 'generic_biofuel_energy_unused' not found in process parameters; skipping.
2026-07-29 09:54:04 - DEBUG - process - Input 'electrofuel_energy_consumption' not found in process parameters; skipping.
2026-07-29 09:54:04 - DEBUG - process - Input 'electrofuel_energy_production_commissioned' not found in process parameters; skipping.
2026-07-29 09:54:04 - DEBUG - process - Input 'electrofuel_energy_unused' not found in process parameters; skipping.
2026-07-29 09:54:04 - DEBUG - process - Input 'fossil_kerosene_energy_consumption' not found in process parameters; skipping.
2026-07-29 09:54:04 - INFO - processes_assembly - Computing scenario: SAF (SSP2-26)
2026-07-29 09:54:04 - INFO - process - Running MDA
2026-07-29 09:54:10 - INFO - base_mda_solver - MDAGaussSeidel running... Normalized residual norm = 1.00e+00 (iter. 1)
2026-07-29 09:54:11 - INFO - base_mda_solver - MDAGaussSeidel running... Normalized residual norm = 1.42e-02 (iter. 2)
2026-07-29 09:54:12 - INFO - base_mda_solver - MDAGaussSeidel running... Normalized residual norm = 1.66e-01 (iter. 3)
2026-07-29 09:54:14 - INFO - base_mda_solver - MDAGaussSeidel running... Normalized residual norm = 2.16e-01 (iter. 4)
2026-07-29 09:54:15 - INFO - base_mda_solver - MDAGaussSeidel running... Normalized residual norm = 1.38e-01 (iter. 5)
2026-07-29 09:54:16 - INFO - base_mda_solver - MDAGaussSeidel running... Normalized residual norm = 3.06e-02 (iter. 6)
2026-07-29 09:54:17 - INFO - base_mda_solver - MDAGaussSeidel running... Normalized residual norm = 6.57e-02 (iter. 7)
2026-07-29 09:54:18 - INFO - base_mda_solver - MDAGaussSeidel running... Normalized residual norm = 5.84e-02 (iter. 8)
2026-07-29 09:54:19 - INFO - base_mda_solver - MDAGaussSeidel running... Normalized residual norm = 2.54e-02 (iter. 9)
2026-07-29 09:54:20 - INFO - base_mda_solver - MDAGaussSeidel running... Normalized residual norm = 1.69e-02 (iter. 10)
2026-07-29 09:54:22 - INFO - base_mda_solver - MDAGaussSeidel running... Normalized residual norm = 2.10e-02 (iter. 11)
2026-07-29 09:54:23 - INFO - base_mda_solver - MDAGaussSeidel running... Normalized residual norm = 1.40e-02 (iter. 12)
2026-07-29 09:54:24 - INFO - base_mda_solver - MDAGaussSeidel running... Normalized residual norm = 5.32e-03 (iter. 13)
2026-07-29 09:54:25 - INFO - base_mda_solver - MDAGaussSeidel running... Normalized residual norm = 6.67e-03 (iter. 14)
2026-07-29 09:54:27 - INFO - base_mda_solver - MDAGaussSeidel running... Normalized residual norm = 6.04e-03 (iter. 15)
2026-07-29 09:54:28 - INFO - base_mda_solver - MDAGaussSeidel running... Normalized residual norm = 3.03e-03 (iter. 16)
2026-07-29 09:54:29 - INFO - base_mda_solver - MDAGaussSeidel running... Normalized residual norm = 1.77e-03 (iter. 17)
2026-07-29 09:54:30 - INFO - base_mda_solver - MDAGaussSeidel running... Normalized residual norm = 2.25e-03 (iter. 18)
2026-07-29 09:54:31 - INFO - base_mda_solver - MDAGaussSeidel running... Normalized residual norm = 1.57e-03 (iter. 19)
2026-07-29 09:54:32 - INFO - base_mda_solver - MDAGaussSeidel running... Normalized residual norm = 6.36e-04 (iter. 20)
2026-07-29 09:54:34 - INFO - base_mda_solver - MDAGaussSeidel running... Normalized residual norm = 6.80e-04 (iter. 21)
2026-07-29 09:54:35 - INFO - base_mda_solver - MDAGaussSeidel running... Normalized residual norm = 6.76e-04 (iter. 22)
2026-07-29 09:54:36 - INFO - base_mda_solver - MDAGaussSeidel running... Normalized residual norm = 3.62e-04 (iter. 23)
2026-07-29 09:54:37 - INFO - base_mda_solver - MDAGaussSeidel running... Normalized residual norm = 1.79e-04 (iter. 24)
2026-07-29 09:54:39 - INFO - base_mda_solver - MDAGaussSeidel running... Normalized residual norm = 2.38e-04 (iter. 25)
2026-07-29 09:54:40 - INFO - base_mda_solver - MDAGaussSeidel running... Normalized residual norm = 1.82e-04 (iter. 26)
2026-07-29 09:54:41 - INFO - base_mda_solver - MDAGaussSeidel running... Normalized residual norm = 7.69e-05 (iter. 27)
2026-07-29 09:54:42 - INFO - base_mda_solver - MDAGaussSeidel running... Normalized residual norm = 6.78e-05 (iter. 28)
2026-07-29 09:54:44 - INFO - base_mda_solver - MDAGaussSeidel running... Normalized residual norm = 7.46e-05 (iter. 29)
2026-07-29 09:54:45 - INFO - base_mda_solver - MDAGaussSeidel running... Normalized residual norm = 4.41e-05 (iter. 30)
2026-07-29 09:54:46 - INFO - base_mda_solver - MDAGaussSeidel running... Normalized residual norm = 1.88e-05 (iter. 31)
2026-07-29 09:54:47 - INFO - base_mda_solver - MDAGaussSeidel running... Normalized residual norm = 2.47e-05 (iter. 32)
2026-07-29 09:54:48 - INFO - base_mda_solver - MDAGaussSeidel running... Normalized residual norm = 2.10e-05 (iter. 33)
2026-07-29 09:54:49 - INFO - base_mda_solver - MDAGaussSeidel running... Normalized residual norm = 9.59e-06 (iter. 34)
2026-07-29 09:54:50 - INFO - base_mda_solver - MDAGaussSeidel running... Normalized residual norm = 6.65e-06 (iter. 35)
2026-07-29 09:54:51 - INFO - base_mda_solver - MDAGaussSeidel running... Normalized residual norm = 8.06e-06 (iter. 36)
2026-07-29 09:54:53 - INFO - base_mda_solver - MDAGaussSeidel running... Normalized residual norm = 5.29e-06 (iter. 37)
2026-07-29 09:54:54 - INFO - base_mda_solver - MDAGaussSeidel running... Normalized residual norm = 2.11e-06 (iter. 38)
2026-07-29 09:54:55 - INFO - base_mda_solver - MDAGaussSeidel running... Normalized residual norm = 2.50e-06 (iter. 39)
2026-07-29 09:54:56 - INFO - base_mda_solver - MDAGaussSeidel running... Normalized residual norm = 2.36e-06 (iter. 40)
2026-07-29 09:54:57 - INFO - base_mda_solver - MDAGaussSeidel running... Normalized residual norm = 1.20e-06 (iter. 41)
2026-07-29 09:54:59 - INFO - base_mda_solver - MDAGaussSeidel running... Normalized residual norm = 6.60e-07 (iter. 42)
2026-07-29 09:55:00 - INFO - base_mda_solver - MDAGaussSeidel running... Normalized residual norm = 8.56e-07 (iter. 43)
2026-07-29 09:55:01 - INFO - base_mda_solver - MDAGaussSeidel running... Normalized residual norm = 6.27e-07 (iter. 44)
2026-07-29 09:55:02 - INFO - base_mda_solver - MDAGaussSeidel running... Normalized residual norm = 2.74e-07 (iter. 45)
2026-07-29 09:55:03 - INFO - base_mda_solver - MDAGaussSeidel running... Normalized residual norm = 2.70e-07 (iter. 46)
2026-07-29 09:55:04 - INFO - base_mda_solver - MDAGaussSeidel running... Normalized residual norm = 2.80e-07 (iter. 47)
2026-07-29 09:55:06 - INFO - base_mda_solver - MDAGaussSeidel running... Normalized residual norm = 1.82e-07 (iter. 48)
2026-07-29 09:55:07 - INFO - base_mda_solver - MDAGaussSeidel running... Normalized residual norm = 1.28e-07 (iter. 49)
2026-07-29 09:55:08 - INFO - base_mda_solver - MDAGaussSeidel running... Normalized residual norm = 1.41e-07 (iter. 50)
2026-07-29 09:55:09 - INFO - base_mda_solver - MDAGaussSeidel running... Normalized residual norm = 1.31e-07 (iter. 51)
2026-07-29 09:55:10 - INFO - base_mda_solver - MDAGaussSeidel running... Normalized residual norm = 1.15e-07 (iter. 52)
2026-07-29 09:55:11 - INFO - base_mda_solver - MDAGaussSeidel running... Normalized residual norm = 1.13e-07 (iter. 53)
2026-07-29 09:55:12 - INFO - base_mda_solver - MDAGaussSeidel running... Normalized residual norm = 1.14e-07 (iter. 54)
2026-07-29 09:55:14 - INFO - base_mda_solver - MDAGaussSeidel running... Normalized residual norm = 1.12e-07 (iter. 55)
2026-07-29 09:55:15 - INFO - base_mda_solver - MDAGaussSeidel running... Normalized residual norm = 1.11e-07 (iter. 56)
2026-07-29 09:55:16 - INFO - base_mda_solver - MDAGaussSeidel running... Normalized residual norm = 1.11e-07 (iter. 57)
2026-07-29 09:55:17 - INFO - base_mda_solver - MDAGaussSeidel running... Normalized residual norm = 1.11e-07 (iter. 58)
2026-07-29 09:55:18 - INFO - base_mda_solver - MDAGaussSeidel running... Normalized residual norm = 1.11e-07 (iter. 59)
2026-07-29 09:55:20 - INFO - base_mda_solver - MDAGaussSeidel running... Normalized residual norm = 1.11e-07 (iter. 60)
2026-07-29 09:55:21 - INFO - base_mda_solver - MDAGaussSeidel running... Normalized residual norm = 1.11e-07 (iter. 61)
2026-07-29 09:55:22 - INFO - base_mda_solver - MDAGaussSeidel running... Normalized residual norm = 1.11e-07 (iter. 62)
2026-07-29 09:55:23 - INFO - base_mda_solver - MDAGaussSeidel running... Normalized residual norm = 1.11e-07 (iter. 63)
2026-07-29 09:55:24 - INFO - base_mda_solver - MDAGaussSeidel running... Normalized residual norm = 1.11e-07 (iter. 64)
2026-07-29 09:55:25 - INFO - base_mda_solver - MDAGaussSeidel running... Normalized residual norm = 1.11e-07 (iter. 65)
2026-07-29 09:55:27 - INFO - base_mda_solver - MDAGaussSeidel running... Normalized residual norm = 1.11e-07 (iter. 66)
2026-07-29 09:55:28 - INFO - base_mda_solver - MDAGaussSeidel running... Normalized residual norm = 1.11e-07 (iter. 67)
2026-07-29 09:55:29 - INFO - base_mda_solver - MDAGaussSeidel running... Normalized residual norm = 1.11e-07 (iter. 68)
2026-07-29 09:55:30 - INFO - base_mda_solver - MDAGaussSeidel running... Normalized residual norm = 1.11e-07 (iter. 69)
2026-07-29 09:55:32 - INFO - base_mda_solver - MDAGaussSeidel running... Normalized residual norm = 1.11e-07 (iter. 70)
2026-07-29 09:55:33 - INFO - base_mda_solver - MDAGaussSeidel running... Normalized residual norm = 1.11e-07 (iter. 71)
2026-07-29 09:55:34 - INFO - base_mda_solver - MDAGaussSeidel running... Normalized residual norm = 1.11e-07 (iter. 72)
2026-07-29 09:55:35 - INFO - base_mda_solver - MDAGaussSeidel running... Normalized residual norm = 1.11e-07 (iter. 73)
2026-07-29 09:55:36 - INFO - base_mda_solver - MDAGaussSeidel running... Normalized residual norm = 1.11e-07 (iter. 74)
2026-07-29 09:55:38 - INFO - base_mda_solver - MDAGaussSeidel running... Normalized residual norm = 1.11e-07 (iter. 75)
2026-07-29 09:55:39 - INFO - base_mda_solver - MDAGaussSeidel running... Normalized residual norm = 1.11e-07 (iter. 76)
2026-07-29 09:55:40 - INFO - base_mda_solver - MDAGaussSeidel running... Normalized residual norm = 1.11e-07 (iter. 77)
2026-07-29 09:55:41 - INFO - base_mda_solver - MDAGaussSeidel running... Normalized residual norm = 1.11e-07 (iter. 78)
2026-07-29 09:55:42 - INFO - base_mda_solver - MDAGaussSeidel running... Normalized residual norm = 1.11e-07 (iter. 79)
2026-07-29 09:55:43 - INFO - base_mda_solver - MDAGaussSeidel running... Normalized residual norm = 1.11e-07 (iter. 80)
2026-07-29 09:55:44 - INFO - base_mda_solver - MDAGaussSeidel running... Normalized residual norm = 1.11e-07 (iter. 81)
2026-07-29 09:55:46 - INFO - base_mda_solver - MDAGaussSeidel running... Normalized residual norm = 1.11e-07 (iter. 82)
2026-07-29 09:55:47 - INFO - base_mda_solver - MDAGaussSeidel running... Normalized residual norm = 1.11e-07 (iter. 83)
2026-07-29 09:55:48 - INFO - base_mda_solver - MDAGaussSeidel running... Normalized residual norm = 1.11e-07 (iter. 84)
2026-07-29 09:55:49 - INFO - base_mda_solver - MDAGaussSeidel running... Normalized residual norm = 1.11e-07 (iter. 85)
2026-07-29 09:55:50 - INFO - base_mda_solver - MDAGaussSeidel running... Normalized residual norm = 1.11e-07 (iter. 86)
2026-07-29 09:55:51 - INFO - base_mda_solver - MDAGaussSeidel running... Normalized residual norm = 1.11e-07 (iter. 87)
2026-07-29 09:55:52 - INFO - base_mda_solver - MDAGaussSeidel running... Normalized residual norm = 1.11e-07 (iter. 88)
2026-07-29 09:55:54 - INFO - base_mda_solver - MDAGaussSeidel running... Normalized residual norm = 1.11e-07 (iter. 89)
2026-07-29 09:55:55 - INFO - base_mda_solver - MDAGaussSeidel running... Normalized residual norm = 1.11e-07 (iter. 90)
2026-07-29 09:55:56 - INFO - base_mda_solver - MDAGaussSeidel running... Normalized residual norm = 1.11e-07 (iter. 91)
2026-07-29 09:55:57 - INFO - base_mda_solver - MDAGaussSeidel running... Normalized residual norm = 1.11e-07 (iter. 92)
2026-07-29 09:55:58 - INFO - base_mda_solver - MDAGaussSeidel running... Normalized residual norm = 1.11e-07 (iter. 93)
2026-07-29 09:55:59 - INFO - base_mda_solver - MDAGaussSeidel running... Normalized residual norm = 1.11e-07 (iter. 94)
2026-07-29 09:56:01 - INFO - base_mda_solver - MDAGaussSeidel running... Normalized residual norm = 1.11e-07 (iter. 95)
2026-07-29 09:56:02 - INFO - base_mda_solver - MDAGaussSeidel running... Normalized residual norm = 1.11e-07 (iter. 96)
2026-07-29 09:56:03 - INFO - base_mda_solver - MDAGaussSeidel running... Normalized residual norm = 1.11e-07 (iter. 97)
2026-07-29 09:56:04 - INFO - base_mda_solver - MDAGaussSeidel running... Normalized residual norm = 1.11e-07 (iter. 98)
2026-07-29 09:56:05 - INFO - base_mda_solver - MDAGaussSeidel running... Normalized residual norm = 1.11e-07 (iter. 99)
2026-07-29 09:56:06 - INFO - base_mda_solver - MDAGaussSeidel running... Normalized residual norm = 1.11e-07 (iter. 100)
2026-07-29 09:56:08 - INFO - base_mda_solver - MDAGaussSeidel running... Normalized residual norm = 1.11e-07 (iter. 101)
2026-07-29 09:56:09 - INFO - base_mda_solver - MDAGaussSeidel running... Normalized residual norm = 1.11e-07 (iter. 102)
2026-07-29 09:56:10 - INFO - base_mda_solver - MDAGaussSeidel running... Normalized residual norm = 1.11e-07 (iter. 103)
2026-07-29 09:56:11 - INFO - base_mda_solver - MDAGaussSeidel running... Normalized residual norm = 1.11e-07 (iter. 104)
2026-07-29 09:56:12 - INFO - base_mda_solver - MDAGaussSeidel running... Normalized residual norm = 1.11e-07 (iter. 105)
2026-07-29 09:56:13 - INFO - base_mda_solver - MDAGaussSeidel running... Normalized residual norm = 1.11e-07 (iter. 106)
2026-07-29 09:56:15 - INFO - base_mda_solver - MDAGaussSeidel running... Normalized residual norm = 1.11e-07 (iter. 107)
2026-07-29 09:56:16 - INFO - base_mda_solver - MDAGaussSeidel running... Normalized residual norm = 1.11e-07 (iter. 108)
2026-07-29 09:56:17 - INFO - base_mda_solver - MDAGaussSeidel running... Normalized residual norm = 1.11e-07 (iter. 109)
2026-07-29 09:56:18 - INFO - base_mda_solver - MDAGaussSeidel running... Normalized residual norm = 1.11e-07 (iter. 110)
2026-07-29 09:56:19 - INFO - base_mda_solver - MDAGaussSeidel running... Normalized residual norm = 1.11e-07 (iter. 111)
2026-07-29 09:56:20 - INFO - base_mda_solver - MDAGaussSeidel running... Normalized residual norm = 1.11e-07 (iter. 112)
2026-07-29 09:56:22 - INFO - base_mda_solver - MDAGaussSeidel running... Normalized residual norm = 1.11e-07 (iter. 113)
2026-07-29 09:56:23 - INFO - base_mda_solver - MDAGaussSeidel running... Normalized residual norm = 1.11e-07 (iter. 114)
2026-07-29 09:56:23 - WARNING - base_mda_solver - MDAGaussSeidel has reached its maximum number of unsuccessful iterations, but the normalized residual norm 1.107283100864537e-07 is still above the tolerance 1e-10.
2026-07-29 09:56:25 - DEBUG - process - Input 'ask' not found in process parameters; skipping.
2026-07-29 09:56:25 - DEBUG - process - Input 'ask_short_range' not found in process parameters; skipping.
2026-07-29 09:56:25 - DEBUG - process - Input 'ask_medium_range' not found in process parameters; skipping.
2026-07-29 09:56:25 - DEBUG - process - Input 'ask_long_range' not found in process parameters; skipping.
2026-07-29 09:56:25 - DEBUG - process - Input 'co2_emissions' not found in process parameters; skipping.
2026-07-29 09:56:25 - DEBUG - process - Input 'load_factor' not found in process parameters; skipping.
2026-07-29 09:56:25 - DEBUG - process - Input 'rpk_short_range' not found in process parameters; skipping.
2026-07-29 09:56:25 - DEBUG - process - Input 'rpk_medium_range' not found in process parameters; skipping.
2026-07-29 09:56:25 - DEBUG - process - Input 'rpk_long_range' not found in process parameters; skipping.
2026-07-29 09:56:25 - DEBUG - process - Input 'dropin_fuel_mean_co2_emission_factor' not found in process parameters; skipping.
2026-07-29 09:56:25 - DEBUG - process - Input 'hydrogen_mean_co2_emission_factor' not found in process parameters; skipping.
2026-07-29 09:56:25 - DEBUG - process - Input 'electric_mean_co2_emission_factor' not found in process parameters; skipping.
2026-07-29 09:56:25 - DEBUG - process - Input 'dropin_fuel_mean_mfsp' not found in process parameters; skipping.
2026-07-29 09:56:25 - DEBUG - process - Input 'hydrogen_mean_mfsp' not found in process parameters; skipping.
2026-07-29 09:56:25 - DEBUG - process - Input 'electric_mean_mfsp' not found in process parameters; skipping.
2026-07-29 09:56:25 - DEBUG - process - Input 'dropin_fuel_mean_unit_carbon_tax' not found in process parameters; skipping.
2026-07-29 09:56:25 - DEBUG - process - Input 'hydrogen_mean_unit_carbon_tax' not found in process parameters; skipping.
2026-07-29 09:56:25 - DEBUG - process - Input 'electric_mean_unit_carbon_tax' not found in process parameters; skipping.
2026-07-29 09:56:25 - DEBUG - process - Input 'dropin_fuel_mean_unit_tax' not found in process parameters; skipping.
2026-07-29 09:56:25 - DEBUG - process - Input 'hydrogen_mean_unit_tax' not found in process parameters; skipping.
2026-07-29 09:56:25 - DEBUG - process - Input 'electric_mean_unit_tax' not found in process parameters; skipping.
2026-07-29 09:56:25 - DEBUG - process - Input 'dropin_fuel_mean_unit_subsidy' not found in process parameters; skipping.
2026-07-29 09:56:25 - DEBUG - process - Input 'hydrogen_mean_unit_subsidy' not found in process parameters; skipping.
2026-07-29 09:56:25 - DEBUG - process - Input 'electric_mean_unit_subsidy' not found in process parameters; skipping.
2026-07-29 09:56:25 - DEBUG - process - Input 'doc_non_energy_per_ask_short_range_dropin_fuel' not found in process parameters; skipping.
2026-07-29 09:56:25 - DEBUG - process - Input 'doc_non_energy_per_ask_short_range_hydrogen' not found in process parameters; skipping.
2026-07-29 09:56:25 - DEBUG - process - Input 'doc_non_energy_per_ask_short_range_electric' not found in process parameters; skipping.
2026-07-29 09:56:25 - DEBUG - process - Input 'doc_non_energy_per_ask_short_range_mean' not found in process parameters; skipping.
2026-07-29 09:56:25 - DEBUG - process - Input 'doc_non_energy_per_ask_medium_range_dropin_fuel' not found in process parameters; skipping.
2026-07-29 09:56:25 - DEBUG - process - Input 'doc_non_energy_per_ask_medium_range_hydrogen' not found in process parameters; skipping.
2026-07-29 09:56:25 - DEBUG - process - Input 'doc_non_energy_per_ask_medium_range_electric' not found in process parameters; skipping.
2026-07-29 09:56:25 - DEBUG - process - Input 'doc_non_energy_per_ask_medium_range_mean' not found in process parameters; skipping.
2026-07-29 09:56:25 - DEBUG - process - Input 'doc_non_energy_per_ask_long_range_dropin_fuel' not found in process parameters; skipping.
2026-07-29 09:56:25 - DEBUG - process - Input 'doc_non_energy_per_ask_long_range_hydrogen' not found in process parameters; skipping.
2026-07-29 09:56:25 - DEBUG - process - Input 'doc_non_energy_per_ask_long_range_electric' not found in process parameters; skipping.
2026-07-29 09:56:25 - DEBUG - process - Input 'doc_non_energy_per_ask_long_range_mean' not found in process parameters; skipping.
2026-07-29 09:56:25 - DEBUG - process - Input 'doc_non_energy_per_ask_mean' not found in process parameters; skipping.
2026-07-29 09:56:25 - DEBUG - process - Input 'generic_biofuel_energy_consumption' not found in process parameters; skipping.
2026-07-29 09:56:25 - DEBUG - process - Input 'generic_biofuel_energy_production_commissioned' not found in process parameters; skipping.
2026-07-29 09:56:25 - DEBUG - process - Input 'generic_biofuel_energy_unused' not found in process parameters; skipping.
2026-07-29 09:56:25 - DEBUG - process - Input 'electrofuel_energy_consumption' not found in process parameters; skipping.
2026-07-29 09:56:25 - DEBUG - process - Input 'electrofuel_energy_production_commissioned' not found in process parameters; skipping.
2026-07-29 09:56:25 - DEBUG - process - Input 'electrofuel_energy_unused' not found in process parameters; skipping.
2026-07-29 09:56:25 - DEBUG - process - Input 'fossil_kerosene_energy_consumption' not found in process parameters; skipping.
2026-07-29 09:56:25 - INFO - processes_assembly - Computing scenario: FOSSIL (SSP2-45)
2026-07-29 09:56:25 - INFO - process - Running MDA
2026-07-29 09:56:31 - INFO - base_mda_solver - MDAGaussSeidel running... Normalized residual norm = 1.00e+00 (iter. 1)
2026-07-29 09:56:32 - INFO - base_mda_solver - MDAGaussSeidel running... Normalized residual norm = 2.40e-07 (iter. 2)
2026-07-29 09:56:33 - INFO - base_mda_solver - MDAGaussSeidel running... Normalized residual norm = 2.40e-07 (iter. 3)
2026-07-29 09:56:34 - INFO - base_mda_solver - MDAGaussSeidel running... Normalized residual norm = 2.40e-07 (iter. 4)
2026-07-29 09:56:36 - INFO - base_mda_solver - MDAGaussSeidel running... Normalized residual norm = 2.40e-07 (iter. 5)
2026-07-29 09:56:37 - INFO - base_mda_solver - MDAGaussSeidel running... Normalized residual norm = 2.40e-07 (iter. 6)
2026-07-29 09:56:38 - INFO - base_mda_solver - MDAGaussSeidel running... Normalized residual norm = 2.40e-07 (iter. 7)
2026-07-29 09:56:39 - INFO - base_mda_solver - MDAGaussSeidel running... Normalized residual norm = 2.40e-07 (iter. 8)
2026-07-29 09:56:40 - INFO - base_mda_solver - MDAGaussSeidel running... Normalized residual norm = 2.40e-07 (iter. 9)
2026-07-29 09:56:41 - INFO - base_mda_solver - MDAGaussSeidel running... Normalized residual norm = 2.40e-07 (iter. 10)
2026-07-29 09:56:41 - WARNING - base_mda_solver - MDAGaussSeidel has reached its maximum number of unsuccessful iterations, but the normalized residual norm 2.4015993477518494e-07 is still above the tolerance 1e-10.
2026-07-29 09:56:43 - DEBUG - process - Input 'ask' not found in process parameters; skipping.
2026-07-29 09:56:43 - DEBUG - process - Input 'ask_short_range' not found in process parameters; skipping.
2026-07-29 09:56:43 - DEBUG - process - Input 'ask_medium_range' not found in process parameters; skipping.
2026-07-29 09:56:43 - DEBUG - process - Input 'ask_long_range' not found in process parameters; skipping.
2026-07-29 09:56:43 - DEBUG - process - Input 'co2_emissions' not found in process parameters; skipping.
2026-07-29 09:56:43 - DEBUG - process - Input 'load_factor' not found in process parameters; skipping.
2026-07-29 09:56:43 - DEBUG - process - Input 'rpk_short_range' not found in process parameters; skipping.
2026-07-29 09:56:43 - DEBUG - process - Input 'rpk_medium_range' not found in process parameters; skipping.
2026-07-29 09:56:43 - DEBUG - process - Input 'rpk_long_range' not found in process parameters; skipping.
2026-07-29 09:56:43 - DEBUG - process - Input 'dropin_fuel_mean_co2_emission_factor' not found in process parameters; skipping.
2026-07-29 09:56:43 - DEBUG - process - Input 'hydrogen_mean_co2_emission_factor' not found in process parameters; skipping.
2026-07-29 09:56:43 - DEBUG - process - Input 'electric_mean_co2_emission_factor' not found in process parameters; skipping.
2026-07-29 09:56:43 - DEBUG - process - Input 'dropin_fuel_mean_mfsp' not found in process parameters; skipping.
2026-07-29 09:56:43 - DEBUG - process - Input 'hydrogen_mean_mfsp' not found in process parameters; skipping.
2026-07-29 09:56:43 - DEBUG - process - Input 'electric_mean_mfsp' not found in process parameters; skipping.
2026-07-29 09:56:43 - DEBUG - process - Input 'dropin_fuel_mean_unit_carbon_tax' not found in process parameters; skipping.
2026-07-29 09:56:43 - DEBUG - process - Input 'hydrogen_mean_unit_carbon_tax' not found in process parameters; skipping.
2026-07-29 09:56:43 - DEBUG - process - Input 'electric_mean_unit_carbon_tax' not found in process parameters; skipping.
2026-07-29 09:56:43 - DEBUG - process - Input 'dropin_fuel_mean_unit_tax' not found in process parameters; skipping.
2026-07-29 09:56:43 - DEBUG - process - Input 'hydrogen_mean_unit_tax' not found in process parameters; skipping.
2026-07-29 09:56:43 - DEBUG - process - Input 'electric_mean_unit_tax' not found in process parameters; skipping.
2026-07-29 09:56:43 - DEBUG - process - Input 'dropin_fuel_mean_unit_subsidy' not found in process parameters; skipping.
2026-07-29 09:56:43 - DEBUG - process - Input 'hydrogen_mean_unit_subsidy' not found in process parameters; skipping.
2026-07-29 09:56:43 - DEBUG - process - Input 'electric_mean_unit_subsidy' not found in process parameters; skipping.
2026-07-29 09:56:43 - DEBUG - process - Input 'doc_non_energy_per_ask_short_range_dropin_fuel' not found in process parameters; skipping.
2026-07-29 09:56:43 - DEBUG - process - Input 'doc_non_energy_per_ask_short_range_hydrogen' not found in process parameters; skipping.
2026-07-29 09:56:43 - DEBUG - process - Input 'doc_non_energy_per_ask_short_range_electric' not found in process parameters; skipping.
2026-07-29 09:56:43 - DEBUG - process - Input 'doc_non_energy_per_ask_short_range_mean' not found in process parameters; skipping.
2026-07-29 09:56:43 - DEBUG - process - Input 'doc_non_energy_per_ask_medium_range_dropin_fuel' not found in process parameters; skipping.
2026-07-29 09:56:43 - DEBUG - process - Input 'doc_non_energy_per_ask_medium_range_hydrogen' not found in process parameters; skipping.
2026-07-29 09:56:43 - DEBUG - process - Input 'doc_non_energy_per_ask_medium_range_electric' not found in process parameters; skipping.
2026-07-29 09:56:43 - DEBUG - process - Input 'doc_non_energy_per_ask_medium_range_mean' not found in process parameters; skipping.
2026-07-29 09:56:43 - DEBUG - process - Input 'doc_non_energy_per_ask_long_range_dropin_fuel' not found in process parameters; skipping.
2026-07-29 09:56:43 - DEBUG - process - Input 'doc_non_energy_per_ask_long_range_hydrogen' not found in process parameters; skipping.
2026-07-29 09:56:43 - DEBUG - process - Input 'doc_non_energy_per_ask_long_range_electric' not found in process parameters; skipping.
2026-07-29 09:56:43 - DEBUG - process - Input 'doc_non_energy_per_ask_long_range_mean' not found in process parameters; skipping.
2026-07-29 09:56:43 - DEBUG - process - Input 'doc_non_energy_per_ask_mean' not found in process parameters; skipping.
2026-07-29 09:56:43 - DEBUG - process - Input 'generic_biofuel_energy_consumption' not found in process parameters; skipping.
2026-07-29 09:56:43 - DEBUG - process - Input 'generic_biofuel_energy_production_commissioned' not found in process parameters; skipping.
2026-07-29 09:56:43 - DEBUG - process - Input 'generic_biofuel_energy_unused' not found in process parameters; skipping.
2026-07-29 09:56:43 - DEBUG - process - Input 'electrofuel_energy_consumption' not found in process parameters; skipping.
2026-07-29 09:56:43 - DEBUG - process - Input 'electrofuel_energy_production_commissioned' not found in process parameters; skipping.
2026-07-29 09:56:43 - DEBUG - process - Input 'electrofuel_energy_unused' not found in process parameters; skipping.
2026-07-29 09:56:43 - DEBUG - process - Input 'fossil_kerosene_energy_consumption' not found in process parameters; skipping.
2026-07-29 09:56:43 - INFO - processes_assembly - Computing scenario: SAF (SSP2-45)
2026-07-29 09:56:43 - INFO - process - Running MDA
2026-07-29 09:56:49 - INFO - base_mda_solver - MDAGaussSeidel running... Normalized residual norm = 1.00e+00 (iter. 1)
2026-07-29 09:56:50 - INFO - base_mda_solver - MDAGaussSeidel running... Normalized residual norm = 1.40e-02 (iter. 2)
2026-07-29 09:56:52 - INFO - base_mda_solver - MDAGaussSeidel running... Normalized residual norm = 2.15e-01 (iter. 3)
2026-07-29 09:56:53 - INFO - base_mda_solver - MDAGaussSeidel running... Normalized residual norm = 2.79e-01 (iter. 4)
2026-07-29 09:56:54 - INFO - base_mda_solver - MDAGaussSeidel running... Normalized residual norm = 1.78e-01 (iter. 5)
2026-07-29 09:56:56 - INFO - base_mda_solver - MDAGaussSeidel running... Normalized residual norm = 5.13e-02 (iter. 6)
2026-07-29 09:56:57 - INFO - base_mda_solver - MDAGaussSeidel running... Normalized residual norm = 1.11e-01 (iter. 7)
2026-07-29 09:56:58 - INFO - base_mda_solver - MDAGaussSeidel running... Normalized residual norm = 9.86e-02 (iter. 8)
2026-07-29 09:56:59 - INFO - base_mda_solver - MDAGaussSeidel running... Normalized residual norm = 4.39e-02 (iter. 9)
2026-07-29 09:57:00 - INFO - base_mda_solver - MDAGaussSeidel running... Normalized residual norm = 3.74e-02 (iter. 10)
2026-07-29 09:57:02 - INFO - base_mda_solver - MDAGaussSeidel running... Normalized residual norm = 4.64e-02 (iter. 11)
2026-07-29 09:57:03 - INFO - base_mda_solver - MDAGaussSeidel running... Normalized residual norm = 3.06e-02 (iter. 12)
2026-07-29 09:57:04 - INFO - base_mda_solver - MDAGaussSeidel running... Normalized residual norm = 1.35e-02 (iter. 13)
2026-07-29 09:57:05 - INFO - base_mda_solver - MDAGaussSeidel running... Normalized residual norm = 1.92e-02 (iter. 14)
2026-07-29 09:57:06 - DEBUG - backend_pdf - Assigning font /F1 = 'C:\\Users\\i.costa-alves\\Documents\\Kodigus\\Python_v3_11\\Lib\\site-packages\\matplotlib\\mpl-data\\fonts\\ttf\\DejaVuSans.ttf'
2026-07-29 09:57:06 - DEBUG - backend_pdf - Embedding font C:\Users\i.costa-alves\Documents\Kodigus\Python_v3_11\Lib\site-packages\matplotlib\mpl-data\fonts\ttf\DejaVuSans.ttf.
2026-07-29 09:57:06 - DEBUG - backend_pdf - Writing TrueType font.
2026-07-29 09:57:07 - INFO - process - Loaded custom model 'socioeconomic_drivers' from 'C:\Users\i.costa-alves\Documents\Kodigus\aeromaps\AeroMAPS\aeromaps\notebooks\publications\wctr_2026\models\socioeconomic_drivers.py'
2026-07-29 09:57:07 - INFO - base_mda_solver - MDAGaussSeidel running... Normalized residual norm = 1.73e-02 (iter. 15)
2026-07-29 09:57:07 - INFO - process - Loaded custom model 'socioeconomic_drivers' from 'C:\Users\i.costa-alves\Documents\Kodigus\aeromaps\AeroMAPS\aeromaps\notebooks\publications\wctr_2026\models\socioeconomic_drivers.py'
2026-07-29 09:57:08 - INFO - process - Loaded custom model 'socioeconomic_drivers' from 'C:\Users\i.costa-alves\Documents\Kodigus\aeromaps\AeroMAPS\aeromaps\notebooks\publications\wctr_2026\models\socioeconomic_drivers.py'
2026-07-29 09:57:08 - INFO - base_mda_solver - MDAGaussSeidel running... Normalized residual norm = 8.57e-03 (iter. 16)
2026-07-29 09:57:08 - INFO - process - Loaded custom model 'socioeconomic_drivers' from 'C:\Users\i.costa-alves\Documents\Kodigus\aeromaps\AeroMAPS\aeromaps\notebooks\publications\wctr_2026\models\socioeconomic_drivers.py'
2026-07-29 09:57:08 - INFO - process - Loaded custom model 'socioeconomic_drivers' from 'C:\Users\i.costa-alves\Documents\Kodigus\aeromaps\AeroMAPS\aeromaps\notebooks\publications\wctr_2026\models\socioeconomic_drivers.py'
2026-07-29 09:57:09 - INFO - process - Loaded custom model 'socioeconomic_drivers' from 'C:\Users\i.costa-alves\Documents\Kodigus\aeromaps\AeroMAPS\aeromaps\notebooks\publications\wctr_2026\models\socioeconomic_drivers.py'
2026-07-29 09:57:09 - INFO - base_mda_solver - MDAGaussSeidel running... Normalized residual norm = 6.65e-03 (iter. 17)
2026-07-29 09:57:09 - INFO - processes_assembly - Computing scenario: FOSSIL (SSP2-19)
2026-07-29 09:57:09 - INFO - process - Running MDA
2026-07-29 09:57:10 - INFO - base_mda_solver - MDAGaussSeidel running... Normalized residual norm = 8.39e-03 (iter. 18)
2026-07-29 09:57:12 - INFO - base_mda_solver - MDAGaussSeidel running... Normalized residual norm = 5.73e-03 (iter. 19)
2026-07-29 09:57:13 - INFO - base_mda_solver - MDAGaussSeidel running... Normalized residual norm = 2.55e-03 (iter. 20)
2026-07-29 09:57:15 - INFO - base_mda_solver - MDAGaussSeidel running... Normalized residual norm = 3.37e-03 (iter. 21)
2026-07-29 09:57:16 - INFO - base_mda_solver - MDAGaussSeidel running... Normalized residual norm = 3.24e-03 (iter. 22)
2026-07-29 09:57:16 - INFO - base_mda_solver - MDAGaussSeidel running... Normalized residual norm = 1.00e+00 (iter. 1)
2026-07-29 09:57:17 - INFO - base_mda_solver - MDAGaussSeidel running... Normalized residual norm = 1.68e-03 (iter. 23)
2026-07-29 09:57:18 - INFO - base_mda_solver - MDAGaussSeidel running... Normalized residual norm = 7.09e-08 (iter. 2)
2026-07-29 09:57:19 - INFO - base_mda_solver - MDAGaussSeidel running... Normalized residual norm = 1.13e-03 (iter. 24)
2026-07-29 09:57:19 - INFO - base_mda_solver - MDAGaussSeidel running... Normalized residual norm = 7.09e-08 (iter. 3)
2026-07-29 09:57:20 - INFO - base_mda_solver - MDAGaussSeidel running... Normalized residual norm = 7.09e-08 (iter. 4)
2026-07-29 09:57:20 - INFO - base_mda_solver - MDAGaussSeidel running... Normalized residual norm = 1.52e-03 (iter. 25)
2026-07-29 09:57:21 - INFO - base_mda_solver - MDAGaussSeidel running... Normalized residual norm = 7.09e-08 (iter. 5)
2026-07-29 09:57:21 - INFO - base_mda_solver - MDAGaussSeidel running... Normalized residual norm = 1.11e-03 (iter. 26)
2026-07-29 09:57:22 - INFO - base_mda_solver - MDAGaussSeidel running... Normalized residual norm = 7.09e-08 (iter. 6)
2026-07-29 09:57:23 - INFO - base_mda_solver - MDAGaussSeidel running... Normalized residual norm = 4.82e-04 (iter. 27)
2026-07-29 09:57:23 - INFO - base_mda_solver - MDAGaussSeidel running... Normalized residual norm = 7.09e-08 (iter. 7)
2026-07-29 09:57:24 - INFO - base_mda_solver - MDAGaussSeidel running... Normalized residual norm = 5.80e-04 (iter. 28)
2026-07-29 09:57:25 - INFO - base_mda_solver - MDAGaussSeidel running... Normalized residual norm = 7.09e-08 (iter. 8)
2026-07-29 09:57:25 - INFO - base_mda_solver - MDAGaussSeidel running... Normalized residual norm = 6.04e-04 (iter. 29)
2026-07-29 09:57:27 - INFO - base_mda_solver - MDAGaussSeidel running... Normalized residual norm = 7.09e-08 (iter. 9)
2026-07-29 09:57:27 - INFO - base_mda_solver - MDAGaussSeidel running... Normalized residual norm = 3.38e-04 (iter. 30)
2026-07-29 09:57:28 - INFO - base_mda_solver - MDAGaussSeidel running... Normalized residual norm = 7.09e-08 (iter. 10)
2026-07-29 09:57:28 - WARNING - base_mda_solver - MDAGaussSeidel has reached its maximum number of unsuccessful iterations, but the normalized residual norm 7.08867564667088e-08 is still above the tolerance 1e-10.
2026-07-29 09:57:29 - INFO - base_mda_solver - MDAGaussSeidel running... Normalized residual norm = 1.92e-04 (iter. 31)
2026-07-29 09:57:30 - INFO - base_mda_solver - MDAGaussSeidel running... Normalized residual norm = 2.70e-04 (iter. 32)
2026-07-29 09:57:31 - DEBUG - process - Input 'ask' not found in process parameters; skipping.
2026-07-29 09:57:31 - DEBUG - process - Input 'ask_short_range' not found in process parameters; skipping.
2026-07-29 09:57:31 - DEBUG - process - Input 'ask_medium_range' not found in process parameters; skipping.
2026-07-29 09:57:31 - DEBUG - process - Input 'ask_long_range' not found in process parameters; skipping.
2026-07-29 09:57:31 - DEBUG - process - Input 'co2_emissions' not found in process parameters; skipping.
2026-07-29 09:57:31 - DEBUG - process - Input 'load_factor' not found in process parameters; skipping.
2026-07-29 09:57:31 - DEBUG - process - Input 'rpk_short_range' not found in process parameters; skipping.
2026-07-29 09:57:31 - DEBUG - process - Input 'rpk_medium_range' not found in process parameters; skipping.
2026-07-29 09:57:31 - DEBUG - process - Input 'rpk_long_range' not found in process parameters; skipping.
2026-07-29 09:57:31 - DEBUG - process - Input 'dropin_fuel_mean_co2_emission_factor' not found in process parameters; skipping.
2026-07-29 09:57:31 - DEBUG - process - Input 'hydrogen_mean_co2_emission_factor' not found in process parameters; skipping.
2026-07-29 09:57:31 - DEBUG - process - Input 'electric_mean_co2_emission_factor' not found in process parameters; skipping.
2026-07-29 09:57:31 - DEBUG - process - Input 'dropin_fuel_mean_mfsp' not found in process parameters; skipping.
2026-07-29 09:57:31 - DEBUG - process - Input 'hydrogen_mean_mfsp' not found in process parameters; skipping.
2026-07-29 09:57:31 - DEBUG - process - Input 'electric_mean_mfsp' not found in process parameters; skipping.
2026-07-29 09:57:31 - DEBUG - process - Input 'dropin_fuel_mean_unit_carbon_tax' not found in process parameters; skipping.
2026-07-29 09:57:31 - DEBUG - process - Input 'hydrogen_mean_unit_carbon_tax' not found in process parameters; skipping.
2026-07-29 09:57:31 - DEBUG - process - Input 'electric_mean_unit_carbon_tax' not found in process parameters; skipping.
2026-07-29 09:57:31 - DEBUG - process - Input 'dropin_fuel_mean_unit_tax' not found in process parameters; skipping.
2026-07-29 09:57:31 - DEBUG - process - Input 'hydrogen_mean_unit_tax' not found in process parameters; skipping.
2026-07-29 09:57:31 - DEBUG - process - Input 'electric_mean_unit_tax' not found in process parameters; skipping.
2026-07-29 09:57:31 - DEBUG - process - Input 'dropin_fuel_mean_unit_subsidy' not found in process parameters; skipping.
2026-07-29 09:57:31 - DEBUG - process - Input 'hydrogen_mean_unit_subsidy' not found in process parameters; skipping.
2026-07-29 09:57:31 - DEBUG - process - Input 'electric_mean_unit_subsidy' not found in process parameters; skipping.
2026-07-29 09:57:31 - DEBUG - process - Input 'doc_non_energy_per_ask_short_range_dropin_fuel' not found in process parameters; skipping.
2026-07-29 09:57:31 - DEBUG - process - Input 'doc_non_energy_per_ask_short_range_hydrogen' not found in process parameters; skipping.
2026-07-29 09:57:31 - DEBUG - process - Input 'doc_non_energy_per_ask_short_range_electric' not found in process parameters; skipping.
2026-07-29 09:57:31 - DEBUG - process - Input 'doc_non_energy_per_ask_short_range_mean' not found in process parameters; skipping.
2026-07-29 09:57:31 - DEBUG - process - Input 'doc_non_energy_per_ask_medium_range_dropin_fuel' not found in process parameters; skipping.
2026-07-29 09:57:31 - DEBUG - process - Input 'doc_non_energy_per_ask_medium_range_hydrogen' not found in process parameters; skipping.
2026-07-29 09:57:31 - DEBUG - process - Input 'doc_non_energy_per_ask_medium_range_electric' not found in process parameters; skipping.
2026-07-29 09:57:31 - DEBUG - process - Input 'doc_non_energy_per_ask_medium_range_mean' not found in process parameters; skipping.
2026-07-29 09:57:31 - DEBUG - process - Input 'doc_non_energy_per_ask_long_range_dropin_fuel' not found in process parameters; skipping.
2026-07-29 09:57:31 - DEBUG - process - Input 'doc_non_energy_per_ask_long_range_hydrogen' not found in process parameters; skipping.
2026-07-29 09:57:31 - DEBUG - process - Input 'doc_non_energy_per_ask_long_range_electric' not found in process parameters; skipping.
2026-07-29 09:57:31 - DEBUG - process - Input 'doc_non_energy_per_ask_long_range_mean' not found in process parameters; skipping.
2026-07-29 09:57:31 - DEBUG - process - Input 'doc_non_energy_per_ask_mean' not found in process parameters; skipping.
2026-07-29 09:57:31 - DEBUG - process - Input 'generic_biofuel_energy_consumption' not found in process parameters; skipping.
2026-07-29 09:57:31 - DEBUG - process - Input 'generic_biofuel_energy_production_commissioned' not found in process parameters; skipping.
2026-07-29 09:57:31 - DEBUG - process - Input 'generic_biofuel_energy_unused' not found in process parameters; skipping.
2026-07-29 09:57:31 - DEBUG - process - Input 'electrofuel_energy_consumption' not found in process parameters; skipping.
2026-07-29 09:57:31 - DEBUG - process - Input 'electrofuel_energy_production_commissioned' not found in process parameters; skipping.
2026-07-29 09:57:31 - DEBUG - process - Input 'electrofuel_energy_unused' not found in process parameters; skipping.
2026-07-29 09:57:31 - DEBUG - process - Input 'fossil_kerosene_energy_consumption' not found in process parameters; skipping.
2026-07-29 09:57:31 - INFO - processes_assembly - Computing scenario: SAF (SSP2-19)
2026-07-29 09:57:31 - INFO - process - Running MDA
2026-07-29 09:57:32 - INFO - base_mda_solver - MDAGaussSeidel running... Normalized residual norm = 2.14e-04 (iter. 33)
2026-07-29 09:57:33 - INFO - base_mda_solver - MDAGaussSeidel running... Normalized residual norm = 9.49e-05 (iter. 34)
2026-07-29 09:57:35 - INFO - base_mda_solver - MDAGaussSeidel running... Normalized residual norm = 9.83e-05 (iter. 35)
2026-07-29 09:57:36 - INFO - base_mda_solver - MDAGaussSeidel running... Normalized residual norm = 1.11e-04 (iter. 36)
2026-07-29 09:57:38 - INFO - base_mda_solver - MDAGaussSeidel running... Normalized residual norm = 6.73e-05 (iter. 37)
2026-07-29 09:57:38 - INFO - base_mda_solver - MDAGaussSeidel running... Normalized residual norm = 1.00e+00 (iter. 1)
2026-07-29 09:57:39 - INFO - base_mda_solver - MDAGaussSeidel running... Normalized residual norm = 3.31e-05 (iter. 38)
2026-07-29 09:57:40 - INFO - base_mda_solver - MDAGaussSeidel running... Normalized residual norm = 1.44e-02 (iter. 2)
2026-07-29 09:57:40 - INFO - base_mda_solver - MDAGaussSeidel running... Normalized residual norm = 4.72e-05 (iter. 39)
2026-07-29 09:57:41 - INFO - base_mda_solver - MDAGaussSeidel running... Normalized residual norm = 7.91e-02 (iter. 3)
2026-07-29 09:57:42 - INFO - base_mda_solver - MDAGaussSeidel running... Normalized residual norm = 4.06e-05 (iter. 40)
2026-07-29 09:57:42 - INFO - base_mda_solver - MDAGaussSeidel running... Normalized residual norm = 1.03e-01 (iter. 4)
2026-07-29 09:57:43 - INFO - base_mda_solver - MDAGaussSeidel running... Normalized residual norm = 1.90e-05 (iter. 41)
2026-07-29 09:57:44 - INFO - base_mda_solver - MDAGaussSeidel running... Normalized residual norm = 6.63e-02 (iter. 5)
2026-07-29 09:57:45 - INFO - base_mda_solver - MDAGaussSeidel running... Normalized residual norm = 1.64e-05 (iter. 42)
2026-07-29 09:57:45 - INFO - base_mda_solver - MDAGaussSeidel running... Normalized residual norm = 6.85e-03 (iter. 6)
2026-07-29 09:57:46 - INFO - base_mda_solver - MDAGaussSeidel running... Normalized residual norm = 2.00e-05 (iter. 43)
2026-07-29 09:57:47 - INFO - base_mda_solver - MDAGaussSeidel running... Normalized residual norm = 1.44e-02 (iter. 7)
2026-07-29 09:57:47 - INFO - base_mda_solver - MDAGaussSeidel running... Normalized residual norm = 1.32e-05 (iter. 44)
2026-07-29 09:57:48 - INFO - base_mda_solver - MDAGaussSeidel running... Normalized residual norm = 1.29e-02 (iter. 8)
2026-07-29 09:57:49 - INFO - base_mda_solver - MDAGaussSeidel running... Normalized residual norm = 5.90e-06 (iter. 45)
2026-07-29 09:57:49 - INFO - base_mda_solver - MDAGaussSeidel running... Normalized residual norm = 5.48e-03 (iter. 9)
2026-07-29 09:57:50 - INFO - base_mda_solver - MDAGaussSeidel running... Normalized residual norm = 8.10e-06 (iter. 46)
2026-07-29 09:57:50 - INFO - base_mda_solver - MDAGaussSeidel running... Normalized residual norm = 1.77e-03 (iter. 10)
2026-07-29 09:57:51 - INFO - base_mda_solver - MDAGaussSeidel running... Normalized residual norm = 7.56e-06 (iter. 47)
2026-07-29 09:57:52 - INFO - base_mda_solver - MDAGaussSeidel running... Normalized residual norm = 2.19e-03 (iter. 11)
2026-07-29 09:57:52 - INFO - base_mda_solver - MDAGaussSeidel running... Normalized residual norm = 3.81e-06 (iter. 48)
2026-07-29 09:57:53 - INFO - base_mda_solver - MDAGaussSeidel running... Normalized residual norm = 1.49e-03 (iter. 12)
2026-07-29 09:57:54 - INFO - base_mda_solver - MDAGaussSeidel running... Normalized residual norm = 2.71e-06 (iter. 49)
2026-07-29 09:57:54 - INFO - base_mda_solver - MDAGaussSeidel running... Normalized residual norm = 4.64e-04 (iter. 13)
2026-07-29 09:57:55 - INFO - base_mda_solver - MDAGaussSeidel running... Normalized residual norm = 3.55e-06 (iter. 50)
2026-07-29 09:57:56 - INFO - base_mda_solver - MDAGaussSeidel running... Normalized residual norm = 3.36e-04 (iter. 14)
2026-07-29 09:57:56 - INFO - base_mda_solver - MDAGaussSeidel running... Normalized residual norm = 2.54e-06 (iter. 51)
2026-07-29 09:57:57 - INFO - base_mda_solver - MDAGaussSeidel running... Normalized residual norm = 3.09e-04 (iter. 15)
2026-07-29 09:57:58 - INFO - base_mda_solver - MDAGaussSeidel running... Normalized residual norm = 1.10e-06 (iter. 52)
2026-07-29 09:57:58 - INFO - base_mda_solver - MDAGaussSeidel running... Normalized residual norm = 1.60e-04 (iter. 16)
2026-07-29 09:57:59 - INFO - base_mda_solver - MDAGaussSeidel running... Normalized residual norm = 1.37e-06 (iter. 53)
2026-07-29 09:58:00 - INFO - base_mda_solver - MDAGaussSeidel running... Normalized residual norm = 4.87e-05 (iter. 17)
2026-07-29 09:58:00 - INFO - base_mda_solver - MDAGaussSeidel running... Normalized residual norm = 1.39e-06 (iter. 54)
2026-07-29 09:58:01 - INFO - base_mda_solver - MDAGaussSeidel running... Normalized residual norm = 5.58e-05 (iter. 18)
2026-07-29 09:58:02 - INFO - base_mda_solver - MDAGaussSeidel running... Normalized residual norm = 7.65e-07 (iter. 55)
2026-07-29 09:58:02 - INFO - base_mda_solver - MDAGaussSeidel running... Normalized residual norm = 4.02e-05 (iter. 19)
2026-07-29 09:58:03 - INFO - base_mda_solver - MDAGaussSeidel running... Normalized residual norm = 4.61e-07 (iter. 56)
2026-07-29 09:58:03 - INFO - base_mda_solver - MDAGaussSeidel running... Normalized residual norm = 1.59e-05 (iter. 20)
2026-07-29 09:58:04 - INFO - base_mda_solver - MDAGaussSeidel running... Normalized residual norm = 6.28e-07 (iter. 57)
2026-07-29 09:58:05 - INFO - base_mda_solver - MDAGaussSeidel running... Normalized residual norm = 7.78e-06 (iter. 21)
2026-07-29 09:58:06 - INFO - base_mda_solver - MDAGaussSeidel running... Normalized residual norm = 4.94e-07 (iter. 58)
2026-07-29 09:58:06 - INFO - base_mda_solver - MDAGaussSeidel running... Normalized residual norm = 8.40e-06 (iter. 22)
2026-07-29 09:58:07 - INFO - base_mda_solver - MDAGaussSeidel running... Normalized residual norm = 2.45e-07 (iter. 59)
2026-07-29 09:58:07 - INFO - base_mda_solver - MDAGaussSeidel running... Normalized residual norm = 4.81e-06 (iter. 23)
2026-07-29 09:58:08 - INFO - base_mda_solver - MDAGaussSeidel running... Normalized residual norm = 2.57e-07 (iter. 60)
2026-07-29 09:58:09 - INFO - base_mda_solver - MDAGaussSeidel running... Normalized residual norm = 1.53e-06 (iter. 24)
2026-07-29 09:58:09 - INFO - base_mda_solver - MDAGaussSeidel running... Normalized residual norm = 2.77e-07 (iter. 61)
2026-07-29 09:58:10 - INFO - base_mda_solver - MDAGaussSeidel running... Normalized residual norm = 1.36e-06 (iter. 25)
2026-07-29 09:58:11 - INFO - base_mda_solver - MDAGaussSeidel running... Normalized residual norm = 1.94e-07 (iter. 62)
2026-07-29 09:58:11 - INFO - base_mda_solver - MDAGaussSeidel running... Normalized residual norm = 1.16e-06 (iter. 26)
2026-07-29 09:58:12 - INFO - base_mda_solver - MDAGaussSeidel running... Normalized residual norm = 1.47e-07 (iter. 63)
2026-07-29 09:58:13 - INFO - base_mda_solver - MDAGaussSeidel running... Normalized residual norm = 5.31e-07 (iter. 27)
2026-07-29 09:58:13 - INFO - base_mda_solver - MDAGaussSeidel running... Normalized residual norm = 1.65e-07 (iter. 64)
2026-07-29 09:58:14 - INFO - base_mda_solver - MDAGaussSeidel running... Normalized residual norm = 2.05e-07 (iter. 28)
2026-07-29 09:58:15 - INFO - base_mda_solver - MDAGaussSeidel running... Normalized residual norm = 1.55e-07 (iter. 65)
2026-07-29 09:58:15 - INFO - base_mda_solver - MDAGaussSeidel running... Normalized residual norm = 2.34e-07 (iter. 29)
2026-07-29 09:58:16 - INFO - base_mda_solver - MDAGaussSeidel running... Normalized residual norm = 1.34e-07 (iter. 66)
2026-07-29 09:58:17 - INFO - base_mda_solver - MDAGaussSeidel running... Normalized residual norm = 1.69e-07 (iter. 30)
2026-07-29 09:58:17 - INFO - base_mda_solver - MDAGaussSeidel running... Normalized residual norm = 1.33e-07 (iter. 67)
2026-07-29 09:58:18 - INFO - base_mda_solver - MDAGaussSeidel running... Normalized residual norm = 9.87e-08 (iter. 31)
2026-07-29 09:58:19 - INFO - base_mda_solver - MDAGaussSeidel running... Normalized residual norm = 1.35e-07 (iter. 68)
2026-07-29 09:58:19 - INFO - base_mda_solver - MDAGaussSeidel running... Normalized residual norm = 8.94e-08 (iter. 32)
2026-07-29 09:58:20 - INFO - base_mda_solver - MDAGaussSeidel running... Normalized residual norm = 1.31e-07 (iter. 69)
2026-07-29 09:58:20 - INFO - base_mda_solver - MDAGaussSeidel running... Normalized residual norm = 8.96e-08 (iter. 33)
2026-07-29 09:58:21 - INFO - base_mda_solver - MDAGaussSeidel running... Normalized residual norm = 1.29e-07 (iter. 70)
2026-07-29 09:58:21 - INFO - base_mda_solver - MDAGaussSeidel running... Normalized residual norm = 8.54e-08 (iter. 34)
2026-07-29 09:58:22 - INFO - base_mda_solver - MDAGaussSeidel running... Normalized residual norm = 1.29e-07 (iter. 71)
2026-07-29 09:58:23 - INFO - base_mda_solver - MDAGaussSeidel running... Normalized residual norm = 8.39e-08 (iter. 35)
2026-07-29 09:58:24 - INFO - base_mda_solver - MDAGaussSeidel running... Normalized residual norm = 1.29e-07 (iter. 72)
2026-07-29 09:58:24 - INFO - base_mda_solver - MDAGaussSeidel running... Normalized residual norm = 8.39e-08 (iter. 36)
2026-07-29 09:58:25 - INFO - base_mda_solver - MDAGaussSeidel running... Normalized residual norm = 1.28e-07 (iter. 73)
2026-07-29 09:58:25 - INFO - base_mda_solver - MDAGaussSeidel running... Normalized residual norm = 8.38e-08 (iter. 37)
2026-07-29 09:58:26 - INFO - base_mda_solver - MDAGaussSeidel running... Normalized residual norm = 1.28e-07 (iter. 74)
2026-07-29 09:58:27 - INFO - base_mda_solver - MDAGaussSeidel running... Normalized residual norm = 8.37e-08 (iter. 38)
2026-07-29 09:58:28 - INFO - base_mda_solver - MDAGaussSeidel running... Normalized residual norm = 1.28e-07 (iter. 75)
2026-07-29 09:58:28 - INFO - base_mda_solver - MDAGaussSeidel running... Normalized residual norm = 8.37e-08 (iter. 39)
2026-07-29 09:58:29 - INFO - base_mda_solver - MDAGaussSeidel running... Normalized residual norm = 1.28e-07 (iter. 76)
2026-07-29 09:58:30 - INFO - base_mda_solver - MDAGaussSeidel running... Normalized residual norm = 8.37e-08 (iter. 40)
2026-07-29 09:58:31 - INFO - base_mda_solver - MDAGaussSeidel running... Normalized residual norm = 1.28e-07 (iter. 77)
2026-07-29 09:58:31 - INFO - base_mda_solver - MDAGaussSeidel running... Normalized residual norm = 8.37e-08 (iter. 41)
2026-07-29 09:58:32 - INFO - base_mda_solver - MDAGaussSeidel running... Normalized residual norm = 1.28e-07 (iter. 78)
2026-07-29 09:58:33 - INFO - base_mda_solver - MDAGaussSeidel running... Normalized residual norm = 8.37e-08 (iter. 42)
2026-07-29 09:58:33 - INFO - base_mda_solver - MDAGaussSeidel running... Normalized residual norm = 1.28e-07 (iter. 79)
2026-07-29 09:58:34 - INFO - base_mda_solver - MDAGaussSeidel running... Normalized residual norm = 8.37e-08 (iter. 43)
2026-07-29 09:58:35 - INFO - base_mda_solver - MDAGaussSeidel running... Normalized residual norm = 1.28e-07 (iter. 80)
2026-07-29 09:58:35 - INFO - base_mda_solver - MDAGaussSeidel running... Normalized residual norm = 8.37e-08 (iter. 44)
2026-07-29 09:58:36 - INFO - base_mda_solver - MDAGaussSeidel running... Normalized residual norm = 1.28e-07 (iter. 81)
2026-07-29 09:58:37 - INFO - base_mda_solver - MDAGaussSeidel running... Normalized residual norm = 8.37e-08 (iter. 45)
2026-07-29 09:58:38 - INFO - base_mda_solver - MDAGaussSeidel running... Normalized residual norm = 1.28e-07 (iter. 82)
2026-07-29 09:58:38 - INFO - base_mda_solver - MDAGaussSeidel running... Normalized residual norm = 8.37e-08 (iter. 46)
2026-07-29 09:58:39 - INFO - base_mda_solver - MDAGaussSeidel running... Normalized residual norm = 1.28e-07 (iter. 83)
2026-07-29 09:58:39 - INFO - base_mda_solver - MDAGaussSeidel running... Normalized residual norm = 8.37e-08 (iter. 47)
2026-07-29 09:58:40 - INFO - base_mda_solver - MDAGaussSeidel running... Normalized residual norm = 1.28e-07 (iter. 84)
2026-07-29 09:58:41 - INFO - base_mda_solver - MDAGaussSeidel running... Normalized residual norm = 8.37e-08 (iter. 48)
2026-07-29 09:58:42 - INFO - base_mda_solver - MDAGaussSeidel running... Normalized residual norm = 1.28e-07 (iter. 85)
2026-07-29 09:58:42 - INFO - base_mda_solver - MDAGaussSeidel running... Normalized residual norm = 8.37e-08 (iter. 49)
2026-07-29 09:58:43 - INFO - base_mda_solver - MDAGaussSeidel running... Normalized residual norm = 1.28e-07 (iter. 86)
2026-07-29 09:58:44 - INFO - base_mda_solver - MDAGaussSeidel running... Normalized residual norm = 8.37e-08 (iter. 50)
2026-07-29 09:58:44 - INFO - base_mda_solver - MDAGaussSeidel running... Normalized residual norm = 1.28e-07 (iter. 87)
2026-07-29 09:58:45 - INFO - base_mda_solver - MDAGaussSeidel running... Normalized residual norm = 8.37e-08 (iter. 51)
2026-07-29 09:58:46 - INFO - base_mda_solver - MDAGaussSeidel running... Normalized residual norm = 1.28e-07 (iter. 88)
2026-07-29 09:58:46 - INFO - base_mda_solver - MDAGaussSeidel running... Normalized residual norm = 8.37e-08 (iter. 52)
2026-07-29 09:58:47 - INFO - base_mda_solver - MDAGaussSeidel running... Normalized residual norm = 1.28e-07 (iter. 89)
2026-07-29 09:58:48 - INFO - base_mda_solver - MDAGaussSeidel running... Normalized residual norm = 8.37e-08 (iter. 53)
2026-07-29 09:58:49 - INFO - base_mda_solver - MDAGaussSeidel running... Normalized residual norm = 1.28e-07 (iter. 90)
2026-07-29 09:58:49 - INFO - base_mda_solver - MDAGaussSeidel running... Normalized residual norm = 8.37e-08 (iter. 54)
2026-07-29 09:58:50 - INFO - base_mda_solver - MDAGaussSeidel running... Normalized residual norm = 1.28e-07 (iter. 91)
2026-07-29 09:58:50 - INFO - base_mda_solver - MDAGaussSeidel running... Normalized residual norm = 8.37e-08 (iter. 55)
2026-07-29 09:58:52 - INFO - base_mda_solver - MDAGaussSeidel running... Normalized residual norm = 1.28e-07 (iter. 92)
2026-07-29 09:58:52 - INFO - base_mda_solver - MDAGaussSeidel running... Normalized residual norm = 8.37e-08 (iter. 56)
2026-07-29 09:58:53 - INFO - base_mda_solver - MDAGaussSeidel running... Normalized residual norm = 1.28e-07 (iter. 93)
2026-07-29 09:58:53 - INFO - base_mda_solver - MDAGaussSeidel running... Normalized residual norm = 8.37e-08 (iter. 57)
2026-07-29 09:58:54 - INFO - base_mda_solver - MDAGaussSeidel running... Normalized residual norm = 1.28e-07 (iter. 94)
2026-07-29 09:58:54 - INFO - base_mda_solver - MDAGaussSeidel running... Normalized residual norm = 8.37e-08 (iter. 58)
2026-07-29 09:58:56 - INFO - base_mda_solver - MDAGaussSeidel running... Normalized residual norm = 1.28e-07 (iter. 95)
2026-07-29 09:58:56 - INFO - base_mda_solver - MDAGaussSeidel running... Normalized residual norm = 8.37e-08 (iter. 59)
2026-07-29 09:58:57 - INFO - base_mda_solver - MDAGaussSeidel running... Normalized residual norm = 1.28e-07 (iter. 96)
2026-07-29 09:58:57 - INFO - base_mda_solver - MDAGaussSeidel running... Normalized residual norm = 8.37e-08 (iter. 60)
2026-07-29 09:58:58 - INFO - base_mda_solver - MDAGaussSeidel running... Normalized residual norm = 1.28e-07 (iter. 97)
2026-07-29 09:58:59 - INFO - base_mda_solver - MDAGaussSeidel running... Normalized residual norm = 8.37e-08 (iter. 61)
2026-07-29 09:59:00 - INFO - base_mda_solver - MDAGaussSeidel running... Normalized residual norm = 1.28e-07 (iter. 98)
2026-07-29 09:59:00 - INFO - base_mda_solver - MDAGaussSeidel running... Normalized residual norm = 8.37e-08 (iter. 62)
2026-07-29 09:59:01 - INFO - base_mda_solver - MDAGaussSeidel running... Normalized residual norm = 1.28e-07 (iter. 99)
2026-07-29 09:59:02 - INFO - base_mda_solver - MDAGaussSeidel running... Normalized residual norm = 8.37e-08 (iter. 63)
2026-07-29 09:59:03 - INFO - base_mda_solver - MDAGaussSeidel running... Normalized residual norm = 1.28e-07 (iter. 100)
2026-07-29 09:59:03 - INFO - base_mda_solver - MDAGaussSeidel running... Normalized residual norm = 8.37e-08 (iter. 64)
2026-07-29 09:59:04 - INFO - base_mda_solver - MDAGaussSeidel running... Normalized residual norm = 1.28e-07 (iter. 101)
2026-07-29 09:59:04 - INFO - base_mda_solver - MDAGaussSeidel running... Normalized residual norm = 8.37e-08 (iter. 65)
2026-07-29 09:59:05 - INFO - base_mda_solver - MDAGaussSeidel running... Normalized residual norm = 1.28e-07 (iter. 102)
2026-07-29 09:59:06 - INFO - base_mda_solver - MDAGaussSeidel running... Normalized residual norm = 8.37e-08 (iter. 66)
2026-07-29 09:59:07 - INFO - base_mda_solver - MDAGaussSeidel running... Normalized residual norm = 1.28e-07 (iter. 103)
2026-07-29 09:59:07 - INFO - base_mda_solver - MDAGaussSeidel running... Normalized residual norm = 8.37e-08 (iter. 67)
2026-07-29 09:59:08 - INFO - base_mda_solver - MDAGaussSeidel running... Normalized residual norm = 1.28e-07 (iter. 104)
2026-07-29 09:59:08 - INFO - base_mda_solver - MDAGaussSeidel running... Normalized residual norm = 8.37e-08 (iter. 68)
2026-07-29 09:59:09 - INFO - base_mda_solver - MDAGaussSeidel running... Normalized residual norm = 1.28e-07 (iter. 105)
2026-07-29 09:59:10 - INFO - base_mda_solver - MDAGaussSeidel running... Normalized residual norm = 8.37e-08 (iter. 69)
2026-07-29 09:59:11 - INFO - base_mda_solver - MDAGaussSeidel running... Normalized residual norm = 8.37e-08 (iter. 70)
2026-07-29 09:59:11 - INFO - base_mda_solver - MDAGaussSeidel running... Normalized residual norm = 1.28e-07 (iter. 106)
2026-07-29 09:59:12 - INFO - base_mda_solver - MDAGaussSeidel running... Normalized residual norm = 8.37e-08 (iter. 71)
2026-07-29 09:59:13 - INFO - base_mda_solver - MDAGaussSeidel running... Normalized residual norm = 1.28e-07 (iter. 107)
2026-07-29 09:59:14 - INFO - base_mda_solver - MDAGaussSeidel running... Normalized residual norm = 8.37e-08 (iter. 72)
2026-07-29 09:59:14 - INFO - base_mda_solver - MDAGaussSeidel running... Normalized residual norm = 1.28e-07 (iter. 108)
2026-07-29 09:59:15 - INFO - base_mda_solver - MDAGaussSeidel running... Normalized residual norm = 8.37e-08 (iter. 73)
2026-07-29 09:59:15 - INFO - base_mda_solver - MDAGaussSeidel running... Normalized residual norm = 1.28e-07 (iter. 109)
2026-07-29 09:59:16 - INFO - base_mda_solver - MDAGaussSeidel running... Normalized residual norm = 8.37e-08 (iter. 74)
2026-07-29 09:59:17 - INFO - base_mda_solver - MDAGaussSeidel running... Normalized residual norm = 1.28e-07 (iter. 110)
2026-07-29 09:59:18 - INFO - base_mda_solver - MDAGaussSeidel running... Normalized residual norm = 8.37e-08 (iter. 75)
2026-07-29 09:59:18 - WARNING - base_mda_solver - MDAGaussSeidel has reached its maximum number of unsuccessful iterations, but the normalized residual norm 8.372641399969226e-08 is still above the tolerance 1e-10.
2026-07-29 09:59:18 - INFO - base_mda_solver - MDAGaussSeidel running... Normalized residual norm = 1.28e-07 (iter. 111)
2026-07-29 09:59:20 - INFO - base_mda_solver - MDAGaussSeidel running... Normalized residual norm = 1.28e-07 (iter. 112)
2026-07-29 09:59:20 - DEBUG - process - Input 'ask' not found in process parameters; skipping.
2026-07-29 09:59:20 - DEBUG - process - Input 'ask_short_range' not found in process parameters; skipping.
2026-07-29 09:59:20 - DEBUG - process - Input 'ask_medium_range' not found in process parameters; skipping.
2026-07-29 09:59:20 - DEBUG - process - Input 'ask_long_range' not found in process parameters; skipping.
2026-07-29 09:59:20 - DEBUG - process - Input 'co2_emissions' not found in process parameters; skipping.
2026-07-29 09:59:20 - DEBUG - process - Input 'load_factor' not found in process parameters; skipping.
2026-07-29 09:59:20 - DEBUG - process - Input 'rpk_short_range' not found in process parameters; skipping.
2026-07-29 09:59:20 - DEBUG - process - Input 'rpk_medium_range' not found in process parameters; skipping.
2026-07-29 09:59:20 - DEBUG - process - Input 'rpk_long_range' not found in process parameters; skipping.
2026-07-29 09:59:20 - DEBUG - process - Input 'dropin_fuel_mean_co2_emission_factor' not found in process parameters; skipping.
2026-07-29 09:59:20 - DEBUG - process - Input 'hydrogen_mean_co2_emission_factor' not found in process parameters; skipping.
2026-07-29 09:59:20 - DEBUG - process - Input 'electric_mean_co2_emission_factor' not found in process parameters; skipping.
2026-07-29 09:59:20 - DEBUG - process - Input 'dropin_fuel_mean_mfsp' not found in process parameters; skipping.
2026-07-29 09:59:20 - DEBUG - process - Input 'hydrogen_mean_mfsp' not found in process parameters; skipping.
2026-07-29 09:59:20 - DEBUG - process - Input 'electric_mean_mfsp' not found in process parameters; skipping.
2026-07-29 09:59:20 - DEBUG - process - Input 'dropin_fuel_mean_unit_carbon_tax' not found in process parameters; skipping.
2026-07-29 09:59:20 - DEBUG - process - Input 'hydrogen_mean_unit_carbon_tax' not found in process parameters; skipping.
2026-07-29 09:59:20 - DEBUG - process - Input 'electric_mean_unit_carbon_tax' not found in process parameters; skipping.
2026-07-29 09:59:20 - DEBUG - process - Input 'dropin_fuel_mean_unit_tax' not found in process parameters; skipping.
2026-07-29 09:59:20 - DEBUG - process - Input 'hydrogen_mean_unit_tax' not found in process parameters; skipping.
2026-07-29 09:59:20 - DEBUG - process - Input 'electric_mean_unit_tax' not found in process parameters; skipping.
2026-07-29 09:59:20 - DEBUG - process - Input 'dropin_fuel_mean_unit_subsidy' not found in process parameters; skipping.
2026-07-29 09:59:20 - DEBUG - process - Input 'hydrogen_mean_unit_subsidy' not found in process parameters; skipping.
2026-07-29 09:59:20 - DEBUG - process - Input 'electric_mean_unit_subsidy' not found in process parameters; skipping.
2026-07-29 09:59:20 - DEBUG - process - Input 'doc_non_energy_per_ask_short_range_dropin_fuel' not found in process parameters; skipping.
2026-07-29 09:59:20 - DEBUG - process - Input 'doc_non_energy_per_ask_short_range_hydrogen' not found in process parameters; skipping.
2026-07-29 09:59:20 - DEBUG - process - Input 'doc_non_energy_per_ask_short_range_electric' not found in process parameters; skipping.
2026-07-29 09:59:20 - DEBUG - process - Input 'doc_non_energy_per_ask_short_range_mean' not found in process parameters; skipping.
2026-07-29 09:59:20 - DEBUG - process - Input 'doc_non_energy_per_ask_medium_range_dropin_fuel' not found in process parameters; skipping.
2026-07-29 09:59:20 - DEBUG - process - Input 'doc_non_energy_per_ask_medium_range_hydrogen' not found in process parameters; skipping.
2026-07-29 09:59:20 - DEBUG - process - Input 'doc_non_energy_per_ask_medium_range_electric' not found in process parameters; skipping.
2026-07-29 09:59:20 - DEBUG - process - Input 'doc_non_energy_per_ask_medium_range_mean' not found in process parameters; skipping.
2026-07-29 09:59:20 - DEBUG - process - Input 'doc_non_energy_per_ask_long_range_dropin_fuel' not found in process parameters; skipping.
2026-07-29 09:59:20 - DEBUG - process - Input 'doc_non_energy_per_ask_long_range_hydrogen' not found in process parameters; skipping.
2026-07-29 09:59:20 - DEBUG - process - Input 'doc_non_energy_per_ask_long_range_electric' not found in process parameters; skipping.
2026-07-29 09:59:20 - DEBUG - process - Input 'doc_non_energy_per_ask_long_range_mean' not found in process parameters; skipping.
2026-07-29 09:59:20 - DEBUG - process - Input 'doc_non_energy_per_ask_mean' not found in process parameters; skipping.
2026-07-29 09:59:20 - DEBUG - process - Input 'generic_biofuel_energy_consumption' not found in process parameters; skipping.
2026-07-29 09:59:20 - DEBUG - process - Input 'generic_biofuel_energy_production_commissioned' not found in process parameters; skipping.
2026-07-29 09:59:20 - DEBUG - process - Input 'generic_biofuel_energy_unused' not found in process parameters; skipping.
2026-07-29 09:59:20 - DEBUG - process - Input 'electrofuel_energy_consumption' not found in process parameters; skipping.
2026-07-29 09:59:20 - DEBUG - process - Input 'electrofuel_energy_production_commissioned' not found in process parameters; skipping.
2026-07-29 09:59:20 - DEBUG - process - Input 'electrofuel_energy_unused' not found in process parameters; skipping.
2026-07-29 09:59:20 - DEBUG - process - Input 'fossil_kerosene_energy_consumption' not found in process parameters; skipping.
2026-07-29 09:59:20 - INFO - processes_assembly - Computing scenario: FOSSIL (SSP2-26)
2026-07-29 09:59:21 - INFO - process - Running MDA
2026-07-29 09:59:21 - INFO - base_mda_solver - MDAGaussSeidel running... Normalized residual norm = 1.28e-07 (iter. 113)
2026-07-29 09:59:22 - INFO - base_mda_solver - MDAGaussSeidel running... Normalized residual norm = 1.28e-07 (iter. 114)
2026-07-29 09:59:23 - INFO - base_mda_solver - MDAGaussSeidel running... Normalized residual norm = 1.28e-07 (iter. 115)
2026-07-29 09:59:25 - INFO - base_mda_solver - MDAGaussSeidel running... Normalized residual norm = 1.28e-07 (iter. 116)
2026-07-29 09:59:26 - INFO - base_mda_solver - MDAGaussSeidel running... Normalized residual norm = 1.28e-07 (iter. 117)
2026-07-29 09:59:27 - INFO - base_mda_solver - MDAGaussSeidel running... Normalized residual norm = 1.00e+00 (iter. 1)
2026-07-29 09:59:28 - INFO - base_mda_solver - MDAGaussSeidel running... Normalized residual norm = 1.28e-07 (iter. 118)
2026-07-29 09:59:29 - INFO - base_mda_solver - MDAGaussSeidel running... Normalized residual norm = 1.15e-07 (iter. 2)
2026-07-29 09:59:29 - INFO - base_mda_solver - MDAGaussSeidel running... Normalized residual norm = 1.28e-07 (iter. 119)
2026-07-29 09:59:30 - INFO - base_mda_solver - MDAGaussSeidel running... Normalized residual norm = 1.15e-07 (iter. 3)
2026-07-29 09:59:30 - INFO - base_mda_solver - MDAGaussSeidel running... Normalized residual norm = 1.28e-07 (iter. 120)
2026-07-29 09:59:31 - INFO - base_mda_solver - MDAGaussSeidel running... Normalized residual norm = 1.15e-07 (iter. 4)
2026-07-29 09:59:32 - INFO - base_mda_solver - MDAGaussSeidel running... Normalized residual norm = 1.28e-07 (iter. 121)
2026-07-29 09:59:33 - INFO - base_mda_solver - MDAGaussSeidel running... Normalized residual norm = 1.15e-07 (iter. 5)
2026-07-29 09:59:33 - INFO - base_mda_solver - MDAGaussSeidel running... Normalized residual norm = 1.28e-07 (iter. 122)
2026-07-29 09:59:34 - INFO - base_mda_solver - MDAGaussSeidel running... Normalized residual norm = 1.15e-07 (iter. 6)
2026-07-29 09:59:35 - INFO - base_mda_solver - MDAGaussSeidel running... Normalized residual norm = 1.28e-07 (iter. 123)
2026-07-29 09:59:35 - INFO - base_mda_solver - MDAGaussSeidel running... Normalized residual norm = 1.15e-07 (iter. 7)
2026-07-29 09:59:36 - INFO - base_mda_solver - MDAGaussSeidel running... Normalized residual norm = 1.28e-07 (iter. 124)
2026-07-29 09:59:37 - INFO - base_mda_solver - MDAGaussSeidel running... Normalized residual norm = 1.15e-07 (iter. 8)
2026-07-29 09:59:37 - INFO - base_mda_solver - MDAGaussSeidel running... Normalized residual norm = 1.28e-07 (iter. 125)
2026-07-29 09:59:38 - INFO - base_mda_solver - MDAGaussSeidel running... Normalized residual norm = 1.15e-07 (iter. 9)
2026-07-29 09:59:39 - INFO - base_mda_solver - MDAGaussSeidel running... Normalized residual norm = 1.28e-07 (iter. 126)
2026-07-29 09:59:39 - INFO - base_mda_solver - MDAGaussSeidel running... Normalized residual norm = 1.15e-07 (iter. 10)
2026-07-29 09:59:39 - WARNING - base_mda_solver - MDAGaussSeidel has reached its maximum number of unsuccessful iterations, but the normalized residual norm 1.1469028808313562e-07 is still above the tolerance 1e-10.
2026-07-29 09:59:40 - INFO - base_mda_solver - MDAGaussSeidel running... Normalized residual norm = 1.28e-07 (iter. 127)
2026-07-29 09:59:41 - INFO - base_mda_solver - MDAGaussSeidel running... Normalized residual norm = 1.28e-07 (iter. 128)
2026-07-29 09:59:42 - DEBUG - process - Input 'ask' not found in process parameters; skipping.
2026-07-29 09:59:42 - DEBUG - process - Input 'ask_short_range' not found in process parameters; skipping.
2026-07-29 09:59:42 - DEBUG - process - Input 'ask_medium_range' not found in process parameters; skipping.
2026-07-29 09:59:42 - DEBUG - process - Input 'ask_long_range' not found in process parameters; skipping.
2026-07-29 09:59:42 - DEBUG - process - Input 'co2_emissions' not found in process parameters; skipping.
2026-07-29 09:59:42 - DEBUG - process - Input 'load_factor' not found in process parameters; skipping.
2026-07-29 09:59:42 - DEBUG - process - Input 'rpk_short_range' not found in process parameters; skipping.
2026-07-29 09:59:42 - DEBUG - process - Input 'rpk_medium_range' not found in process parameters; skipping.
2026-07-29 09:59:42 - DEBUG - process - Input 'rpk_long_range' not found in process parameters; skipping.
2026-07-29 09:59:42 - DEBUG - process - Input 'dropin_fuel_mean_co2_emission_factor' not found in process parameters; skipping.
2026-07-29 09:59:42 - DEBUG - process - Input 'hydrogen_mean_co2_emission_factor' not found in process parameters; skipping.
2026-07-29 09:59:42 - DEBUG - process - Input 'electric_mean_co2_emission_factor' not found in process parameters; skipping.
2026-07-29 09:59:42 - DEBUG - process - Input 'dropin_fuel_mean_mfsp' not found in process parameters; skipping.
2026-07-29 09:59:42 - DEBUG - process - Input 'hydrogen_mean_mfsp' not found in process parameters; skipping.
2026-07-29 09:59:42 - DEBUG - process - Input 'electric_mean_mfsp' not found in process parameters; skipping.
2026-07-29 09:59:42 - DEBUG - process - Input 'dropin_fuel_mean_unit_carbon_tax' not found in process parameters; skipping.
2026-07-29 09:59:42 - DEBUG - process - Input 'hydrogen_mean_unit_carbon_tax' not found in process parameters; skipping.
2026-07-29 09:59:42 - DEBUG - process - Input 'electric_mean_unit_carbon_tax' not found in process parameters; skipping.
2026-07-29 09:59:42 - DEBUG - process - Input 'dropin_fuel_mean_unit_tax' not found in process parameters; skipping.
2026-07-29 09:59:42 - DEBUG - process - Input 'hydrogen_mean_unit_tax' not found in process parameters; skipping.
2026-07-29 09:59:42 - DEBUG - process - Input 'electric_mean_unit_tax' not found in process parameters; skipping.
2026-07-29 09:59:42 - DEBUG - process - Input 'dropin_fuel_mean_unit_subsidy' not found in process parameters; skipping.
2026-07-29 09:59:42 - DEBUG - process - Input 'hydrogen_mean_unit_subsidy' not found in process parameters; skipping.
2026-07-29 09:59:42 - DEBUG - process - Input 'electric_mean_unit_subsidy' not found in process parameters; skipping.
2026-07-29 09:59:42 - DEBUG - process - Input 'doc_non_energy_per_ask_short_range_dropin_fuel' not found in process parameters; skipping.
2026-07-29 09:59:42 - DEBUG - process - Input 'doc_non_energy_per_ask_short_range_hydrogen' not found in process parameters; skipping.
2026-07-29 09:59:42 - DEBUG - process - Input 'doc_non_energy_per_ask_short_range_electric' not found in process parameters; skipping.
2026-07-29 09:59:42 - DEBUG - process - Input 'doc_non_energy_per_ask_short_range_mean' not found in process parameters; skipping.
2026-07-29 09:59:42 - DEBUG - process - Input 'doc_non_energy_per_ask_medium_range_dropin_fuel' not found in process parameters; skipping.
2026-07-29 09:59:42 - DEBUG - process - Input 'doc_non_energy_per_ask_medium_range_hydrogen' not found in process parameters; skipping.
2026-07-29 09:59:42 - DEBUG - process - Input 'doc_non_energy_per_ask_medium_range_electric' not found in process parameters; skipping.
2026-07-29 09:59:42 - DEBUG - process - Input 'doc_non_energy_per_ask_medium_range_mean' not found in process parameters; skipping.
2026-07-29 09:59:42 - DEBUG - process - Input 'doc_non_energy_per_ask_long_range_dropin_fuel' not found in process parameters; skipping.
2026-07-29 09:59:42 - DEBUG - process - Input 'doc_non_energy_per_ask_long_range_hydrogen' not found in process parameters; skipping.
2026-07-29 09:59:42 - DEBUG - process - Input 'doc_non_energy_per_ask_long_range_electric' not found in process parameters; skipping.
2026-07-29 09:59:42 - DEBUG - process - Input 'doc_non_energy_per_ask_long_range_mean' not found in process parameters; skipping.
2026-07-29 09:59:42 - DEBUG - process - Input 'doc_non_energy_per_ask_mean' not found in process parameters; skipping.
2026-07-29 09:59:42 - DEBUG - process - Input 'generic_biofuel_energy_consumption' not found in process parameters; skipping.
2026-07-29 09:59:42 - DEBUG - process - Input 'generic_biofuel_energy_production_commissioned' not found in process parameters; skipping.
2026-07-29 09:59:42 - DEBUG - process - Input 'generic_biofuel_energy_unused' not found in process parameters; skipping.
2026-07-29 09:59:42 - DEBUG - process - Input 'electrofuel_energy_consumption' not found in process parameters; skipping.
2026-07-29 09:59:42 - DEBUG - process - Input 'electrofuel_energy_production_commissioned' not found in process parameters; skipping.
2026-07-29 09:59:42 - DEBUG - process - Input 'electrofuel_energy_unused' not found in process parameters; skipping.
2026-07-29 09:59:42 - DEBUG - process - Input 'fossil_kerosene_energy_consumption' not found in process parameters; skipping.
2026-07-29 09:59:42 - INFO - processes_assembly - Computing scenario: SAF (SSP2-26)
2026-07-29 09:59:42 - INFO - process - Running MDA
2026-07-29 09:59:43 - INFO - base_mda_solver - MDAGaussSeidel running... Normalized residual norm = 1.28e-07 (iter. 129)
2026-07-29 09:59:44 - INFO - base_mda_solver - MDAGaussSeidel running... Normalized residual norm = 1.28e-07 (iter. 130)
2026-07-29 09:59:46 - INFO - base_mda_solver - MDAGaussSeidel running... Normalized residual norm = 1.28e-07 (iter. 131)
2026-07-29 09:59:47 - INFO - base_mda_solver - MDAGaussSeidel running... Normalized residual norm = 1.28e-07 (iter. 132)
2026-07-29 09:59:48 - INFO - base_mda_solver - MDAGaussSeidel running... Normalized residual norm = 1.28e-07 (iter. 133)
2026-07-29 09:59:49 - INFO - base_mda_solver - MDAGaussSeidel running... Normalized residual norm = 1.00e+00 (iter. 1)
2026-07-29 09:59:49 - INFO - base_mda_solver - MDAGaussSeidel running... Normalized residual norm = 1.28e-07 (iter. 134)
2026-07-29 09:59:50 - INFO - base_mda_solver - MDAGaussSeidel running... Normalized residual norm = 1.42e-02 (iter. 2)
2026-07-29 09:59:51 - INFO - base_mda_solver - MDAGaussSeidel running... Normalized residual norm = 1.28e-07 (iter. 135)
2026-07-29 09:59:51 - INFO - base_mda_solver - MDAGaussSeidel running... Normalized residual norm = 1.66e-01 (iter. 3)
2026-07-29 09:59:52 - INFO - base_mda_solver - MDAGaussSeidel running... Normalized residual norm = 1.28e-07 (iter. 136)
2026-07-29 09:59:53 - INFO - base_mda_solver - MDAGaussSeidel running... Normalized residual norm = 2.16e-01 (iter. 4)
2026-07-29 09:59:53 - INFO - base_mda_solver - MDAGaussSeidel running... Normalized residual norm = 1.28e-07 (iter. 137)
2026-07-29 09:59:54 - INFO - base_mda_solver - MDAGaussSeidel running... Normalized residual norm = 1.38e-01 (iter. 5)
2026-07-29 09:59:55 - INFO - base_mda_solver - MDAGaussSeidel running... Normalized residual norm = 1.28e-07 (iter. 138)
2026-07-29 09:59:55 - INFO - base_mda_solver - MDAGaussSeidel running... Normalized residual norm = 3.06e-02 (iter. 6)
2026-07-29 09:59:56 - INFO - base_mda_solver - MDAGaussSeidel running... Normalized residual norm = 1.28e-07 (iter. 139)
2026-07-29 09:59:56 - INFO - base_mda_solver - MDAGaussSeidel running... Normalized residual norm = 6.57e-02 (iter. 7)
2026-07-29 09:59:57 - INFO - base_mda_solver - MDAGaussSeidel running... Normalized residual norm = 1.28e-07 (iter. 140)
2026-07-29 09:59:58 - INFO - base_mda_solver - MDAGaussSeidel running... Normalized residual norm = 5.84e-02 (iter. 8)
2026-07-29 09:59:59 - INFO - base_mda_solver - MDAGaussSeidel running... Normalized residual norm = 1.28e-07 (iter. 141)
2026-07-29 09:59:59 - INFO - base_mda_solver - MDAGaussSeidel running... Normalized residual norm = 2.54e-02 (iter. 9)
2026-07-29 10:00:00 - INFO - base_mda_solver - MDAGaussSeidel running... Normalized residual norm = 1.28e-07 (iter. 142)
2026-07-29 10:00:00 - WARNING - base_mda_solver - MDAGaussSeidel has reached its maximum number of unsuccessful iterations, but the normalized residual norm 1.2790677653523863e-07 is still above the tolerance 1e-10.
2026-07-29 10:00:01 - INFO - base_mda_solver - MDAGaussSeidel running... Normalized residual norm = 1.69e-02 (iter. 10)
2026-07-29 10:00:02 - INFO - base_mda_solver - MDAGaussSeidel running... Normalized residual norm = 2.10e-02 (iter. 11)
2026-07-29 10:00:02 - DEBUG - process - Input 'ask' not found in process parameters; skipping.
2026-07-29 10:00:02 - DEBUG - process - Input 'ask_short_range' not found in process parameters; skipping.
2026-07-29 10:00:02 - DEBUG - process - Input 'ask_medium_range' not found in process parameters; skipping.
2026-07-29 10:00:02 - DEBUG - process - Input 'ask_long_range' not found in process parameters; skipping.
2026-07-29 10:00:02 - DEBUG - process - Input 'co2_emissions' not found in process parameters; skipping.
2026-07-29 10:00:02 - DEBUG - process - Input 'load_factor' not found in process parameters; skipping.
2026-07-29 10:00:02 - DEBUG - process - Input 'rpk_short_range' not found in process parameters; skipping.
2026-07-29 10:00:02 - DEBUG - process - Input 'rpk_medium_range' not found in process parameters; skipping.
2026-07-29 10:00:02 - DEBUG - process - Input 'rpk_long_range' not found in process parameters; skipping.
2026-07-29 10:00:02 - DEBUG - process - Input 'dropin_fuel_mean_co2_emission_factor' not found in process parameters; skipping.
2026-07-29 10:00:02 - DEBUG - process - Input 'hydrogen_mean_co2_emission_factor' not found in process parameters; skipping.
2026-07-29 10:00:02 - DEBUG - process - Input 'electric_mean_co2_emission_factor' not found in process parameters; skipping.
2026-07-29 10:00:02 - DEBUG - process - Input 'dropin_fuel_mean_mfsp' not found in process parameters; skipping.
2026-07-29 10:00:02 - DEBUG - process - Input 'hydrogen_mean_mfsp' not found in process parameters; skipping.
2026-07-29 10:00:02 - DEBUG - process - Input 'electric_mean_mfsp' not found in process parameters; skipping.
2026-07-29 10:00:02 - DEBUG - process - Input 'dropin_fuel_mean_unit_carbon_tax' not found in process parameters; skipping.
2026-07-29 10:00:02 - DEBUG - process - Input 'hydrogen_mean_unit_carbon_tax' not found in process parameters; skipping.
2026-07-29 10:00:02 - DEBUG - process - Input 'electric_mean_unit_carbon_tax' not found in process parameters; skipping.
2026-07-29 10:00:02 - DEBUG - process - Input 'dropin_fuel_mean_unit_tax' not found in process parameters; skipping.
2026-07-29 10:00:02 - DEBUG - process - Input 'hydrogen_mean_unit_tax' not found in process parameters; skipping.
2026-07-29 10:00:02 - DEBUG - process - Input 'electric_mean_unit_tax' not found in process parameters; skipping.
2026-07-29 10:00:02 - DEBUG - process - Input 'dropin_fuel_mean_unit_subsidy' not found in process parameters; skipping.
2026-07-29 10:00:02 - DEBUG - process - Input 'hydrogen_mean_unit_subsidy' not found in process parameters; skipping.
2026-07-29 10:00:02 - DEBUG - process - Input 'electric_mean_unit_subsidy' not found in process parameters; skipping.
2026-07-29 10:00:02 - DEBUG - process - Input 'doc_non_energy_per_ask_short_range_dropin_fuel' not found in process parameters; skipping.
2026-07-29 10:00:02 - DEBUG - process - Input 'doc_non_energy_per_ask_short_range_hydrogen' not found in process parameters; skipping.
2026-07-29 10:00:02 - DEBUG - process - Input 'doc_non_energy_per_ask_short_range_electric' not found in process parameters; skipping.
2026-07-29 10:00:02 - DEBUG - process - Input 'doc_non_energy_per_ask_short_range_mean' not found in process parameters; skipping.
2026-07-29 10:00:02 - DEBUG - process - Input 'doc_non_energy_per_ask_medium_range_dropin_fuel' not found in process parameters; skipping.
2026-07-29 10:00:02 - DEBUG - process - Input 'doc_non_energy_per_ask_medium_range_hydrogen' not found in process parameters; skipping.
2026-07-29 10:00:02 - DEBUG - process - Input 'doc_non_energy_per_ask_medium_range_electric' not found in process parameters; skipping.
2026-07-29 10:00:02 - DEBUG - process - Input 'doc_non_energy_per_ask_medium_range_mean' not found in process parameters; skipping.
2026-07-29 10:00:02 - DEBUG - process - Input 'doc_non_energy_per_ask_long_range_dropin_fuel' not found in process parameters; skipping.
2026-07-29 10:00:02 - DEBUG - process - Input 'doc_non_energy_per_ask_long_range_hydrogen' not found in process parameters; skipping.
2026-07-29 10:00:02 - DEBUG - process - Input 'doc_non_energy_per_ask_long_range_electric' not found in process parameters; skipping.
2026-07-29 10:00:02 - DEBUG - process - Input 'doc_non_energy_per_ask_long_range_mean' not found in process parameters; skipping.
2026-07-29 10:00:02 - DEBUG - process - Input 'doc_non_energy_per_ask_mean' not found in process parameters; skipping.
2026-07-29 10:00:02 - DEBUG - process - Input 'generic_biofuel_energy_consumption' not found in process parameters; skipping.
2026-07-29 10:00:02 - DEBUG - process - Input 'generic_biofuel_energy_production_commissioned' not found in process parameters; skipping.
2026-07-29 10:00:02 - DEBUG - process - Input 'generic_biofuel_energy_unused' not found in process parameters; skipping.
2026-07-29 10:00:02 - DEBUG - process - Input 'electrofuel_energy_consumption' not found in process parameters; skipping.
2026-07-29 10:00:02 - DEBUG - process - Input 'electrofuel_energy_production_commissioned' not found in process parameters; skipping.
2026-07-29 10:00:02 - DEBUG - process - Input 'electrofuel_energy_unused' not found in process parameters; skipping.
2026-07-29 10:00:02 - DEBUG - process - Input 'fossil_kerosene_energy_consumption' not found in process parameters; skipping.
2026-07-29 10:00:03 - INFO - base_mda_solver - MDAGaussSeidel running... Normalized residual norm = 1.40e-02 (iter. 12)
2026-07-29 10:00:05 - INFO - base_mda_solver - MDAGaussSeidel running... Normalized residual norm = 5.32e-03 (iter. 13)
2026-07-29 10:00:05 - INFO - functions - \U0001f9f9 clean_notebooks_on_tests called
2026-07-29 10:00:05 - INFO - functions - \u23ed Skipping cleanup during notebook run
2026-07-29 10:00:06 - INFO - base_mda_solver - MDAGaussSeidel running... Normalized residual norm = 6.67e-03 (iter. 14)
2026-07-29 10:00:07 - INFO - base_mda_solver - MDAGaussSeidel running... Normalized residual norm = 6.04e-03 (iter. 15)
2026-07-29 10:00:08 - INFO - base_mda_solver - MDAGaussSeidel running... Normalized residual norm = 3.03e-03 (iter. 16)
2026-07-29 10:00:10 - INFO - base_mda_solver - MDAGaussSeidel running... Normalized residual norm = 1.77e-03 (iter. 17)
2026-07-29 10:00:11 - INFO - base_mda_solver - MDAGaussSeidel running... Normalized residual norm = 2.25e-03 (iter. 18)
2026-07-29 10:00:12 - INFO - base_mda_solver - MDAGaussSeidel running... Normalized residual norm = 1.57e-03 (iter. 19)
2026-07-29 10:00:13 - INFO - base_mda_solver - MDAGaussSeidel running... Normalized residual norm = 6.36e-04 (iter. 20)
2026-07-29 10:00:15 - INFO - base_mda_solver - MDAGaussSeidel running... Normalized residual norm = 6.80e-04 (iter. 21)
2026-07-29 10:00:16 - INFO - base_mda_solver - MDAGaussSeidel running... Normalized residual norm = 6.76e-04 (iter. 22)
2026-07-29 10:00:17 - INFO - base_mda_solver - MDAGaussSeidel running... Normalized residual norm = 3.62e-04 (iter. 23)
2026-07-29 10:00:18 - INFO - base_mda_solver - MDAGaussSeidel running... Normalized residual norm = 1.79e-04 (iter. 24)
2026-07-29 10:00:19 - INFO - base_mda_solver - MDAGaussSeidel running... Normalized residual norm = 2.38e-04 (iter. 25)
2026-07-29 10:00:21 - INFO - base_mda_solver - MDAGaussSeidel running... Normalized residual norm = 1.82e-04 (iter. 26)
2026-07-29 10:00:22 - INFO - base_mda_solver - MDAGaussSeidel running... Normalized residual norm = 7.69e-05 (iter. 27)
2026-07-29 10:00:23 - INFO - base_mda_solver - MDAGaussSeidel running... Normalized residual norm = 6.78e-05 (iter. 28)
2026-07-29 10:00:24 - INFO - base_mda_solver - MDAGaussSeidel running... Normalized residual norm = 7.46e-05 (iter. 29)
2026-07-29 10:00:26 - INFO - base_mda_solver - MDAGaussSeidel running... Normalized residual norm = 4.41e-05 (iter. 30)
2026-07-29 10:00:27 - INFO - base_mda_solver - MDAGaussSeidel running... Normalized residual norm = 1.88e-05 (iter. 31)
2026-07-29 10:00:29 - INFO - base_mda_solver - MDAGaussSeidel running... Normalized residual norm = 2.47e-05 (iter. 32)
2026-07-29 10:00:30 - INFO - base_mda_solver - MDAGaussSeidel running... Normalized residual norm = 2.10e-05 (iter. 33)
2026-07-29 10:00:31 - INFO - base_mda_solver - MDAGaussSeidel running... Normalized residual norm = 9.59e-06 (iter. 34)
2026-07-29 10:00:33 - INFO - base_mda_solver - MDAGaussSeidel running... Normalized residual norm = 6.65e-06 (iter. 35)
2026-07-29 10:00:34 - INFO - base_mda_solver - MDAGaussSeidel running... Normalized residual norm = 8.06e-06 (iter. 36)
2026-07-29 10:00:35 - INFO - base_mda_solver - MDAGaussSeidel running... Normalized residual norm = 5.29e-06 (iter. 37)
2026-07-29 10:00:36 - INFO - base_mda_solver - MDAGaussSeidel running... Normalized residual norm = 2.11e-06 (iter. 38)
2026-07-29 10:00:38 - INFO - base_mda_solver - MDAGaussSeidel running... Normalized residual norm = 2.50e-06 (iter. 39)
2026-07-29 10:00:39 - INFO - base_mda_solver - MDAGaussSeidel running... Normalized residual norm = 2.36e-06 (iter. 40)
2026-07-29 10:00:40 - INFO - base_mda_solver - MDAGaussSeidel running... Normalized residual norm = 1.20e-06 (iter. 41)
2026-07-29 10:00:42 - INFO - base_mda_solver - MDAGaussSeidel running... Normalized residual norm = 6.60e-07 (iter. 42)
2026-07-29 10:00:43 - INFO - base_mda_solver - MDAGaussSeidel running... Normalized residual norm = 8.56e-07 (iter. 43)
2026-07-29 10:00:44 - INFO - base_mda_solver - MDAGaussSeidel running... Normalized residual norm = 6.27e-07 (iter. 44)
2026-07-29 10:00:46 - INFO - base_mda_solver - MDAGaussSeidel running... Normalized residual norm = 2.74e-07 (iter. 45)
2026-07-29 10:00:47 - INFO - base_mda_solver - MDAGaussSeidel running... Normalized residual norm = 2.70e-07 (iter. 46)
2026-07-29 10:00:48 - INFO - base_mda_solver - MDAGaussSeidel running... Normalized residual norm = 2.80e-07 (iter. 47)
2026-07-29 10:00:50 - INFO - base_mda_solver - MDAGaussSeidel running... Normalized residual norm = 1.82e-07 (iter. 48)
2026-07-29 10:00:51 - INFO - base_mda_solver - MDAGaussSeidel running... Normalized residual norm = 1.28e-07 (iter. 49)
2026-07-29 10:00:52 - INFO - base_mda_solver - MDAGaussSeidel running... Normalized residual norm = 1.41e-07 (iter. 50)
2026-07-29 10:00:54 - INFO - base_mda_solver - MDAGaussSeidel running... Normalized residual norm = 1.31e-07 (iter. 51)
2026-07-29 10:00:55 - INFO - base_mda_solver - MDAGaussSeidel running... Normalized residual norm = 1.15e-07 (iter. 52)
2026-07-29 10:00:56 - INFO - base_mda_solver - MDAGaussSeidel running... Normalized residual norm = 1.13e-07 (iter. 53)
2026-07-29 10:00:57 - INFO - base_mda_solver - MDAGaussSeidel running... Normalized residual norm = 1.14e-07 (iter. 54)
2026-07-29 10:00:59 - INFO - base_mda_solver - MDAGaussSeidel running... Normalized residual norm = 1.12e-07 (iter. 55)
2026-07-29 10:01:00 - INFO - base_mda_solver - MDAGaussSeidel running... Normalized residual norm = 1.11e-07 (iter. 56)
2026-07-29 10:01:02 - INFO - base_mda_solver - MDAGaussSeidel running... Normalized residual norm = 1.11e-07 (iter. 57)
2026-07-29 10:01:03 - INFO - base_mda_solver - MDAGaussSeidel running... Normalized residual norm = 1.11e-07 (iter. 58)
2026-07-29 10:01:04 - INFO - base_mda_solver - MDAGaussSeidel running... Normalized residual norm = 1.11e-07 (iter. 59)
2026-07-29 10:01:05 - INFO - base_mda_solver - MDAGaussSeidel running... Normalized residual norm = 1.11e-07 (iter. 60)
2026-07-29 10:01:07 - INFO - base_mda_solver - MDAGaussSeidel running... Normalized residual norm = 1.11e-07 (iter. 61)
2026-07-29 10:01:08 - INFO - base_mda_solver - MDAGaussSeidel running... Normalized residual norm = 1.11e-07 (iter. 62)
2026-07-29 10:01:09 - INFO - base_mda_solver - MDAGaussSeidel running... Normalized residual norm = 1.11e-07 (iter. 63)
2026-07-29 10:01:10 - INFO - base_mda_solver - MDAGaussSeidel running... Normalized residual norm = 1.11e-07 (iter. 64)
2026-07-29 10:01:12 - INFO - base_mda_solver - MDAGaussSeidel running... Normalized residual norm = 1.11e-07 (iter. 65)
2026-07-29 10:01:13 - INFO - base_mda_solver - MDAGaussSeidel running... Normalized residual norm = 1.11e-07 (iter. 66)
2026-07-29 10:01:14 - INFO - base_mda_solver - MDAGaussSeidel running... Normalized residual norm = 1.11e-07 (iter. 67)
2026-07-29 10:01:15 - INFO - base_mda_solver - MDAGaussSeidel running... Normalized residual norm = 1.11e-07 (iter. 68)
2026-07-29 10:01:17 - INFO - base_mda_solver - MDAGaussSeidel running... Normalized residual norm = 1.11e-07 (iter. 69)
2026-07-29 10:01:18 - INFO - base_mda_solver - MDAGaussSeidel running... Normalized residual norm = 1.11e-07 (iter. 70)
2026-07-29 10:01:19 - INFO - base_mda_solver - MDAGaussSeidel running... Normalized residual norm = 1.11e-07 (iter. 71)
2026-07-29 10:01:20 - INFO - base_mda_solver - MDAGaussSeidel running... Normalized residual norm = 1.11e-07 (iter. 72)
2026-07-29 10:01:22 - INFO - base_mda_solver - MDAGaussSeidel running... Normalized residual norm = 1.11e-07 (iter. 73)
2026-07-29 10:01:23 - INFO - base_mda_solver - MDAGaussSeidel running... Normalized residual norm = 1.11e-07 (iter. 74)
2026-07-29 10:01:24 - INFO - base_mda_solver - MDAGaussSeidel running... Normalized residual norm = 1.11e-07 (iter. 75)
2026-07-29 10:01:25 - INFO - base_mda_solver - MDAGaussSeidel running... Normalized residual norm = 1.11e-07 (iter. 76)
2026-07-29 10:01:27 - INFO - base_mda_solver - MDAGaussSeidel running... Normalized residual norm = 1.11e-07 (iter. 77)
2026-07-29 10:01:28 - INFO - base_mda_solver - MDAGaussSeidel running... Normalized residual norm = 1.11e-07 (iter. 78)
2026-07-29 10:01:29 - INFO - base_mda_solver - MDAGaussSeidel running... Normalized residual norm = 1.11e-07 (iter. 79)
2026-07-29 10:01:31 - INFO - base_mda_solver - MDAGaussSeidel running... Normalized residual norm = 1.11e-07 (iter. 80)
2026-07-29 10:01:32 - INFO - base_mda_solver - MDAGaussSeidel running... Normalized residual norm = 1.11e-07 (iter. 81)
2026-07-29 10:01:33 - INFO - base_mda_solver - MDAGaussSeidel running... Normalized residual norm = 1.11e-07 (iter. 82)
2026-07-29 10:01:34 - INFO - base_mda_solver - MDAGaussSeidel running... Normalized residual norm = 1.11e-07 (iter. 83)
2026-07-29 10:01:36 - INFO - base_mda_solver - MDAGaussSeidel running... Normalized residual norm = 1.11e-07 (iter. 84)
2026-07-29 10:01:37 - INFO - base_mda_solver - MDAGaussSeidel running... Normalized residual norm = 1.11e-07 (iter. 85)
2026-07-29 10:01:38 - INFO - base_mda_solver - MDAGaussSeidel running... Normalized residual norm = 1.11e-07 (iter. 86)
2026-07-29 10:01:39 - INFO - base_mda_solver - MDAGaussSeidel running... Normalized residual norm = 1.11e-07 (iter. 87)
2026-07-29 10:01:41 - INFO - base_mda_solver - MDAGaussSeidel running... Normalized residual norm = 1.11e-07 (iter. 88)
2026-07-29 10:01:42 - INFO - base_mda_solver - MDAGaussSeidel running... Normalized residual norm = 1.11e-07 (iter. 89)
2026-07-29 10:01:43 - INFO - base_mda_solver - MDAGaussSeidel running... Normalized residual norm = 1.11e-07 (iter. 90)
2026-07-29 10:01:45 - INFO - base_mda_solver - MDAGaussSeidel running... Normalized residual norm = 1.11e-07 (iter. 91)
2026-07-29 10:01:46 - INFO - base_mda_solver - MDAGaussSeidel running... Normalized residual norm = 1.11e-07 (iter. 92)
2026-07-29 10:01:47 - INFO - base_mda_solver - MDAGaussSeidel running... Normalized residual norm = 1.11e-07 (iter. 93)
2026-07-29 10:01:48 - INFO - base_mda_solver - MDAGaussSeidel running... Normalized residual norm = 1.11e-07 (iter. 94)
2026-07-29 10:01:50 - INFO - base_mda_solver - MDAGaussSeidel running... Normalized residual norm = 1.11e-07 (iter. 95)
2026-07-29 10:01:51 - INFO - base_mda_solver - MDAGaussSeidel running... Normalized residual norm = 1.11e-07 (iter. 96)
2026-07-29 10:01:52 - INFO - base_mda_solver - MDAGaussSeidel running... Normalized residual norm = 1.11e-07 (iter. 97)
2026-07-29 10:01:54 - INFO - base_mda_solver - MDAGaussSeidel running... Normalized residual norm = 1.11e-07 (iter. 98)
2026-07-29 10:01:55 - INFO - base_mda_solver - MDAGaussSeidel running... Normalized residual norm = 1.11e-07 (iter. 99)
2026-07-29 10:01:56 - INFO - base_mda_solver - MDAGaussSeidel running... Normalized residual norm = 1.11e-07 (iter. 100)
2026-07-29 10:01:57 - INFO - base_mda_solver - MDAGaussSeidel running... Normalized residual norm = 1.11e-07 (iter. 101)
2026-07-29 10:01:58 - INFO - base_mda_solver - MDAGaussSeidel running... Normalized residual norm = 1.11e-07 (iter. 102)
2026-07-29 10:02:00 - INFO - base_mda_solver - MDAGaussSeidel running... Normalized residual norm = 1.11e-07 (iter. 103)
2026-07-29 10:02:01 - INFO - base_mda_solver - MDAGaussSeidel running... Normalized residual norm = 1.11e-07 (iter. 104)
2026-07-29 10:02:02 - INFO - base_mda_solver - MDAGaussSeidel running... Normalized residual norm = 1.11e-07 (iter. 105)
2026-07-29 10:02:04 - INFO - base_mda_solver - MDAGaussSeidel running... Normalized residual norm = 1.11e-07 (iter. 106)
2026-07-29 10:02:05 - INFO - base_mda_solver - MDAGaussSeidel running... Normalized residual norm = 1.11e-07 (iter. 107)
2026-07-29 10:02:06 - INFO - base_mda_solver - MDAGaussSeidel running... Normalized residual norm = 1.11e-07 (iter. 108)
2026-07-29 10:02:07 - INFO - base_mda_solver - MDAGaussSeidel running... Normalized residual norm = 1.11e-07 (iter. 109)
2026-07-29 10:02:09 - INFO - base_mda_solver - MDAGaussSeidel running... Normalized residual norm = 1.11e-07 (iter. 110)
2026-07-29 10:02:10 - INFO - base_mda_solver - MDAGaussSeidel running... Normalized residual norm = 1.11e-07 (iter. 111)
2026-07-29 10:02:11 - INFO - base_mda_solver - MDAGaussSeidel running... Normalized residual norm = 1.11e-07 (iter. 112)
2026-07-29 10:02:12 - INFO - base_mda_solver - MDAGaussSeidel running... Normalized residual norm = 1.11e-07 (iter. 113)
2026-07-29 10:02:14 - INFO - base_mda_solver - MDAGaussSeidel running... Normalized residual norm = 1.11e-07 (iter. 114)
2026-07-29 10:02:14 - WARNING - base_mda_solver - MDAGaussSeidel has reached its maximum number of unsuccessful iterations, but the normalized residual norm 1.107283100864537e-07 is still above the tolerance 1e-10.
2026-07-29 10:02:16 - DEBUG - process - Input 'ask' not found in process parameters; skipping.
2026-07-29 10:02:16 - DEBUG - process - Input 'ask_short_range' not found in process parameters; skipping.
2026-07-29 10:02:16 - DEBUG - process - Input 'ask_medium_range' not found in process parameters; skipping.
2026-07-29 10:02:16 - DEBUG - process - Input 'ask_long_range' not found in process parameters; skipping.
2026-07-29 10:02:16 - DEBUG - process - Input 'co2_emissions' not found in process parameters; skipping.
2026-07-29 10:02:16 - DEBUG - process - Input 'load_factor' not found in process parameters; skipping.
2026-07-29 10:02:16 - DEBUG - process - Input 'rpk_short_range' not found in process parameters; skipping.
2026-07-29 10:02:16 - DEBUG - process - Input 'rpk_medium_range' not found in process parameters; skipping.
2026-07-29 10:02:16 - DEBUG - process - Input 'rpk_long_range' not found in process parameters; skipping.
2026-07-29 10:02:16 - DEBUG - process - Input 'dropin_fuel_mean_co2_emission_factor' not found in process parameters; skipping.
2026-07-29 10:02:16 - DEBUG - process - Input 'hydrogen_mean_co2_emission_factor' not found in process parameters; skipping.
2026-07-29 10:02:16 - DEBUG - process - Input 'electric_mean_co2_emission_factor' not found in process parameters; skipping.
2026-07-29 10:02:16 - DEBUG - process - Input 'dropin_fuel_mean_mfsp' not found in process parameters; skipping.
2026-07-29 10:02:16 - DEBUG - process - Input 'hydrogen_mean_mfsp' not found in process parameters; skipping.
2026-07-29 10:02:16 - DEBUG - process - Input 'electric_mean_mfsp' not found in process parameters; skipping.
2026-07-29 10:02:16 - DEBUG - process - Input 'dropin_fuel_mean_unit_carbon_tax' not found in process parameters; skipping.
2026-07-29 10:02:16 - DEBUG - process - Input 'hydrogen_mean_unit_carbon_tax' not found in process parameters; skipping.
2026-07-29 10:02:16 - DEBUG - process - Input 'electric_mean_unit_carbon_tax' not found in process parameters; skipping.
2026-07-29 10:02:16 - DEBUG - process - Input 'dropin_fuel_mean_unit_tax' not found in process parameters; skipping.
2026-07-29 10:02:16 - DEBUG - process - Input 'hydrogen_mean_unit_tax' not found in process parameters; skipping.
2026-07-29 10:02:16 - DEBUG - process - Input 'electric_mean_unit_tax' not found in process parameters; skipping.
2026-07-29 10:02:16 - DEBUG - process - Input 'dropin_fuel_mean_unit_subsidy' not found in process parameters; skipping.
2026-07-29 10:02:16 - DEBUG - process - Input 'hydrogen_mean_unit_subsidy' not found in process parameters; skipping.
2026-07-29 10:02:16 - DEBUG - process - Input 'electric_mean_unit_subsidy' not found in process parameters; skipping.
2026-07-29 10:02:16 - DEBUG - process - Input 'doc_non_energy_per_ask_short_range_dropin_fuel' not found in process parameters; skipping.
2026-07-29 10:02:16 - DEBUG - process - Input 'doc_non_energy_per_ask_short_range_hydrogen' not found in process parameters; skipping.
2026-07-29 10:02:16 - DEBUG - process - Input 'doc_non_energy_per_ask_short_range_electric' not found in process parameters; skipping.
2026-07-29 10:02:16 - DEBUG - process - Input 'doc_non_energy_per_ask_short_range_mean' not found in process parameters; skipping.
2026-07-29 10:02:16 - DEBUG - process - Input 'doc_non_energy_per_ask_medium_range_dropin_fuel' not found in process parameters; skipping.
2026-07-29 10:02:16 - DEBUG - process - Input 'doc_non_energy_per_ask_medium_range_hydrogen' not found in process parameters; skipping.
2026-07-29 10:02:16 - DEBUG - process - Input 'doc_non_energy_per_ask_medium_range_electric' not found in process parameters; skipping.
2026-07-29 10:02:16 - DEBUG - process - Input 'doc_non_energy_per_ask_medium_range_mean' not found in process parameters; skipping.
2026-07-29 10:02:16 - DEBUG - process - Input 'doc_non_energy_per_ask_long_range_dropin_fuel' not found in process parameters; skipping.
2026-07-29 10:02:16 - DEBUG - process - Input 'doc_non_energy_per_ask_long_range_hydrogen' not found in process parameters; skipping.
2026-07-29 10:02:16 - DEBUG - process - Input 'doc_non_energy_per_ask_long_range_electric' not found in process parameters; skipping.
2026-07-29 10:02:16 - DEBUG - process - Input 'doc_non_energy_per_ask_long_range_mean' not found in process parameters; skipping.
2026-07-29 10:02:16 - DEBUG - process - Input 'doc_non_energy_per_ask_mean' not found in process parameters; skipping.
2026-07-29 10:02:16 - DEBUG - process - Input 'generic_biofuel_energy_consumption' not found in process parameters; skipping.
2026-07-29 10:02:16 - DEBUG - process - Input 'generic_biofuel_energy_production_commissioned' not found in process parameters; skipping.
2026-07-29 10:02:16 - DEBUG - process - Input 'generic_biofuel_energy_unused' not found in process parameters; skipping.
2026-07-29 10:02:16 - DEBUG - process - Input 'electrofuel_energy_consumption' not found in process parameters; skipping.
2026-07-29 10:02:16 - DEBUG - process - Input 'electrofuel_energy_production_commissioned' not found in process parameters; skipping.
2026-07-29 10:02:16 - DEBUG - process - Input 'electrofuel_energy_unused' not found in process parameters; skipping.
2026-07-29 10:02:16 - DEBUG - process - Input 'fossil_kerosene_energy_consumption' not found in process parameters; skipping.
2026-07-29 10:02:16 - INFO - processes_assembly - Computing scenario: FOSSIL (SSP2-45)
2026-07-29 10:02:16 - INFO - process - Running MDA
2026-07-29 10:02:23 - INFO - base_mda_solver - MDAGaussSeidel running... Normalized residual norm = 1.00e+00 (iter. 1)
2026-07-29 10:02:24 - INFO - base_mda_solver - MDAGaussSeidel running... Normalized residual norm = 2.40e-07 (iter. 2)
2026-07-29 10:02:25 - INFO - base_mda_solver - MDAGaussSeidel running... Normalized residual norm = 2.40e-07 (iter. 3)
2026-07-29 10:02:26 - INFO - base_mda_solver - MDAGaussSeidel running... Normalized residual norm = 2.40e-07 (iter. 4)
2026-07-29 10:02:27 - INFO - base_mda_solver - MDAGaussSeidel running... Normalized residual norm = 2.40e-07 (iter. 5)
2026-07-29 10:02:29 - INFO - base_mda_solver - MDAGaussSeidel running... Normalized residual norm = 2.40e-07 (iter. 6)
2026-07-29 10:02:30 - INFO - base_mda_solver - MDAGaussSeidel running... Normalized residual norm = 2.40e-07 (iter. 7)
2026-07-29 10:02:31 - INFO - base_mda_solver - MDAGaussSeidel running... Normalized residual norm = 2.40e-07 (iter. 8)
2026-07-29 10:02:32 - INFO - base_mda_solver - MDAGaussSeidel running... Normalized residual norm = 2.40e-07 (iter. 9)
2026-07-29 10:02:33 - INFO - base_mda_solver - MDAGaussSeidel running... Normalized residual norm = 2.40e-07 (iter. 10)
2026-07-29 10:02:33 - WARNING - base_mda_solver - MDAGaussSeidel has reached its maximum number of unsuccessful iterations, but the normalized residual norm 2.4015993477518494e-07 is still above the tolerance 1e-10.
2026-07-29 10:02:36 - DEBUG - process - Input 'ask' not found in process parameters; skipping.
2026-07-29 10:02:36 - DEBUG - process - Input 'ask_short_range' not found in process parameters; skipping.
2026-07-29 10:02:36 - DEBUG - process - Input 'ask_medium_range' not found in process parameters; skipping.
2026-07-29 10:02:36 - DEBUG - process - Input 'ask_long_range' not found in process parameters; skipping.
2026-07-29 10:02:36 - DEBUG - process - Input 'co2_emissions' not found in process parameters; skipping.
2026-07-29 10:02:36 - DEBUG - process - Input 'load_factor' not found in process parameters; skipping.
2026-07-29 10:02:36 - DEBUG - process - Input 'rpk_short_range' not found in process parameters; skipping.
2026-07-29 10:02:36 - DEBUG - process - Input 'rpk_medium_range' not found in process parameters; skipping.
2026-07-29 10:02:36 - DEBUG - process - Input 'rpk_long_range' not found in process parameters; skipping.
2026-07-29 10:02:36 - DEBUG - process - Input 'dropin_fuel_mean_co2_emission_factor' not found in process parameters; skipping.
2026-07-29 10:02:36 - DEBUG - process - Input 'hydrogen_mean_co2_emission_factor' not found in process parameters; skipping.
2026-07-29 10:02:36 - DEBUG - process - Input 'electric_mean_co2_emission_factor' not found in process parameters; skipping.
2026-07-29 10:02:36 - DEBUG - process - Input 'dropin_fuel_mean_mfsp' not found in process parameters; skipping.
2026-07-29 10:02:36 - DEBUG - process - Input 'hydrogen_mean_mfsp' not found in process parameters; skipping.
2026-07-29 10:02:36 - DEBUG - process - Input 'electric_mean_mfsp' not found in process parameters; skipping.
2026-07-29 10:02:36 - DEBUG - process - Input 'dropin_fuel_mean_unit_carbon_tax' not found in process parameters; skipping.
2026-07-29 10:02:36 - DEBUG - process - Input 'hydrogen_mean_unit_carbon_tax' not found in process parameters; skipping.
2026-07-29 10:02:36 - DEBUG - process - Input 'electric_mean_unit_carbon_tax' not found in process parameters; skipping.
2026-07-29 10:02:36 - DEBUG - process - Input 'dropin_fuel_mean_unit_tax' not found in process parameters; skipping.
2026-07-29 10:02:36 - DEBUG - process - Input 'hydrogen_mean_unit_tax' not found in process parameters; skipping.
2026-07-29 10:02:36 - DEBUG - process - Input 'electric_mean_unit_tax' not found in process parameters; skipping.
2026-07-29 10:02:36 - DEBUG - process - Input 'dropin_fuel_mean_unit_subsidy' not found in process parameters; skipping.
2026-07-29 10:02:36 - DEBUG - process - Input 'hydrogen_mean_unit_subsidy' not found in process parameters; skipping.
2026-07-29 10:02:36 - DEBUG - process - Input 'electric_mean_unit_subsidy' not found in process parameters; skipping.
2026-07-29 10:02:36 - DEBUG - process - Input 'doc_non_energy_per_ask_short_range_dropin_fuel' not found in process parameters; skipping.
2026-07-29 10:02:36 - DEBUG - process - Input 'doc_non_energy_per_ask_short_range_hydrogen' not found in process parameters; skipping.
2026-07-29 10:02:36 - DEBUG - process - Input 'doc_non_energy_per_ask_short_range_electric' not found in process parameters; skipping.
2026-07-29 10:02:36 - DEBUG - process - Input 'doc_non_energy_per_ask_short_range_mean' not found in process parameters; skipping.
2026-07-29 10:02:36 - DEBUG - process - Input 'doc_non_energy_per_ask_medium_range_dropin_fuel' not found in process parameters; skipping.
2026-07-29 10:02:36 - DEBUG - process - Input 'doc_non_energy_per_ask_medium_range_hydrogen' not found in process parameters; skipping.
2026-07-29 10:02:36 - DEBUG - process - Input 'doc_non_energy_per_ask_medium_range_electric' not found in process parameters; skipping.
2026-07-29 10:02:36 - DEBUG - process - Input 'doc_non_energy_per_ask_medium_range_mean' not found in process parameters; skipping.
2026-07-29 10:02:36 - DEBUG - process - Input 'doc_non_energy_per_ask_long_range_dropin_fuel' not found in process parameters; skipping.
2026-07-29 10:02:36 - DEBUG - process - Input 'doc_non_energy_per_ask_long_range_hydrogen' not found in process parameters; skipping.
2026-07-29 10:02:36 - DEBUG - process - Input 'doc_non_energy_per_ask_long_range_electric' not found in process parameters; skipping.
2026-07-29 10:02:36 - DEBUG - process - Input 'doc_non_energy_per_ask_long_range_mean' not found in process parameters; skipping.
2026-07-29 10:02:36 - DEBUG - process - Input 'doc_non_energy_per_ask_mean' not found in process parameters; skipping.
2026-07-29 10:02:36 - DEBUG - process - Input 'generic_biofuel_energy_consumption' not found in process parameters; skipping.
2026-07-29 10:02:36 - DEBUG - process - Input 'generic_biofuel_energy_production_commissioned' not found in process parameters; skipping.
2026-07-29 10:02:36 - DEBUG - process - Input 'generic_biofuel_energy_unused' not found in process parameters; skipping.
2026-07-29 10:02:36 - DEBUG - process - Input 'electrofuel_energy_consumption' not found in process parameters; skipping.
2026-07-29 10:02:36 - DEBUG - process - Input 'electrofuel_energy_production_commissioned' not found in process parameters; skipping.
2026-07-29 10:02:36 - DEBUG - process - Input 'electrofuel_energy_unused' not found in process parameters; skipping.
2026-07-29 10:02:36 - DEBUG - process - Input 'fossil_kerosene_energy_consumption' not found in process parameters; skipping.
2026-07-29 10:02:36 - INFO - processes_assembly - Computing scenario: SAF (SSP2-45)
2026-07-29 10:02:36 - INFO - process - Running MDA
2026-07-29 10:02:42 - INFO - base_mda_solver - MDAGaussSeidel running... Normalized residual norm = 1.00e+00 (iter. 1)
2026-07-29 10:02:44 - INFO - base_mda_solver - MDAGaussSeidel running... Normalized residual norm = 1.40e-02 (iter. 2)
2026-07-29 10:02:45 - INFO - base_mda_solver - MDAGaussSeidel running... Normalized residual norm = 2.15e-01 (iter. 3)
2026-07-29 10:02:46 - INFO - base_mda_solver - MDAGaussSeidel running... Normalized residual norm = 2.79e-01 (iter. 4)
2026-07-29 10:02:47 - INFO - base_mda_solver - MDAGaussSeidel running... Normalized residual norm = 1.78e-01 (iter. 5)
2026-07-29 10:02:49 - INFO - base_mda_solver - MDAGaussSeidel running... Normalized residual norm = 5.13e-02 (iter. 6)
2026-07-29 10:02:50 - INFO - base_mda_solver - MDAGaussSeidel running... Normalized residual norm = 1.11e-01 (iter. 7)
2026-07-29 10:02:51 - INFO - base_mda_solver - MDAGaussSeidel running... Normalized residual norm = 9.86e-02 (iter. 8)
2026-07-29 10:02:52 - INFO - base_mda_solver - MDAGaussSeidel running... Normalized residual norm = 4.39e-02 (iter. 9)
2026-07-29 10:02:53 - INFO - base_mda_solver - MDAGaussSeidel running... Normalized residual norm = 3.74e-02 (iter. 10)
2026-07-29 10:02:55 - INFO - base_mda_solver - MDAGaussSeidel running... Normalized residual norm = 4.64e-02 (iter. 11)
2026-07-29 10:02:56 - INFO - base_mda_solver - MDAGaussSeidel running... Normalized residual norm = 3.06e-02 (iter. 12)
2026-07-29 10:02:57 - INFO - base_mda_solver - MDAGaussSeidel running... Normalized residual norm = 1.35e-02 (iter. 13)
2026-07-29 10:02:58 - INFO - base_mda_solver - MDAGaussSeidel running... Normalized residual norm = 1.92e-02 (iter. 14)
2026-07-29 10:03:00 - INFO - base_mda_solver - MDAGaussSeidel running... Normalized residual norm = 1.73e-02 (iter. 15)
2026-07-29 10:03:01 - INFO - base_mda_solver - MDAGaussSeidel running... Normalized residual norm = 8.57e-03 (iter. 16)
2026-07-29 10:03:02 - INFO - base_mda_solver - MDAGaussSeidel running... Normalized residual norm = 6.65e-03 (iter. 17)
2026-07-29 10:03:03 - INFO - base_mda_solver - MDAGaussSeidel running... Normalized residual norm = 8.39e-03 (iter. 18)
2026-07-29 10:03:04 - INFO - base_mda_solver - MDAGaussSeidel running... Normalized residual norm = 5.73e-03 (iter. 19)
2026-07-29 10:03:06 - INFO - base_mda_solver - MDAGaussSeidel running... Normalized residual norm = 2.55e-03 (iter. 20)
2026-07-29 10:03:07 - INFO - base_mda_solver - MDAGaussSeidel running... Normalized residual norm = 3.37e-03 (iter. 21)
2026-07-29 10:03:08 - INFO - base_mda_solver - MDAGaussSeidel running... Normalized residual norm = 3.24e-03 (iter. 22)
2026-07-29 10:03:09 - INFO - base_mda_solver - MDAGaussSeidel running... Normalized residual norm = 1.68e-03 (iter. 23)
2026-07-29 10:03:10 - INFO - base_mda_solver - MDAGaussSeidel running... Normalized residual norm = 1.13e-03 (iter. 24)
2026-07-29 10:03:12 - INFO - base_mda_solver - MDAGaussSeidel running... Normalized residual norm = 1.52e-03 (iter. 25)
2026-07-29 10:03:13 - INFO - base_mda_solver - MDAGaussSeidel running... Normalized residual norm = 1.11e-03 (iter. 26)
2026-07-29 10:03:14 - INFO - base_mda_solver - MDAGaussSeidel running... Normalized residual norm = 4.82e-04 (iter. 27)
2026-07-29 10:03:15 - INFO - base_mda_solver - MDAGaussSeidel running... Normalized residual norm = 5.80e-04 (iter. 28)
2026-07-29 10:03:17 - INFO - base_mda_solver - MDAGaussSeidel running... Normalized residual norm = 6.04e-04 (iter. 29)
2026-07-29 10:03:18 - INFO - base_mda_solver - MDAGaussSeidel running... Normalized residual norm = 3.38e-04 (iter. 30)
2026-07-29 10:03:19 - INFO - base_mda_solver - MDAGaussSeidel running... Normalized residual norm = 1.92e-04 (iter. 31)
2026-07-29 10:03:20 - INFO - base_mda_solver - MDAGaussSeidel running... Normalized residual norm = 2.70e-04 (iter. 32)
2026-07-29 10:03:21 - INFO - base_mda_solver - MDAGaussSeidel running... Normalized residual norm = 2.14e-04 (iter. 33)
2026-07-29 10:03:23 - INFO - base_mda_solver - MDAGaussSeidel running... Normalized residual norm = 9.49e-05 (iter. 34)
2026-07-29 10:03:24 - INFO - base_mda_solver - MDAGaussSeidel running... Normalized residual norm = 9.83e-05 (iter. 35)
2026-07-29 10:03:25 - INFO - base_mda_solver - MDAGaussSeidel running... Normalized residual norm = 1.11e-04 (iter. 36)
2026-07-29 10:03:26 - INFO - base_mda_solver - MDAGaussSeidel running... Normalized residual norm = 6.73e-05 (iter. 37)
2026-07-29 10:03:28 - INFO - base_mda_solver - MDAGaussSeidel running... Normalized residual norm = 3.31e-05 (iter. 38)
2026-07-29 10:03:29 - INFO - base_mda_solver - MDAGaussSeidel running... Normalized residual norm = 4.72e-05 (iter. 39)
2026-07-29 10:03:30 - INFO - base_mda_solver - MDAGaussSeidel running... Normalized residual norm = 4.06e-05 (iter. 40)
2026-07-29 10:03:31 - INFO - base_mda_solver - MDAGaussSeidel running... Normalized residual norm = 1.90e-05 (iter. 41)
2026-07-29 10:03:32 - INFO - base_mda_solver - MDAGaussSeidel running... Normalized residual norm = 1.64e-05 (iter. 42)
2026-07-29 10:03:34 - INFO - base_mda_solver - MDAGaussSeidel running... Normalized residual norm = 2.00e-05 (iter. 43)
2026-07-29 10:03:35 - INFO - base_mda_solver - MDAGaussSeidel running... Normalized residual norm = 1.32e-05 (iter. 44)
2026-07-29 10:03:36 - INFO - base_mda_solver - MDAGaussSeidel running... Normalized residual norm = 5.90e-06 (iter. 45)
2026-07-29 10:03:37 - INFO - base_mda_solver - MDAGaussSeidel running... Normalized residual norm = 8.10e-06 (iter. 46)
2026-07-29 10:03:38 - INFO - base_mda_solver - MDAGaussSeidel running... Normalized residual norm = 7.56e-06 (iter. 47)
2026-07-29 10:03:39 - INFO - base_mda_solver - MDAGaussSeidel running... Normalized residual norm = 3.81e-06 (iter. 48)
2026-07-29 10:03:40 - INFO - base_mda_solver - MDAGaussSeidel running... Normalized residual norm = 2.71e-06 (iter. 49)
2026-07-29 10:03:41 - INFO - base_mda_solver - MDAGaussSeidel running... Normalized residual norm = 3.55e-06 (iter. 50)
2026-07-29 10:03:42 - INFO - base_mda_solver - MDAGaussSeidel running... Normalized residual norm = 2.54e-06 (iter. 51)
2026-07-29 10:03:44 - INFO - base_mda_solver - MDAGaussSeidel running... Normalized residual norm = 1.10e-06 (iter. 52)
2026-07-29 10:03:45 - INFO - base_mda_solver - MDAGaussSeidel running... Normalized residual norm = 1.37e-06 (iter. 53)
2026-07-29 10:03:46 - INFO - base_mda_solver - MDAGaussSeidel running... Normalized residual norm = 1.39e-06 (iter. 54)
2026-07-29 10:03:47 - INFO - base_mda_solver - MDAGaussSeidel running... Normalized residual norm = 7.65e-07 (iter. 55)
2026-07-29 10:03:48 - INFO - base_mda_solver - MDAGaussSeidel running... Normalized residual norm = 4.61e-07 (iter. 56)
2026-07-29 10:03:49 - INFO - base_mda_solver - MDAGaussSeidel running... Normalized residual norm = 6.28e-07 (iter. 57)
2026-07-29 10:03:50 - INFO - base_mda_solver - MDAGaussSeidel running... Normalized residual norm = 4.94e-07 (iter. 58)
2026-07-29 10:03:51 - INFO - base_mda_solver - MDAGaussSeidel running... Normalized residual norm = 2.45e-07 (iter. 59)
2026-07-29 10:03:52 - INFO - base_mda_solver - MDAGaussSeidel running... Normalized residual norm = 2.57e-07 (iter. 60)
2026-07-29 10:03:54 - INFO - base_mda_solver - MDAGaussSeidel running... Normalized residual norm = 2.77e-07 (iter. 61)
2026-07-29 10:03:55 - INFO - base_mda_solver - MDAGaussSeidel running... Normalized residual norm = 1.94e-07 (iter. 62)
2026-07-29 10:03:56 - INFO - base_mda_solver - MDAGaussSeidel running... Normalized residual norm = 1.47e-07 (iter. 63)
2026-07-29 10:03:57 - INFO - base_mda_solver - MDAGaussSeidel running... Normalized residual norm = 1.65e-07 (iter. 64)
2026-07-29 10:03:58 - INFO - base_mda_solver - MDAGaussSeidel running... Normalized residual norm = 1.55e-07 (iter. 65)
2026-07-29 10:03:59 - INFO - base_mda_solver - MDAGaussSeidel running... Normalized residual norm = 1.34e-07 (iter. 66)
2026-07-29 10:04:00 - INFO - base_mda_solver - MDAGaussSeidel running... Normalized residual norm = 1.33e-07 (iter. 67)
2026-07-29 10:04:01 - INFO - base_mda_solver - MDAGaussSeidel running... Normalized residual norm = 1.35e-07 (iter. 68)
2026-07-29 10:04:02 - INFO - base_mda_solver - MDAGaussSeidel running... Normalized residual norm = 1.31e-07 (iter. 69)
2026-07-29 10:04:03 - INFO - base_mda_solver - MDAGaussSeidel running... Normalized residual norm = 1.29e-07 (iter. 70)
2026-07-29 10:04:05 - INFO - base_mda_solver - MDAGaussSeidel running... Normalized residual norm = 1.29e-07 (iter. 71)
2026-07-29 10:04:06 - INFO - base_mda_solver - MDAGaussSeidel running... Normalized residual norm = 1.29e-07 (iter. 72)
2026-07-29 10:04:07 - INFO - base_mda_solver - MDAGaussSeidel running... Normalized residual norm = 1.28e-07 (iter. 73)
2026-07-29 10:04:08 - INFO - base_mda_solver - MDAGaussSeidel running... Normalized residual norm = 1.28e-07 (iter. 74)
2026-07-29 10:04:09 - INFO - base_mda_solver - MDAGaussSeidel running... Normalized residual norm = 1.28e-07 (iter. 75)
2026-07-29 10:04:10 - INFO - base_mda_solver - MDAGaussSeidel running... Normalized residual norm = 1.28e-07 (iter. 76)
2026-07-29 10:04:11 - INFO - base_mda_solver - MDAGaussSeidel running... Normalized residual norm = 1.28e-07 (iter. 77)
2026-07-29 10:04:12 - INFO - base_mda_solver - MDAGaussSeidel running... Normalized residual norm = 1.28e-07 (iter. 78)
2026-07-29 10:04:13 - INFO - base_mda_solver - MDAGaussSeidel running... Normalized residual norm = 1.28e-07 (iter. 79)
2026-07-29 10:04:14 - INFO - base_mda_solver - MDAGaussSeidel running... Normalized residual norm = 1.28e-07 (iter. 80)
2026-07-29 10:04:15 - INFO - base_mda_solver - MDAGaussSeidel running... Normalized residual norm = 1.28e-07 (iter. 81)
2026-07-29 10:04:16 - INFO - base_mda_solver - MDAGaussSeidel running... Normalized residual norm = 1.28e-07 (iter. 82)
2026-07-29 10:04:17 - INFO - base_mda_solver - MDAGaussSeidel running... Normalized residual norm = 1.28e-07 (iter. 83)
2026-07-29 10:04:19 - INFO - base_mda_solver - MDAGaussSeidel running... Normalized residual norm = 1.28e-07 (iter. 84)
2026-07-29 10:04:20 - INFO - base_mda_solver - MDAGaussSeidel running... Normalized residual norm = 1.28e-07 (iter. 85)
2026-07-29 10:04:21 - INFO - base_mda_solver - MDAGaussSeidel running... Normalized residual norm = 1.28e-07 (iter. 86)
2026-07-29 10:04:22 - INFO - base_mda_solver - MDAGaussSeidel running... Normalized residual norm = 1.28e-07 (iter. 87)
2026-07-29 10:04:23 - INFO - base_mda_solver - MDAGaussSeidel running... Normalized residual norm = 1.28e-07 (iter. 88)
2026-07-29 10:04:24 - INFO - base_mda_solver - MDAGaussSeidel running... Normalized residual norm = 1.28e-07 (iter. 89)
2026-07-29 10:04:25 - INFO - base_mda_solver - MDAGaussSeidel running... Normalized residual norm = 1.28e-07 (iter. 90)
2026-07-29 10:04:26 - INFO - base_mda_solver - MDAGaussSeidel running... Normalized residual norm = 1.28e-07 (iter. 91)
2026-07-29 10:04:28 - INFO - base_mda_solver - MDAGaussSeidel running... Normalized residual norm = 1.28e-07 (iter. 92)
2026-07-29 10:04:29 - INFO - base_mda_solver - MDAGaussSeidel running... Normalized residual norm = 1.28e-07 (iter. 93)
2026-07-29 10:04:30 - INFO - base_mda_solver - MDAGaussSeidel running... Normalized residual norm = 1.28e-07 (iter. 94)
2026-07-29 10:04:31 - INFO - base_mda_solver - MDAGaussSeidel running... Normalized residual norm = 1.28e-07 (iter. 95)
2026-07-29 10:04:32 - INFO - base_mda_solver - MDAGaussSeidel running... Normalized residual norm = 1.28e-07 (iter. 96)
2026-07-29 10:04:33 - INFO - base_mda_solver - MDAGaussSeidel running... Normalized residual norm = 1.28e-07 (iter. 97)
2026-07-29 10:04:34 - INFO - base_mda_solver - MDAGaussSeidel running... Normalized residual norm = 1.28e-07 (iter. 98)
2026-07-29 10:04:35 - INFO - base_mda_solver - MDAGaussSeidel running... Normalized residual norm = 1.28e-07 (iter. 99)
2026-07-29 10:04:36 - INFO - base_mda_solver - MDAGaussSeidel running... Normalized residual norm = 1.28e-07 (iter. 100)
2026-07-29 10:04:37 - INFO - base_mda_solver - MDAGaussSeidel running... Normalized residual norm = 1.28e-07 (iter. 101)
2026-07-29 10:04:38 - INFO - base_mda_solver - MDAGaussSeidel running... Normalized residual norm = 1.28e-07 (iter. 102)
2026-07-29 10:04:39 - INFO - base_mda_solver - MDAGaussSeidel running... Normalized residual norm = 1.28e-07 (iter. 103)
2026-07-29 10:04:40 - INFO - base_mda_solver - MDAGaussSeidel running... Normalized residual norm = 1.28e-07 (iter. 104)
2026-07-29 10:04:42 - INFO - base_mda_solver - MDAGaussSeidel running... Normalized residual norm = 1.28e-07 (iter. 105)
2026-07-29 10:04:43 - INFO - base_mda_solver - MDAGaussSeidel running... Normalized residual norm = 1.28e-07 (iter. 106)
2026-07-29 10:04:44 - INFO - base_mda_solver - MDAGaussSeidel running... Normalized residual norm = 1.28e-07 (iter. 107)
2026-07-29 10:04:45 - INFO - base_mda_solver - MDAGaussSeidel running... Normalized residual norm = 1.28e-07 (iter. 108)
2026-07-29 10:04:46 - INFO - base_mda_solver - MDAGaussSeidel running... Normalized residual norm = 1.28e-07 (iter. 109)
2026-07-29 10:04:47 - INFO - base_mda_solver - MDAGaussSeidel running... Normalized residual norm = 1.28e-07 (iter. 110)
2026-07-29 10:04:48 - INFO - base_mda_solver - MDAGaussSeidel running... Normalized residual norm = 1.28e-07 (iter. 111)
2026-07-29 10:04:49 - INFO - base_mda_solver - MDAGaussSeidel running... Normalized residual norm = 1.28e-07 (iter. 112)
2026-07-29 10:04:51 - INFO - base_mda_solver - MDAGaussSeidel running... Normalized residual norm = 1.28e-07 (iter. 113)
2026-07-29 10:04:52 - INFO - base_mda_solver - MDAGaussSeidel running... Normalized residual norm = 1.28e-07 (iter. 114)
2026-07-29 10:04:53 - INFO - base_mda_solver - MDAGaussSeidel running... Normalized residual norm = 1.28e-07 (iter. 115)
2026-07-29 10:04:54 - INFO - base_mda_solver - MDAGaussSeidel running... Normalized residual norm = 1.28e-07 (iter. 116)
2026-07-29 10:04:55 - INFO - base_mda_solver - MDAGaussSeidel running... Normalized residual norm = 1.28e-07 (iter. 117)
2026-07-29 10:04:56 - INFO - base_mda_solver - MDAGaussSeidel running... Normalized residual norm = 1.28e-07 (iter. 118)
2026-07-29 10:04:57 - INFO - base_mda_solver - MDAGaussSeidel running... Normalized residual norm = 1.28e-07 (iter. 119)
2026-07-29 10:04:58 - INFO - base_mda_solver - MDAGaussSeidel running... Normalized residual norm = 1.28e-07 (iter. 120)
2026-07-29 10:04:59 - INFO - base_mda_solver - MDAGaussSeidel running... Normalized residual norm = 1.28e-07 (iter. 121)
2026-07-29 10:05:00 - INFO - base_mda_solver - MDAGaussSeidel running... Normalized residual norm = 1.28e-07 (iter. 122)
2026-07-29 10:05:02 - INFO - base_mda_solver - MDAGaussSeidel running... Normalized residual norm = 1.28e-07 (iter. 123)
2026-07-29 10:05:03 - INFO - base_mda_solver - MDAGaussSeidel running... Normalized residual norm = 1.28e-07 (iter. 124)
2026-07-29 10:05:04 - INFO - base_mda_solver - MDAGaussSeidel running... Normalized residual norm = 1.28e-07 (iter. 125)
2026-07-29 10:05:05 - INFO - base_mda_solver - MDAGaussSeidel running... Normalized residual norm = 1.28e-07 (iter. 126)
2026-07-29 10:05:06 - INFO - base_mda_solver - MDAGaussSeidel running... Normalized residual norm = 1.28e-07 (iter. 127)
2026-07-29 10:05:07 - INFO - base_mda_solver - MDAGaussSeidel running... Normalized residual norm = 1.28e-07 (iter. 128)
2026-07-29 10:05:08 - INFO - base_mda_solver - MDAGaussSeidel running... Normalized residual norm = 1.28e-07 (iter. 129)
2026-07-29 10:05:09 - INFO - base_mda_solver - MDAGaussSeidel running... Normalized residual norm = 1.28e-07 (iter. 130)
2026-07-29 10:05:10 - INFO - base_mda_solver - MDAGaussSeidel running... Normalized residual norm = 1.28e-07 (iter. 131)
2026-07-29 10:05:11 - INFO - base_mda_solver - MDAGaussSeidel running... Normalized residual norm = 1.28e-07 (iter. 132)
2026-07-29 10:05:12 - INFO - base_mda_solver - MDAGaussSeidel running... Normalized residual norm = 1.28e-07 (iter. 133)
2026-07-29 10:05:13 - INFO - base_mda_solver - MDAGaussSeidel running... Normalized residual norm = 1.28e-07 (iter. 134)
2026-07-29 10:05:14 - INFO - base_mda_solver - MDAGaussSeidel running... Normalized residual norm = 1.28e-07 (iter. 135)
2026-07-29 10:05:16 - INFO - base_mda_solver - MDAGaussSeidel running... Normalized residual norm = 1.28e-07 (iter. 136)
2026-07-29 10:05:17 - INFO - base_mda_solver - MDAGaussSeidel running... Normalized residual norm = 1.28e-07 (iter. 137)
2026-07-29 10:05:18 - INFO - base_mda_solver - MDAGaussSeidel running... Normalized residual norm = 1.28e-07 (iter. 138)
2026-07-29 10:05:19 - INFO - base_mda_solver - MDAGaussSeidel running... Normalized residual norm = 1.28e-07 (iter. 139)
2026-07-29 10:05:20 - INFO - base_mda_solver - MDAGaussSeidel running... Normalized residual norm = 1.28e-07 (iter. 140)
2026-07-29 10:05:21 - INFO - base_mda_solver - MDAGaussSeidel running... Normalized residual norm = 1.28e-07 (iter. 141)
2026-07-29 10:05:22 - INFO - base_mda_solver - MDAGaussSeidel running... Normalized residual norm = 1.28e-07 (iter. 142)
2026-07-29 10:05:22 - WARNING - base_mda_solver - MDAGaussSeidel has reached its maximum number of unsuccessful iterations, but the normalized residual norm 1.2790677653523863e-07 is still above the tolerance 1e-10.
2026-07-29 10:05:24 - DEBUG - process - Input 'ask' not found in process parameters; skipping.
2026-07-29 10:05:24 - DEBUG - process - Input 'ask_short_range' not found in process parameters; skipping.
2026-07-29 10:05:24 - DEBUG - process - Input 'ask_medium_range' not found in process parameters; skipping.
2026-07-29 10:05:24 - DEBUG - process - Input 'ask_long_range' not found in process parameters; skipping.
2026-07-29 10:05:24 - DEBUG - process - Input 'co2_emissions' not found in process parameters; skipping.
2026-07-29 10:05:24 - DEBUG - process - Input 'load_factor' not found in process parameters; skipping.
2026-07-29 10:05:24 - DEBUG - process - Input 'rpk_short_range' not found in process parameters; skipping.
2026-07-29 10:05:24 - DEBUG - process - Input 'rpk_medium_range' not found in process parameters; skipping.
2026-07-29 10:05:24 - DEBUG - process - Input 'rpk_long_range' not found in process parameters; skipping.
2026-07-29 10:05:24 - DEBUG - process - Input 'dropin_fuel_mean_co2_emission_factor' not found in process parameters; skipping.
2026-07-29 10:05:24 - DEBUG - process - Input 'hydrogen_mean_co2_emission_factor' not found in process parameters; skipping.
2026-07-29 10:05:24 - DEBUG - process - Input 'electric_mean_co2_emission_factor' not found in process parameters; skipping.
2026-07-29 10:05:24 - DEBUG - process - Input 'dropin_fuel_mean_mfsp' not found in process parameters; skipping.
2026-07-29 10:05:24 - DEBUG - process - Input 'hydrogen_mean_mfsp' not found in process parameters; skipping.
2026-07-29 10:05:24 - DEBUG - process - Input 'electric_mean_mfsp' not found in process parameters; skipping.
2026-07-29 10:05:24 - DEBUG - process - Input 'dropin_fuel_mean_unit_carbon_tax' not found in process parameters; skipping.
2026-07-29 10:05:24 - DEBUG - process - Input 'hydrogen_mean_unit_carbon_tax' not found in process parameters; skipping.
2026-07-29 10:05:24 - DEBUG - process - Input 'electric_mean_unit_carbon_tax' not found in process parameters; skipping.
2026-07-29 10:05:24 - DEBUG - process - Input 'dropin_fuel_mean_unit_tax' not found in process parameters; skipping.
2026-07-29 10:05:24 - DEBUG - process - Input 'hydrogen_mean_unit_tax' not found in process parameters; skipping.
2026-07-29 10:05:24 - DEBUG - process - Input 'electric_mean_unit_tax' not found in process parameters; skipping.
2026-07-29 10:05:24 - DEBUG - process - Input 'dropin_fuel_mean_unit_subsidy' not found in process parameters; skipping.
2026-07-29 10:05:24 - DEBUG - process - Input 'hydrogen_mean_unit_subsidy' not found in process parameters; skipping.
2026-07-29 10:05:24 - DEBUG - process - Input 'electric_mean_unit_subsidy' not found in process parameters; skipping.
2026-07-29 10:05:24 - DEBUG - process - Input 'doc_non_energy_per_ask_short_range_dropin_fuel' not found in process parameters; skipping.
2026-07-29 10:05:24 - DEBUG - process - Input 'doc_non_energy_per_ask_short_range_hydrogen' not found in process parameters; skipping.
2026-07-29 10:05:24 - DEBUG - process - Input 'doc_non_energy_per_ask_short_range_electric' not found in process parameters; skipping.
2026-07-29 10:05:24 - DEBUG - process - Input 'doc_non_energy_per_ask_short_range_mean' not found in process parameters; skipping.
2026-07-29 10:05:24 - DEBUG - process - Input 'doc_non_energy_per_ask_medium_range_dropin_fuel' not found in process parameters; skipping.
2026-07-29 10:05:24 - DEBUG - process - Input 'doc_non_energy_per_ask_medium_range_hydrogen' not found in process parameters; skipping.
2026-07-29 10:05:24 - DEBUG - process - Input 'doc_non_energy_per_ask_medium_range_electric' not found in process parameters; skipping.
2026-07-29 10:05:24 - DEBUG - process - Input 'doc_non_energy_per_ask_medium_range_mean' not found in process parameters; skipping.
2026-07-29 10:05:24 - DEBUG - process - Input 'doc_non_energy_per_ask_long_range_dropin_fuel' not found in process parameters; skipping.
2026-07-29 10:05:24 - DEBUG - process - Input 'doc_non_energy_per_ask_long_range_hydrogen' not found in process parameters; skipping.
2026-07-29 10:05:24 - DEBUG - process - Input 'doc_non_energy_per_ask_long_range_electric' not found in process parameters; skipping.
2026-07-29 10:05:24 - DEBUG - process - Input 'doc_non_energy_per_ask_long_range_mean' not found in process parameters; skipping.
2026-07-29 10:05:24 - DEBUG - process - Input 'doc_non_energy_per_ask_mean' not found in process parameters; skipping.
2026-07-29 10:05:24 - DEBUG - process - Input 'generic_biofuel_energy_consumption' not found in process parameters; skipping.
2026-07-29 10:05:24 - DEBUG - process - Input 'generic_biofuel_energy_production_commissioned' not found in process parameters; skipping.
2026-07-29 10:05:24 - DEBUG - process - Input 'generic_biofuel_energy_unused' not found in process parameters; skipping.
2026-07-29 10:05:24 - DEBUG - process - Input 'electrofuel_energy_consumption' not found in process parameters; skipping.
2026-07-29 10:05:24 - DEBUG - process - Input 'electrofuel_energy_production_commissioned' not found in process parameters; skipping.
2026-07-29 10:05:24 - DEBUG - process - Input 'electrofuel_energy_unused' not found in process parameters; skipping.
2026-07-29 10:05:24 - DEBUG - process - Input 'fossil_kerosene_energy_consumption' not found in process parameters; skipping.
2026-07-29 10:05:26 - INFO - functions - \U0001f9f9 clean_notebooks_on_tests called
2026-07-29 10:05:26 - INFO - functions - \u23ed Skipping cleanup during notebook run
