{
    "other_float_data": {
        "short_range_energy_share_2019": 24.445253302356694,
        "medium_range_energy_share_2019": 9.83062865942802,
        "long_range_energy_share_2019": 50.724118038215295,
        "freight_energy_share_2019": 15.0,
        "short_range_rpk_share_2019": 26.241902223003024,
        "medium_range_rpk_share_2019": 13.578787094615185,
        "long_range_rpk_share_2019": 60.17931068238177,
        "commercial_aviation_coefficient": 1
    },
    "other_vector_data": {
        "years": [
            2000,
            2001,
            2002,
            2003,
            2004,
            2005,
            2006,
            2007,
            2008,
            2009,
            2010,
            2011,
            2012,
            2013,
            2014,
            2015,
            2016,
            2017,
            2018,
            2019
        ],
        "rpk_init": [
            70216140840.34593,
            68182377858.20794,
            69939439966.32693,
            72364791319.88364,
            83419650048.54759,
            90467778410.1511,
            96274335849.15137,
            104325707145.79453,
            106530298821.24918,
            105442450606.4343,
            113968628582.4718,
            121465442321.24394,
            127962942878.40863,
            134991653634.81781,
            143060130916.9893,
            153787201977.01587,
            165153667036.6553,
            178377056173.98447,
            191373906584.0466,
            200779655842.99332
        ],
        "ask_init": [
            99080642123.66322,
            98749155863.56026,
            98163160278.2318,
            101225594011.73534,
            113664419434.42752,
            120716015225.53,
            126985821245.59467,
            135832389707.33838,
            140145872004.0757,
            137506695831.41495,
            145795470467.75525,
            155711625348.95255,
            162261368510.5686,
            169839088937.65042,
            179456582558.0018,
            191662396718.36218,
            205707797808.9174,
            218927950678.71417,
            234039933083.1572,
            243665517372.33954
        ],
        "rtk_init": [
            2729560501.6009874,
            2561274589.916916,
            2928706535.826026,
            3106331390.960697,
            3478571505.7750664,
            3552913194.2333045,
            3800025336.5276356,
            3995495895.4837494,
            3956545104.111818,
            3601942647.348953,
            4356201028.164828,
            4369261679.277672,
            4323699655.661009,
            4340898105.975975,
            4542979897.17682,
            4601302061.349748,
            4765981846.354875,
            5205004653.3196945,
            5357178575.931816,
            5201167364.674151
        ],
        "pax_init": [
            3603.5752529418805,
            3534.607305517156,
            3588.488514442722,
            3801.8581017879646,
            4265.236498547836,
            4610.07623567146,
            4864.395541800134,
            5306.221454989779,
            5388.120892556639,
            5362.257912272367,
            5836.412550817352,
            6192.02852972609,
            6480.831809567126,
            6769.635089408162,
            7155.424545315218,
            7672.684151000655,
            8185.633259972047,
            8763.23981965412,
            9334.380634265122,
            9668.444129603635
        ],
        "freight_init": [
            702732.378460959,
            665746.4638051189,
            758211.2504447188,
            776704.2077726388,
            836806.3190883787,
            843741.1780863486,
            896908.4304041186,
            957010.5417198585,
            922336.2467300086,
            924647.8663959986,
            1109577.4396751982,
            1132693.6363350982,
            1118823.9183391584,
            1144251.734665048,
            1181237.649320888,
            1185860.888652868,
            1229781.662306678,
            1317623.2096142978,
            1359232.3636021179,
            1331492.9276102378
        ],
        "energy_consumption_init": [
            192658219301.78796,
            188395851913.01428,
            190100845143.27557,
            188395851913.01428,
            201182954079.33524,
            208855076554.87238,
            211412450713.38477,
            217379811332.41968,
            214822437173.90732,
            202887715935.83746,
            213969824871.89716,
            219937185490.93204,
            222494559649.44443,
            228461920268.47934,
            235281661815.76535,
            248069689477.12238,
            260855403400.8892,
            277905335703.5018,
            290691049627.26855,
            294101498835.30914
        ],
        "total_aircraft_distance_init": [
            600605021.6175208,
            604650356.0330033,
            589624828.2040684,
            613966183.2869431,
            696306075.7895067,
            736412676.9944332,
            766972288.9788209,
            807564330.3136052,
            826843238.3279617,
            806015545.1373919,
            886876001.053722,
            934842109.1230143,
            958258816.3394932,
            987986245.2441244,
            1027746103.4991524,
            1079618848.803968,
            1137409340.4537177,
            1192518353.2909193,
            1254724038.50271,
            1299107136.089718
        ]
    },
    "climate_data": {
        "years": [
            1940.0,
            1941.0,
            1942.0,
            1943.0,
            1944.0,
            1945.0,
            1946.0,
            1947.0,
            1948.0,
            1949.0,
            1950.0,
            1951.0,
            1952.0,
            1953.0,
            1954.0,
            1955.0,
            1956.0,
            1957.0,
            1958.0,
            1959.0,
            1960.0,
            1961.0,
            1962.0,
            1963.0,
            1964.0,
            1965.0,
            1966.0,
            1967.0,
            1968.0,
            1969.0,
            1970.0,
            1971.0,
            1972.0,
            1973.0,
            1974.0,
            1975.0,
            1976.0,
            1977.0,
            1978.0,
            1979.0,
            1980.0,
            1981.0,
            1982.0,
            1983.0,
            1984.0,
            1985.0,
            1986.0,
            1987.0,
            1988.0,
            1989.0,
            1990.0,
            1991.0,
            1992.0,
            1993.0,
            1994.0,
            1995.0,
            1996.0,
            1997.0,
            1998.0,
            1999.0,
            2000.0
        ],