{
    "other_float_data": {
        "short_range_energy_share_2019": 24.445253302356686,
        "medium_range_energy_share_2019": 9.830628659428017,
        "long_range_energy_share_2019": 50.724118038215295,
        "short_range_rpk_share_2019": 26.241902223003024,
        "medium_range_rpk_share_2019": 13.578787094615185,
        "long_range_rpk_share_2019": 60.17931068238178,
        "freight_energy_share_2019": 15.0,
        "commercial_aviation_coefficient": 1
    },
    "other_vector_data": {
        "years": [
            2000,
            2001,
            2002,
            2003,
            2004,
            2005,
            2006,
            2007,
            2008,
            2009,
            2010,
            2011,
            2012,
            2013,
            2014,
            2015,
            2016,
            2017,
            2018,
            2019
        ],
        "rpk_init": [
            70216140840.34592,
            68182377858.20792,
            69939439966.32692,
            72364791319.88362,
            83419650048.54758,
            90467778410.15108,
            96274335849.15135,
            104325707145.79451,
            106530298821.24916,
            105442450606.43428,
            113968628582.47177,
            121465442321.24393,
            127962942878.40862,
            134991653634.8178,
            143060130916.9893,
            153787201977.01584,
            165153667036.65524,
            178377056173.9844,
            191373906584.0466,
            200779655842.9933
        ],
        "ask_init": [
            99080642123.66321,
            98749155863.56024,
            98163160278.23178,
            101225594011.7353,
            113664419434.42747,
            120716015225.52998,
            126985821245.59464,
            135832389707.33836,
            140145872004.07568,
            137506695831.41492,
            145795470467.75525,
            155711625348.9525,
            162261368510.56857,
            169839088937.65036,
            179456582558.00177,
            191662396718.36215,
            205707797808.91736,
            218927950678.71414,
            234039933083.15714,
            243665517372.33948
        ],
        "rtk_init": [
            2729560501.6009874,
            2561274589.9169154,
            2928706535.8260255,
            3106331390.960696,
            3478571505.775066,
            3552913194.233304,
            3800025336.527634,
            3995495895.483749,
            3956545104.111817,
            3601942647.348952,
            4356201028.164827,
            4369261679.277671,
            4323699655.661008,
            4340898105.975973,
            4542979897.17682,
            4601302061.349747,
            4765981846.354875,
            5205004653.3196945,
            5357178575.931816,
            5201167364.67415
        ],
        "freight_init": [
            702732.3784609587,
            665746.4638051188,
            758211.2504447186,
            776704.2077726386,
            836806.3190883786,
            843741.1780863485,
            896908.4304041185,
            957010.5417198583,
            922336.2467300084,
            924647.8663959983,
            1109577.439675198,
            1132693.636335098,
            1118823.918339158,
            1144251.734665048,
            1181237.6493208879,
            1185860.8886528679,
            1229781.6623066778,
            1317623.2096142976,
            1359232.3636021176,
            1331492.9276102376
        ],
        "total_aircraft_distance_init": [
            600605021.6175208,
            604650356.0330032,
            589624828.2040682,
            613966183.286943,
            696306075.7895066,
            736412676.9944329,
            766972288.9788208,
            807564330.3136051,
            826843238.3279616,
            806015545.1373918,
            886876001.0537218,
            934842109.1230142,
            958258816.3394929,
            987986245.2441243,
            1027746103.4991522,
            1079618848.8039677,
            1137409340.4537177,
            1192518353.290919,
            1254724038.5027099,
            1299107136.0897179
        ],
        "pax_init": [
            3603.5752529418805,
            3534.607305517156,
            3588.488514442722,
            3801.8581017879646,
            4265.236498547836,
            4610.07623567146,
            4864.395541800134,
            5306.221454989779,
            5388.120892556639,
            5362.257912272367,
            5836.412550817352,
            6192.02852972609,
            6480.831809567126,
            6769.635089408162,
            7155.424545315218,
            7672.684151000655,
            8185.633259972047,
            8763.23981965412,
            9334.380634265122,
            9668.444129603635
        ],
        "energy_consumption_init": [
            192658219301.788,
            188395851913.01434,
            190100845143.27563,
            188395851913.01434,
            201182954079.33527,
            208855076554.87244,
            211412450713.3848,
            217379811332.41974,
            214822437173.90735,
            202887715935.8375,
            213969824871.8972,
            219937185490.9321,
            222494559649.44446,
            228461920268.47937,
            235281661815.76538,
            248069689477.12244,
            260855403400.88922,
            277905335703.50183,
            290691049627.2686,
            294101498835.3092
        ]
    },
    "climate_data": {
        "years": [
            1940.0,
            1941.0,
            1942.0,
            1943.0,
            1944.0,
            1945.0,
            1946.0,
            1947.0,
            1948.0,
            1949.0,
            1950.0,
            1951.0,
            1952.0,
            1953.0,
            1954.0,
            1955.0,
            1956.0,
            1957.0,
            1958.0,
            1959.0,
            1960.0,
            1961.0,
            1962.0,
            1963.0,
            1964.0,
            1965.0,
            1966.0,
            1967.0,
            1968.0,
            1969.0,
            1970.0,
            1971.0,
            1972.0,
            1973.0,
            1974.0,
            1975.0,
            1976.0,
            1977.0,
            1978.0,
            1979.0,
            1980.0,
            1981.0,
            1982.0,
            1983.0,
            1984.0,
            1985.0,
            1986.0,
            1987.0,
            1988.0,
            1989.0,
            1990.0,
            1991.0,
            1992.0,
            1993.0,
            1994.0,
            1995.0,
            1996.0,
            1997.0,
            1998.0,
            1999.0,
            2000.0
        ],