{
    "other_float_data": {
        "short_range_energy_share_last_historical_year": 12.679904187779778,
        "medium_range_energy_share_last_historical_year": 40.85814032405699,
        "long_range_energy_share_last_historical_year": 31.461955488163234,
        "short_range_rpk_share_last_historical_year": 13.299818984570063,
        "medium_range_rpk_share_last_historical_year": 50.58365316596172,
        "long_range_rpk_share_last_historical_year": 36.11652784946822,
        "freight_energy_share_last_historical_year": 15.0,
        "commercial_aviation_coefficient": 1
    },
    "other_vector_data": {
        "years": [
            2000,
            2001,
            2002,
            2003,
            2004,
            2005,
            2006,
            2007,
            2008,
            2009,
            2010,
            2011,
            2012,
            2013,
            2014,
            2015,
            2016,
            2017,
            2018,
            2019
        ],
        "rpk_init": [
            82787771156.67989,
            80389879413.59761,
            82461529236.19006,
            85321120071.42754,
            98355261561.4734,
            106665300120.98447,
            113511474557.72961,
            123004378559.95233,
            125603684487.865,
            124321065876.48227,
            134373786841.6842,
            143212844254.72137,
            150873669568.94696,
            159160813958.5991,
            168673886634.26898,
            181321552733.12473,
            194723091139.47827,
            210314020813.4131,
            225637851838.99362,
            236727624188.87708
        ],
        "ask_init": [
            116820227201.62808,
            116429391016.17912,
            115738477675.7934,
            119349215322.11688,
            134015111513.89423,
            142329238318.02298,
            149721602235.6884,
            160152077003.56274,
            165237853307.9405,
            162126154054.61356,
            171898966538.32587,
            183590528495.92993,
            191312950029.06168,
            200247399816.5111,
            211586827637.7134,
            225977993791.1835,
            242538109989.14658,
            258125223968.1049,
            275942884210.4623,
            287291851269.10583
        ],
        "rtk_init": [
            3218266163.0274467,
            3019850024.2500095,
            3453067678.9021206,
            3662494823.1831408,
            4101381510.3717504,
            4189033474.9745307,
            4480389041.393598,
            4710857017.973544,
            4664932403.435085,
            4246841253.8683414,
            5136143478.067381,
            5151542532.793926,
            5097822998.517782,
            5118100691.82141,
            5356363588.139042,
            5425127862.608201,
            5619292226.983264,
            6136918505.50814,
            6316337934.295485,
            6132394181.464588
        ],
        "freight_init": [
            828550.9091805081,
            784942.9665920602,
            893962.8230631797,
            915766.7943574036,
            986629.7010636313,
            994806.1902989653,
            1057492.607769859,
            1128355.5144760867,
            1087473.0682994167,
            1090198.5647111947,
            1308238.2776534336,
            1335493.2417712135,
            1319140.2633005457,
            1349120.7238301036,
            1392728.6664185512,
            1398179.6592421073,
            1449964.091065889,
            1553532.9547134524,
            1602591.8901254565,
            1569885.9331841203
        ],
        "total_aircraft_distance_init": [
            708138477.7081566,
            712908096.428768,
            695192369.7522111,
            723891846.9682333,
            820974029.1557652,
            868261391.9001133,
            904292454.4638183,
            952152171.4546398,
            974882811.5288681,
            950326088.8587484,
            1045663953.3427424,
            1102218003.8871357,
            1129827282.5384467,
            1164877166.3939116,
            1211755704.6764932,
            1272915844.156791,
            1341053254.4512408,
            1406029088.908028,
            1479372197.3489738,
            1531701728.4551108
        ],
        "pax_init": [
            3647.5920736375265,
            3577.7816990224546,
            3632.321054190479,
            3848.2969006558596,
            4317.335355100876,
            4666.387228176238,
            4923.8129845693165,
            5371.035696947124,
            5453.935516802522,
            5427.7566263218705,
            5907.702951800491,
            6267.662695909458,
            6559.993639610073,
            6852.3245833106885,
            7242.8263663137495,
            7766.404175926791,
            8285.61883712639,
            8870.280724527622,
            9448.397889308688,
            9786.541891350445
        ],
        "energy_consumption_init": [
            211194085599.27286,
            206521630998.46432,
            208390663565.686,
            206521630998.46432,
            220538994800.8898,
            228949260901.65024,
            231752682935.23703,
            238294170103.2672,
            235490748069.6804,
            222407773733.6201,
            234556104968.82385,
            241097592136.85403,
            243901014170.44083,
            250442501338.471,
            257918377972.8663,
            271936756313.25742,
            285952598308.73444,
            304642923980.9512,
            318658765976.42816,
            322397338379.8543
        ]
    },
    "climate_data": {
        "years": [
            1940.0,
            1941.0,
            1942.0,
            1943.0,
            1944.0,
            1945.0,
            1946.0,
            1947.0,
            1948.0,
            1949.0,
            1950.0,
            1951.0,
            1952.0,
            1953.0,
            1954.0,
            1955.0,
            1956.0,
            1957.0,
            1958.0,
            1959.0,
            1960.0,
            1961.0,
            1962.0,
            1963.0,
            1964.0,
            1965.0,
            1966.0,
            1967.0,
            1968.0,
            1969.0,
            1970.0,
            1971.0,
            1972.0,
            1973.0,
            1974.0,
            1975.0,
            1976.0,
            1977.0,
            1978.0,
            1979.0,
            1980.0,
            1981.0,
            1982.0,
            1983.0,
            1984.0,
            1985.0,
            1986.0,
            1987.0,
            1988.0,
            1989.0,
            1990.0,
            1991.0,
            1992.0,
            1993.0,
            1994.0,
            1995.0,
            1996.0,
            1997.0,
            1998.0,
            1999.0,
            2000.0
        ],