{
    "other_float_data": {
        "short_range_energy_share_2019": 3.941637409441259,
        "medium_range_energy_share_2019": 18.25273341586444,
        "long_range_energy_share_2019": 62.8056291746943,
        "freight_energy_share_2019": 15.0,
        "short_range_rpk_share_2019": 4.207579067665945,
        "medium_range_rpk_share_2019": 23.27829532184343,
        "long_range_rpk_share_2019": 72.51412561049064,
        "commercial_aviation_coefficient": 1
    },
    "other_vector_data": {
        "years": [
            2000,
            2001,
            2002,
            2003,
            2004,
            2005,
            2006,
            2007,
            2008,
            2009,
            2010,
            2011,
            2012,
            2013,
            2014,
            2015,
            2016,
            2017,
            2018,
            2019
        ],
        "rpk_init": [
            65896680840.03831,
            63988028092.47481,
            65637001669.90492,
            67913153593.914505,
            78287954724.48163,
            84902506017.18578,
            90351863640.06004,
            97907941748.4525,
            99976914384.67813,
            98955986920.47787,
            106957663203.85275,
            113993298263.66545,
            120091094516.05406,
            126687422709.09975,
            134259554500.52467,
            144326732353.52356,
            154993970845.27682,
            167403901712.7038,
            179601229750.78183,
            188428369060.35352
        ],
        "ask_init": [
            92985535424.03606,
            92674441079.86623,
            92124493965.17271,
            94998537111.31062,
            106672167975.86986,
            113289973393.51305,
            119174082108.23967,
            127476439535.97954,
            131524570960.114,
            129047747998.1985,
            136826625194.08217,
            146132771694.67682,
            152279596762.81323,
            159391161404.53625,
            168417019277.0504,
            179871972945.7079,
            193053348365.344,
            205460242049.49457,
            219642586300.37164,
            228676037131.07684
        ],
        "rtk_init": [
            2561647151.992482,
            2403713621.618962,
            2748542394.323234,
            2915240367.865834,
            3264581527.152208,
            3334349965.8446856,
            3566260603.1651435,
            3749706473.06054,
            3713151802.912273,
            3380363292.482355,
            4088222243.383124,
            4100479447.3200793,
            4057720245.6214247,
            4073860705.318938,
            4263511106.764723,
            4318245488.238953,
            4472794728.675898,
            4884810334.287697,
            5027623030.777927,
            4881209102.6885195
        ],
        "pax_init": [
            1634.2182220931008,
            1602.9413183209842,
            1627.3763993929504,
            1724.1393204379365,
            1934.2810176568462,
            2090.6655365174297,
            2205.99911917711,
            2406.3667839672335,
            2443.508107196622,
            2431.779268282078,
            2646.807981715381,
            2808.079516790358,
            2939.051551336097,
            3070.023585881836,
            3244.978766357114,
            3479.5555446479902,
            3712.177516453108,
            3974.1215855445857,
            4233.1334449074275,
            4384.630947553618
        ],
        "freight_init": [
            659502.6543070076,
            624791.9882908493,
            711568.6533312451,
            728923.9863393242,
            785328.8186155814,
            791837.0684936111,
            841733.6508918385,
            898138.4831680958,
            865597.2337779474,
            867766.6504039573,
            1041319.9804847487,
            1063014.1467448478,
            1049997.6469887884,
            1073861.229874897,
            1108571.8958910555,
            1112910.7291430752,
            1154129.6450372632,
            1236567.4768256391,
            1275616.9760938173,
            1249583.9765816985
        ],
        "energy_consumption_init": [
            175216196417.1973,
            171339716066.13712,
            172890350291.89777,
            171339716066.13712,
            182969157119.31757,
            189946695495.2162,
            192272541620.51572,
            197699656197.3365,
            195373810072.03696,
            184519580918.3954,
            194598387745.81525,
            200025502322.63602,
            202351348447.93555,
            207778463024.75632,
            213980789501.11597,
            225611072261.02777,
            237239250754.11124,
            252745593011.7175,
            264373771504.80103,
            267475460809.68793
        ],
        "total_aircraft_distance_init": [
            563657827.7698904,
            567454306.8654078,
            553353098.7963434,
            576197055.8682276,
            653471676.0867001,
            691111054.5479716,
            719790742.3438225,
            757885698.2965562,
            775978632.9574788,
            756432189.1571295,
            832318382.7349555,
            877333777.724661,
            899309968.1461412,
            927208665.9566284,
            964522631.9239986,
            1013204341.0116606,
            1067439756.6619079,
            1119158649.0259838,
            1177537650.43191,
            1219190449.6513
        ]
    },
    "climate_data": {
        "years": [
            1940.0,
            1941.0,
            1942.0,
            1943.0,
            1944.0,
            1945.0,
            1946.0,
            1947.0,
            1948.0,
            1949.0,
            1950.0,
            1951.0,
            1952.0,
            1953.0,
            1954.0,
            1955.0,
            1956.0,
            1957.0,
            1958.0,
            1959.0,
            1960.0,
            1961.0,
            1962.0,
            1963.0,
            1964.0,
            1965.0,
            1966.0,
            1967.0,
            1968.0,
            1969.0,
            1970.0,
            1971.0,
            1972.0,
            1973.0,
            1974.0,
            1975.0,
            1976.0,
            1977.0,
            1978.0,
            1979.0,
            1980.0,
            1981.0,
            1982.0,
            1983.0,
            1984.0,
            1985.0,
            1986.0,
            1987.0,
            1988.0,
            1989.0,
            1990.0,
            1991.0,
            1992.0,
            1993.0,
            1994.0,
            1995.0,
            1996.0,
            1997.0,
            1998.0,
            1999.0,
            2000.0
        ],