{
    "other_float_data": {
        "short_range_energy_share_last_historical_year": 0.3594058693838148,
        "medium_range_energy_share_last_historical_year": 12.032683770204027,
        "long_range_energy_share_last_historical_year": 72.60791036041215,
        "short_range_rpk_share_last_historical_year": 0.38058428318428433,
        "medium_range_rpk_share_last_historical_year": 15.645987190192153,
        "long_range_rpk_share_last_historical_year": 83.97342852662358,
        "freight_energy_share_last_historical_year": 15.0,
        "commercial_aviation_coefficient": 1
    },
    "other_vector_data": {
        "years": [
            2000,
            2001,
            2002,
            2003,
            2004,
            2005,
            2006,
            2007,
            2008,
            2009,
            2010,
            2011,
            2012,
            2013,
            2014,
            2015,
            2016,
            2017,
            2018,
            2019
        ],
        "rpk_init": [
            79841518566.67818,
            77528963035.21136,
            79526886949.13261,
            82284710617.71066,
            94854992861.55435,
            102869293629.27686,
            109471826295.21394,
            118626896670.41156,
            121133698455.3171,
            119896725696.61253,
            129591690259.31104,
            138116183148.71768,
            145504374883.02875,
            153496596238.99368,
            162671117524.5492,
            174868678269.91367,
            187793282502.43857,
            202829361909.35226,
            217607848179.09418,
            228302957524.38318
        ],
        "ask_init": [
            112662826994.46457,
            112285899893.74583,
            111619574788.9188,
            115101813443.25752,
            129245779475.1089,
            137264022994.931,
            144393307341.37042,
            154452582198.06903,
            159357365809.932,
            156356405761.88055,
            165781423230.82864,
            177056905685.17407,
            184504501551.11862,
            193120991989.51523,
            204056872063.01785,
            217935885153.77823,
            233906659658.4296,
            248939059163.3837,
            266122624213.8623,
            277067704042.2639
        ],
        "rtk_init": [
            3103734452.780173,
            2912379550.8811245,
            3330179848.36538,
            3532153895.9192653,
            3955421476.314922,
            4039954081.329666,
            4320940880.958901,
            4543206959.318565,
            4498916710.733415,
            4095704596.0175624,
            4953358317.729658,
            4968209350.638032,
            4916401588.049705,
            4935957638.463563,
            5165741230.826405,
            5232058321.141143,
            5419312760.856641,
            5918517746.689983,
            6091551993.833037,
            5914154434.36646
        ],
        "freight_init": [
            799064.4255125107,
            757008.4031171154,
            862148.4591056035,
            883176.4703033012,
            951517.5066958186,
            959403.0108949553,
            1019858.543088336,
            1088199.5794808532,
            1048772.0584851701,
            1051400.5598848825,
            1261680.6718618588,
            1287965.6858589808,
            1272194.6774607077,
            1301108.1928575418,
            1343164.2152529373,
            1348421.2180523616,
            1398362.7446468933,
            1498245.7978359575,
            1545558.823030777,
            1514016.8062342308
        ],
        "total_aircraft_distance_init": [
            682937233.6732253,
            687537111.1227217,
            670451852.0245924,
            698129971.7635618,
            791757191.6213107,
            837361690.9063175,
            872110479.4105128,
            918266963.9894593,
            940188665.6630589,
            916505868.051652,
            1008450847.0135849,
            1062992251.0576133,
            1089618970.236698,
            1123421498.2369967,
            1168631722.3120468,
            1227615293.7215889,
            1293327828.7143939,
            1355991302.0835328,
            1426724274.7497883,
            1477191501.6242628
        ],
        "pax_init": [
            1425.1959591307727,
            1397.9194814440593,
            1419.2292296368041,
            1503.6158324800735,
            1686.8796669376786,
            1823.2620553712457,
            1923.844066841001,
            2098.5840020215082,
            2130.9748192744805,
            2120.7461401419628,
            2308.271924238117,
            2448.916262310233,
            2563.136512623345,
            2677.3567629364575,
            2829.93455999651,
            3034.50814264686,
            3237.3769454417907,
            3465.8174460680148,
            3691.70077691111,
            3823.8212157061275
        ],
        "energy_consumption_init": [
            216108598714.41815,
            211327415503.38165,
            213239940695.1159,
            211327415503.38165,
            225670965136.4913,
            234276939194.39816,
            237145597213.70047,
            243839305616.47125,
            240970647597.16895,
            227583230791.62738,
            240014255233.00278,
            246707963635.77356,
            249576621655.07587,
            256270330057.84665,
            263920171288.18552,
            278264759067.68774,
            292606751481.2085,
            311732003398.55096,
            326073995812.0717,
            329899565268.7365
        ]
    },
    "climate_data": {
        "years": [
            1940.0,
            1941.0,
            1942.0,
            1943.0,
            1944.0,
            1945.0,
            1946.0,
            1947.0,
            1948.0,
            1949.0,
            1950.0,
            1951.0,
            1952.0,
            1953.0,
            1954.0,
            1955.0,
            1956.0,
            1957.0,
            1958.0,
            1959.0,
            1960.0,
            1961.0,
            1962.0,
            1963.0,
            1964.0,
            1965.0,
            1966.0,
            1967.0,
            1968.0,
            1969.0,
            1970.0,
            1971.0,
            1972.0,
            1973.0,
            1974.0,
            1975.0,
            1976.0,
            1977.0,
            1978.0,
            1979.0,
            1980.0,
            1981.0,
            1982.0,
            1983.0,
            1984.0,
            1985.0,
            1986.0,
            1987.0,
            1988.0,
            1989.0,
            1990.0,
            1991.0,
            1992.0,
            1993.0,
            1994.0,
            1995.0,
            1996.0,
            1997.0,
            1998.0,
            1999.0,
            2000.0
        ],