{
    "other_float_data": {
        "short_range_energy_share_2019": 10.644001233316684,
        "medium_range_energy_share_2019": 24.19097479813556,
        "long_range_energy_share_2019": 50.16502396854779,
        "freight_energy_share_2019": 15.0,
        "short_range_rpk_share_2019": 11.432558218766319,
        "medium_range_rpk_share_2019": 31.44555958633572,
        "long_range_rpk_share_2019": 57.12188219489794,
        "commercial_aviation_coefficient": 1
    },
    "other_vector_data": {
        "years": [
            2000,
            2001,
            2002,
            2003,
            2004,
            2005,
            2006,
            2007,
            2008,
            2009,
            2010,
            2011,
            2012,
            2013,
            2014,
            2015,
            2016,
            2017,
            2018,
            2019
        ],
        "rpk_init": [
            2039291418589.6929,
            1980224723278.8574,
            2031255179184.479,
            2101694798098.0144,
            2422761696239.6455,
            2627460893787.6523,
            2796101075591.7974,
            3029937515427.714,
            3093965598307.8496,
            3062371160011.3286,
            3309997437556.7754,
            3527727830330.781,
            3716435112871.9214,
            3920570363795.0005,
            4154903613752.877,
            4466450555773.712,
            4796567454515.366,
            5180615106090.84,
            5558083380375.495,
            5831255097300.089
        ],
        "ask_init": [
            2877604790194.382,
            2867977415668.838,
            2850958312166.5684,
            2939900751297.9556,
            3301162273766.248,
            3505962176068.706,
            3688056513067.545,
            3944987909924.2925,
            4070264624461.708,
            3993614879023.6763,
            4234346237714.358,
            4522341694494.183,
            4712566262002.39,
            4932646432380.258,
            5211967852976.678,
            5566462015945.843,
            5974383407976.571,
            6358337068447.89,
            6797235242947.838,
            7076791641304.643
        ],
        "rtk_init": [
            79274782704.06248,
            74387245288.02611,
            85058592434.71542,
            90217361322.74063,
            101028352395.6024,
            103187462331.03824,
            110364354498.26749,
            116041417189.20203,
            114910167114.1991,
            104611427558.97961,
            126517397112.25581,
            126896718354.02238,
            125573457880.5323,
            126072953462.61076,
            131942026552.03246,
            133635880521.9033,
            138418684993.31033,
            151169249636.9041,
            155588845627.25677,
            151057803041.978
        ],
        "pax_init": [
            72884.47804173842,
            71489.55980170514,
            72579.33967673114,
            76894.86798183406,
            86266.9749070576,
            93241.56610722396,
            98385.32711734665,
            107321.52209255978,
            108977.98750259931,
            108454.89316258681,
            118044.95606281556,
            125237.50323798713,
            131078.72336812643,
            136919.94349826575,
            144722.76740345187,
            155184.65420370142,
            165559.35861394886,
            177241.7988742275,
            188793.46554950305,
            195550.10077466417
        ],
        "freight_init": [
            20409496.902129907,
            19335312.854649387,
            22020772.973350693,
            22557864.99709095,
            24303414.074246798,
            24504823.583149396,
            26048963.151402645,
            27794512.228558492,
            26787464.684045505,
            26854601.187013034,
            32225521.424415644,
            32896886.45409097,
            32494067.43628578,
            33232568.96892863,
            34306753.01640915,
            34441026.022344224,
            35716619.57872734,
            38267806.69149358,
            39476263.74490916,
            38670625.709298775
        ],
        "energy_consumption_init": [
            5389759967623.192,
            5270517003567.095,
            5318215483760.852,
            5270517003567.095,
            5628245895735.387,
            5842879347322.409,
            5914423831184.75,
            6081365275434.603,
            6009820791572.263,
            5675937903072.555,
            5985968315047.09,
            6152909759296.943,
            6224454243159.285,
            6391395687409.138,
            6582183135327.576,
            6939937918922.218,
            7297627973950.983,
            7774612775888.548,
            8132302830917.313,
            8227712737018.001
        ],
        "total_aircraft_distance_init": [
            17443406201.02432,
            17560895081.2175,
            17124507811.928537,
            17831455188.17666,
            20222857423.88017,
            21387675750.36686,
            22275220319.597637,
            23454137311.707508,
            24014055746.456734,
            23409155854.71926,
            25757590728.523556,
            27150673165.099854,
            27830765940.16096,
            28694141368.323433,
            29848889219.36499,
            31355432345.95642,
            33033844920.144737,
            34634379150.89072,
            36441022445.74702,
            37730043302.72364
        ]
    },
    "climate_data": {
        "years": [
            1940.0,
            1941.0,
            1942.0,
            1943.0,
            1944.0,
            1945.0,
            1946.0,
            1947.0,
            1948.0,
            1949.0,
            1950.0,
            1951.0,
            1952.0,
            1953.0,
            1954.0,
            1955.0,
            1956.0,
            1957.0,
            1958.0,
            1959.0,
            1960.0,
            1961.0,
            1962.0,
            1963.0,
            1964.0,
            1965.0,
            1966.0,
            1967.0,
            1968.0,
            1969.0,
            1970.0,
            1971.0,
            1972.0,
            1973.0,
            1974.0,
            1975.0,
            1976.0,
            1977.0,
            1978.0,
            1979.0,
            1980.0,
            1981.0,
            1982.0,
            1983.0,
            1984.0,
            1985.0,
            1986.0,
            1987.0,
            1988.0,
            1989.0,
            1990.0,
            1991.0,
            1992.0,
            1993.0,
            1994.0,
            1995.0,
            1996.0,
            1997.0,
            1998.0,
            1999.0,
            2000.0
        ],