{
    "cagr_passenger_short_range_reference_periods": [
        2023,
        2024,
        2025,
        2026,
        2027,
        2028,
        2029,
        2030,
        2031,
        2032,
        2033,
        2034,
        2035,
        2036,
        2037,
        2038,
        2039,
        2040,
        2041,
        2042,
        2043,
        2044,
        2045,
        2046,
        2047,
        2048,
        2049,
        2050
    ],
    "cagr_passenger_short_range_reference_periods_values": [
        18.36439789,
        9.60515219,
        6.64755753,
        5.68776648,
        5.06408982,
        4.64006007,
        4.27725852,
        3.95689851,
        3.69928066,
        3.48116583,
        3.30173265,
        3.17772793,
        3.0834835,
        3.01528127,
        2.98571961,
        2.96536003,
        3.00624251,
        3.17242857,
        3.10438536,
        3.03171495,
        2.99787755,
        3.02649297,
        3.04996033,
        3.06588498,
        3.05952994,
        3.08607471,
        2.8861181,
        2.8861181
    ],
    "cagr_passenger_medium_range_reference_periods": [
        2023,
        2024,
        2025,
        2026,
        2027,
        2028,
        2029,
        2030,
        2031,
        2032,
        2033,
        2034,
        2035,
        2036,
        2037,
        2038,
        2039,
        2040,
        2041,
        2042,
        2043,
        2044,
        2045,
        2046,
        2047,
        2048,
        2049,
        2050
    ],
    "cagr_passenger_medium_range_reference_periods_values": [
        18.36439789,
        9.60515219,
        6.64755753,
        5.68776648,
        5.06408982,
        4.64006007,
        4.27725852,
        3.95689851,
        3.69928066,
        3.48116583,
        3.30173265,
        3.17772793,
        3.0834835,
        3.01528127,
        2.98571961,
        2.96536003,
        3.00624251,
        3.17242857,
        3.10438536,
        3.03171495,
        2.99787755,
        3.02649297,
        3.04996033,
        3.06588498,
        3.05952994,
        3.08607471,
        2.8861181,
        2.8861181
    ],
    "cagr_passenger_long_range_reference_periods": [
        2023,
        2024,
        2025,
        2026,
        2027,
        2028,
        2029,
        2030,
        2031,
        2032,
        2033,
        2034,
        2035,
        2036,
        2037,
        2038,
        2039,
        2040,
        2041,
        2042,
        2043,
        2044,
        2045,
        2046,
        2047,
        2048,
        2049,
        2050
    ],
    "cagr_passenger_long_range_reference_periods_values": [
        18.36439789,
        9.60515219,
        6.64755753,
        5.68776648,
        5.06408982,
        4.64006007,
        4.27725852,
        3.95689851,
        3.69928066,
        3.48116583,
        3.30173265,
        3.17772793,
        3.0834835,
        3.01528127,
        2.98571961,
        2.96536003,
        3.00624251,
        3.17242857,
        3.10438536,
        3.03171495,
        2.99787755,
        3.02649297,
        3.04996033,
        3.06588498,
        3.05952994,
        3.08607471,
        2.8861181,
        2.8861181
    ],
    "cagr_freight_reference_periods": [
        2023,
        2024,
        2025,
        2026,
        2027,
        2028,
        2029,
        2030,
        2031,
        2032,
        2033,
        2034,
        2035,
        2036,
        2037,
        2038,
        2039,
        2040,
        2041,
        2042,
        2043,
        2044,
        2045,
        2046,
        2047,
        2048,
        2049,
        2050
    ],
    "cagr_freight_reference_periods_values": [
        18.36439789,
        9.60515219,
        6.64755753,
        5.68776648,
        5.06408982,
        4.64006007,
        4.27725852,
        3.95689851,
        3.69928066,
        3.48116583,
        3.30173265,
        3.17772793,
        3.0834835,
        3.01528127,
        2.98571961,
        2.96536003,
        3.00624251,
        3.17242857,
        3.10438536,
        3.03171495,
        2.99787755,
        3.02649297,
        3.04996033,
        3.06588498,
        3.05952994,
        3.08607471,
        2.8861181,
        2.8861181
    ],
    "reference_cagr_passenger_reference_periods": [
        2023,
        2024,
        2025,
        2026,
        2027,
        2028,
        2029,
        2030,
        2031,
        2032,
        2033,
        2034,
        2035,
        2036,
        2037,
        2038,
        2039,
        2040,
        2041,
        2042,
        2043,
        2044,
        2045,
        2046,
        2047,
        2048,
        2049,
        2050
    ],
    "reference_cagr_passenger_reference_periods_values": [
        18.36439789,
        9.60515219,
        6.64755753,
        5.68776648,
        5.06408982,
        4.64006007,
        4.27725852,
        3.95689851,
        3.69928066,
        3.48116583,
        3.30173265,
        3.17772793,
        3.0834835,
        3.01528127,
        2.98571961,
        2.96536003,
        3.00624251,
        3.17242857,
        3.10438536,
        3.03171495,
        2.99787755,
        3.02649297,
        3.04996033,
        3.06588498,
        3.05952994,
        3.08607471,
        2.8861181,
        2.8861181
    ],
    "reference_cagr_freight_reference_periods": [
        2023,
        2024,
        2025,
        2026,
        2027,
        2028,
        2029,
        2030,
        2031,
        2032,
        2033,
        2034,
        2035,
        2036,
        2037,
        2038,
        2039,
        2040,
        2041,
        2042,
        2043,
        2044,
        2045,
        2046,
        2047,
        2048,
        2049,
        2050
    ],
    "reference_cagr_freight_reference_periods_values": [
        18.36439789,
        9.60515219,
        6.64755753,
        5.68776648,
        5.06408982,
        4.64006007,
        4.27725852,
        3.95689851,
        3.69928066,
        3.48116583,
        3.30173265,
        3.17772793,
        3.0834835,
        3.01528127,
        2.98571961,
        2.96536003,
        3.00624251,
        3.17242857,
        3.10438536,
        3.03171495,
        2.99787755,
        3.02649297,
        3.04996033,
        3.06588498,
        3.05952994,
        3.08607471,
        2.8861181,
        2.8861181
    ],
    "operations_gain_reference_years": [
        2020,
        2050
    ],
    "operations_gain_reference_years_values": [
        0,
        6
    ],
    "covid_end_year_passenger": 2023,
    "covid_end_year_reference_rpk_ratio": 93.0,
    "covid_end_year_freight": 2023,
    "covid_end_year_reference_rtk_ratio": 93.0,
    "load_factor_end_year": 88.389,
    "energy_per_ask_short_range_dropin_fuel_gain_reference_years": [
        2019,
        2030,
        2040,
        2050
    ],
    "energy_per_ask_short_range_dropin_fuel_gain_reference_years_values": [
        0.3,
        0.5,
        1.8,
        1.1
    ],
    "energy_per_ask_medium_range_dropin_fuel_gain_reference_years": [
        2019,
        2030,
        2040,
        2050
    ],
    "energy_per_ask_medium_range_dropin_fuel_gain_reference_years_values": [
        0.3,
        0.5,
        1.8,
        1.1
    ],
    "energy_per_ask_long_range_dropin_fuel_gain_reference_years": [
        2019,
        2030,
        2040,
        2050
    ],
    "energy_per_ask_long_range_dropin_fuel_gain_reference_years_values": [
        0.3,
        0.5,
        1.8,
        1.1
    ],
    "dropin_fuel_mean_lhv": 44,
    "electric_final_market_share_short_range": 65.0,
    "electric_introduction_year_short_range": 2035,
    "carbon_offset_baseline_level_vs_2019_reference_periods": [
        2020,
        2050
    ],
    "carbon_offset_baseline_level_vs_2019_reference_periods_values": [
        100.0
    ],