{
    "cagr_passenger_short_range_reference_periods": [
        2023, 2024, 2025, 2026, 2027, 2028, 2029, 2030, 2031, 2032, 2033, 2034, 2035, 2036,
        2037, 2038, 2039, 2040, 2041, 2042, 2043, 2044, 2045, 2046, 2047, 2048, 2049, 2050
    ],
    "cagr_passenger_short_range_reference_periods_values": [
        21.16130154,  9.07474878,  5.41195389,  4.87347884,  4.60792842,  4.44100942,
        4.21740062,  4.00889133,  3.81279843, 3.63121543,  3.50645925,  3.40971569,
        3.33011643,  3.31170882,  3.30341148, 3.29275565,  3.33499465,  3.37223578,
        3.39577866,  3.32720119,  3.31401209, 3.33192881,  3.33610462,  3.34256845,
        3.3486404 ,  3.35165128,  3.056814,  3.056814
    ],
    "cagr_passenger_medium_range_reference_periods": [
        2023, 2024, 2025, 2026, 2027, 2028, 2029, 2030, 2031, 2032, 2033, 2034, 2035, 2036,
        2037, 2038, 2039, 2040, 2041, 2042, 2043, 2044, 2045, 2046, 2047, 2048, 2049, 2050
    ],
    "cagr_passenger_medium_range_reference_periods_values": [
        21.16130154,  9.07474878,  5.41195389,  4.87347884,  4.60792842,  4.44100942,
        4.21740062,  4.00889133,  3.81279843, 3.63121543,  3.50645925,  3.40971569,
        3.33011643,  3.31170882,  3.30341148, 3.29275565,  3.33499465,  3.37223578,
        3.39577866,  3.32720119,  3.31401209, 3.33192881,  3.33610462,  3.34256845,
        3.3486404 ,  3.35165128,  3.056814,  3.056814
    ],
    "cagr_passenger_long_range_reference_periods": [
        2023, 2024, 2025, 2026, 2027, 2028, 2029, 2030, 2031, 2032, 2033, 2034, 2035, 2036,
        2037, 2038, 2039, 2040, 2041, 2042, 2043, 2044, 2045, 2046, 2047, 2048, 2049, 2050
    ],
    "cagr_passenger_long_range_reference_periods_values": [
        21.16130154,  9.07474878,  5.41195389,  4.87347884,  4.60792842,  4.44100942,
        4.21740062,  4.00889133,  3.81279843, 3.63121543,  3.50645925,  3.40971569,
        3.33011643,  3.31170882,  3.30341148, 3.29275565,  3.33499465,  3.37223578,
        3.39577866,  3.32720119,  3.31401209, 3.33192881,  3.33610462,  3.34256845,
        3.3486404 ,  3.35165128,  3.056814,  3.056814
    ],
    "cagr_freight_reference_periods": [
        2023, 2024, 2025, 2026, 2027, 2028, 2029, 2030, 2031, 2032, 2033, 2034, 2035, 2036,
        2037, 2038, 2039, 2040, 2041, 2042, 2043, 2044, 2045, 2046, 2047, 2048, 2049, 2050
    ],
    "cagr_freight_reference_periods_values": [
        21.16130154,  9.07474878,  5.41195389,  4.87347884,  4.60792842,  4.44100942,
        4.21740062,  4.00889133,  3.81279843, 3.63121543,  3.50645925,  3.40971569,
        3.33011643,  3.31170882,  3.30341148, 3.29275565,  3.33499465,  3.37223578,
        3.39577866,  3.32720119,  3.31401209, 3.33192881,  3.33610462,  3.34256845,
        3.3486404 ,  3.35165128,  3.056814,  3.056814
    ],
    "operations_gain_reference_years": [
        2020,
        2050
    ],
    "operations_gain_reference_years_values": [
        0,
        3
    ],
    "covid_end_year_passenger": 2023,
    "covid_end_year_reference_rpk_ratio": 100.0,
    "covid_end_year_freight": 2023,
    "covid_end_year_reference_rtk_ratio": 100.0,
    "load_factor_end_year": 88.389,
    "energy_per_ask_short_range_dropin_fuel_gain_reference_years": [2019, 2030, 2040, 2050],
    "energy_per_ask_short_range_dropin_fuel_gain_reference_years_values": [0.3, 0.5, 1.6, 1.3],
    "energy_per_ask_medium_range_dropin_fuel_gain_reference_years": [2019, 2030, 2040, 2050],
    "energy_per_ask_medium_range_dropin_fuel_gain_reference_years_values": [0.3, 0.5, 1.6, 1.3],
    "energy_per_ask_long_range_dropin_fuel_gain_reference_years": [2019, 2030, 2040, 2050],
    "energy_per_ask_long_range_dropin_fuel_gain_reference_years_values": [0.3, 0.5, 1.6, 1.3],
    "dropin_fuel_mean_lhv": 44
}