{
    "cagr_passenger_short_range_reference_periods": [
        2023, 2024, 2025, 2026, 2027, 2028, 2029, 2030, 2031, 2032, 2033, 2034, 2035, 2036,
        2037, 2038, 2039, 2040, 2041, 2042, 2043, 2044, 2045, 2046, 2047, 2048, 2049, 2050
    ],
    "cagr_passenger_short_range_reference_periods_values": [
        15.22076539, 12.32614031, 10.85523028,  9.94894551, 8.90183547, 7.73276774,
        6.49222541, 5.46782325, 4.60888447, 3.87766917,  3.30313025,  2.84264197,
        2.46485165, 2.18717569, 1.99276269, 1.8722664 ,  1.83172145,  2.68178687,
        2.67688473, 2.06885005, 2.073943  , 2.13464108,  2.21775974,  2.28303862,
        2.31956281, 2.33181718, 2.31213291, 2.31213291
    ],
    "cagr_passenger_medium_range_reference_periods": [
        2023, 2024, 2025, 2026, 2027, 2028, 2029, 2030, 2031, 2032, 2033, 2034, 2035, 2036,
        2037, 2038, 2039, 2040, 2041, 2042, 2043, 2044, 2045, 2046, 2047, 2048, 2049, 2050
    ],
    "cagr_passenger_medium_range_reference_periods_values": [
        15.22076539, 12.32614031, 10.85523028,  9.94894551, 8.90183547, 7.73276774,
        6.49222541, 5.46782325, 4.60888447, 3.87766917,  3.30313025,  2.84264197,
        2.46485165, 2.18717569, 1.99276269, 1.8722664 ,  1.83172145,  2.68178687,
        2.67688473, 2.06885005, 2.073943  , 2.13464108,  2.21775974,  2.28303862,
        2.31956281, 2.33181718, 2.31213291, 2.31213291
    ],
    "cagr_passenger_long_range_reference_periods": [
        2023, 2024, 2025, 2026, 2027, 2028, 2029, 2030, 2031, 2032, 2033, 2034, 2035, 2036,
        2037, 2038, 2039, 2040, 2041, 2042, 2043, 2044, 2045, 2046, 2047, 2048, 2049, 2050
    ],
    "cagr_passenger_long_range_reference_periods_values": [
        15.22076539, 12.32614031, 10.85523028,  9.94894551, 8.90183547, 7.73276774,
        6.49222541, 5.46782325, 4.60888447, 3.87766917,  3.30313025,  2.84264197,
        2.46485165, 2.18717569, 1.99276269, 1.8722664 ,  1.83172145,  2.68178687,
        2.67688473, 2.06885005, 2.073943  , 2.13464108,  2.21775974,  2.28303862,
        2.31956281, 2.33181718, 2.31213291, 2.31213291
    ],
    "cagr_freight_reference_periods": [
        2023, 2024, 2025, 2026, 2027, 2028, 2029, 2030, 2031, 2032, 2033, 2034, 2035, 2036,
        2037, 2038, 2039, 2040, 2041, 2042, 2043, 2044, 2045, 2046, 2047, 2048, 2049, 2050
    ],
    "cagr_freight_reference_periods_values": [
        15.22076539, 12.32614031, 10.85523028,  9.94894551, 8.90183547, 7.73276774,
        6.49222541, 5.46782325, 4.60888447, 3.87766917,  3.30313025,  2.84264197,
        2.46485165, 2.18717569, 1.99276269, 1.8722664 ,  1.83172145,  2.68178687,
        2.67688473, 2.06885005, 2.073943  , 2.13464108,  2.21775974,  2.28303862,
        2.31956281, 2.33181718, 2.31213291, 2.31213291
    ],
    "operations_gain_reference_years": [
        2020,
        2050
    ],
    "operations_gain_reference_years_values": [
        0,
        3
    ],
    "covid_end_year_passenger": 2023,
    "covid_end_year_reference_rpk_ratio": 59.0,
    "covid_end_year_freight": 2023,
    "covid_end_year_reference_rtk_ratio": 59.0,
    "load_factor_end_year": 88.389,
    "energy_per_ask_short_range_dropin_fuel_gain_reference_years": [2019, 2030, 2040, 2050],
    "energy_per_ask_short_range_dropin_fuel_gain_reference_years_values": [0.3, 0.5, 1.6, 1.3],
    "energy_per_ask_medium_range_dropin_fuel_gain_reference_years": [2019, 2030, 2040, 2050],
    "energy_per_ask_medium_range_dropin_fuel_gain_reference_years_values": [0.3, 0.5, 1.6, 1.3],
    "energy_per_ask_long_range_dropin_fuel_gain_reference_years": [2019, 2030, 2040, 2050],
    "energy_per_ask_long_range_dropin_fuel_gain_reference_years_values": [0.3, 0.5, 1.6, 1.3],
    "dropin_fuel_mean_lhv": 44
}