{
    "other_float_data": {
        "short_range_energy_share_2019": 2.1581280976551014,
        "medium_range_energy_share_2019": 10.372599150992917,
        "long_range_energy_share_2019": 72.46927275135197,
        "short_range_rpk_share_2019": 2.1480062952418453,
        "medium_range_rpk_share_2019": 14.165203417386705,
        "long_range_rpk_share_2019": 83.68679028737144,
        "freight_energy_share_2019": 15.0,
        "commercial_aviation_coefficient": 1
    },
    "other_vector_data": {
        "years": [
            2000,
            2001,
            2002,
            2003,
            2004,
            2005,
            2006,
            2007,
            2008,
            2009,
            2010,
            2011,
            2012,
            2013,
            2014,
            2015,
            2016,
            2017,
            2018,
            2019
        ],
        "rpk_init": [
            247747215301.8238,
            240571384938.91235,
            246770917399.52722,
            255328409121.24432,
            294333834836.8064,
            319202108054.03424,
            339689682830.79865,
            368097749611.9087,
            375876323625.4443,
            372038012908.479,
            402121364477.6568,
            428572757350.9895,
            451498222211.26636,
            476297983294.9997,
            504766406003.23584,
            542615281655.7598,
            582720163989.7811,
            629376926899.532,
            675234381585.1803,
            708421169677.5314
        ],
        "ask_init": [
            349591317362.02673,
            348421717368.7993,
            346354119054.41187,
            357159461251.2579,
            401048007719.57635,
            425928515246.3568,
            448050593779.3469,
            479264395551.1839,
            494483876634.6038,
            485171935823.81036,
            514417644998.95435,
            549405323457.4464,
            572515118581.6489,
            599251978677.8754,
            633185875273.5712,
            676252276139.9557,
            725809386034.3068,
            772454730255.1417,
            825775113767.8689,
            859737557085.854
        ],
        "rtk_init": [
            9630848479.797518,
            9037076656.178564,
            10333505658.434505,
            10960228555.781763,
            12273622467.28396,
            12535926064.091454,
            13407824524.872581,
            14097513335.383825,
            13960081258.076416,
            12708919201.16505,
            15370207777.107746,
            15416290343.089163,
            15255531515.568151,
            15316213690.94899,
            16029229251.673836,
            16235010338.348372,
            16816058480.03263,
            18365085193.51768,
            18902008258.74894,
            18351545890.94615
        ],
        "freight_init": [
            2479486.7359912307,
            2348987.434096955,
            2675235.6888326434,
            2740485.3397797816,
            2952546.705357979,
            2977015.324463155,
            3164608.070936176,
            3376669.4365143734,
            3254326.3409884907,
            3262482.5473568826,
            3914979.056828259,
            3996541.1205121814,
            3947603.8823018284,
            4037322.152354142,
            4167821.4542484176,
            4184133.866985202,
            4339101.787984653,
            4649037.629983557,
            4795849.3446146175,
            4697974.86819391
        ],
        "total_aircraft_distance_init": [
            2119145538.635663,
            2133418899.7803495,
            2080403558.3858001,
            2166288411.44497,
            2456812482.2871003,
            2598322662.778705,
            2706147710.96885,
            2849370694.797817,
            2917393455.910208,
            2843906036.530995,
            3129210135.297354,
            3298451417.441492,
            3381073787.9533052,
            3485962601.8508286,
            3626249351.387175,
            3809274622.2938957,
            4013179781.503701,
            4207623741.3261714,
            4427107254.699606,
            4583706416.972736
        ],
        "pax_init": [
            4868.838738187906,
            4775.655221667564,
            4848.454843949081,
            5136.741348183891,
            5762.818099804943,
            6228.735682406657,
            6572.349899575421,
            7169.306802283865,
            7279.962228151773,
            7245.018409456645,
            7885.655085534,
            8366.132592592017,
            8756.338568020952,
            9146.544543449889,
            9667.789838985555,
            10366.666212888125,
            11059.718617008173,
            11840.130567866045,
            12611.80656405013,
            13063.164222195543
        ],
        "energy_consumption_init": [
            694412876818.9227,
            679049697343.7661,
            685195135925.4851,
            679049697343.7661,
            725139235769.2361,
            752792458449.549,
            762010199342.9865,
            783518817399.8622,
            774301076506.4247,
            731283840392.673,
            771227940236.424,
            792736558293.2998,
            801954299186.7373,
            823462917243.6132,
            848043837612.2075,
            894136711870.8064,
            940221246546.5831,
            1001675632363.7744,
            1047760167039.5511,
            1060052712119.5537
        ]
    },
    "climate_data": {
        "years": [
            1940.0,
            1941.0,
            1942.0,
            1943.0,
            1944.0,
            1945.0,
            1946.0,
            1947.0,
            1948.0,
            1949.0,
            1950.0,
            1951.0,
            1952.0,
            1953.0,
            1954.0,
            1955.0,
            1956.0,
            1957.0,
            1958.0,
            1959.0,
            1960.0,
            1961.0,
            1962.0,
            1963.0,
            1964.0,
            1965.0,
            1966.0,
            1967.0,
            1968.0,
            1969.0,
            1970.0,
            1971.0,
            1972.0,
            1973.0,
            1974.0,
            1975.0,
            1976.0,
            1977.0,
            1978.0,
            1979.0,
            1980.0,
            1981.0,
            1982.0,
            1983.0,
            1984.0,
            1985.0,
            1986.0,
            1987.0,
            1988.0,
            1989.0,
            1990.0,
            1991.0,
            1992.0,
            1993.0,
            1994.0,
            1995.0,
            1996.0,
            1997.0,
            1998.0,
            1999.0,
            2000.0
        ],