{
    "other_float_data": {
        "short_range_energy_share_last_historical_year": 8.772241840814566,
        "medium_range_energy_share_last_historical_year": 29.981551807698697,
        "long_range_energy_share_last_historical_year": 46.24620635148673,
        "short_range_rpk_share_last_historical_year": 9.135493586510211,
        "medium_range_rpk_share_last_historical_year": 38.0464256640957,
        "long_range_rpk_share_last_historical_year": 52.81808074939409,
        "freight_energy_share_last_historical_year": 15.0,
        "commercial_aviation_coefficient": 1
    },
    "other_vector_data": {
        "years": [
            2000,
            2001,
            2002,
            2003,
            2004,
            2005,
            2006,
            2007,
            2008,
            2009,
            2010,
            2011,
            2012,
            2013,
            2014,
            2015,
            2016,
            2017,
            2018,
            2019
        ],
        "rpk_init": [
            727078289437.2848,
            706018959025.8347,
            724213090698.6505,
            749327263769.4547,
            863798775279.6595,
            936781155848.5522,
            996907243664.5579,
            1080278064104.5225,
            1103106301673.743,
            1091841785997.8751,
            1180129163003.55,
            1257757617717.5466,
            1325038324606.0488,
            1397819638596.7917,
            1481367589117.5076,
            1592444905296.5647,
            1710143056656.126,
            1847069396376.13,
            1981649959351.0535,
            2079045173616.9658
        ],
        "ask_init": [
            1025966151506.6815,
            1022533657779.6959,
            1016465755689.1042,
            1048176827443.0133,
            1176979119945.87,
            1249997405260.8608,
            1314920367155.583,
            1406525342700.7295,
            1451190846846.8604,
            1423862547766.6687,
            1509691646489.4888,
            1612372039381.0525,
            1680193711110.767,
            1758659943233.7212,
            1858247740661.3623,
            1984637234226.4216,
            2130075392421.4333,
            2266968221045.0796,
            2423450679139.89,
            2523122254308.427
        ],
        "rtk_init": [
            28264216128.484196,
            26521639117.85272,
            30326345379.389442,
            32165625839.51201,
            36020120015.63821,
            36789917771.98309,
            39348729343.91311,
            41372799563.954285,
            40969469582.784775,
            37297610881.8113,
            45107850618.06055,
            45243091828.36368,
            44771303464.633644,
            44949391005.280594,
            47041919607.8823,
            47645837437.253624,
            49351073511.943,
            53897093097.92006,
            55472832721.682014,
            53857358512.23808
        ],
        "freight_init": [
            7276695.209230349,
            6893711.250849804,
            7851171.146801165,
            8042663.125991438,
            8665012.058359824,
            8736821.550556175,
            9287360.990728207,
            9909709.923096593,
            9550662.462114833,
            9574598.959513616,
            11489518.75141634,
            11728883.72540418,
            11585264.741011476,
            11848566.2123981,
            12231550.170778643,
            12279423.165576212,
            12734216.61615311,
            13643803.517306905,
            14074660.470485017,
            13787422.501699608
        ],
        "total_aircraft_distance_init": [
            6219180754.152069,
            6261069624.599941,
            6105482391.507846,
            6357533709.117041,
            7210151746.461728,
            7625449976.330632,
            7941890471.942557,
            8362215366.265205,
            8561845754.571063,
            8346177913.00802,
            9183476592.017485,
            9680158913.042255,
            9922635631.691936,
            10230458988.2403,
            10642166743.499384,
            11179301745.128098,
            11777714180.0977,
            12348360278.084711,
            12992491423.085989,
            13452072173.142645
        ],
        "pax_init": [
            25259.21747870058,
            24775.78747910822,
            25153.467166289753,
            26649.078727528602,
            29897.12403728974,
            32314.274035251517,
            34096.92215874833,
            37193.89559363686,
            37767.96871815278,
            37586.68246830565,
            40910.26371550309,
            43402.94965090117,
            45427.312774194164,
            47451.67589748715,
            50155.86245770689,
            53781.587454649554,
            57377.0980766177,
            61425.82432320368,
            65429.22900732787,
            67770.84306785335
        ],
        "energy_consumption_init": [
            1904828359812.9795,
            1862685967386.1086,
            1879543381879.3022,
            1862685967386.1086,
            1989113144666.7202,
            2064968078467.7515,
            2090253056401.4287,
            2149252863321.493,
            2123967885387.8157,
            2005968271547.6877,
            2115538034335.106,
            2174537841255.1697,
            2199822819188.8467,
            2258822626108.911,
            2326249996469.4585,
            2452686324198.974,
            2579099775806.2295,
            2747673920738.1636,
            2874087372345.4194,
            2907806776556.2583
        ]
    },
    "climate_data": {
        "years": [
            1940.0,
            1941.0,
            1942.0,
            1943.0,
            1944.0,
            1945.0,
            1946.0,
            1947.0,
            1948.0,
            1949.0,
            1950.0,
            1951.0,
            1952.0,
            1953.0,
            1954.0,
            1955.0,
            1956.0,
            1957.0,
            1958.0,
            1959.0,
            1960.0,
            1961.0,
            1962.0,
            1963.0,
            1964.0,
            1965.0,
            1966.0,
            1967.0,
            1968.0,
            1969.0,
            1970.0,
            1971.0,
            1972.0,
            1973.0,
            1974.0,
            1975.0,
            1976.0,
            1977.0,
            1978.0,
            1979.0,
            1980.0,
            1981.0,
            1982.0,
            1983.0,
            1984.0,
            1985.0,
            1986.0,
            1987.0,
            1988.0,
            1989.0,
            1990.0,
            1991.0,
            1992.0,
            1993.0,
            1994.0,
            1995.0,
            1996.0,
            1997.0,
            1998.0,
            1999.0,
            2000.0
        ],