{
    "other_float_data": {
        "short_range_energy_share_2019": 57.058055860174285,
        "medium_range_energy_share_2019": 27.425394378933802,
        "long_range_energy_share_2019": 0.5165497608919704,
        "freight_energy_share_2019": 15.0,
        "short_range_rpk_share_2019": 62.20546759227975,
        "medium_range_rpk_share_2019": 37.10476923465258,
        "long_range_rpk_share_2019": 0.6897631730676684,
        "commercial_aviation_coefficient": 1
    },
    "other_vector_data": {
        "years": [
            2000,
            2001,
            2002,
            2003,
            2004,
            2005,
            2006,
            2007,
            2008,
            2009,
            2010,
            2011,
            2012,
            2013,
            2014,
            2015,
            2016,
            2017,
            2018,
            2019
        ],
        "rpk_init": [
            411887802476.3139,
            399957751131.3507,
            410264675463.3654,
            424491783750.63,
            489339572506.0489,
            530683885475.8066,
            564745144822.7184,
            611974479710.769,
            624906611976.8424,
            618525295583.4125,
            668539845913.8993,
            712516146796.8843,
            750630477690.7494,
            791860887010.4756,
            839190565590.2206,
            902115552253.4415,
            968791223392.6989,
            1046359609064.1327,
            1122599118818.5327,
            1177773233296.2786
        ],
        "ask_init": [
            581206934243.934,
            579262436218.3966,
            575824986779.9468,
            593789219584.9106,
            666755355396.7395,
            708120008304.0028,
            744898683301.6656,
            796792643857.6718,
            822095526114.6635,
            806614121681.2189,
            855236064290.4877,
            913404217569.0608,
            951825003521.3441,
            996275902946.1268,
            1052692109607.5492,
            1124291401619.0002,
            1206681708475.1,
            1284231110204.862,
            1372877981837.6904,
            1429341648353.2925
        ],
        "rtk_init": [
            16011598804.424366,
            15024433837.484922,
            17179789215.16383,
            18221736413.785076,
            20405296504.80511,
            20841384764.92561,
            22290944311.159492,
            23437574388.142998,
            23209089090.163193,
            21128991481.25508,
            25553470287.061,
            25630084051.665504,
            25362817272.841652,
            25463703362.869526,
            26649114920.697086,
            26991232669.541622,
            27957244101.475216,
            30532551388.853497,
            31425203446.18349,
            30510041858.013947
        ],
        "pax_init": [
            42362.21420061662,
            41551.454120222035,
            42184.860433030306,
            44693.14943175102,
            50140.443721902084,
            54194.24412387497,
            57183.921920329965,
            62377.85368535772,
            63340.631280826274,
            63036.59625067831,
            68610.57180339102,
            72791.05346792557,
            76186.11130457785,
            79581.16914123013,
            84116.3583409373,
            90197.05894389663,
            96227.08704183128,
            103017.20271513586,
            109731.30963090346,
            113658.42877031468
        ],
        "freight_init": [
            4122227.3344723973,
            3905268.0010791137,
            4447666.334562324,
            4556146.001258966,
            4908704.918023053,
            4949384.793034293,
            5261263.83478714,
            5613822.751551225,
            5410423.376495021,
            5423983.334832102,
            6508780.001798523,
            6644379.585169325,
            6563019.835146843,
            6712179.376854726,
            6929138.71024801,
            6956258.626922172,
            7213897.835326696,
            7729176.252135745,
            7973255.502203191,
            7810536.002158227
        ],
        "energy_consumption_init": [
            1175310098442.7292,
            1149307556462.1487,
            1159708855553.1755,
            1149307556462.1487,
            1227315182403.8904,
            1274118911072.551,
            1289720153962.1047,
            1326123995033.712,
            1310522752144.1584,
            1237715070000.9436,
            1305321396851.6582,
            1341725237923.2656,
            1357326480812.8193,
            1393730321884.4268,
            1435334106754.561,
            1513347378672.1965,
            1591346535650.097,
            1695359526560.366,
            1773358683538.2664,
            1794164104708.267
        ],
        "total_aircraft_distance_init": [
            3523148375.1401916,
            3546878302.2300825,
            3458738573.0390606,
            3601524934.3285155,
            4084530650.2953143,
            4319795927.443657,
            4499058576.659858,
            4737171445.058988,
            4850261497.590237,
            4728086272.973144,
            5202413615.604211,
            5483782751.098626,
            5621145129.053249,
            5795526193.268101,
            6028757476.665881,
            6333042941.749962,
            6672041900.176969,
            6995311306.932962,
            7360209785.783792,
            7620560985.855732
        ]
    },
    "climate_data": {
        "years": [
            1940.0,
            1941.0,
            1942.0,
            1943.0,
            1944.0,
            1945.0,
            1946.0,
            1947.0,
            1948.0,
            1949.0,
            1950.0,
            1951.0,
            1952.0,
            1953.0,
            1954.0,
            1955.0,
            1956.0,
            1957.0,
            1958.0,
            1959.0,
            1960.0,
            1961.0,
            1962.0,
            1963.0,
            1964.0,
            1965.0,
            1966.0,
            1967.0,
            1968.0,
            1969.0,
            1970.0,
            1971.0,
            1972.0,
            1973.0,
            1974.0,
            1975.0,
            1976.0,
            1977.0,
            1978.0,
            1979.0,
            1980.0,
            1981.0,
            1982.0,
            1983.0,
            1984.0,
            1985.0,
            1986.0,
            1987.0,
            1988.0,
            1989.0,
            1990.0,
            1991.0,
            1992.0,
            1993.0,
            1994.0,
            1995.0,
            1996.0,
            1997.0,
            1998.0,
            1999.0,
            2000.0
        ],