{
    "cagr_passenger_short_range_reference_periods": [],
    "cagr_passenger_short_range_reference_periods_values": [
        3.0
    ],
    "cagr_passenger_medium_range_reference_periods": [],
    "cagr_passenger_medium_range_reference_periods_values": [
        3.0
    ],
    "cagr_passenger_long_range_reference_periods": [],
    "cagr_passenger_long_range_reference_periods_values": [
        3.0
    ],
    "cagr_freight_reference_periods": [],
    "cagr_freight_reference_periods_values": [
        3.0
    ],
    "load_factor_end_year": 89,
    "operations_final_gain": 8.0,
    "operations_start_year": 2025,
    "operations_duration": 25.0,
    "biofuel_share_reference_years": [
        2020,
        2025,
        2030,
        2035,
        2040,
        2045,
        2050
    ],
    "biofuel_share_reference_years_values": [
        0,
        2,
        6,
        20,
        34,
        34,
        35
    ],
    "electrofuel_share_reference_years": [
        2020, 2021, 2022, 2023, 2024, 2025, 2026, 2027, 2028, 2029,
        2030, 2031, 2032, 2033, 2034, 2035, 2036, 2037, 2038, 2039,
        2040,
        2045,
        2050
    ],
    "electrofuel_share_reference_years_values": [
        0, 0, 0, 0, 0, 0, 0, 0, 0, 0,
        0, 0, 0, 0, 0, 0, 0, 0, 0, 0,
        0,
        8,
        35
    ],
    "biofuel_hefa_fog_share_reference_years": [
        2020, 2021, 2022, 2023, 2024, 2025, 2026, 2027, 2028, 2029,
        2030, 2031, 2032, 2033, 2034, 2035, 2036, 2037, 2038, 2039,
        2040, 2041, 2042, 2043, 2044, 2045, 2046, 2047, 2048, 2049, 2050
    ],
    "biofuel_hefa_fog_share_reference_years_values": [
        100.0, 100.0, 100.0, 100.0, 62.73, 48.81, 39.46, 32.74, 27.18, 20.72,
        15.2, 11.12, 8.27, 6.31, 5.04, 4.17, 3.53, 3.05, 2.68, 2.44,
        2.29, 2.2, 2.17, 2.18, 2.18, 2.18, 2.16, 2.13, 2.09, 2.03, 1.97
    ],
    "biofuel_hefa_others_share_reference_years": [
        2020, 2021, 2022, 2023, 2024, 2025, 2026, 2027, 2028, 2029,
        2030, 2031, 2032, 2033, 2034, 2035, 2036, 2037, 2038, 2039,
        2040, 2041, 2042, 2043, 2044, 2045, 2046, 2047, 2048, 2049, 2050
    ],
    "biofuel_hefa_others_share_reference_years_values": [
        0.0, 0.0, 0.0, 0.0, 0.0, 0.0, 0.0, 0.0, 0.0, 0.0,
        0.0, 0.0, 0.0, 0.0, 0.0, 0.0, 13.70308982, 13.77147397, 13.82349057, 13.85775415,
        12.28755277, 12.29849954, 12.30277669, 12.30182428, 12.3012295, 12.30164073,
        12.30387236, 12.30765769, 12.31296873, 12.31970822, 12.32771661
    ],
    "biofuel_ft_others_share_reference_years": [
        2020, 2021, 2022, 2023, 2024, 2025, 2026, 2027, 2028, 2029,
        2030, 2031, 2032, 2033, 2034, 2035, 2036, 2037, 2038, 2039,
        2040, 2041, 2042, 2043, 2044, 2045, 2046, 2047, 2048, 2049, 2050
    ],
    "biofuel_ft_others_share_reference_years_values": [
        0.0, 0.0, 0.0, 0.0, 34.01539511, 46.71220478, 55.25090285, 61.37733202,
        66.45329288, 72.35207464, 77.38745368, 81.11104323, 83.71327065, 85.49990437,
        86.66115748, 87.45584486, 75.5314311, 75.9083645, 76.19508, 76.3839409,
        67.72899084, 67.78932947, 67.81290509, 67.80765544, 67.80437698, 67.80664371,
        67.81894443, 67.83980917, 67.86908363, 67.90623172, 67.95037394
    ],
    "biofuel_ft_msw_share_reference_years": [
        2020, 2021, 2022, 2023, 2024, 2025, 2026, 2027, 2028, 2029,
        2030, 2031, 2032, 2033, 2034, 2035, 2036, 2037, 2038, 2039,
        2040, 2041, 2042, 2043, 2044, 2045, 2046, 2047, 2048, 2049, 2050
    ],
    "biofuel_ft_msw_share_reference_years_values": [
        0.0, 0.0, 0.0, 0.0, 3.258368763, 4.474608876, 5.292539315, 5.8793961,
        6.365627474, 6.930677687, 7.413021688, 7.769708059, 8.01897803, 8.190121463,
        8.301359062, 8.377482962, 7.235231426, 7.271338254, 7.298803018, 7.316894193,
        6.48782786, 6.493607758, 6.49586609, 6.49536322, 6.495049174, 6.495266306,
        6.496444605, 6.498443259, 6.501247488, 6.504805941, 6.509034368
    ],
    "hydrogen_electrolysis_share_reference_years": [
        2020,
        2030,
        2035,
        2050
    ],
    "hydrogen_electrolysis_share_reference_years_values": [
        0,
        34.6,
        54,
        76
    ],
    "hydrogen_gas_ccs_share_reference_years": [
        2020,
        2030,
        2035,
        2050
    ],
    "hydrogen_gas_ccs_share_reference_years_values": [
        0.75,
        9,
        11.9,
        15
    ],
    "hydrogen_coal_ccs_share_reference_years": [
        2020,
        2030,
        2035,
        2050
    ],
    "hydrogen_coal_ccs_share_reference_years_values": [
        0.25,
        3,
        3.9,
        5
    ],
    "hydrogen_gas_share_reference_years": [
        2020,
        2030,
        2035,
        2050
    ],
    "hydrogen_gas_share_reference_years_values": [
        75,
        40,
        22.6,
        3
    ],
    "electrolysis_efficiency_reference_years": [
        2020,
        2030,
        2050
    ],
    "electrolysis_efficiency_reference_years_values": [
        0.64,
        0.66,
        0.72
    ],
    "electrolyser_capex_reference_years": [
        2020,
        2030,
        2040,
        2050
    ],
    "electrolyser_capex_reference_years_values": [
        533,
        355,
        261,
        210
    ],
    "electrolyser_fixed_opex_reference_years": [
        2020,
        2030,
        2050
    ],
    "electrolyser_fixed_opex_reference_years_values": [
        25.05,
        20.57,
        19.62
    ],
    "electrolyser_variable_opex_reference_years": [
        2020,
        2030,
        2050
    ],
    "electrolyser_variable_opex_reference_years_values": [
        0.3,
        0.19,
        0.12
    ],
    "liquefier_capex_reference_years": [
        2020,
        2030,
        2050
    ],
    "liquefier_capex_reference_years_values": [
        2248,
        1457,
        899
    ],
    "liquefaction_efficiency_reference_years": [
        2020,
        2030,
        2050
    ],
    "liquefaction_efficiency_reference_years_values": [
        0.75,
        0.82,
        0.83
    ],
    "electrofuel_hydrogen_efficiency_reference_years": [
        2020,
        2030,
        2050
    ],
    "electrofuel_hydrogen_efficiency_reference_years_values": [
        0.74,
        0.74,
        0.74
    ],
    "electrofuel_capex_reference_years": [
        2020,
        2030,
        2050
    ],
    "electrofuel_capex_reference_years_values": [
        2496,
        1528,
        510
    ],
    "electrofuel_var_opex_reference_years": [
        2020,
        2030,
        2050
    ],
    "electrofuel_var_opex_reference_years_values": [
        0.336,
        0.296,
        0.2
    ],
    "electrofuel_specific_co2_reference_years": [
        2020,
        2030,
        2050
    ],
    "electrofuel_specific_co2_reference_years_values": [
        4.3,
        3.58,
        2.552
    ],
    "co2_cost_reference_years": [
        2020,
        2030,
        2050
    ],
    "co2_cost_reference_years_values": [
        0.46,
        0.15,
        0.09
    ],
    "electricity_emission_factor_reference_years": [
        2020,
        2030,
        2040,
        2050
    ],
    "electricity_emission_factor_reference_years_values": [
        429,
        160,
        40,
        20
    ],
    "electricity_cost_reference_years": [
        2020,
        2050
    ],
    "electricity_cost_reference_years_values": [
        0.08,
        0.1
    ],
    "carbon_tax_reference_years": [
        2020,
        2030,
        2040,
        2050
    ],
    "carbon_tax_reference_years_values": [
        0,
        0,
        0,
        0
    ],
    "social_discount_rate": 0.045,
    "exogenous_carbon_price_reference_years": [
        2020,
        2030,
        2040,
        2050
    ],
    "exogenous_carbon_price_reference_years_values": [
        54,
        250,
        500,
        775
    ],
    "net_carbon_budget": 850.0,
    "carbon_dioxyde_removal_2100": 285.0,
    "aviation_carbon_budget_allocated_share": 2.6,