{
    "other_float_data": {
        "short_range_energy_share_2019": 12.679904187779774,
        "medium_range_energy_share_2019": 40.85814032405698,
        "long_range_energy_share_2019": 31.46195548816323,
        "freight_energy_share_2019": 15.0,
        "short_range_rpk_share_2019": 13.299818984570063,
        "medium_range_rpk_share_2019": 50.58365316596171,
        "long_range_rpk_share_2019": 36.11652784946821,
        "commercial_aviation_coefficient": 1
    },
    "other_vector_data": {
        "years": [
            2000,
            2001,
            2002,
            2003,
            2004,
            2005,
            2006,
            2007,
            2008,
            2009,
            2010,
            2011,
            2012,
            2013,
            2014,
            2015,
            2016,
            2017,
            2018,
            2019
        ],
        "rpk_init": [
            82787771156.6799,
            80389879413.59763,
            82461529236.19008,
            85321120071.42754,
            98355261561.47342,
            106665300120.9845,
            113511474557.72963,
            123004378559.95235,
            125603684487.86502,
            124321065876.4823,
            134373786841.68422,
            143212844254.7214,
            150873669568.94696,
            159160813958.59912,
            168673886634.269,
            181321552733.12476,
            194723091139.47833,
            210314020813.41312,
            225637851838.99368,
            236727624188.8771
        ],
        "ask_init": [
            116820227201.62811,
            116429391016.17914,
            115738477675.79341,
            119349215322.1169,
            134015111513.89424,
            142329238318.02298,
            149721602235.68842,
            160152077003.5628,
            165237853307.94052,
            162126154054.6136,
            171898966538.32593,
            183590528495.92996,
            191312950029.06168,
            200247399816.5111,
            211586827637.71344,
            225977993791.18356,
            242538109989.1466,
            258125223968.10492,
            275942884210.46234,
            287291851269.10583
        ],
        "rtk_init": [
            3218266163.0274477,
            3019850024.2500095,
            3453067678.902121,
            3662494823.1831417,
            4101381510.3717513,
            4189033474.974531,
            4480389041.393598,
            4710857017.973544,
            4664932403.435085,
            4246841253.8683424,
            5136143478.067382,
            5151542532.793927,
            5097822998.517783,
            5118100691.821411,
            5356363588.139043,
            5425127862.608202,
            5619292226.983265,
            6136918505.508141,
            6316337934.2954855,
            6132394181.46459
        ],
        "pax_init": [
            3647.5920736375265,
            3577.7816990224546,
            3632.321054190479,
            3848.2969006558596,
            4317.335355100876,
            4666.387228176238,
            4923.8129845693165,
            5371.035696947124,
            5453.935516802522,
            5427.7566263218705,
            5907.702951800491,
            6267.662695909458,
            6559.993639610073,
            6852.3245833106885,
            7242.8263663137495,
            7766.404175926791,
            8285.61883712639,
            8870.280724527622,
            9448.397889308688,
            9786.541891350445
        ],
        "freight_init": [
            828550.9091805081,
            784942.9665920603,
            893962.8230631799,
            915766.7943574038,
            986629.7010636315,
            994806.1902989654,
            1057492.607769859,
            1128355.5144760867,
            1087473.0682994172,
            1090198.564711195,
            1308238.277653434,
            1335493.241771214,
            1319140.263300546,
            1349120.7238301039,
            1392728.6664185515,
            1398179.6592421075,
            1449964.0910658892,
            1553532.9547134528,
            1602591.8901254565,
            1569885.9331841206
        ],
        "energy_consumption_init": [
            211194085599.27286,
            206521630998.46432,
            208390663565.686,
            206521630998.46432,
            220538994800.8898,
            228949260901.65024,
            231752682935.23703,
            238294170103.2672,
            235490748069.6804,
            222407773733.6201,
            234556104968.82385,
            241097592136.85403,
            243901014170.44083,
            250442501338.471,
            257918377972.8663,
            271936756313.25742,
            285952598308.73444,
            304642923980.9512,
            318658765976.42816,
            322397338379.8543
        ],
        "total_aircraft_distance_init": [
            708138477.7081567,
            712908096.4287682,
            695192369.7522113,
            723891846.9682335,
            820974029.1557654,
            868261391.9001133,
            904292454.4638186,
            952152171.4546399,
            974882811.5288682,
            950326088.8587487,
            1045663953.3427426,
            1102218003.887136,
            1129827282.538447,
            1164877166.3939118,
            1211755704.6764932,
            1272915844.1567912,
            1341053254.451241,
            1406029088.9080284,
            1479372197.3489738,
            1531701728.455111
        ]
    },
    "climate_data": {
        "years": [
            1940.0,
            1941.0,
            1942.0,
            1943.0,
            1944.0,
            1945.0,
            1946.0,
            1947.0,
            1948.0,
            1949.0,
            1950.0,
            1951.0,
            1952.0,
            1953.0,
            1954.0,
            1955.0,
            1956.0,
            1957.0,
            1958.0,
            1959.0,
            1960.0,
            1961.0,
            1962.0,
            1963.0,
            1964.0,
            1965.0,
            1966.0,
            1967.0,
            1968.0,
            1969.0,
            1970.0,
            1971.0,
            1972.0,
            1973.0,
            1974.0,
            1975.0,
            1976.0,
            1977.0,
            1978.0,
            1979.0,
            1980.0,
            1981.0,
            1982.0,
            1983.0,
            1984.0,
            1985.0,
            1986.0,
            1987.0,
            1988.0,
            1989.0,
            1990.0,
            1991.0,
            1992.0,
            1993.0,
            1994.0,
            1995.0,
            1996.0,
            1997.0,
            1998.0,
            1999.0,
            2000.0
        ],