{
    "other_float_data": {
        "short_range_energy_share_2019": 53.66404422940173,
        "medium_range_energy_share_2019": 31.335955770598268,
        "long_range_energy_share_2019": 0.0,
        "short_range_rpk_share_2019": 56.404487251720305,
        "medium_range_rpk_share_2019": 43.59551274827969,
        "long_range_rpk_share_2019": 0.0,
        "freight_energy_share_2019": 15.0,
        "commercial_aviation_coefficient": 1
    },
    "other_vector_data": {
        "years": [
            2000,
            2001,
            2002,
            2003,
            2004,
            2005,
            2006,
            2007,
            2008,
            2009,
            2010,
            2011,
            2012,
            2013,
            2014,
            2015,
            2016,
            2017,
            2018,
            2019
        ],
        "rpk_init": [
            34263238688.57579,
            33270827176.64969,
            34128217481.508785,
            35311711637.35428,
            40706130338.745735,
            44145392329.95135,
            46978807284.2673,
            50907619850.80358,
            51983390320.14198,
            51452555064.95623,
            55613058157.23657,
            59271264311.28016,
            62441837484.41257,
            65871624303.19241,
            69808784045.4371,
            75043252812.30807,
            80589725471.19855,
            87042317893.13773,
            93384366636.77643,
            97974072480.00912
        ],
        "ask_init": [
            48348195299.13237,
            48186440569.86413,
            47900493402.01545,
            49394863453.16309,
            55464613789.23308,
            58905567775.51471,
            61965033271.98796,
            66281876709.29326,
            68386718583.8717,
            67098884731.671165,
            71143542561.07947,
            75982310079.50343,
            79178375978.448,
            82876062017.59889,
            87569092360.14102,
            93525140627.10193,
            100378848681.7314,
            106829861908.26627,
            114204027648.28186,
            118901005979.3347
        ],
        "rtk_init": [
            1331938523.8489923,
            1249820362.825782,
            1429115441.0488489,
            1515790708.8101602,
            1697432020.205319,
            1733708394.6353524,
            1854291243.7202587,
            1949674646.1395261,
            1930667901.4521484,
            1757633205.0103838,
            2125687253.9150991,
            2132060435.3681366,
            2109827620.069133,
            2118219915.6462302,
            2216829388.6771235,
            2245288745.8559093,
            2325647232.0000505,
            2539876368.5595026,
            2614132392.4627705,
            2538003894.0086985
        ],
        "freight_init": [
            342911.0020749438,
            324863.0545973152,
            369982.92329138675,
            379006.89703020104,
            408334.81168134755,
            411718.80183340295,
            437662.7263324941,
            466990.64098364057,
            450070.6902233638,
            451198.68694071553,
            541438.4243288586,
            552718.3915023765,
            545950.4111982657,
            558358.3750891355,
            576406.3225667641,
            578662.3160014678,
            600094.2536311517,
            642958.1288905196,
            663262.0698028519,
            649726.1091946304
        ],
        "total_aircraft_distance_init": [
            293076107.1023418,
            295050101.3577074,
            287718122.6949208,
            299595928.12863517,
            339775171.2007058,
            359345914.24675936,
            374258030.85015,
            394065653.2068474,
            403473145.8295614,
            393309895.40622175,
            432767220.57918733,
            456173152.4642369,
            467599759.2110106,
            482105796.99615455,
            501507340.5346053,
            526819586.8719795,
            555019504.8057742,
            581910946.5474409,
            612265338.2113775,
            633922875.1845318
        ],
        "pax_init": [
            3723.5451505564397,
            3652.2811285362204,
            3707.956145739517,
            3928.429213864569,
            4407.234361812915,
            4763.55447191401,
            5026.340553113568,
            5482.875694180595,
            5567.501720329605,
            5540.777712072024,
            6030.717863461028,
            6398.172977002782,
            6696.591069212449,
            6995.0091614221155,
            7393.642284597715,
            7928.122449749358,
            8458.148613524736,
            9054.98479794407,
            9645.139980299009,
            9990.325086959443
        ],
        "energy_consumption_init": [
            100265472608.2083,
            98047200882.17436,
            98934533655.44243,
            98047200882.17436,
            104702016060.27621,
            108694832918.57387,
            110025771871.33977,
            113131376370.64178,
            111800437417.87589,
            105589228419.27188,
            111356710824.10565,
            114462315323.40765,
            115793254276.17355,
            118898858775.47554,
            122448069454.27539,
            129103366289.46681,
            135757458981.9343,
            144630786714.61487,
            151284879407.08237,
            153059785782.16327
        ]
    },
    "climate_data": {
        "years": [
            1940.0,
            1941.0,
            1942.0,
            1943.0,
            1944.0,
            1945.0,
            1946.0,
            1947.0,
            1948.0,
            1949.0,
            1950.0,
            1951.0,
            1952.0,
            1953.0,
            1954.0,
            1955.0,
            1956.0,
            1957.0,
            1958.0,
            1959.0,
            1960.0,
            1961.0,
            1962.0,
            1963.0,
            1964.0,
            1965.0,
            1966.0,
            1967.0,
            1968.0,
            1969.0,
            1970.0,
            1971.0,
            1972.0,
            1973.0,
            1974.0,
            1975.0,
            1976.0,
            1977.0,
            1978.0,
            1979.0,
            1980.0,
            1981.0,
            1982.0,
            1983.0,
            1984.0,
            1985.0,
            1986.0,
            1987.0,
            1988.0,
            1989.0,
            1990.0,
            1991.0,
            1992.0,
            1993.0,
            1994.0,
            1995.0,
            1996.0,
            1997.0,
            1998.0,
            1999.0,
            2000.0
        ],