{
    "other_float_data": {
        "short_range_energy_share_2019": 7.674743718952683,
        "medium_range_energy_share_2019": 31.67569525382087,
        "long_range_energy_share_2019": 45.64956102722644,
        "short_range_rpk_share_2019": 7.056941896403614,
        "medium_range_rpk_share_2019": 40.15635012318765,
        "long_range_rpk_share_2019": 52.78670798040873,
        "freight_energy_share_2019": 15.0,
        "commercial_aviation_coefficient": 1
    },
    "other_vector_data": {
        "years": [
            2000,
            2001,
            2002,
            2003,
            2004,
            2005,
            2006,
            2007,
            2008,
            2009,
            2010,
            2011,
            2012,
            2013,
            2014,
            2015,
            2016,
            2017,
            2018,
            2019
        ],
        "rpk_init": [
            120387117538.11517,
            116900186182.37437,
            119912707804.9006,
            124071026034.54741,
            143024824423.45316,
            155108995489.21097,
            165064465905.76624,
            178868719045.1675,
            182648539952.15775,
            180783400265.85217,
            195401719898.17133,
            208255171909.76828,
            219395279496.39737,
            231446158651.05237,
            245279740378.8061,
            263671539601.71497,
            283159593897.36523,
            305831385358.3561,
            328114771189.81445,
            344241135128.6344
        ],
        "ask_init": [
            169875939724.6675,
            169307599242.2701,
            168302896925.0613,
            173553506904.6992,
            194880146624.2278,
            206970262674.11115,
            217719982969.83264,
            232887619135.34763,
            240283179387.46442,
            235758253803.41202,
            249969540189.27222,
            266971005791.36514,
            278200684472.1517,
            291192852780.01025,
            307682257082.76044,
            328609393869.0557,
            352690542900.0641,
            375356785709.20435,
            401266611857.2152,
            417769887789.5916
        ],
        "rtk_init": [
            4679891503.590299,
            4391361607.366236,
            5021331758.531275,
            5325873478.666673,
            5964087341.1524,
            6091547800.80303,
            6515227002.813364,
            6850365574.581315,
            6783583586.238245,
            6175609876.337541,
            7468802456.5428915,
            7491195230.082258,
            7413078138.6732435,
            7442565259.935703,
            7789038934.769598,
            7889033567.760438,
            8171380680.493985,
            8924094937.236761,
            9185000473.89102,
            8917515821.471212
        ],
        "freight_init": [
            1204850.1161004833,
            1141436.9520951947,
            1299969.8621084162,
            1331676.4441110606,
            1434722.8356196547,
            1446612.803870646,
            1537769.2271282484,
            1640815.6186368426,
            1581365.7773818844,
            1585329.100132215,
            1902394.920158658,
            1942028.1476619635,
            1918248.21115998,
            1961844.761413616,
            2025257.9254189047,
            2033184.5709195659,
            2108487.703175846,
            2259093.9676884064,
            2330433.777194356,
            2282873.9041903894
        ],
        "total_aircraft_distance_init": [
            1029750516.9908803,
            1036686331.8039588,
            1010924733.9268101,
            1052658522.4877908,
            1193832078.8545644,
            1262595728.5727994,
            1314990855.332169,
            1384586802.8279734,
            1417640914.56573,
            1381931376.5852518,
            1520568406.391814,
            1602807353.4611728,
            1642955812.922021,
            1693924143.4912717,
            1762093294.796957,
            1851030257.314374,
            1950113326.0726376,
            2044598940.4405177,
            2151251955.6519127,
            2227347752.4582586
        ],
        "pax_init": [
            4145.83088651806,
            4066.484840843072,
            4128.473939026656,
            4373.950767833647,
            4907.057012212464,
            5303.787240587397,
            5596.3757840139115,
            6104.686389119295,
            6198.909818358342,
            6169.155051230223,
            6714.659115245757,
            7123.787163257407,
            7456.048729521413,
            7788.310295785421,
            8232.152238779878,
            8827.247581342279,
            9417.383796049993,
            10081.906928578008,
            10738.99136932399,
            11123.32377806221
        ],
        "energy_consumption_init": [
            313952295432.5642,
            307006419826.8824,
            309784845477.6407,
            307006419826.8824,
            327844046643.9279,
            340346396508.6985,
            344513846463.622,
            354238147720.06213,
            350070697765.1386,
            330622095252.2583,
            348681296418.54553,
            358405597674.9857,
            362573047629.90924,
            372297348886.34937,
            383410674446.9547,
            404249809433.71155,
            425085173996.19,
            452869430503.7731,
            473704795066.25146,
            479262400452.6238
        ]
    },
    "climate_data": {
        "years": [
            1940.0,
            1941.0,
            1942.0,
            1943.0,
            1944.0,
            1945.0,
            1946.0,
            1947.0,
            1948.0,
            1949.0,
            1950.0,
            1951.0,
            1952.0,
            1953.0,
            1954.0,
            1955.0,
            1956.0,
            1957.0,
            1958.0,
            1959.0,
            1960.0,
            1961.0,
            1962.0,
            1963.0,
            1964.0,
            1965.0,
            1966.0,
            1967.0,
            1968.0,
            1969.0,
            1970.0,
            1971.0,
            1972.0,
            1973.0,
            1974.0,
            1975.0,
            1976.0,
            1977.0,
            1978.0,
            1979.0,
            1980.0,
            1981.0,
            1982.0,
            1983.0,
            1984.0,
            1985.0,
            1986.0,
            1987.0,
            1988.0,
            1989.0,
            1990.0,
            1991.0,
            1992.0,
            1993.0,
            1994.0,
            1995.0,
            1996.0,
            1997.0,
            1998.0,
            1999.0,
            2000.0
        ],