{
    "other_float_data": {
        "short_range_energy_share_2019": 7.674743718952683,
        "medium_range_energy_share_2019": 31.67569525382088,
        "long_range_energy_share_2019": 45.649561027226454,
        "freight_energy_share_2019": 15.0,
        "short_range_rpk_share_2019": 7.0569418964036155,
        "medium_range_rpk_share_2019": 40.156350123187664,
        "long_range_rpk_share_2019": 52.78670798040876,
        "commercial_aviation_coefficient": 1
    },
    "other_vector_data": {
        "years": [
            2000,
            2001,
            2002,
            2003,
            2004,
            2005,
            2006,
            2007,
            2008,
            2009,
            2010,
            2011,
            2012,
            2013,
            2014,
            2015,
            2016,
            2017,
            2018,
            2019
        ],
        "rpk_init": [
            120387117538.11514,
            116900186182.37433,
            119912707804.90057,
            124071026034.54736,
            143024824423.4531,
            155108995489.2109,
            165064465905.76617,
            178868719045.16742,
            182648539952.15765,
            180783400265.8521,
            195401719898.17126,
            208255171909.7682,
            219395279496.3973,
            231446158651.0523,
            245279740378.80603,
            263671539601.71487,
            283159593897.3652,
            305831385358.35596,
            328114771189.8144,
            344241135128.6343
        ],
        "ask_init": [
            169875939724.66745,
            169307599242.27005,
            168302896925.06125,
            173553506904.69913,
            194880146624.22778,
            206970262674.11105,
            217719982969.83258,
            232887619135.34753,
            240283179387.46432,
            235758253803.41196,
            249969540189.27216,
            266971005791.36505,
            278200684472.1516,
            291192852780.01013,
            307682257082.7603,
            328609393869.0556,
            352690542900.06396,
            375356785709.2043,
            401266611857.21515,
            417769887789.5915
        ],
        "rtk_init": [
            4679891503.590298,
            4391361607.366234,
            5021331758.531273,
            5325873478.666671,
            5964087341.152397,
            6091547800.803027,
            6515227002.813362,
            6850365574.581312,
            6783583586.238242,
            6175609876.337538,
            7468802456.542889,
            7491195230.082256,
            7413078138.673241,
            7442565259.9357,
            7789038934.769596,
            7889033567.760436,
            8171380680.493983,
            8924094937.236757,
            9185000473.891018,
            8917515821.47121
        ],
        "pax_init": [
            4145.83088651806,
            4066.484840843072,
            4128.473939026656,
            4373.950767833647,
            4907.057012212464,
            5303.787240587397,
            5596.3757840139115,
            6104.686389119295,
            6198.909818358342,
            6169.155051230223,
            6714.659115245757,
            7123.787163257407,
            7456.048729521413,
            7788.310295785421,
            8232.152238779878,
            8827.247581342279,
            9417.383796049993,
            10081.906928578008,
            10738.99136932399,
            11123.32377806221
        ],
        "freight_init": [
            1204850.1161004829,
            1141436.9520951945,
            1299969.862108416,
            1331676.4441110601,
            1434722.835619654,
            1446612.8038706458,
            1537769.227128248,
            1640815.6186368421,
            1581365.777381884,
            1585329.1001322144,
            1902394.9201586575,
            1942028.1476619628,
            1918248.2111599795,
            1961844.7614136154,
            2025257.925418904,
            2033184.570919565,
            2108487.703175845,
            2259093.9676884054,
            2330433.777194355,
            2282873.904190389
        ],
        "energy_consumption_init": [
            313952295432.5642,
            307006419826.8823,
            309784845477.6406,
            307006419826.8823,
            327844046643.92786,
            340346396508.6984,
            344513846463.62195,
            354238147720.06213,
            350070697765.13855,
            330622095252.2583,
            348681296418.54553,
            358405597674.9856,
            362573047629.9091,
            372297348886.3493,
            383410674446.9547,
            404249809433.7115,
            425085173996.19,
            452869430503.77295,
            473704795066.2514,
            479262400452.6238
        ],
        "total_aircraft_distance_init": [
            1029750516.99088,
            1036686331.8039583,
            1010924733.9268098,
            1052658522.4877903,
            1193832078.854564,
            1262595728.572799,
            1314990855.3321686,
            1384586802.8279727,
            1417640914.5657294,
            1381931376.5852516,
            1520568406.3918133,
            1602807353.461172,
            1642955812.9220207,
            1693924143.491271,
            1762093294.7969565,
            1851030257.3143735,
            1950113326.072637,
            2044598940.440517,
            2151251955.6519117,
            2227347752.458258
        ]
    },
    "climate_data": {
        "years": [
            1940.0,
            1941.0,
            1942.0,
            1943.0,
            1944.0,
            1945.0,
            1946.0,
            1947.0,
            1948.0,
            1949.0,
            1950.0,
            1951.0,
            1952.0,
            1953.0,
            1954.0,
            1955.0,
            1956.0,
            1957.0,
            1958.0,
            1959.0,
            1960.0,
            1961.0,
            1962.0,
            1963.0,
            1964.0,
            1965.0,
            1966.0,
            1967.0,
            1968.0,
            1969.0,
            1970.0,
            1971.0,
            1972.0,
            1973.0,
            1974.0,
            1975.0,
            1976.0,
            1977.0,
            1978.0,
            1979.0,
            1980.0,
            1981.0,
            1982.0,
            1983.0,
            1984.0,
            1985.0,
            1986.0,
            1987.0,
            1988.0,
            1989.0,
            1990.0,
            1991.0,
            1992.0,
            1993.0,
            1994.0,
            1995.0,
            1996.0,
            1997.0,
            1998.0,
            1999.0,
            2000.0
        ],