{
    "other_float_data": {
        "short_range_energy_share_2019": 77.46376335426463,
        "medium_range_energy_share_2019": 7.536236645735331,
        "long_range_energy_share_2019": NaN,
        "freight_energy_share_2019": 15.0,
        "short_range_rpk_share_2019": 88.35550133653425,
        "medium_range_rpk_share_2019": 11.64449866346576,
        "long_range_rpk_share_2019": 0.0,
        "commercial_aviation_coefficient": 1
    },
    "other_vector_data": {
        "years": [
            2000,
            2001,
            2002,
            2003,
            2004,
            2005,
            2006,
            2007,
            2008,
            2009,
            2010,
            2011,
            2012,
            2013,
            2014,
            2015,
            2016,
            2017,
            2018,
            2019
        ],
        "rpk_init": [
            18437414392.398506,
            17903387166.908314,
            18364758039.942066,
            19001608875.341373,
            21904403147.29152,
            23755106728.241276,
            25279797553.097847,
            27393933523.070946,
            27972817093.14369,
            27687168977.30408,
            29925980091.759666,
            31894499863.284145,
            33600619123.8068,
            35446224013.3561,
            37564851687.65817,
            40381575192.87212,
            43366191322.0581,
            46838400165.76586,
            50251124276.46835,
            52720893971.62298
        ],
        "ask_init": [
            26016679857.877445,
            25929637911.826874,
            25775766689.206093,
            26579903161.505936,
            29846100593.152588,
            31697714654.70956,
            33344045688.6912,
            35666985211.25424,
            36799623086.64035,
            36106625947.12892,
            38283099489.34327,
            40886891929.881195,
            42606729098.21935,
            44596493417.24571,
            47121863128.148125,
            50326876262.98936,
            54014929709.31625,
            57486288771.12393,
            61454406052.232796,
            63981900217.88539
        ],
        "rtk_init": [
            716730334.0063853,
            672541675.2024686,
            769022270.2145916,
            815663156.7872972,
            913406284.9081036,
            932926989.1269767,
            997813907.0684423,
            1049140733.8329918,
            1038913001.6785138,
            945801184.9131179,
            1143854996.467101,
            1147284473.4209766,
            1135320758.242059,
            1139836742.0538878,
            1192899551.842877,
            1208213835.656377,
            1251455594.6287813,
            1366734579.2447135,
            1406692538.160398,
            1365726980.7060528
        ],
        "pax_init": [
            2737.9785680732766,
            2685.5770643780943,
            2726.5157391399553,
            2888.632891196926,
            3240.705494148932,
            3502.7130126248435,
            3695.943557500829,
            4031.6406905480903,
            4093.867476186119,
            4074.216912300426,
            4434.4772502048045,
            4704.672503633088,
            4924.103800356664,
            5143.53509708024,
            5436.656008375166,
            5829.667286089034,
            6219.403469821953,
            6658.266063269104,
            7092.216015744833,
            7346.035799268372
        ],
        "freight_init": [
            184524.0697306412,
            174812.27658692325,
            199091.75944621817,
            203947.65601807713,
            219729.3198766188,
            221550.28109106593,
            235510.9837351605,
            251292.6475937022,
            242187.8415214666,
            242794.82859294896,
            291353.79431153875,
            297423.66502636246,
            293781.74259746826,
            300458.6003837743,
            310170.3935274923,
            311384.36767045705,
            322917.1220286221,
            345982.63074495224,
            356908.398031635,
            349624.5531738465
        ],
        "energy_consumption_init": [
            59958540614.69876,
            58632018812.925934,
            59162641935.13113,
            58632018812.925934,
            62611584218.244415,
            64999280256.947334,
            65795178936.51497,
            67652323860.49298,
            66856425180.92534,
            63142135332.969315,
            66591077616.08261,
            68448222540.06062,
            69244121219.62827,
            71101266143.60626,
            73223686624.94673,
            77203540060.18634,
            81182673420.62312,
            86488904642.67499,
            90468038003.11177,
            91529428262.48271
        ],
        "total_aircraft_distance_init": [
            157707380.91255,
            158769608.28764415,
            154824192.32300872,
            161215766.18571812,
            182836645.6719202,
            193367871.3621394,
            201392240.44713634,
            212050933.4223668,
            217113205.5985298,
            211644252.0844736,
            232876659.84492698,
            245471641.5781862,
            251620420.61230266,
            259426274.35156596,
            269866451.98106277,
            283487241.8651272,
            298661918.6521865,
            313132490.43632627,
            329466512.52991694,
            341120664.3023785
        ]
    },
    "climate_data": {
        "years": [
            1940.0,
            1941.0,
            1942.0,
            1943.0,
            1944.0,
            1945.0,
            1946.0,
            1947.0,
            1948.0,
            1949.0,
            1950.0,
            1951.0,
            1952.0,
            1953.0,
            1954.0,
            1955.0,
            1956.0,
            1957.0,
            1958.0,
            1959.0,
            1960.0,
            1961.0,
            1962.0,
            1963.0,
            1964.0,
            1965.0,
            1966.0,
            1967.0,
            1968.0,
            1969.0,
            1970.0,
            1971.0,
            1972.0,
            1973.0,
            1974.0,
            1975.0,
            1976.0,
            1977.0,
            1978.0,
            1979.0,
            1980.0,
            1981.0,
            1982.0,
            1983.0,
            1984.0,
            1985.0,
            1986.0,
            1987.0,
            1988.0,
            1989.0,
            1990.0,
            1991.0,
            1992.0,
            1993.0,
            1994.0,
            1995.0,
            1996.0,
            1997.0,
            1998.0,
            1999.0,
            2000.0
        ],