{
    "other_float_data": {
        "short_range_energy_share_2019": 45.314248792754995,
        "medium_range_energy_share_2019": 38.34066318719907,
        "long_range_energy_share_2019": 1.3450880200459683,
        "freight_energy_share_2019": 15.0,
        "short_range_rpk_share_2019": 46.862317851799844,
        "medium_range_rpk_share_2019": 51.33926248448382,
        "long_range_rpk_share_2019": 1.7984196637163612,
        "commercial_aviation_coefficient": 1
    },
    "other_vector_data": {
        "years": [
            2000,
            2001,
            2002,
            2003,
            2004,
            2005,
            2006,
            2007,
            2008,
            2009,
            2010,
            2011,
            2012,
            2013,
            2014,
            2015,
            2016,
            2017,
            2018,
            2019
        ],
        "rpk_init": [
            41179808630.93169,
            39987063353.23917,
            41017531284.103096,
            42439932222.2197,
            48923298602.65726,
            53056829350.19591,
            56462213372.74177,
            61184118126.32561,
            62477049669.102776,
            61839057025.68143,
            66839422656.78066,
            71236094866.46992,
            75046697760.9211,
            79168840624.47179,
            83900777561.56883,
            90191905614.68562,
            96858020419.12062,
            104613169414.92911,
            112235459764.21127,
            117751669425.9561
        ],
        "ask_init": [
            58108033749.09857,
            57913626301.01821,
            57569956230.66693,
            59365988219.62698,
            66661012474.302444,
            70796576772.55324,
            74473643170.24069,
            79661908887.14145,
            82191645973.0408,
            80643842741.00902,
            85504977933.35056,
            91320526259.92207,
            95161767985.1028,
            99605889711.40862,
            105246281536.64133,
            112404651183.46114,
            120641887268.09373,
            128395138283.23756,
            137257894566.92375,
            142903031343.8181
        ],
        "rtk_init": [
            1600811120.59483,
            1502116126.0324116,
            1717604716.4952743,
            1821776740.9757168,
            2040085188.4260774,
            2083684515.6943102,
            2228608896.4459934,
            2343246928.591572,
            2320403375.5918913,
            2112438922.763938,
            2554790430.6728873,
            2562450138.3552723,
            2535729281.9977827,
            2545815693.529986,
            2664331029.0333734,
            2698535352.01153,
            2795115453.8333254,
            3052590087.999459,
            3141835850.25281,
            3050339625.211359
        ],
        "pax_init": [
            3626.935118535928,
            3557.520092343853,
            3611.7505815564114,
            3826.503318838144,
            4292.8855260661485,
            4639.960657026525,
            4895.928566109802,
            5340.618577652783,
            5423.048921255873,
            5397.018286433845,
            5874.246591504361,
            6232.167820307249,
            6522.843242486564,
            6813.5186646658785,
            7201.808967427799,
            7722.421663868363,
            8238.695921171922,
            8820.046765530551,
            9394.889951183673,
            9731.118984301538
        ],
        "freight_init": [
            412132.94432658225,
            390441.7367304463,
            444669.75572078605,
            455515.359518854,
            490763.5718625749,
            494830.6732868504,
            526011.7842062957,
            561259.9965500166,
            540924.4894286392,
            542280.1899033977,
            650736.2278840772,
            664293.2326316622,
            656159.0297831112,
            671071.7350054546,
            692762.9426015907,
            695474.3435511074,
            721232.6525715189,
            772749.2706123418,
            797151.8791579945,
            780883.4734608926
        ],
        "energy_consumption_init": [
            114412963782.75893,
            111881693186.3217,
            112894228905.84975,
            111881693186.3217,
            119475504975.63338,
            124031709606.3609,
            125550444483.27007,
            129094250799.23535,
            127575515922.32617,
            120487903290.3956,
            127069179360.17921,
            130612985676.14452,
            132131720553.0537,
            135675526869.01898,
            139725532342.36536,
            147319893750.74045,
            154912881111.45706,
            165038238306.73767,
            172631225667.45428,
            174656571916.0421
        ],
        "total_aircraft_distance_init": [
            352238097.3517519,
            354610573.18257934,
            345798520.0966491,
            360074046.0958561,
            408364097.0067536,
            431885500.24381346,
            449807860.5201208,
            473613960.85687995,
            484920502.81636584,
            472705641.5387917,
            520128044.14584386,
            548258828.9970827,
            561992074.8063862,
            579426382.9117804,
            602744431.0776265,
            633166349.7312071,
            667058861.6001694,
            699378760.918412,
            735860660.6941631,
            761890109.8095262
        ]
    },
    "climate_data": {
        "years": [
            1940.0,
            1941.0,
            1942.0,
            1943.0,
            1944.0,
            1945.0,
            1946.0,
            1947.0,
            1948.0,
            1949.0,
            1950.0,
            1951.0,
            1952.0,
            1953.0,
            1954.0,
            1955.0,
            1956.0,
            1957.0,
            1958.0,
            1959.0,
            1960.0,
            1961.0,
            1962.0,
            1963.0,
            1964.0,
            1965.0,
            1966.0,
            1967.0,
            1968.0,
            1969.0,
            1970.0,
            1971.0,
            1972.0,
            1973.0,
            1974.0,
            1975.0,
            1976.0,
            1977.0,
            1978.0,
            1979.0,
            1980.0,
            1981.0,
            1982.0,
            1983.0,
            1984.0,
            1985.0,
            1986.0,
            1987.0,
            1988.0,
            1989.0,
            1990.0,
            1991.0,
            1992.0,
            1993.0,
            1994.0,
            1995.0,
            1996.0,
            1997.0,
            1998.0,
            1999.0,
            2000.0
        ],