{
    "other_float_data": {
        "short_range_energy_share_last_historical_year": 45.31424879275497,
        "medium_range_energy_share_last_historical_year": 38.340663187199056,
        "long_range_energy_share_last_historical_year": 1.3450880200459683,
        "short_range_rpk_share_last_historical_year": 46.86231785179984,
        "medium_range_rpk_share_last_historical_year": 51.339262484483804,
        "long_range_rpk_share_last_historical_year": 1.7984196637163608,
        "freight_energy_share_last_historical_year": 15.0,
        "commercial_aviation_coefficient": 1
    },
    "other_vector_data": {
        "years": [
            2000,
            2001,
            2002,
            2003,
            2004,
            2005,
            2006,
            2007,
            2008,
            2009,
            2010,
            2011,
            2012,
            2013,
            2014,
            2015,
            2016,
            2017,
            2018,
            2019
        ],
        "rpk_init": [
            41179808630.931694,
            39987063353.23917,
            41017531284.1031,
            42439932222.21972,
            48923298602.657265,
            53056829350.195915,
            56462213372.741776,
            61184118126.325615,
            62477049669.10278,
            61839057025.68144,
            66839422656.78067,
            71236094866.46994,
            75046697760.92113,
            79168840624.4718,
            83900777561.56885,
            90191905614.68564,
            96858020419.12062,
            104613169414.92912,
            112235459764.21129,
            117751669425.95612
        ],
        "ask_init": [
            58108033749.09859,
            57913626301.01822,
            57569956230.66695,
            59365988219.62699,
            66661012474.30245,
            70796576772.55324,
            74473643170.2407,
            79661908887.14146,
            82191645973.04082,
            80643842741.00905,
            85504977933.35057,
            91320526259.92209,
            95161767985.10281,
            99605889711.40863,
            105246281536.64134,
            112404651183.46115,
            120641887268.09375,
            128395138283.23758,
            137257894566.92377,
            142903031343.81815
        ],
        "rtk_init": [
            1600811120.5948303,
            1502116126.0324118,
            1717604716.4952745,
            1821776740.975717,
            2040085188.4260776,
            2083684515.6943107,
            2228608896.445994,
            2343246928.591572,
            2320403375.5918913,
            2112438922.7639382,
            2554790430.672888,
            2562450138.3552732,
            2535729281.997783,
            2545815693.5299864,
            2664331029.033374,
            2698535352.011531,
            2795115453.833326,
            3052590087.9994593,
            3141835850.2528105,
            3050339625.21136
        ],
        "freight_init": [
            412132.9443265823,
            390441.73673044634,
            444669.75572078617,
            455515.3595188541,
            490763.57186257496,
            494830.67328685045,
            526011.7842062959,
            561259.9965500167,
            540924.4894286393,
            542280.1899033978,
            650736.2278840774,
            664293.2326316623,
            656159.0297831113,
            671071.7350054547,
            692762.9426015907,
            695474.3435511077,
            721232.652571519,
            772749.2706123418,
            797151.8791579946,
            780883.4734608927
        ],
        "total_aircraft_distance_init": [
            352238097.35175204,
            354610573.1825794,
            345798520.09664917,
            360074046.0958561,
            408364097.0067537,
            431885500.2438136,
            449807860.52012086,
            473613960.85688,
            484920502.8163659,
            472705641.53879184,
            520128044.145844,
            548258828.9970827,
            561992074.8063862,
            579426382.9117806,
            602744431.0776267,
            633166349.7312073,
            667058861.6001697,
            699378760.9184122,
            735860660.6941632,
            761890109.8095262
        ],
        "pax_init": [
            3626.935118535928,
            3557.520092343853,
            3611.7505815564114,
            3826.503318838144,
            4292.8855260661485,
            4639.960657026525,
            4895.928566109802,
            5340.618577652783,
            5423.048921255873,
            5397.018286433845,
            5874.246591504361,
            6232.167820307249,
            6522.843242486564,
            6813.5186646658785,
            7201.808967427799,
            7722.421663868363,
            8238.695921171922,
            8820.046765530551,
            9394.889951183673,
            9731.118984301538
        ],
        "energy_consumption_init": [
            114412963782.75897,
            111881693186.32173,
            112894228905.8498,
            111881693186.32173,
            119475504975.63342,
            124031709606.36093,
            125550444483.2701,
            129094250799.2354,
            127575515922.32623,
            120487903290.39565,
            127069179360.17928,
            130612985676.14458,
            132131720553.05373,
            135675526869.01903,
            139725532342.36542,
            147319893750.7405,
            154912881111.45712,
            165038238306.73773,
            172631225667.45435,
            174656571916.04218
        ]
    },
    "climate_data": {
        "years": [
            1940.0,
            1941.0,
            1942.0,
            1943.0,
            1944.0,
            1945.0,
            1946.0,
            1947.0,
            1948.0,
            1949.0,
            1950.0,
            1951.0,
            1952.0,
            1953.0,
            1954.0,
            1955.0,
            1956.0,
            1957.0,
            1958.0,
            1959.0,
            1960.0,
            1961.0,
            1962.0,
            1963.0,
            1964.0,
            1965.0,
            1966.0,
            1967.0,
            1968.0,
            1969.0,
            1970.0,
            1971.0,
            1972.0,
            1973.0,
            1974.0,
            1975.0,
            1976.0,
            1977.0,
            1978.0,
            1979.0,
            1980.0,
            1981.0,
            1982.0,
            1983.0,
            1984.0,
            1985.0,
            1986.0,
            1987.0,
            1988.0,
            1989.0,
            1990.0,
            1991.0,
            1992.0,
            1993.0,
            1994.0,
            1995.0,
            1996.0,
            1997.0,
            1998.0,
            1999.0,
            2000.0
        ],