{
    "other_float_data": {
        "short_range_energy_share_2019": 42.729289233968615,
        "medium_range_energy_share_2019": 23.76408351814131,
        "long_range_energy_share_2019": 18.50662724789008,
        "freight_energy_share_2019": 15.0,
        "short_range_rpk_share_2019": 42.90753957662888,
        "medium_range_rpk_share_2019": 32.57435688081609,
        "long_range_rpk_share_2019": 24.51810354255502,
        "commercial_aviation_coefficient": 1
    },
    "other_vector_data": {
        "years": [
            2000,
            2001,
            2002,
            2003,
            2004,
            2005,
            2006,
            2007,
            2008,
            2009,
            2010,
            2011,
            2012,
            2013,
            2014,
            2015,
            2016,
            2017,
            2018,
            2019
        ],
        "rpk_init": [
            43182729051.88642,
            41931970540.20589,
            43012558792.9092,
            44504143051.21247,
            51302850064.63575,
            55637429175.926895,
            59208445663.18573,
            64160016356.73347,
            65515834034.148476,
            64846810442.8813,
            70090385908.30807,
            74700905264.10614,
            78696849824.95137,
            83019487163.68271,
            87981577990.19978,
            94578696509.69685,
            101569040539.91321,
            109701387653.14043,
            117694414086.50327,
            123478923416.0974
        ],
        "ask_init": [
            60934316125.99565,
            60730453008.7247,
            60370067372.54486,
            62253455501.976974,
            69903298138.20447,
            74240009708.88129,
            78095922770.06691,
            83536537482.73045,
            86189316958.51572,
            84566231038.09555,
            89663804117.58281,
            95762211468.74895,
            99790285084.33844,
            104450561825.80234,
            110365293341.88197,
            117871834707.3918,
            126509716858.9841,
            134640073676.78471,
            143933900335.41202,
            149853607590.05823
        ],
        "rtk_init": [
            1678672028.4068797,
            1575176666.2219024,
            1801146279.1244037,
            1910385065.2548108,
            2139311688.5054543,
            2185031617.734422,
            2337004889.953846,
            2457218733.72255,
            2433264106.623417,
            2215184593.44793,
            2679051375.416833,
            2687083639.102892,
            2659063122.775064,
            2669640121.328034,
            2793919854.3254337,
            2829787821.192562,
            2931065425.6164327,
            3201063216.635263,
            3294649750.8747826,
            3198703294.915111
        ],
        "pax_init": [
            3745.0743758372073,
            3673.398311227883,
            3729.395236703918,
            3951.1430615890154,
            4432.716620682915,
            4791.096943729537,
            5055.402431976422,
            5514.577220879907,
            5599.69254760348,
            5572.814023374984,
            6065.58696756409,
            6435.166675705919,
            6735.310196257466,
            7035.453716809013,
            7436.391703217422,
            7973.962187787356,
            8507.052918319207,
            9107.3399594223,
            9700.907369468268,
            10048.088307419684
        ],
        "freight_init": [
            432178.43549770606,
            409432.2020504584,
            466297.78566857765,
            477670.9023922015,
            514633.531743979,
            518898.45051533787,
            551596.1610957565,
            588558.790447534,
            567234.1965907393,
            568655.8361811922,
            682387.0034174307,
            696603.3993219605,
            688073.5617792426,
            703711.5972742253,
            726457.8307214731,
            729301.1099023791,
            756312.2621209857,
            810334.5665581989,
            835924.0791863527,
            818864.4041009168
        ],
        "energy_consumption_init": [
            120753106981.7629,
            118081567157.7291,
            119150212091.1405,
            118081567157.7291,
            126096186629.83047,
            130904871301.6976,
            132507766192.31998,
            136247950949.76515,
            134645056059.14279,
            127164686544.2524,
            134110661082.94234,
            137850845840.38754,
            139453740731.00992,
            143193925488.4551,
            147468360203.11127,
            155483559751.1705,
            163497309109.33505,
            174183758443.44913,
            182197507801.61368,
            184335087706.41544
        ],
        "total_aircraft_distance_init": [
            369370398.39149344,
            371858267.67478615,
            362617610.33684176,
            377587475.22431165,
            428226277.4362468,
            452891724.330606,
            471685799.7163944,
            496649790.9247488,
            508506265.1091267,
            495697292.3991453,
            545426245.2731905,
            574925266.7750899,
            589326475.8263786,
            607608760.9596039,
            632060961.9153953,
            663962554.32516,
            699503544.0864846,
            733395431.9228836,
            771651753.3019735,
            798947233.4386705
        ]
    },
    "climate_data": {
        "years": [
            1940.0,
            1941.0,
            1942.0,
            1943.0,
            1944.0,
            1945.0,
            1946.0,
            1947.0,
            1948.0,
            1949.0,
            1950.0,
            1951.0,
            1952.0,
            1953.0,
            1954.0,
            1955.0,
            1956.0,
            1957.0,
            1958.0,
            1959.0,
            1960.0,
            1961.0,
            1962.0,
            1963.0,
            1964.0,
            1965.0,
            1966.0,
            1967.0,
            1968.0,
            1969.0,
            1970.0,
            1971.0,
            1972.0,
            1973.0,
            1974.0,
            1975.0,
            1976.0,
            1977.0,
            1978.0,
            1979.0,
            1980.0,
            1981.0,
            1982.0,
            1983.0,
            1984.0,
            1985.0,
            1986.0,
            1987.0,
            1988.0,
            1989.0,
            1990.0,
            1991.0,
            1992.0,
            1993.0,
            1994.0,
            1995.0,
            1996.0,
            1997.0,
            1998.0,
            1999.0,
            2000.0
        ],