run,case,case_label,biomass_share_world_pct,efficiency_gain_pct_per_yr,carbon_budget_share_world_pct,objective_kind,constraint,constraint_name,component,year,g_value,g_bound,slack,active,ineq_tolerance,lambda_raw,objective_scale,f_opt_scaled,kkt_residual,kkt_residual_relative,objective_grad_norm,max_constraint_violation,run_feasible,termination_message,x_eval_distance_from_x_opt,n_database_entries,min_residual_kerosene_fraction,blend_degenerate,n_gradient_points,lambda_eur_discounted2020_per_unit_g,f_opt_eur_discounted2020,budget_adjusted_gtco2,shadow_price_eur_per_tco2_discounted2020,undiscount_factor_to_year,shadow_price_eur_per_tco2_undiscounted_year,allocated_resource_mj,allocated_resource_ej,shadow_price_eur_per_gj_discounted2020,shadow_price_eur_per_ej_discounted2020,shadow_price_eur_per_gj_undiscounted_year,shadow_price_eur_per_ej_undiscounted_year,ramp_branch_active,ramp_rate_cap_mj,ramp_volume_cap_mj,ramp_previous_consumption_mj,shadow_price_eur_per_gj_of_cap_discounted2020,d_obj_d_volume_bound_eur_per_ej_per_yr_discounted2020,d_obj_d_rate_bound_eur_per_unit_tau_discounted2020,shadow_price_eur_per_gj_of_cap_undiscounted_year,d_obj_d_volume_bound_eur_per_ej_per_yr_undiscounted_year,d_obj_d_rate_bound_eur_per_unit_tau_undiscounted_year,lambda_gtco2_per_unit_g
opt_B15_2_0,B15,15 % biomass,15.0,1.35,2.0,min_surplus_loss,G1,aviation_carbon_budget_constraint,0,,0.07289146896057244,0.0,0.07289146896057244,False,0.0001,408.3067269674606,1e-10,26.9699642622769,0.0007799767181964118,0.0015296038837099594,0.5099207229420905,0.0727914689605732,False,Maximum number of iterations reached. GEMSEO stopped the driver.,0.0,50,-7.688112641484539e-17,True,15,4083067269674.6055,269699642622.76898,1.7478766537399295,2336.015679903998,,,,,,,,,,,,,,,,,,,
opt_B15_2_0,B15,15 % biomass,15.0,1.35,2.0,min_surplus_loss,G2,blend_completeness_constraint,0,2030.0,-0.8241245141426952,0.0,0.8241245141426952,False,0.0001,0.0,1e-10,26.9699642622769,0.0007799767181964118,0.0015296038837099594,0.5099207229420905,0.0727914689605732,False,Maximum number of iterations reached. GEMSEO stopped the driver.,0.0,50,-7.688112641484539e-17,True,15,0.0,269699642622.76898,,,1.552969421732896,,,,,,,,,,,,,,,,,,
opt_B15_2_0,B15,15 % biomass,15.0,1.35,2.0,min_surplus_loss,G2,blend_completeness_constraint,1,2035.0,-0.5387101505370251,0.0,0.5387101505370251,False,0.0001,0.0,1e-10,26.9699642622769,0.0007799767181964118,0.0015296038837099594,0.5099207229420905,0.0727914689605732,False,Maximum number of iterations reached. GEMSEO stopped the driver.,0.0,50,-7.688112641484539e-17,True,15,0.0,269699642622.76898,,,1.9352824430911528,,,,,,,,,,,,,,,,,,
opt_B15_2_0,B15,15 % biomass,15.0,1.35,2.0,min_surplus_loss,G2,blend_completeness_constraint,2,2040.0,1.451219588943786e-10,0.0,1.451219588943786e-10,True,0.0001,49.93427431078919,1e-10,26.9699642622769,0.0007799767181964118,0.0015296038837099594,0.5099207229420905,0.0727914689605732,False,Maximum number of iterations reached. GEMSEO stopped the driver.,0.0,50,-7.688112641484539e-17,True,15,499342743107.8919,269699642622.76898,,,2.411714024837406,,,,,,,,,,,,,,,,,,
opt_B15_2_0,B15,15 % biomass,15.0,1.35,2.0,min_surplus_loss,G2,blend_completeness_constraint,3,2045.0,1.8974333215737717e-12,0.0,1.8974333215737717e-12,True,0.0001,0.0,1e-10,26.9699642622769,0.0007799767181964118,0.0015296038837099594,0.5099207229420905,0.0727914689605732,False,Maximum number of iterations reached. GEMSEO stopped the driver.,0.0,50,-7.688112641484539e-17,True,15,0.0,269699642622.76898,,,3.005434456537094,,,,,,,,,,,,,,,,,,
opt_B15_2_0,B15,15 % biomass,15.0,1.35,2.0,min_surplus_loss,G2,blend_completeness_constraint,4,2050.0,2.509636942704674e-13,0.0,2.509636942704674e-13,True,0.0001,0.09736947295568886,1e-10,26.9699642622769,0.0007799767181964118,0.0015296038837099594,0.5099207229420905,0.0727914689605732,False,Maximum number of iterations reached. GEMSEO stopped the driver.,0.0,50,-7.688112641484539e-17,True,15,973694729.5568886,269699642622.76898,,,3.7453181345368614,,,,,,,,,,,,,,,,,,
opt_B15_2_0,B15,15 % biomass,15.0,1.35,2.0,min_surplus_loss,G3,biomass_trajectory_constraint,0,2030.0,-0.8054193884310898,0.0,0.8054193884310898,False,0.0001,0.0,1e-10,26.9699642622769,0.0007799767181964118,0.0015296038837099594,0.5099207229420905,0.0727914689605732,False,Maximum number of iterations reached. GEMSEO stopped the driver.,0.0,50,-7.688112641484539e-17,True,15,0.0,269699642622.76898,,,1.552969421732896,,1675243500000.0,1.6752435,0.0,0.0,0.0,0.0,,,,,,,,,,,
opt_B15_2_0,B15,15 % biomass,15.0,1.35,2.0,min_surplus_loss,G3,biomass_trajectory_constraint,1,2035.0,-0.5890306601525986,0.0,0.5890306601525986,False,0.0001,0.0,1e-10,26.9699642622769,0.0007799767181964118,0.0015296038837099594,0.5099207229420905,0.0727914689605732,False,Maximum number of iterations reached. GEMSEO stopped the driver.,0.0,50,-7.688112641484539e-17,True,15,0.0,269699642622.76898,,,1.9352824430911528,,1973813250000.0,1.97381325,0.0,0.0,0.0,0.0,,,,,,,,,,,
opt_B15_2_0,B15,15 % biomass,15.0,1.35,2.0,min_surplus_loss,G3,biomass_trajectory_constraint,2,2040.0,-0.25398518857181146,0.0,0.25398518857181146,False,0.0001,0.0,1e-10,26.9699642622769,0.0007799767181964118,0.0015296038837099594,0.5099207229420905,0.0727914689605732,False,Maximum number of iterations reached. GEMSEO stopped the driver.,0.0,50,-7.688112641484539e-17,True,15,0.0,269699642622.76898,,,2.411714024837406,,2272383000000.0,2.272383,0.0,0.0,0.0,0.0,,,,,,,,,,,
opt_B15_2_0,B15,15 % biomass,15.0,1.35,2.0,min_surplus_loss,G3,biomass_trajectory_constraint,3,2045.0,-0.3100225060554543,0.0,0.3100225060554543,False,0.0001,0.0,1e-10,26.9699642622769,0.0007799767181964118,0.0015296038837099594,0.5099207229420905,0.0727914689605732,False,Maximum number of iterations reached. GEMSEO stopped the driver.,0.0,50,-7.688112641484539e-17,True,15,0.0,269699642622.76898,,,3.005434456537094,,2318853000000.0,2.318853,0.0,0.0,0.0,0.0,,,,,,,,,,,
opt_B15_2_0,B15,15 % biomass,15.0,1.35,2.0,min_surplus_loss,G3,biomass_trajectory_constraint,4,2050.0,-0.33268007724970716,0.0,0.33268007724970716,False,0.0001,0.0,1e-10,26.9699642622769,0.0007799767181964118,0.0015296038837099594,0.5099207229420905,0.0727914689605732,False,Maximum number of iterations reached. GEMSEO stopped the driver.,0.0,50,-7.688112641484539e-17,True,15,0.0,269699642622.76898,,,3.7453181345368614,,2365323000000.0,2.365323,0.0,0.0,0.0,0.0,,,,,,,,,,,
opt_B15_2_0,B15,15 % biomass,15.0,1.35,2.0,min_surplus_loss,G4,electricity_trajectory_constraint,0,2030.0,-0.6669566077186428,0.0,0.6669566077186428,False,0.0001,0.0,1e-10,26.9699642622769,0.0007799767181964118,0.0015296038837099594,0.5099207229420905,0.0727914689605732,False,Maximum number of iterations reached. GEMSEO stopped the driver.,0.0,50,-7.688112641484539e-17,True,15,0.0,269699642622.76898,,,1.552969421732896,,1065287574000.0001,1.065287574,0.0,0.0,0.0,0.0,,,,,,,,,,,
opt_B15_2_0,B15,15 % biomass,15.0,1.35,2.0,min_surplus_loss,G4,electricity_trajectory_constraint,1,2035.0,-0.34929100425361326,0.0,0.34929100425361326,False,0.0001,0.0,1e-10,26.9699642622769,0.0007799767181964118,0.0015296038837099594,0.5099207229420905,0.0727914689605732,False,Maximum number of iterations reached. GEMSEO stopped the driver.,0.0,50,-7.688112641484539e-17,True,15,0.0,269699642622.76898,,,1.9352824430911528,,1356710238000.0002,1.3567102380000002,0.0,0.0,0.0,0.0,,,,,,,,,,,
opt_B15_2_0,B15,15 % biomass,15.0,1.35,2.0,min_surplus_loss,G4,electricity_trajectory_constraint,2,2040.0,2.0943247136528953e-11,0.0,2.0943247136528953e-11,True,0.0001,0.0,1e-10,26.9699642622769,0.0007799767181964118,0.0015296038837099594,0.5099207229420905,0.0727914689605732,False,Maximum number of iterations reached. GEMSEO stopped the driver.,0.0,50,-7.688112641484539e-17,True,15,0.0,269699642622.76898,,,2.411714024837406,,1648132902000.0002,1.6481329020000002,0.0,0.0,0.0,0.0,,,,,,,,,,,
opt_B15_2_0,B15,15 % biomass,15.0,1.35,2.0,min_surplus_loss,G4,electricity_trajectory_constraint,3,2045.0,4.0773358023216134e-11,0.0,4.0773358023216134e-11,True,0.0001,6.944334725639131,1e-10,26.9699642622769,0.0007799767181964118,0.0015296038837099594,0.5099207229420905,0.0727914689605732,False,Maximum number of iterations reached. GEMSEO stopped the driver.,0.0,50,-7.688112641484539e-17,True,15,69443347256.3913,269699642622.76898,,,3.005434456537094,,1895265009000.0002,1.8952650090000003,36.6404417992351,36640441799.2351,110.12044628616316,110120446286.16316,,,,,,,,,,,
opt_B15_2_0,B15,15 % biomass,15.0,1.35,2.0,min_surplus_loss,G4,electricity_trajectory_constraint,4,2050.0,2.0932588995492552e-13,0.0,2.0932588995492552e-13,True,0.0001,7.453350560542394,1e-10,26.9699642622769,0.0007799767181964118,0.0015296038837099594,0.5099207229420905,0.0727914689605732,False,Maximum number of iterations reached. GEMSEO stopped the driver.,0.0,50,-7.688112641484539e-17,True,15,74533505605.42393,269699642622.76898,,,3.7453181345368614,,2142397116000.0002,2.142397116,34.789771256125945,34789771256.125946,130.29876118195776,130298761181.95775,,,,,,,,,,,
opt_B15_2_0,B15,15 % biomass,15.0,1.35,2.0,min_surplus_loss,G5,biofuel_use_growth_constraint,0,2030.0,1.630624004189163e-05,0.0,1.630624004189163e-05,True,0.0001,48.720364459128525,1e-10,26.9699642622769,0.0007799767181964118,0.0015296038837099594,0.5099207229420905,0.0727914689605732,False,Maximum number of iterations reached. GEMSEO stopped the driver.,0.0,50,-7.688112641484539e-17,True,15,487203644591.2852,269699642622.76898,,,1.552969421732896,,,,,,,,volume,89799803521.15381,154900000000.0,36088527006.636536,3145.27853189984,15726392659499.197,0.0,4884.521382873387,24422606914366.93,0.0,
opt_B15_2_0,B15,15 % biomass,15.0,1.35,2.0,min_surplus_loss,G5,biofuel_use_growth_constraint,1,2035.0,0.00018190604722064261,0.0,0.00018190604722064261,False,0.0001,13.915904894616906,1e-10,26.9699642622769,0.0007799767181964118,0.0015296038837099594,0.5099207229420905,0.0727914689605732,False,Maximum number of iterations reached. GEMSEO stopped the driver.,0.0,50,-7.688112641484539e-17,True,15,139159048946.16907,269699642622.76898,,,1.9352824430911528,,,,,,,,rate,385447053089.6849,154900000000.0,154902525836.5825,898.3799157273666,0.0,1442824546133.6372,1738.618878132882,0.0,2792273012593.389,
opt_B15_2_0,B15,15 % biomass,15.0,1.35,2.0,min_surplus_loss,G5,biofuel_use_growth_constraint,2,2040.0,-0.9916288818599253,0.0,0.9916288818599253,False,0.0001,0.0,1e-10,26.9699642622769,0.0007799767181964118,0.0015296038837099594,0.5099207229420905,0.0727914689605732,False,Maximum number of iterations reached. GEMSEO stopped the driver.,0.0,50,-7.688112641484539e-17,True,15,0.0,269699642622.76898,,,2.411714024837406,,,,,,,,rate,959185725150.6691,154900000000.0,385475230336.39935,0.0,0.0,0.0,0.0,0.0,0.0,
opt_B15_2_0,B15,15 % biomass,15.0,1.35,2.0,min_surplus_loss,G5,biofuel_use_growth_constraint,3,2045.0,-8.03253432491472,0.0,8.03253432491472,False,0.0001,0.0,1e-10,26.9699642622769,0.0007799767181964118,0.0015296038837099594,0.5099207229420905,0.0727914689605732,False,Maximum number of iterations reached. GEMSEO stopped the driver.,0.0,50,-7.688112641484539e-17,True,15,0.0,269699642622.76898,,,3.005434456537094,,,,,,,,rate,2004546825811.8416,154900000000.0,805582411350.5667,0.0,0.0,0.0,0.0,0.0,0.0,
opt_B15_2_0,B15,15 % biomass,15.0,1.35,2.0,min_surplus_loss,G5,biofuel_use_growth_constraint,4,2050.0,-7.371280131751742,0.0,7.371280131751742,False,0.0001,0.0,1e-10,26.9699642622769,0.0007799767181964118,0.0015296038837099594,0.5099207229420905,0.0727914689605732,False,Maximum number of iterations reached. GEMSEO stopped the driver.,0.0,50,-7.688112641484539e-17,True,15,0.0,269699642622.76898,,,3.7453181345368614,,,,,,,,rate,1891887758422.63,154900000000.0,760307258882.5514,0.0,0.0,0.0,0.0,0.0,0.0,
opt_B15_2_0,B15,15 % biomass,15.0,1.35,2.0,min_surplus_loss,G6,electrofuel_use_growth_constraint,0,2030.0,3.869368846836669e-13,0.0,3.869368846836669e-13,True,0.0001,47.79270327207021,1e-10,26.9699642622769,0.0007799767181964118,0.0015296038837099594,0.5099207229420905,0.0727914689605732,False,Maximum number of iterations reached. GEMSEO stopped the driver.,0.0,50,-7.688112641484539e-17,True,15,477927032720.7021,269699642622.76898,,,1.552969421732896,,,,,,,,volume,0.0,154900000000.0,0.0,3085.390785801821,15426953929009.104,0.0,4791.5175444466595,23957587722233.297,0.0,
opt_B15_2_0,B15,15 % biomass,15.0,1.35,2.0,min_surplus_loss,G6,electrofuel_use_growth_constraint,1,2035.0,8.798676817704971e-13,0.0,8.798676817704971e-13,True,0.0001,14.939916469840197,1e-10,26.9699642622769,0.0007799767181964118,0.0015296038837099594,0.5099207229420905,0.0727914689605732,False,Maximum number of iterations reached. GEMSEO stopped the driver.,0.0,50,-7.688112641484539e-17,True,15,149399164698.40198,269699642622.76898,,,1.9352824430911528,,,,,,,,rate,385440768000.14905,154900000000.0,154900000000.05994,964.4878289115686,0.0,1548970539593.6309,1866.5563618676624,0.0,2997695490140.9834,
opt_B15_2_0,B15,15 % biomass,15.0,1.35,2.0,min_surplus_loss,G6,electrofuel_use_growth_constraint,2,2040.0,-1.546321115285803,0.0,1.546321115285803,False,0.0001,0.0,1e-10,26.9699642622769,0.0007799767181964118,0.0015296038837099594,0.5099207229420905,0.0727914689605732,False,Maximum number of iterations reached. GEMSEO stopped the driver.,0.0,50,-7.688112641484539e-17,True,15,0.0,269699642622.76898,,,2.411714024837406,,,,,,,,rate,959099971830.4698,154900000000.0,385440768000.28534,0.0,0.0,0.0,0.0,0.0,0.0,
opt_B15_2_0,B15,15 % biomass,15.0,1.35,2.0,min_surplus_loss,G6,electrofuel_use_growth_constraint,3,2045.0,-6.217299765919356,0.0,6.217299765919356,False,0.0001,0.0,1e-10,26.9699642622769,0.0007799767181964118,0.0015296038837099594,0.5099207229420905,0.0727914689605732,False,Maximum number of iterations reached. GEMSEO stopped the driver.,0.0,50,-7.688112641484539e-17,True,15,0.0,269699642622.76898,,,3.005434456537094,,,,,,,,rate,1790532443654.8179,154900000000.0,719574831072.699,0.0,0.0,0.0,0.0,0.0,0.0,
opt_B15_2_0,B15,15 % biomass,15.0,1.35,2.0,min_surplus_loss,G6,electrofuel_use_growth_constraint,4,2050.0,-7.254011006004327,0.0,7.254011006004327,False,0.0001,0.0,1e-10,26.9699642622769,0.0007799767181964118,0.0015296038837099594,0.5099207229420905,0.0727914689605732,False,Maximum number of iterations reached. GEMSEO stopped the driver.,0.0,50,-7.688112641484539e-17,True,15,0.0,269699642622.76898,,,3.7453181345368614,,,,,,,,rate,2059016893532.9792,154900000000.0,827472709913.9097,0.0,0.0,0.0,0.0,0.0,0.0,
opt_B15_2_6,B15,15 % biomass,15.0,1.35,2.6,min_surplus_loss,G1,aviation_carbon_budget_constraint,0,,4.362196768650384e-06,0.0,4.362196768650384e-06,True,0.0001,84.31905789097134,1e-10,4.98171135890611,2.2108654277046664e-15,3.607192423553876e-15,0.6129047658418175,0.0,True,Successive iterates of the objective function are closer than ftol_rel or ftol_abs. GEMSEO stopped the driver.,0.0,19,4.2119296950876414e-16,True,18,843190578909.7134,49817113589.0611,2.4906431623760783,338.5433094740509,,,,,,,,,,,,,,,,,,,
opt_B15_2_6,B15,15 % biomass,15.0,1.35,2.6,min_surplus_loss,G2,blend_completeness_constraint,0,2030.0,-0.9164304355589789,0.0,0.9164304355589789,False,0.0001,0.0,1e-10,4.98171135890611,2.2108654277046664e-15,3.607192423553876e-15,0.6129047658418175,0.0,True,Successive iterates of the objective function are closer than ftol_rel or ftol_abs. GEMSEO stopped the driver.,0.0,19,4.2119296950876414e-16,True,18,0.0,49817113589.0611,,,1.552969421732896,,,,,,,,,,,,,,,,,,
opt_B15_2_6,B15,15 % biomass,15.0,1.35,2.6,min_surplus_loss,G2,blend_completeness_constraint,1,2035.0,-0.7908436208573355,0.0,0.7908436208573355,False,0.0001,0.0,1e-10,4.98171135890611,2.2108654277046664e-15,3.607192423553876e-15,0.6129047658418175,0.0,True,Successive iterates of the objective function are closer than ftol_rel or ftol_abs. GEMSEO stopped the driver.,0.0,19,4.2119296950876414e-16,True,18,0.0,49817113589.0611,,,1.9352824430911528,,,,,,,,,,,,,,,,,,
opt_B15_2_6,B15,15 % biomass,15.0,1.35,2.6,min_surplus_loss,G2,blend_completeness_constraint,2,2040.0,-0.36030610056118173,0.0,0.36030610056118173,False,0.0001,0.0,1e-10,4.98171135890611,2.2108654277046664e-15,3.607192423553876e-15,0.6129047658418175,0.0,True,Successive iterates of the objective function are closer than ftol_rel or ftol_abs. GEMSEO stopped the driver.,0.0,19,4.2119296950876414e-16,True,18,0.0,49817113589.0611,,,2.411714024837406,,,,,,,,,,,,,,,,,,
opt_B15_2_6,B15,15 % biomass,15.0,1.35,2.6,min_surplus_loss,G2,blend_completeness_constraint,3,2045.0,-0.1274386238596378,0.0,0.1274386238596378,False,0.0001,0.0,1e-10,4.98171135890611,2.2108654277046664e-15,3.607192423553876e-15,0.6129047658418175,0.0,True,Successive iterates of the objective function are closer than ftol_rel or ftol_abs. GEMSEO stopped the driver.,0.0,19,4.2119296950876414e-16,True,18,0.0,49817113589.0611,,,3.005434456537094,,,,,,,,,,,,,,,,,,
opt_B15_2_6,B15,15 % biomass,15.0,1.35,2.6,min_surplus_loss,G2,blend_completeness_constraint,4,2050.0,2.022403577939258e-11,0.0,2.022403577939258e-11,True,0.0001,5.572382160229215,1e-10,4.98171135890611,2.2108654277046664e-15,3.607192423553876e-15,0.6129047658418175,0.0,True,Successive iterates of the objective function are closer than ftol_rel or ftol_abs. GEMSEO stopped the driver.,0.0,19,4.2119296950876414e-16,True,18,55723821602.292145,49817113589.0611,,,3.7453181345368614,,,,,,,,,,,,,,,,,,
opt_B15_2_6,B15,15 % biomass,15.0,1.35,2.6,min_surplus_loss,G3,biomass_trajectory_constraint,0,2030.0,-0.8054225612578992,0.0,0.8054225612578992,False,0.0001,0.0,1e-10,4.98171135890611,2.2108654277046664e-15,3.607192423553876e-15,0.6129047658418175,0.0,True,Successive iterates of the objective function are closer than ftol_rel or ftol_abs. GEMSEO stopped the driver.,0.0,19,4.2119296950876414e-16,True,18,0.0,49817113589.0611,,,1.552969421732896,,1675243500000.0,1.6752435,0.0,0.0,0.0,0.0,,,,,,,,,,,
opt_B15_2_6,B15,15 % biomass,15.0,1.35,2.6,min_surplus_loss,G3,biomass_trajectory_constraint,1,2035.0,-0.5890671708691358,0.0,0.5890671708691358,False,0.0001,0.0,1e-10,4.98171135890611,2.2108654277046664e-15,3.607192423553876e-15,0.6129047658418175,0.0,True,Successive iterates of the objective function are closer than ftol_rel or ftol_abs. GEMSEO stopped the driver.,0.0,19,4.2119296950876414e-16,True,18,0.0,49817113589.0611,,,1.9352824430911528,,1973813250000.0,1.97381325,0.0,0.0,0.0,0.0,,,,,,,,,,,
opt_B15_2_6,B15,15 % biomass,15.0,1.35,2.6,min_surplus_loss,G3,biomass_trajectory_constraint,2,2040.0,-0.1118192570177645,0.0,0.1118192570177645,False,0.0001,0.0,1e-10,4.98171135890611,2.2108654277046664e-15,3.607192423553876e-15,0.6129047658418175,0.0,True,Successive iterates of the objective function are closer than ftol_rel or ftol_abs. GEMSEO stopped the driver.,0.0,19,4.2119296950876414e-16,True,18,0.0,49817113589.0611,,,2.411714024837406,,2272383000000.0,2.272383,0.0,0.0,0.0,0.0,,,,,,,,,,,
opt_B15_2_6,B15,15 % biomass,15.0,1.35,2.6,min_surplus_loss,G3,biomass_trajectory_constraint,3,2045.0,2.842170943040401e-16,0.0,2.842170943040401e-16,True,0.0001,10.54856773001354,1e-10,4.98171135890611,2.2108654277046664e-15,3.607192423553876e-15,0.6129047658418175,0.0,True,Successive iterates of the objective function are closer than ftol_rel or ftol_abs. GEMSEO stopped the driver.,0.0,19,4.2119296950876414e-16,True,18,105485677300.13539,49817113589.0611,,,3.005434456537094,,2318853000000.0,2.318853,45.49045467743552,45490454677.435524,136.71857993110373,136718579931.10374,,,,,,,,,,,
opt_B15_2_6,B15,15 % biomass,15.0,1.35,2.6,min_surplus_loss,G3,biomass_trajectory_constraint,4,2050.0,8.440151053434875e-07,0.0,8.440151053434875e-07,True,0.0001,1.1003529054160113,1e-10,4.98171135890611,2.2108654277046664e-15,3.607192423553876e-15,0.6129047658418175,0.0,True,Successive iterates of the objective function are closer than ftol_rel or ftol_abs. GEMSEO stopped the driver.,0.0,19,4.2119296950876414e-16,True,18,11003529054.160112,49817113589.0611,,,3.7453181345368614,,2365323000000.0,2.365323,4.652019641359811,4652019641.359811,17.423293525006564,17423293525.006565,,,,,,,,,,,
opt_B15_2_6,B15,15 % biomass,15.0,1.35,2.6,min_surplus_loss,G4,electricity_trajectory_constraint,0,2030.0,-0.9999999601476669,0.0,0.9999999601476669,False,0.0001,0.0,1e-10,4.98171135890611,2.2108654277046664e-15,3.607192423553876e-15,0.6129047658418175,0.0,True,Successive iterates of the objective function are closer than ftol_rel or ftol_abs. GEMSEO stopped the driver.,0.0,19,4.2119296950876414e-16,True,18,0.0,49817113589.0611,,,1.552969421732896,,1065287574000.0001,1.065287574,0.0,0.0,0.0,0.0,,,,,,,,,,,
opt_B15_2_6,B15,15 % biomass,15.0,1.35,2.6,min_surplus_loss,G4,electricity_trajectory_constraint,1,2035.0,-0.9924519838124622,0.0,0.9924519838124622,False,0.0001,0.0,1e-10,4.98171135890611,2.2108654277046664e-15,3.607192423553876e-15,0.6129047658418175,0.0,True,Successive iterates of the objective function are closer than ftol_rel or ftol_abs. GEMSEO stopped the driver.,0.0,19,4.2119296950876414e-16,True,18,0.0,49817113589.0611,,,1.9352824430911528,,1356710238000.0002,1.3567102380000002,0.0,0.0,0.0,0.0,,,,,,,,,,,
opt_B15_2_6,B15,15 % biomass,15.0,1.35,2.6,min_surplus_loss,G4,electricity_trajectory_constraint,2,2040.0,-0.7847339938612641,0.0,0.7847339938612641,False,0.0001,0.0,1e-10,4.98171135890611,2.2108654277046664e-15,3.607192423553876e-15,0.6129047658418175,0.0,True,Successive iterates of the objective function are closer than ftol_rel or ftol_abs. GEMSEO stopped the driver.,0.0,19,4.2119296950876414e-16,True,18,0.0,49817113589.0611,,,2.411714024837406,,1648132902000.0002,1.6481329020000002,0.0,0.0,0.0,0.0,,,,,,,,,,,
opt_B15_2_6,B15,15 % biomass,15.0,1.35,2.6,min_surplus_loss,G4,electricity_trajectory_constraint,3,2045.0,-0.5341951904921243,0.0,0.5341951904921243,False,0.0001,0.0,1e-10,4.98171135890611,2.2108654277046664e-15,3.607192423553876e-15,0.6129047658418175,0.0,True,Successive iterates of the objective function are closer than ftol_rel or ftol_abs. GEMSEO stopped the driver.,0.0,19,4.2119296950876414e-16,True,18,0.0,49817113589.0611,,,3.005434456537094,,1895265009000.0002,1.8952650090000003,0.0,0.0,0.0,0.0,,,,,,,,,,,
opt_B15_2_6,B15,15 % biomass,15.0,1.35,2.6,min_surplus_loss,G4,electricity_trajectory_constraint,4,2050.0,-0.3426046694552434,0.0,0.3426046694552434,False,0.0001,0.0,1e-10,4.98171135890611,2.2108654277046664e-15,3.607192423553876e-15,0.6129047658418175,0.0,True,Successive iterates of the objective function are closer than ftol_rel or ftol_abs. GEMSEO stopped the driver.,0.0,19,4.2119296950876414e-16,True,18,0.0,49817113589.0611,,,3.7453181345368614,,2142397116000.0002,2.142397116,0.0,0.0,0.0,0.0,,,,,,,,,,,
opt_B15_2_6,B15,15 % biomass,15.0,1.35,2.6,min_surplus_loss,G5,biofuel_use_growth_constraint,0,2030.0,0.0,0.0,0.0,True,0.0001,12.837497228300185,1e-10,4.98171135890611,2.2108654277046664e-15,3.607192423553876e-15,0.6129047658418175,0.0,True,Successive iterates of the objective function are closer than ftol_rel or ftol_abs. GEMSEO stopped the driver.,0.0,19,4.2119296950876414e-16,True,18,128374972283.00185,49817113589.0611,,,1.552969421732896,,,,,,,,volume,89799803521.1634,154900000000.0,36088527006.640396,828.7603117043373,4143801558521.686,0.0,1287.0394220226592,6435197110113.296,0.0,
opt_B15_2_6,B15,15 % biomass,15.0,1.35,2.6,min_surplus_loss,G5,biofuel_use_growth_constraint,1,2035.0,1.3978689876627815e-06,0.0,1.3978689876627815e-06,True,0.0001,4.713474289950997,1e-10,4.98171135890611,2.2108654277046664e-15,3.607192423553876e-15,0.6129047658418175,0.0,True,Successive iterates of the objective function are closer than ftol_rel or ftol_abs. GEMSEO stopped the driver.,0.0,19,4.2119296950876414e-16,True,18,47134742899.50997,49817113589.0611,,,1.9352824430911528,,,,,,,,rate,385440768000.0,154900000000.0,154900000000.00003,304.29143253395716,0.0,488693014382.11957,588.8898669660233,0.0,945759010795.0083,
opt_B15_2_6,B15,15 % biomass,15.0,1.35,2.6,min_surplus_loss,G5,biofuel_use_growth_constraint,2,2040.0,-3.478141446787746e-06,0.0,3.478141446787746e-06,True,0.0001,1.3911630496420493,1e-10,4.98171135890611,2.2108654277046664e-15,3.607192423553876e-15,0.6129047658418175,0.0,True,Successive iterates of the objective function are closer than ftol_rel or ftol_abs. GEMSEO stopped the driver.,0.0,19,4.2119296950876414e-16,True,18,13911630496.420492,49817113589.0611,,,2.411714024837406,,,,,,,,rate,959099971829.759,154900000000.0,385440767999.9997,89.81039700723365,0.0,358904788498.572,216.59699403856075,0.0,865575712003.309,
opt_B15_2_6,B15,15 % biomass,15.0,1.35,2.6,min_surplus_loss,G5,biofuel_use_growth_constraint,3,2045.0,-8.293202851521288,0.0,8.293202851521288,False,0.0001,0.0,1e-10,4.98171135890611,2.2108654277046664e-15,3.607192423553876e-15,0.6129047658418175,0.0,True,Successive iterates of the objective function are closer than ftol_rel or ftol_abs. GEMSEO stopped the driver.,0.0,19,4.2119296950876414e-16,True,18,0.0,49817113589.0611,,,3.005434456537094,,,,,,,,rate,2386547641903.427,154900000000.0,959099971829.7596,0.0,0.0,0.0,0.0,0.0,0.0,
opt_B15_2_6,B15,15 % biomass,15.0,1.35,2.6,min_surplus_loss,G5,biofuel_use_growth_constraint,4,2050.0,-10.445071060715913,0.0,10.445071060715913,False,0.0001,0.0,1e-10,4.98171135890611,2.2108654277046664e-15,3.607192423553876e-15,0.6129047658418175,0.0,True,Successive iterates of the objective function are closer than ftol_rel or ftol_abs. GEMSEO stopped the driver.,0.0,19,4.2119296950876414e-16,True,18,0.0,49817113589.0611,,,3.7453181345368614,,,,,,,,rate,2741955752226.551,154900000000.0,1101930520281.3752,0.0,0.0,0.0,0.0,0.0,0.0,
opt_B15_2_6,B15,15 % biomass,15.0,1.35,2.6,min_surplus_loss,G6,electrofuel_use_growth_constraint,0,2030.0,-0.999999880338917,0.0,0.999999880338917,False,0.0001,0.0,1e-10,4.98171135890611,2.2108654277046664e-15,3.607192423553876e-15,0.6129047658418175,0.0,True,Successive iterates of the objective function are closer than ftol_rel or ftol_abs. GEMSEO stopped the driver.,0.0,19,4.2119296950876414e-16,True,18,0.0,49817113589.0611,,,1.552969421732896,,,,,,,,volume,0.0,154900000000.0,0.0,0.0,0.0,0.0,0.0,0.0,0.0,
opt_B15_2_6,B15,15 % biomass,15.0,1.35,2.6,min_surplus_loss,G6,electrofuel_use_growth_constraint,1,2035.0,-0.9711362840184967,0.0,0.9711362840184967,False,0.0001,0.0,1e-10,4.98171135890611,2.2108654277046664e-15,3.607192423553876e-15,0.6129047658418175,0.0,True,Successive iterates of the objective function are closer than ftol_rel or ftol_abs. GEMSEO stopped the driver.,0.0,19,4.2119296950876414e-16,True,18,0.0,49817113589.0611,,,1.9352824430911528,,,,,,,,volume,46122.208487360236,154900000000.0,18535.481162937343,0.0,0.0,0.0,0.0,0.0,0.0,
opt_B15_2_6,B15,15 % biomass,15.0,1.35,2.6,min_surplus_loss,G6,electrofuel_use_growth_constraint,2,2040.0,1.2786254488783085e-12,0.0,1.2786254488783085e-12,True,0.0001,3.7265769897676275,1e-10,4.98171135890611,2.2108654277046664e-15,3.607192423553876e-15,0.6129047658418175,0.0,True,Successive iterates of the objective function are closer than ftol_rel or ftol_abs. GEMSEO stopped the driver.,0.0,19,4.2119296950876414e-16,True,18,37265769897.67628,49817113589.0611,,,2.411714024837406,,,,,,,,volume,11180313152.363714,154900000000.0,4493117104.0556345,240.57953452341044,1202897672617.052,0.0,580.2090374989639,2901045187494.819,0.0,
opt_B15_2_6,B15,15 % biomass,15.0,1.35,2.6,min_surplus_loss,G6,electrofuel_use_growth_constraint,3,2045.0,-4.378060820489025e-12,0.0,4.378060820489025e-12,True,0.0001,1.20872822442682,1e-10,4.98171135890611,2.2108654277046664e-15,3.607192423553876e-15,0.6129047658418175,0.0,True,Successive iterates of the objective function are closer than ftol_rel or ftol_abs. GEMSEO stopped the driver.,0.0,19,4.2119296950876414e-16,True,18,12087282244.2682,49817113589.0611,,,3.005434456537094,,,,,,,,rate,385440768000.12915,154900000000.0,154900000000.05194,78.032809840337,0.0,125320942308.6147,234.52249543455562,0.0,376643878140.00793,
opt_B15_2_6,B15,15 % biomass,15.0,1.35,2.6,min_surplus_loss,G6,electrofuel_use_growth_constraint,4,2050.0,-2.2220252710539317,0.0,2.2220252710539317,False,0.0001,0.0,1e-10,4.98171135890611,2.2108654277046664e-15,3.607192423553876e-15,0.6129047658418175,0.0,True,Successive iterates of the objective function are closer than ftol_rel or ftol_abs. GEMSEO stopped the driver.,0.0,19,4.2119296950876414e-16,True,18,0.0,49817113589.0611,,,3.7453181345368614,,,,,,,,rate,959099971829.6222,154900000000.0,385440767999.9447,0.0,0.0,0.0,0.0,0.0,0.0,
opt_B15_2_8,B15,15 % biomass,15.0,1.35,2.8,min_surplus_loss,G1,aviation_carbon_budget_constraint,0,,1.7506742783125434e-05,0.0,1.7506742783125434e-05,True,0.0001,57.80965440425321,1e-10,0.10133366333435974,0.04992111546920131,0.08021114705936971,0.6223712950053103,0.0,True,Successive iterates of the objective function are closer than ftol_rel or ftol_abs. GEMSEO stopped the driver.,0.0,21,0.15835884932734573,False,20,578096544042.5321,1013336633.3435973,2.7382319985881525,211.12036684276637,,,,,,,,,,,,,,,,,,,
opt_B15_2_8,B15,15 % biomass,15.0,1.35,2.8,min_surplus_loss,G2,blend_completeness_constraint,0,2030.0,-0.9164304355589873,0.0,0.9164304355589873,False,0.0001,0.0,1e-10,0.10133366333435974,0.04992111546920131,0.08021114705936971,0.6223712950053103,0.0,True,Successive iterates of the objective function are closer than ftol_rel or ftol_abs. GEMSEO stopped the driver.,0.0,21,0.15835884932734573,False,20,0.0,1013336633.3435973,,,1.552969421732896,,,,,,,,,,,,,,,,,,
opt_B15_2_8,B15,15 % biomass,15.0,1.35,2.8,min_surplus_loss,G2,blend_completeness_constraint,1,2035.0,-0.7934975746673476,0.0,0.7934975746673476,False,0.0001,0.0,1e-10,0.10133366333435974,0.04992111546920131,0.08021114705936971,0.6223712950053103,0.0,True,Successive iterates of the objective function are closer than ftol_rel or ftol_abs. GEMSEO stopped the driver.,0.0,21,0.15835884932734573,False,20,0.0,1013336633.3435973,,,1.9352824430911528,,,,,,,,,,,,,,,,,,
opt_B15_2_8,B15,15 % biomass,15.0,1.35,2.8,min_surplus_loss,G2,blend_completeness_constraint,2,2040.0,-0.42536954655814163,0.0,0.42536954655814163,False,0.0001,0.0,1e-10,0.10133366333435974,0.04992111546920131,0.08021114705936971,0.6223712950053103,0.0,True,Successive iterates of the objective function are closer than ftol_rel or ftol_abs. GEMSEO stopped the driver.,0.0,21,0.15835884932734573,False,20,0.0,1013336633.3435973,,,2.411714024837406,,,,,,,,,,,,,,,,,,
opt_B15_2_8,B15,15 % biomass,15.0,1.35,2.8,min_surplus_loss,G2,blend_completeness_constraint,3,2045.0,-0.29531415574305453,0.0,0.29531415574305453,False,0.0001,0.0,1e-10,0.10133366333435974,0.04992111546920131,0.08021114705936971,0.6223712950053103,0.0,True,Successive iterates of the objective function are closer than ftol_rel or ftol_abs. GEMSEO stopped the driver.,0.0,21,0.15835884932734573,False,20,0.0,1013336633.3435973,,,3.005434456537094,,,,,,,,,,,,,,,,,,
opt_B15_2_8,B15,15 % biomass,15.0,1.35,2.8,min_surplus_loss,G2,blend_completeness_constraint,4,2050.0,-0.15844465198568813,0.0,0.15844465198568813,False,0.0001,0.0,1e-10,0.10133366333435974,0.04992111546920131,0.08021114705936971,0.6223712950053103,0.0,True,Successive iterates of the objective function are closer than ftol_rel or ftol_abs. GEMSEO stopped the driver.,0.0,21,0.15835884932734573,False,20,0.0,1013336633.3435973,,,3.7453181345368614,,,,,,,,,,,,,,,,,,
opt_B15_2_8,B15,15 % biomass,15.0,1.35,2.8,min_surplus_loss,G3,biomass_trajectory_constraint,0,2030.0,-0.8054225612574755,0.0,0.8054225612574755,False,0.0001,0.0,1e-10,0.10133366333435974,0.04992111546920131,0.08021114705936971,0.6223712950053103,0.0,True,Successive iterates of the objective function are closer than ftol_rel or ftol_abs. GEMSEO stopped the driver.,0.0,21,0.15835884932734573,False,20,0.0,1013336633.3435973,,,1.552969421732896,,1675243500000.0,1.6752435,0.0,0.0,0.0,0.0,,,,,,,,,,,
opt_B15_2_8,B15,15 % biomass,15.0,1.35,2.8,min_surplus_loss,G3,biomass_trajectory_constraint,1,2035.0,-0.5890674017185978,0.0,0.5890674017185978,False,0.0001,0.0,1e-10,0.10133366333435974,0.04992111546920131,0.08021114705936971,0.6223712950053103,0.0,True,Successive iterates of the objective function are closer than ftol_rel or ftol_abs. GEMSEO stopped the driver.,0.0,21,0.15835884932734573,False,20,0.0,1013336633.3435973,,,1.9352824430911528,,1973813250000.0,1.97381325,0.0,0.0,0.0,0.0,,,,,,,,,,,
opt_B15_2_8,B15,15 % biomass,15.0,1.35,2.8,min_surplus_loss,G3,biomass_trajectory_constraint,2,2040.0,-0.11181903472704108,0.0,0.11181903472704108,False,0.0001,0.0,1e-10,0.10133366333435974,0.04992111546920131,0.08021114705936971,0.6223712950053103,0.0,True,Successive iterates of the objective function are closer than ftol_rel or ftol_abs. GEMSEO stopped the driver.,0.0,21,0.15835884932734573,False,20,0.0,1013336633.3435973,,,2.411714024837406,,2272383000000.0,2.272383,0.0,0.0,0.0,0.0,,,,,,,,,,,
opt_B15_2_8,B15,15 % biomass,15.0,1.35,2.8,min_surplus_loss,G3,biomass_trajectory_constraint,3,2045.0,1.1674235889813644e-06,0.0,1.1674235889813644e-06,True,0.0001,4.668136347561737,1e-10,0.10133366333435974,0.04992111546920131,0.08021114705936971,0.6223712950053103,0.0,True,Successive iterates of the objective function are closer than ftol_rel or ftol_abs. GEMSEO stopped the driver.,0.0,21,0.15835884932734573,False,20,46681363475.61737,1013336633.3435973,,,3.005434456537094,,2318853000000.0,2.318853,20.131230170958386,20131230170.958385,60.503092808277465,60503092808.277466,,,,,,,,,,,
opt_B15_2_8,B15,15 % biomass,15.0,1.35,2.8,min_surplus_loss,G3,biomass_trajectory_constraint,4,2050.0,5.956179474537749e-06,0.0,5.956179474537749e-06,True,0.0001,2.9125757648018205,1e-10,0.10133366333435974,0.04992111546920131,0.08021114705936971,0.6223712950053103,0.0,True,Successive iterates of the objective function are closer than ftol_rel or ftol_abs. GEMSEO stopped the driver.,0.0,21,0.15835884932734573,False,20,29125757648.018204,1013336633.3435973,,,3.7453181345368614,,2365323000000.0,2.365323,12.31364919210535,12313649192.10535,46.11853362151734,46118533621.51734,,,,,,,,,,,
opt_B15_2_8,B15,15 % biomass,15.0,1.35,2.8,min_surplus_loss,G4,electricity_trajectory_constraint,0,2030.0,-0.9999999601477602,0.0,0.9999999601477602,False,0.0001,0.0,1e-10,0.10133366333435974,0.04992111546920131,0.08021114705936971,0.6223712950053103,0.0,True,Successive iterates of the objective function are closer than ftol_rel or ftol_abs. GEMSEO stopped the driver.,0.0,21,0.15835884932734573,False,20,0.0,1013336633.3435973,,,1.552969421732896,,1065287574000.0001,1.065287574,0.0,0.0,0.0,0.0,,,,,,,,,,,
opt_B15_2_8,B15,15 % biomass,15.0,1.35,2.8,min_surplus_loss,G4,electricity_trajectory_constraint,1,2035.0,-0.999999968489037,0.0,0.999999968489037,False,0.0001,0.0,1e-10,0.10133366333435974,0.04992111546920131,0.08021114705936971,0.6223712950053103,0.0,True,Successive iterates of the objective function are closer than ftol_rel or ftol_abs. GEMSEO stopped the driver.,0.0,21,0.15835884932734573,False,20,0.0,1013336633.3435973,,,1.9352824430911528,,1356710238000.0002,1.3567102380000002,0.0,0.0,0.0,0.0,,,,,,,,,,,
opt_B15_2_8,B15,15 % biomass,15.0,1.35,2.8,min_surplus_loss,G4,electricity_trajectory_constraint,2,2040.0,-0.9104035246871147,0.0,0.9104035246871147,False,0.0001,0.0,1e-10,0.10133366333435974,0.04992111546920131,0.08021114705936971,0.6223712950053103,0.0,True,Successive iterates of the objective function are closer than ftol_rel or ftol_abs. GEMSEO stopped the driver.,0.0,21,0.15835884932734573,False,20,0.0,1013336633.3435973,,,2.411714024837406,,1648132902000.0002,1.6481329020000002,0.0,0.0,0.0,0.0,,,,,,,,,,,
opt_B15_2_8,B15,15 % biomass,15.0,1.35,2.8,min_surplus_loss,G4,electricity_trajectory_constraint,3,2045.0,-0.8061465914401298,0.0,0.8061465914401298,False,0.0001,0.0,1e-10,0.10133366333435974,0.04992111546920131,0.08021114705936971,0.6223712950053103,0.0,True,Successive iterates of the objective function are closer than ftol_rel or ftol_abs. GEMSEO stopped the driver.,0.0,21,0.15835884932734573,False,20,0.0,1013336633.3435973,,,3.005434456537094,,1895265009000.0002,1.8952650090000003,0.0,0.0,0.0,0.0,,,,,,,,,,,
opt_B15_2_8,B15,15 % biomass,15.0,1.35,2.8,min_surplus_loss,G4,electricity_trajectory_constraint,4,2050.0,-0.573368949668839,0.0,0.573368949668839,False,0.0001,0.0,1e-10,0.10133366333435974,0.04992111546920131,0.08021114705936971,0.6223712950053103,0.0,True,Successive iterates of the objective function are closer than ftol_rel or ftol_abs. GEMSEO stopped the driver.,0.0,21,0.15835884932734573,False,20,0.0,1013336633.3435973,,,3.7453181345368614,,2142397116000.0002,2.142397116,0.0,0.0,0.0,0.0,,,,,,,,,,,
opt_B15_2_8,B15,15 % biomass,15.0,1.35,2.8,min_surplus_loss,G5,biofuel_use_growth_constraint,0,2030.0,-3.9402941413815366e-16,0.0,3.9402941413815366e-16,True,0.0001,5.489052805764624,1e-10,0.10133366333435974,0.04992111546920131,0.08021114705936971,0.6223712950053103,0.0,True,Successive iterates of the objective function are closer than ftol_rel or ftol_abs. GEMSEO stopped the driver.,0.0,21,0.15835884932734573,False,20,54890528057.64624,1013336633.3435973,,,1.552969421732896,,,,,,,,volume,89799803521.1529,154900000000.0,36088527006.63617,354.36105911973044,1771805295598.6519,0.0,550.3118890658244,2751559445329.121,0.0,
opt_B15_2_8,B15,15 % biomass,15.0,1.35,2.8,min_surplus_loss,G5,biofuel_use_growth_constraint,1,2035.0,-3.9402941413815366e-16,0.0,3.9402941413815366e-16,True,0.0001,2.0975264451375955,1e-10,0.10133366333435974,0.04992111546920131,0.08021114705936971,0.6223712950053103,0.0,True,Successive iterates of the objective function are closer than ftol_rel or ftol_abs. GEMSEO stopped the driver.,0.0,21,0.15835884932734573,False,20,20975264451.375954,1013336633.3435973,,,1.9352824430911528,,,,,,,,rate,385440767999.99976,154900000000.0,154899999999.99994,135.4116491373528,0.0,217471541831.86578,262.0597871655381,0.0,420868856779.17303,
opt_B15_2_8,B15,15 % biomass,15.0,1.35,2.8,min_surplus_loss,G5,biofuel_use_growth_constraint,2,2040.0,1.5498291181117354e-06,0.0,1.5498291181117354e-06,True,0.0001,0.6646665002556637,1e-10,0.10133366333435974,0.04992111546920131,0.08021114705936971,0.6223712950053103,0.0,True,Successive iterates of the objective function are closer than ftol_rel or ftol_abs. GEMSEO stopped the driver.,0.0,21,0.15835884932734573,False,20,6646665002.556636,1013336633.3435973,,,2.411714024837406,,,,,,,,rate,959099971829.7592,154900000000.0,385440767999.99976,42.90939317338047,0.0,171476657432.58868,103.48518531350412,0.0,413552659662.4135,
opt_B15_2_8,B15,15 % biomass,15.0,1.35,2.8,min_surplus_loss,G5,biofuel_use_growth_constraint,3,2045.0,-8.293198402669393,0.0,8.293198402669393,False,0.0001,0.0,1e-10,0.10133366333435974,0.04992111546920131,0.08021114705936971,0.6223712950053103,0.0,True,Successive iterates of the objective function are closer than ftol_rel or ftol_abs. GEMSEO stopped the driver.,0.0,21,0.15835884932734573,False,20,0.0,1013336633.3435973,,,3.005434456537094,,,,,,,,rate,2386547641903.4263,154900000000.0,959099971829.7594,0.0,0.0,0.0,0.0,0.0,0.0,
opt_B15_2_8,B15,15 % biomass,15.0,1.35,2.8,min_surplus_loss,G5,biofuel_use_growth_constraint,4,2050.0,-10.445054629961442,0.0,10.445054629961442,False,0.0001,0.0,1e-10,0.10133366333435974,0.04992111546920131,0.08021114705936971,0.6223712950053103,0.0,True,Successive iterates of the objective function are closer than ftol_rel or ftol_abs. GEMSEO stopped the driver.,0.0,21,0.15835884932734573,False,20,0.0,1013336633.3435973,,,3.7453181345368614,,,,,,,,rate,2741955752217.1055,154900000000.0,1101930520277.5793,0.0,0.0,0.0,0.0,0.0,0.0,
opt_B15_2_8,B15,15 % biomass,15.0,1.35,2.8,min_surplus_loss,G6,electrofuel_use_growth_constraint,0,2030.0,-0.9999998803391968,0.0,0.9999998803391968,False,0.0001,0.0,1e-10,0.10133366333435974,0.04992111546920131,0.08021114705936971,0.6223712950053103,0.0,True,Successive iterates of the objective function are closer than ftol_rel or ftol_abs. GEMSEO stopped the driver.,0.0,21,0.15835884932734573,False,20,0.0,1013336633.3435973,,,1.552969421732896,,,,,,,,volume,0.0,154900000000.0,0.0,0.0,0.0,0.0,0.0,0.0,0.0,
opt_B15_2_8,B15,15 % biomass,15.0,1.35,2.8,min_surplus_loss,G6,electrofuel_use_growth_constraint,1,2035.0,-0.9999998795016515,0.0,0.9999998795016515,False,0.0001,0.0,1e-10,0.10133366333435974,0.04992111546920131,0.08021114705936971,0.6223712950053103,0.0,True,Successive iterates of the objective function are closer than ftol_rel or ftol_abs. GEMSEO stopped the driver.,0.0,21,0.15835884932734573,False,20,0.0,1013336633.3435973,,,1.9352824430911528,,,,,,,,volume,46122.15185041602,154900000000.0,18535.458401819713,0.0,0.0,0.0,0.0,0.0,0.0,
opt_B15_2_8,B15,15 % biomass,15.0,1.35,2.8,min_surplus_loss,G6,electrofuel_use_growth_constraint,2,2040.0,-0.5837871621264813,0.0,0.5837871621264813,False,0.0001,0.0,1e-10,0.10133366333435974,0.04992111546920131,0.08021114705936971,0.6223712950053103,0.0,True,Successive iterates of the objective function are closer than ftol_rel or ftol_abs. GEMSEO stopped the driver.,0.0,21,0.15835884932734573,False,20,0.0,1013336633.3435973,,,2.411714024837406,,,,,,,,volume,46444.97597206093,154900000000.0,18665.194176014717,0.0,0.0,0.0,0.0,0.0,0.0,
opt_B15_2_8,B15,15 % biomass,15.0,1.35,2.8,min_surplus_loss,G6,electrofuel_use_growth_constraint,3,2045.0,-0.00010968741751447348,0.0,0.00010968741751447348,False,0.0001,0.0,1e-10,0.10133366333435974,0.04992111546920131,0.08021114705936971,0.6223712950053103,0.0,True,Successive iterates of the objective function are closer than ftol_rel or ftol_abs. GEMSEO stopped the driver.,0.0,21,0.15835884932734573,False,20,0.0,1013336633.3435973,,,3.005434456537094,,,,,,,,rate,160423658485.07495,154900000000.0,64470670365.97986,0.0,0.0,0.0,0.0,0.0,0.0,
opt_B15_2_8,B15,15 % biomass,15.0,1.35,2.8,min_surplus_loss,G6,electrofuel_use_growth_constraint,4,2050.0,-0.0005765420939818469,0.0,0.0005765420939818469,False,0.0001,0.0,1e-10,0.10133366333435974,0.04992111546920131,0.08021114705936971,0.6223712950053103,0.0,True,Successive iterates of the objective function are closer than ftol_rel or ftol_abs. GEMSEO stopped the driver.,0.0,21,0.15835884932734573,False,20,0.0,1013336633.3435973,,,3.7453181345368614,,,,,,,,rate,399185397881.58746,154900000000.0,160423658485.0773,0.0,0.0,0.0,0.0,0.0,0.0,
opt_B15_3_0,B15,15 % biomass,15.0,1.35,3.0,min_surplus_loss,G1,aviation_carbon_budget_constraint,0,,5.2857471836777354e-06,0.0,5.2857471836777354e-06,True,0.0001,44.72357433498344,1e-10,-4.341308600258768,6.862141585559709e-16,1.0917893742553426e-15,0.6285224739652782,0.0,True,Successive iterates of the objective function are closer than ftol_rel or ftol_abs. GEMSEO stopped the driver.,0.0,28,0.4056093142691537,False,26,447235743349.83435,-43413086002.58768,2.985820834800208,149.78653043653253,,,,,,,,,,,,,,,,,,,
opt_B15_3_0,B15,15 % biomass,15.0,1.35,3.0,min_surplus_loss,G2,blend_completeness_constraint,0,2030.0,-0.9164305480972779,0.0,0.9164305480972779,False,0.0001,0.0,1e-10,-4.341308600258768,6.862141585559709e-16,1.0917893742553426e-15,0.6285224739652782,0.0,True,Successive iterates of the objective function are closer than ftol_rel or ftol_abs. GEMSEO stopped the driver.,0.0,28,0.4056093142691537,False,26,0.0,-43413086002.58768,,,1.552969421732896,,,,,,,,,,,,,,,,,,
opt_B15_3_0,B15,15 % biomass,15.0,1.35,3.0,min_surplus_loss,G2,blend_completeness_constraint,1,2035.0,-0.7934982159258892,0.0,0.7934982159258892,False,0.0001,0.0,1e-10,-4.341308600258768,6.862141585559709e-16,1.0917893742553426e-15,0.6285224739652782,0.0,True,Successive iterates of the objective function are closer than ftol_rel or ftol_abs. GEMSEO stopped the driver.,0.0,28,0.4056093142691537,False,26,0.0,-43413086002.58768,,,1.9352824430911528,,,,,,,,,,,,,,,,,,
opt_B15_3_0,B15,15 % biomass,15.0,1.35,3.0,min_surplus_loss,G2,blend_completeness_constraint,2,2040.0,-0.4700710761877477,0.0,0.4700710761877477,False,0.0001,0.0,1e-10,-4.341308600258768,6.862141585559709e-16,1.0917893742553426e-15,0.6285224739652782,0.0,True,Successive iterates of the objective function are closer than ftol_rel or ftol_abs. GEMSEO stopped the driver.,0.0,28,0.4056093142691537,False,26,0.0,-43413086002.58768,,,2.411714024837406,,,,,,,,,,,,,,,,,,
opt_B15_3_0,B15,15 % biomass,15.0,1.35,3.0,min_surplus_loss,G2,blend_completeness_constraint,3,2045.0,-0.40571241991711426,0.0,0.40571241991711426,False,0.0001,0.0,1e-10,-4.341308600258768,6.862141585559709e-16,1.0917893742553426e-15,0.6285224739652782,0.0,True,Successive iterates of the objective function are closer than ftol_rel or ftol_abs. GEMSEO stopped the driver.,0.0,28,0.4056093142691537,False,26,0.0,-43413086002.58768,,,3.005434456537094,,,,,,,,,,,,,,,,,,
opt_B15_3_0,B15,15 % biomass,15.0,1.35,3.0,min_surplus_loss,G2,blend_completeness_constraint,4,2050.0,-0.40563275846880104,0.0,0.40563275846880104,False,0.0001,0.0,1e-10,-4.341308600258768,6.862141585559709e-16,1.0917893742553426e-15,0.6285224739652782,0.0,True,Successive iterates of the objective function are closer than ftol_rel or ftol_abs. GEMSEO stopped the driver.,0.0,28,0.4056093142691537,False,26,0.0,-43413086002.58768,,,3.7453181345368614,,,,,,,,,,,,,,,,,,
opt_B15_3_0,B15,15 % biomass,15.0,1.35,3.0,min_surplus_loss,G3,biomass_trajectory_constraint,0,2030.0,-0.8054228190195143,0.0,0.8054228190195143,False,0.0001,0.0,1e-10,-4.341308600258768,6.862141585559709e-16,1.0917893742553426e-15,0.6285224739652782,0.0,True,Successive iterates of the objective function are closer than ftol_rel or ftol_abs. GEMSEO stopped the driver.,0.0,28,0.4056093142691537,False,26,0.0,-43413086002.58768,,,1.552969421732896,,1675243500000.0,1.6752435,0.0,0.0,0.0,0.0,,,,,,,,,,,
opt_B15_3_0,B15,15 % biomass,15.0,1.35,3.0,min_surplus_loss,G3,biomass_trajectory_constraint,1,2035.0,-0.589068631698186,0.0,0.589068631698186,False,0.0001,0.0,1e-10,-4.341308600258768,6.862141585559709e-16,1.0917893742553426e-15,0.6285224739652782,0.0,True,Successive iterates of the objective function are closer than ftol_rel or ftol_abs. GEMSEO stopped the driver.,0.0,28,0.4056093142691537,False,26,0.0,-43413086002.58768,,,1.9352824430911528,,1973813250000.0,1.97381325,0.0,0.0,0.0,0.0,,,,,,,,,,,
opt_B15_3_0,B15,15 % biomass,15.0,1.35,3.0,min_surplus_loss,G3,biomass_trajectory_constraint,2,2040.0,-0.11182534391395621,0.0,0.11182534391395621,False,0.0001,0.0,1e-10,-4.341308600258768,6.862141585559709e-16,1.0917893742553426e-15,0.6285224739652782,0.0,True,Successive iterates of the objective function are closer than ftol_rel or ftol_abs. GEMSEO stopped the driver.,0.0,28,0.4056093142691537,False,26,0.0,-43413086002.58768,,,2.411714024837406,,2272383000000.0,2.272383,0.0,0.0,0.0,0.0,,,,,,,,,,,
opt_B15_3_0,B15,15 % biomass,15.0,1.35,3.0,min_surplus_loss,G3,biomass_trajectory_constraint,3,2045.0,0.0,0.0,0.0,True,0.0001,2.351677559577648,1e-10,-4.341308600258768,6.862141585559709e-16,1.0917893742553426e-15,0.6285224739652782,0.0,True,Successive iterates of the objective function are closer than ftol_rel or ftol_abs. GEMSEO stopped the driver.,0.0,28,0.4056093142691537,False,26,23516775595.776478,-43413086002.58768,,,3.005434456537094,,2318853000000.0,2.318853,10.141555154973807,10141555154.973806,30.479779305629666,30479779305.629665,,,,,,,,,,,
opt_B15_3_0,B15,15 % biomass,15.0,1.35,3.0,min_surplus_loss,G3,biomass_trajectory_constraint,4,2050.0,1.351603068400209e-06,0.0,1.351603068400209e-06,True,0.0001,1.7757242954327215,1e-10,-4.341308600258768,6.862141585559709e-16,1.0917893742553426e-15,0.6285224739652782,0.0,True,Successive iterates of the objective function are closer than ftol_rel or ftol_abs. GEMSEO stopped the driver.,0.0,28,0.4056093142691537,False,26,17757242954.327213,-43413086002.58768,,,3.7453181345368614,,2365323000000.0,2.365323,7.5073226592424005,7507322659.2424,28.117311697480055,28117311697.480057,,,,,,,,,,,
opt_B15_3_0,B15,15 % biomass,15.0,1.35,3.0,min_surplus_loss,G4,electricity_trajectory_constraint,0,2030.0,-0.9999999601477593,0.0,0.9999999601477593,False,0.0001,0.0,1e-10,-4.341308600258768,6.862141585559709e-16,1.0917893742553426e-15,0.6285224739652782,0.0,True,Successive iterates of the objective function are closer than ftol_rel or ftol_abs. GEMSEO stopped the driver.,0.0,28,0.4056093142691537,False,26,0.0,-43413086002.58768,,,1.552969421732896,,1065287574000.0001,1.065287574,0.0,0.0,0.0,0.0,,,,,,,,,,,
opt_B15_3_0,B15,15 % biomass,15.0,1.35,3.0,min_surplus_loss,G4,electricity_trajectory_constraint,1,2035.0,-0.9999999684890335,0.0,0.9999999684890335,False,0.0001,0.0,1e-10,-4.341308600258768,6.862141585559709e-16,1.0917893742553426e-15,0.6285224739652782,0.0,True,Successive iterates of the objective function are closer than ftol_rel or ftol_abs. GEMSEO stopped the driver.,0.0,28,0.4056093142691537,False,26,0.0,-43413086002.58768,,,1.9352824430911528,,1356710238000.0002,1.3567102380000002,0.0,0.0,0.0,0.0,,,,,,,,,,,
opt_B15_3_0,B15,15 % biomass,15.0,1.35,3.0,min_surplus_loss,G4,electricity_trajectory_constraint,2,2040.0,-0.9999999748483013,0.0,0.9999999748483013,False,0.0001,0.0,1e-10,-4.341308600258768,6.862141585559709e-16,1.0917893742553426e-15,0.6285224739652782,0.0,True,Successive iterates of the objective function are closer than ftol_rel or ftol_abs. GEMSEO stopped the driver.,0.0,28,0.4056093142691537,False,26,0.0,-43413086002.58768,,,2.411714024837406,,1648132902000.0002,1.6481329020000002,0.0,0.0,0.0,0.0,,,,,,,,,,,
opt_B15_3_0,B15,15 % biomass,15.0,1.35,3.0,min_surplus_loss,G4,electricity_trajectory_constraint,3,2045.0,-0.9999999775919592,0.0,0.9999999775919592,False,0.0001,0.0,1e-10,-4.341308600258768,6.862141585559709e-16,1.0917893742553426e-15,0.6285224739652782,0.0,True,Successive iterates of the objective function are closer than ftol_rel or ftol_abs. GEMSEO stopped the driver.,0.0,28,0.4056093142691537,False,26,0.0,-43413086002.58768,,,3.005434456537094,,1895265009000.0002,1.8952650090000003,0.0,0.0,0.0,0.0,,,,,,,,,,,
opt_B15_3_0,B15,15 % biomass,15.0,1.35,3.0,min_surplus_loss,G4,electricity_trajectory_constraint,4,2050.0,-0.9720791805639019,0.0,0.9720791805639019,False,0.0001,0.0,1e-10,-4.341308600258768,6.862141585559709e-16,1.0917893742553426e-15,0.6285224739652782,0.0,True,Successive iterates of the objective function are closer than ftol_rel or ftol_abs. GEMSEO stopped the driver.,0.0,28,0.4056093142691537,False,26,0.0,-43413086002.58768,,,3.7453181345368614,,2142397116000.0002,2.142397116,0.0,0.0,0.0,0.0,,,,,,,,,,,
opt_B15_3_0,B15,15 % biomass,15.0,1.35,3.0,min_surplus_loss,G5,biofuel_use_growth_constraint,0,2030.0,-1.3247278811194344e-06,0.0,1.3247278811194344e-06,True,0.0001,1.2303707865793105,1e-10,-4.341308600258768,6.862141585559709e-16,1.0917893742553426e-15,0.6285224739652782,0.0,True,Successive iterates of the objective function are closer than ftol_rel or ftol_abs. GEMSEO stopped the driver.,0.0,28,0.4056093142691537,False,26,12303707865.793104,-43413086002.58768,,,1.552969421732896,,,,,,,,volume,89799803521.1529,154900000000.0,36088527006.63617,79.43000558936801,397150027946.83997,0.0,123.35236984836153,616761849241.8075,0.0,
opt_B15_3_0,B15,15 % biomass,15.0,1.35,3.0,min_surplus_loss,G5,biofuel_use_growth_constraint,1,2035.0,-4.15155118071702e-06,0.0,4.15155118071702e-06,True,0.0001,0.5484541627667255,1e-10,-4.341308600258768,6.862141585559709e-16,1.0917893742553426e-15,0.6285224739652782,0.0,True,Successive iterates of the objective function are closer than ftol_rel or ftol_abs. GEMSEO stopped the driver.,0.0,28,0.4056093142691537,False,26,5484541627.667255,-43413086002.58768,,,1.9352824430911528,,,,,,,,rate,385440768000.0005,154900000000.0,154900000000.00024,35.40698274801326,0.0,56863727595.65419,68.52251207506141,0.0,110047373664.58745,
opt_B15_3_0,B15,15 % biomass,15.0,1.35,3.0,min_surplus_loss,G5,biofuel_use_growth_constraint,2,2040.0,-2.3900387783259864e-05,0.0,2.3900387783259864e-05,True,0.0001,0.19971215754963362,1e-10,-4.341308600258768,6.862141585559709e-16,1.0917893742553426e-15,0.6285224739652782,0.0,True,Successive iterates of the objective function are closer than ftol_rel or ftol_abs. GEMSEO stopped the driver.,0.0,28,0.4056093142691537,False,26,1997121575.4963362,-43413086002.58768,,,2.411714024837406,,,,,,,,rate,959099971829.7562,154900000000.0,385440767999.9986,12.892973373120311,0.0,51523543329.00622,31.09416470580949,0.0,124260052055.88205,
opt_B15_3_0,B15,15 % biomass,15.0,1.35,3.0,min_surplus_loss,G5,biofuel_use_growth_constraint,3,2045.0,-8.293097263799782,0.0,8.293097263799782,False,0.0001,0.0,1e-10,-4.341308600258768,6.862141585559709e-16,1.0917893742553426e-15,0.6285224739652782,0.0,True,Successive iterates of the objective function are closer than ftol_rel or ftol_abs. GEMSEO stopped the driver.,0.0,28,0.4056093142691537,False,26,0.0,-43413086002.58768,,,3.005434456537094,,,,,,,,rate,2386547641903.396,154900000000.0,959099971829.7472,0.0,0.0,0.0,0.0,0.0,0.0,
opt_B15_3_0,B15,15 % biomass,15.0,1.35,3.0,min_surplus_loss,G5,biofuel_use_growth_constraint,4,2050.0,-10.44506737742159,0.0,10.44506737742159,False,0.0001,0.0,1e-10,-4.341308600258768,6.862141585559709e-16,1.0917893742553426e-15,0.6285224739652782,0.0,True,Successive iterates of the objective function are closer than ftol_rel or ftol_abs. GEMSEO stopped the driver.,0.0,28,0.4056093142691537,False,26,0.0,-43413086002.58768,,,3.7453181345368614,,,,,,,,rate,2741955752218.643,154900000000.0,1101930520278.1973,0.0,0.0,0.0,0.0,0.0,0.0,
opt_B15_3_0,B15,15 % biomass,15.0,1.35,3.0,min_surplus_loss,G6,electrofuel_use_growth_constraint,0,2030.0,-0.9999998803391943,0.0,0.9999998803391943,False,0.0001,0.0,1e-10,-4.341308600258768,6.862141585559709e-16,1.0917893742553426e-15,0.6285224739652782,0.0,True,Successive iterates of the objective function are closer than ftol_rel or ftol_abs. GEMSEO stopped the driver.,0.0,28,0.4056093142691537,False,26,0.0,-43413086002.58768,,,1.552969421732896,,,,,,,,volume,0.0,154900000000.0,0.0,0.0,0.0,0.0,0.0,0.0,0.0,
opt_B15_3_0,B15,15 % biomass,15.0,1.35,3.0,min_surplus_loss,G6,electrofuel_use_growth_constraint,1,2035.0,-0.999999879501638,0.0,0.999999879501638,False,0.0001,0.0,1e-10,-4.341308600258768,6.862141585559709e-16,1.0917893742553426e-15,0.6285224739652782,0.0,True,Successive iterates of the objective function are closer than ftol_rel or ftol_abs. GEMSEO stopped the driver.,0.0,28,0.4056093142691537,False,26,0.0,-43413086002.58768,,,1.9352824430911528,,,,,,,,volume,46122.1539864747,154900000000.0,18535.459260253792,0.0,0.0,0.0,0.0,0.0,0.0,
opt_B15_3_0,B15,15 % biomass,15.0,1.35,3.0,min_surplus_loss,G6,electrofuel_use_growth_constraint,2,2040.0,-0.999999883159914,0.0,0.999999883159914,False,0.0001,0.0,1e-10,-4.341308600258768,6.862141585559709e-16,1.0917893742553426e-15,0.6285224739652782,0.0,True,Successive iterates of the objective function are closer than ftol_rel or ftol_abs. GEMSEO stopped the driver.,0.0,28,0.4056093142691537,False,26,0.0,-43413086002.58768,,,2.411714024837406,,,,,,,,volume,46444.97927940552,154900000000.0,18665.19550516233,0.0,0.0,0.0,0.0,0.0,0.0,
opt_B15_3_0,B15,15 % biomass,15.0,1.35,3.0,min_surplus_loss,G6,electrofuel_use_growth_constraint,3,2045.0,-0.9999998802966933,0.0,0.9999998802966933,False,0.0001,0.0,1e-10,-4.341308600258768,6.862141585559709e-16,1.0917893742553426e-15,0.6285224739652782,0.0,True,Successive iterates of the objective function are closer than ftol_rel or ftol_abs. GEMSEO stopped the driver.,0.0,28,0.4056093142691537,False,26,0.0,-43413086002.58768,,,3.005434456537094,,,,,,,,volume,45034.90916335662,154900000000.0,18098.51995055163,0.0,0.0,0.0,0.0,0.0,0.0,
opt_B15_3_0,B15,15 % biomass,15.0,1.35,3.0,min_surplus_loss,G6,electrofuel_use_growth_constraint,4,2050.0,-0.8313988811296437,0.0,0.8313988811296437,False,0.0001,0.0,1e-10,-4.341308600258768,6.862141585559709e-16,1.0917893742553426e-15,0.6285224739652782,0.0,True,Successive iterates of the objective function are closer than ftol_rel or ftol_abs. GEMSEO stopped the driver.,0.0,28,0.4056093142691537,False,26,0.0,-43413086002.58768,,,3.7453181345368614,,,,,,,,volume,46138.55163725068,154900000000.0,18542.049108334417,0.0,0.0,0.0,0.0,0.0,0.0,
opt_B15_3_2,B15,15 % biomass,15.0,1.35,3.2,min_surplus_loss,G1,aviation_carbon_budget_constraint,0,,5.8423516173754985e-06,0.0,5.8423516173754985e-06,True,0.0001,45.271912372882056,1e-10,-7.5020966164453435,0.0202147243653675,0.03163845450351068,0.6389289452531388,0.0,True,Successive iterates of the objective function are closer than ftol_rel or ftol_abs. GEMSEO stopped the driver.,0.0,23,0.3713763802539071,False,22,452719123728.82056,-75020966164.45343,3.2334096710122635,140.01291818586373,,,,,,,,,,,,,,,,,,,
opt_B15_3_2,B15,15 % biomass,15.0,1.35,3.2,min_surplus_loss,G2,blend_completeness_constraint,0,2030.0,-0.952400202503172,0.0,0.952400202503172,False,0.0001,0.0,1e-10,-7.5020966164453435,0.0202147243653675,0.03163845450351068,0.6389289452531388,0.0,True,Successive iterates of the objective function are closer than ftol_rel or ftol_abs. GEMSEO stopped the driver.,0.0,23,0.3713763802539071,False,22,0.0,-75020966164.45343,,,1.552969421732896,,,,,,,,,,,,,,,,,,
opt_B15_3_2,B15,15 % biomass,15.0,1.35,3.2,min_surplus_loss,G2,blend_completeness_constraint,1,2035.0,-0.8834190286334466,0.0,0.8834190286334466,False,0.0001,0.0,1e-10,-7.5020966164453435,0.0202147243653675,0.03163845450351068,0.6389289452531388,0.0,True,Successive iterates of the objective function are closer than ftol_rel or ftol_abs. GEMSEO stopped the driver.,0.0,23,0.3713763802539071,False,22,0.0,-75020966164.45343,,,1.9352824430911528,,,,,,,,,,,,,,,,,,
opt_B15_3_2,B15,15 % biomass,15.0,1.35,3.2,min_surplus_loss,G2,blend_completeness_constraint,2,2040.0,-0.7069217159715191,0.0,0.7069217159715191,False,0.0001,0.0,1e-10,-7.5020966164453435,0.0202147243653675,0.03163845450351068,0.6389289452531388,0.0,True,Successive iterates of the objective function are closer than ftol_rel or ftol_abs. GEMSEO stopped the driver.,0.0,23,0.3713763802539071,False,22,0.0,-75020966164.45343,,,2.411714024837406,,,,,,,,,,,,,,,,,,
opt_B15_3_2,B15,15 % biomass,15.0,1.35,3.2,min_surplus_loss,G2,blend_completeness_constraint,3,2045.0,-0.40571241991753765,0.0,0.40571241991753765,False,0.0001,0.0,1e-10,-7.5020966164453435,0.0202147243653675,0.03163845450351068,0.6389289452531388,0.0,True,Successive iterates of the objective function are closer than ftol_rel or ftol_abs. GEMSEO stopped the driver.,0.0,23,0.3713763802539071,False,22,0.0,-75020966164.45343,,,3.005434456537094,,,,,,,,,,,,,,,,,,
opt_B15_3_2,B15,15 % biomass,15.0,1.35,3.2,min_surplus_loss,G2,blend_completeness_constraint,4,2050.0,-0.3703358101305244,0.0,0.3703358101305244,False,0.0001,0.0,1e-10,-7.5020966164453435,0.0202147243653675,0.03163845450351068,0.6389289452531388,0.0,True,Successive iterates of the objective function are closer than ftol_rel or ftol_abs. GEMSEO stopped the driver.,0.0,23,0.3713763802539071,False,22,0.0,-75020966164.45343,,,3.7453181345368614,,,,,,,,,,,,,,,,,,
opt_B15_3_2,B15,15 % biomass,15.0,1.35,3.2,min_surplus_loss,G3,biomass_trajectory_constraint,0,2030.0,-0.8883895281905039,0.0,0.8883895281905039,False,0.0001,0.0,1e-10,-7.5020966164453435,0.0202147243653675,0.03163845450351068,0.6389289452531388,0.0,True,Successive iterates of the objective function are closer than ftol_rel or ftol_abs. GEMSEO stopped the driver.,0.0,23,0.3713763802539071,False,22,0.0,-75020966164.45343,,,1.552969421732896,,1675243500000.0,1.6752435,0.0,0.0,0.0,0.0,,,,,,,,,,,
opt_B15_3_2,B15,15 % biomass,15.0,1.35,3.2,min_surplus_loss,G3,biomass_trajectory_constraint,1,2035.0,-0.7642917810478597,0.0,0.7642917810478597,False,0.0001,0.0,1e-10,-7.5020966164453435,0.0202147243653675,0.03163845450351068,0.6389289452531388,0.0,True,Successive iterates of the objective function are closer than ftol_rel or ftol_abs. GEMSEO stopped the driver.,0.0,23,0.3713763802539071,False,22,0.0,-75020966164.45343,,,1.9352824430911528,,1973813250000.0,1.97381325,0.0,0.0,0.0,0.0,,,,,,,,,,,
opt_B15_3_2,B15,15 % biomass,15.0,1.35,3.2,min_surplus_loss,G3,biomass_trajectory_constraint,2,2040.0,-0.4905672296592489,0.0,0.4905672296592489,False,0.0001,0.0,1e-10,-7.5020966164453435,0.0202147243653675,0.03163845450351068,0.6389289452531388,0.0,True,Successive iterates of the objective function are closer than ftol_rel or ftol_abs. GEMSEO stopped the driver.,0.0,23,0.3713763802539071,False,22,0.0,-75020966164.45343,,,2.411714024837406,,2272383000000.0,2.272383,0.0,0.0,0.0,0.0,,,,,,,,,,,
opt_B15_3_2,B15,15 % biomass,15.0,1.35,3.2,min_surplus_loss,G3,biomass_trajectory_constraint,3,2045.0,3.9790393202565614e-15,0.0,3.9790393202565614e-15,True,0.0001,1.940086982062918,1e-10,-7.5020966164453435,0.0202147243653675,0.03163845450351068,0.6389289452531388,0.0,True,Successive iterates of the objective function are closer than ftol_rel or ftol_abs. GEMSEO stopped the driver.,0.0,23,0.3713763802539071,False,22,19400869820.62918,-75020966164.45343,,,3.005434456537094,,2318853000000.0,2.318853,8.366580296650621,8366580296.65062,25.14520870693812,25145208706.938118,,,,,,,,,,,
opt_B15_3_2,B15,15 % biomass,15.0,1.35,3.2,min_surplus_loss,G3,biomass_trajectory_constraint,4,2050.0,6.528056492527412e-07,0.0,6.528056492527412e-07,True,0.0001,1.5855762592587856,1e-10,-7.5020966164453435,0.0202147243653675,0.03163845450351068,0.6389289452531388,0.0,True,Successive iterates of the objective function are closer than ftol_rel or ftol_abs. GEMSEO stopped the driver.,0.0,23,0.3713763802539071,False,22,15855762592.587856,-75020966164.45343,,,3.7453181345368614,,2365323000000.0,2.365323,6.703423842150885,6703423842.150885,25.10645487949447,25106454879.494473,,,,,,,,,,,
opt_B15_3_2,B15,15 % biomass,15.0,1.35,3.2,min_surplus_loss,G4,electricity_trajectory_constraint,0,2030.0,-0.9999999598663859,0.0,0.9999999598663859,False,0.0001,0.0,1e-10,-7.5020966164453435,0.0202147243653675,0.03163845450351068,0.6389289452531388,0.0,True,Successive iterates of the objective function are closer than ftol_rel or ftol_abs. GEMSEO stopped the driver.,0.0,23,0.3713763802539071,False,22,0.0,-75020966164.45343,,,1.552969421732896,,1065287574000.0001,1.065287574,0.0,0.0,0.0,0.0,,,,,,,,,,,
opt_B15_3_2,B15,15 % biomass,15.0,1.35,3.2,min_surplus_loss,G4,electricity_trajectory_constraint,1,2035.0,-0.9999999679842773,0.0,0.9999999679842773,False,0.0001,0.0,1e-10,-7.5020966164453435,0.0202147243653675,0.03163845450351068,0.6389289452531388,0.0,True,Successive iterates of the objective function are closer than ftol_rel or ftol_abs. GEMSEO stopped the driver.,0.0,23,0.3713763802539071,False,22,0.0,-75020966164.45343,,,1.9352824430911528,,1356710238000.0002,1.3567102380000002,0.0,0.0,0.0,0.0,,,,,,,,,,,
opt_B15_3_2,B15,15 % biomass,15.0,1.35,3.2,min_surplus_loss,G4,electricity_trajectory_constraint,2,2040.0,-0.9999999739150617,0.0,0.9999999739150617,False,0.0001,0.0,1e-10,-7.5020966164453435,0.0202147243653675,0.03163845450351068,0.6389289452531388,0.0,True,Successive iterates of the objective function are closer than ftol_rel or ftol_abs. GEMSEO stopped the driver.,0.0,23,0.3713763802539071,False,22,0.0,-75020966164.45343,,,2.411714024837406,,1648132902000.0002,1.6481329020000002,0.0,0.0,0.0,0.0,,,,,,,,,,,
opt_B15_3_2,B15,15 % biomass,15.0,1.35,3.2,min_surplus_loss,G4,electricity_trajectory_constraint,3,2045.0,-0.9999999775919592,0.0,0.9999999775919592,False,0.0001,0.0,1e-10,-7.5020966164453435,0.0202147243653675,0.03163845450351068,0.6389289452531388,0.0,True,Successive iterates of the objective function are closer than ftol_rel or ftol_abs. GEMSEO stopped the driver.,0.0,23,0.3713763802539071,False,22,0.0,-75020966164.45343,,,3.005434456537094,,1895265009000.0002,1.8952650090000003,0.0,0.0,0.0,0.0,,,,,,,,,,,
opt_B15_3_2,B15,15 % biomass,15.0,1.35,3.2,min_surplus_loss,G4,electricity_trajectory_constraint,4,2050.0,-0.9119076568624799,0.0,0.9119076568624799,False,0.0001,0.0,1e-10,-7.5020966164453435,0.0202147243653675,0.03163845450351068,0.6389289452531388,0.0,True,Successive iterates of the objective function are closer than ftol_rel or ftol_abs. GEMSEO stopped the driver.,0.0,23,0.3713763802539071,False,22,0.0,-75020966164.45343,,,3.7453181345368614,,2142397116000.0002,2.142397116,0.0,0.0,0.0,0.0,,,,,,,,,,,
opt_B15_3_2,B15,15 % biomass,15.0,1.35,3.2,min_surplus_loss,G5,biofuel_use_growth_constraint,0,2030.0,-0.42639561641516893,0.0,0.42639561641516893,False,0.0001,0.0,1e-10,-7.5020966164453435,0.0202147243653675,0.03163845450351068,0.6389289452531388,0.0,True,Successive iterates of the objective function are closer than ftol_rel or ftol_abs. GEMSEO stopped the driver.,0.0,23,0.3713763802539071,False,22,0.0,-75020966164.45343,,,1.552969421732896,,,,,,,,volume,89799803521.1529,154900000000.0,36088527006.63617,0.0,0.0,0.0,0.0,0.0,0.0,
opt_B15_3_2,B15,15 % biomass,15.0,1.35,3.2,min_surplus_loss,G5,biofuel_use_growth_constraint,1,2035.0,-2.737467881559171e-05,0.0,2.737467881559171e-05,True,0.0001,0.06667078791024222,1e-10,-7.5020966164453435,0.0202147243653675,0.03163845450351068,0.6389289452531388,0.0,True,Successive iterates of the objective function are closer than ftol_rel or ftol_abs. GEMSEO stopped the driver.,0.0,23,0.3713763802539071,False,22,666707879.1024222,-75020966164.45343,,,1.9352824430911528,,,,,,,,rate,221428278992.53525,154900000000.0,88987059137.3036,4.3041180058258375,0.0,3971056010.8783255,8.329684009667247,0.0,7685114978.384414,
opt_B15_3_2,B15,15 % biomass,15.0,1.35,3.2,min_surplus_loss,G5,biofuel_use_growth_constraint,2,2040.0,-0.0001521554927329943,0.0,0.0001521554927329943,False,0.0001,0.0,1e-10,-7.5020966164453435,0.0202147243653675,0.03163845450351068,0.6389289452531388,0.0,True,Successive iterates of the objective function are closer than ftol_rel or ftol_abs. GEMSEO stopped the driver.,0.0,23,0.3713763802539071,False,22,0.0,-75020966164.45343,,,2.411714024837406,,,,,,,,rate,550984404848.4412,154900000000.0,221428274839.42633,0.0,0.0,0.0,0.0,0.0,0.0,
opt_B15_3_2,B15,15 % biomass,15.0,1.35,3.2,min_surplus_loss,G5,biofuel_use_growth_constraint,3,2045.0,-1.7231682812703697,0.0,1.7231682812703697,False,0.0001,0.0,1e-10,-7.5020966164453435,0.0202147243653675,0.03163845450351068,0.6389289452531388,0.0,True,Successive iterates of the objective function are closer than ftol_rel or ftol_abs. GEMSEO stopped the driver.,0.0,23,0.3713763802539071,False,22,0.0,-75020966164.45343,,,3.005434456537094,,,,,,,,rate,1371025455538.466,154900000000.0,550984381244.5612,0.0,0.0,0.0,0.0,0.0,0.0,
opt_B15_3_2,B15,15 % biomass,15.0,1.35,3.2,min_surplus_loss,G5,biofuel_use_growth_constraint,4,2050.0,-10.445072448156575,0.0,10.445072448156575,False,0.0001,0.0,1e-10,-7.5020966164453435,0.0202147243653675,0.03163845450351068,0.6389289452531388,0.0,True,Successive iterates of the objective function are closer than ftol_rel or ftol_abs. GEMSEO stopped the driver.,0.0,23,0.3713763802539071,False,22,0.0,-75020966164.45343,,,3.7453181345368614,,,,,,,,rate,2741955752216.669,154900000000.0,1101930520277.4038,0.0,0.0,0.0,0.0,0.0,0.0,
opt_B15_3_2,B15,15 % biomass,15.0,1.35,3.2,min_surplus_loss,G6,electrofuel_use_growth_constraint,0,2030.0,-0.9999998794943394,0.0,0.9999998794943394,False,0.0001,0.0,1e-10,-7.5020966164453435,0.0202147243653675,0.03163845450351068,0.6389289452531388,0.0,True,Successive iterates of the objective function are closer than ftol_rel or ftol_abs. GEMSEO stopped the driver.,0.0,23,0.3713763802539071,False,22,0.0,-75020966164.45343,,,1.552969421732896,,,,,,,,volume,0.0,154900000000.0,0.0,0.0,0.0,0.0,0.0,0.0,0.0,
opt_B15_3_2,B15,15 % biomass,15.0,1.35,3.2,min_surplus_loss,G6,electrofuel_use_growth_constraint,1,2035.0,-0.9999998775714433,0.0,0.9999998775714433,False,0.0001,0.0,1e-10,-7.5020966164453435,0.0202147243653675,0.03163845450351068,0.6389289452531388,0.0,True,Successive iterates of the objective function are closer than ftol_rel or ftol_abs. GEMSEO stopped the driver.,0.0,23,0.3713763802539071,False,22,0.0,-75020966164.45343,,,1.9352824430911528,,,,,,,,volume,46447.12831186165,154900000000.0,18666.059153107984,0.0,0.0,0.0,0.0,0.0,0.0,
opt_B15_3_2,B15,15 % biomass,15.0,1.35,3.2,min_surplus_loss,G6,electrofuel_use_growth_constraint,2,2040.0,-0.9999998788246282,0.0,0.9999998788246282,False,0.0001,0.0,1e-10,-7.5020966164453435,0.0202147243653675,0.03163845450351068,0.6389289452531388,0.0,True,Successive iterates of the objective function are closer than ftol_rel or ftol_abs. GEMSEO stopped the driver.,0.0,23,0.3713763802539071,False,22,0.0,-75020966164.45343,,,2.411714024837406,,,,,,,,volume,47187.40855831651,154900000000.0,18963.56118116501,0.0,0.0,0.0,0.0,0.0,0.0,
opt_B15_3_2,B15,15 % biomass,15.0,1.35,3.2,min_surplus_loss,G6,electrofuel_use_growth_constraint,3,2045.0,-0.9999998802966933,0.0,0.9999998802966933,False,0.0001,0.0,1e-10,-7.5020966164453435,0.0202147243653675,0.03163845450351068,0.6389289452531388,0.0,True,Successive iterates of the objective function are closer than ftol_rel or ftol_abs. GEMSEO stopped the driver.,0.0,23,0.3713763802539071,False,22,0.0,-75020966164.45343,,,3.005434456537094,,,,,,,,volume,46702.33882483586,154900000000.0,18768.622534415135,0.0,0.0,0.0,0.0,0.0,0.0,
opt_B15_3_2,B15,15 % biomass,15.0,1.35,3.2,min_surplus_loss,G6,electrofuel_use_growth_constraint,4,2050.0,-0.4680504398922183,0.0,0.4680504398922183,False,0.0001,0.0,1e-10,-7.5020966164453435,0.0202147243653675,0.03163845450351068,0.6389289452531388,0.0,True,Successive iterates of the objective function are closer than ftol_rel or ftol_abs. GEMSEO stopped the driver.,0.0,23,0.3713763802539071,False,22,0.0,-75020966164.45343,,,3.7453181345368614,,,,,,,,volume,46138.53888635393,154900000000.0,18542.043984034986,0.0,0.0,0.0,0.0,0.0,0.0,
opt_B15_3_4,B15,15 % biomass,15.0,1.35,3.4,min_surplus_loss,G1,aviation_carbon_budget_constraint,0,,3.65473126627482e-07,0.0,3.65473126627482e-07,True,0.0001,36.76719919708774,1e-10,-10.489127781146308,4.733220898931775e-16,7.322873728136268e-16,0.6463611246969321,0.0,True,Successive iterates of the objective function are closer than ftol_rel or ftol_abs. GEMSEO stopped the driver.,0.0,36,0.4217830805543857,False,33,367671991970.8774,-104891277811.46307,3.480998507224318,105.62256525184551,,,,,,,,,,,,,,,,,,,
opt_B15_3_4,B15,15 % biomass,15.0,1.35,3.4,min_surplus_loss,G2,blend_completeness_constraint,0,2030.0,-0.97999999,0.0,0.97999999,False,0.0001,0.0,1e-10,-10.489127781146308,4.733220898931775e-16,7.322873728136268e-16,0.6463611246969321,0.0,True,Successive iterates of the objective function are closer than ftol_rel or ftol_abs. GEMSEO stopped the driver.,0.0,36,0.4217830805543857,False,33,0.0,-104891277811.46307,,,1.552969421732896,,,,,,,,,,,,,,,,,,
opt_B15_3_4,B15,15 % biomass,15.0,1.35,3.4,min_surplus_loss,G2,blend_completeness_constraint,1,2035.0,-0.924771983336307,0.0,0.924771983336307,False,0.0001,0.0,1e-10,-10.489127781146308,4.733220898931775e-16,7.322873728136268e-16,0.6463611246969321,0.0,True,Successive iterates of the objective function are closer than ftol_rel or ftol_abs. GEMSEO stopped the driver.,0.0,36,0.4217830805543857,False,33,0.0,-104891277811.46307,,,1.9352824430911528,,,,,,,,,,,,,,,,,,
opt_B15_3_4,B15,15 % biomass,15.0,1.35,3.4,min_surplus_loss,G2,blend_completeness_constraint,2,2040.0,-0.8126450270384266,0.0,0.8126450270384266,False,0.0001,0.0,1e-10,-10.489127781146308,4.733220898931775e-16,7.322873728136268e-16,0.6463611246969321,0.0,True,Successive iterates of the objective function are closer than ftol_rel or ftol_abs. GEMSEO stopped the driver.,0.0,36,0.4217830805543857,False,33,0.0,-104891277811.46307,,,2.411714024837406,,,,,,,,,,,,,,,,,,
opt_B15_3_4,B15,15 % biomass,15.0,1.35,3.4,min_surplus_loss,G2,blend_completeness_constraint,3,2045.0,-0.5281975938066844,0.0,0.5281975938066844,False,0.0001,0.0,1e-10,-10.489127781146308,4.733220898931775e-16,7.322873728136268e-16,0.6463611246969321,0.0,True,Successive iterates of the objective function are closer than ftol_rel or ftol_abs. GEMSEO stopped the driver.,0.0,36,0.4217830805543857,False,33,0.0,-104891277811.46307,,,3.005434456537094,,,,,,,,,,,,,,,,,,
opt_B15_3_4,B15,15 % biomass,15.0,1.35,3.4,min_surplus_loss,G2,blend_completeness_constraint,4,2050.0,-0.42178308055437663,0.0,0.42178308055437663,False,0.0001,0.0,1e-10,-10.489127781146308,4.733220898931775e-16,7.322873728136268e-16,0.6463611246969321,0.0,True,Successive iterates of the objective function are closer than ftol_rel or ftol_abs. GEMSEO stopped the driver.,0.0,36,0.4217830805543857,False,33,0.0,-104891277811.46307,,,3.7453181345368614,,,,,,,,,,,,,,,,,,
opt_B15_3_4,B15,15 % biomass,15.0,1.35,3.4,min_surplus_loss,G3,biomass_trajectory_constraint,0,2030.0,-0.9528487709664243,0.0,0.9528487709664243,False,0.0001,0.0,1e-10,-10.489127781146308,4.733220898931775e-16,7.322873728136268e-16,0.6463611246969321,0.0,True,Successive iterates of the objective function are closer than ftol_rel or ftol_abs. GEMSEO stopped the driver.,0.0,36,0.4217830805543857,False,33,0.0,-104891277811.46307,,,1.552969421732896,,1675243500000.0,1.6752435,0.0,0.0,0.0,0.0,,,,,,,,,,,
opt_B15_3_4,B15,15 % biomass,15.0,1.35,3.4,min_surplus_loss,G3,biomass_trajectory_constraint,1,2035.0,-0.8467685928683573,0.0,0.8467685928683573,False,0.0001,0.0,1e-10,-10.489127781146308,4.733220898931775e-16,7.322873728136268e-16,0.6463611246969321,0.0,True,Successive iterates of the objective function are closer than ftol_rel or ftol_abs. GEMSEO stopped the driver.,0.0,36,0.4217830805543857,False,33,0.0,-104891277811.46307,,,1.9352824430911528,,1973813250000.0,1.97381325,0.0,0.0,0.0,0.0,,,,,,,,,,,
opt_B15_3_4,B15,15 % biomass,15.0,1.35,3.4,min_surplus_loss,G3,biomass_trajectory_constraint,2,2040.0,-0.6688098720801312,0.0,0.6688098720801312,False,0.0001,0.0,1e-10,-10.489127781146308,4.733220898931775e-16,7.322873728136268e-16,0.6463611246969321,0.0,True,Successive iterates of the objective function are closer than ftol_rel or ftol_abs. GEMSEO stopped the driver.,0.0,36,0.4217830805543857,False,33,0.0,-104891277811.46307,,,2.411714024837406,,2272383000000.0,2.272383,0.0,0.0,0.0,0.0,,,,,,,,,,,
opt_B15_3_4,B15,15 % biomass,15.0,1.35,3.4,min_surplus_loss,G3,biomass_trajectory_constraint,3,2045.0,-0.1924071091546115,0.0,0.1924071091546115,False,0.0001,0.0,1e-10,-10.489127781146308,4.733220898931775e-16,7.322873728136268e-16,0.6463611246969321,0.0,True,Successive iterates of the objective function are closer than ftol_rel or ftol_abs. GEMSEO stopped the driver.,0.0,36,0.4217830805543857,False,33,0.0,-104891277811.46307,,,3.005434456537094,,2318853000000.0,2.318853,0.0,0.0,0.0,0.0,,,,,,,,,,,
opt_B15_3_4,B15,15 % biomass,15.0,1.35,3.4,min_surplus_loss,G3,biomass_trajectory_constraint,4,2050.0,9.805489753489382e-15,0.0,9.805489753489382e-15,True,0.0001,0.6085726359080081,1e-10,-10.489127781146308,4.733220898931775e-16,7.322873728136268e-16,0.6463611246969321,0.0,True,Successive iterates of the objective function are closer than ftol_rel or ftol_abs. GEMSEO stopped the driver.,0.0,36,0.4217830805543857,False,33,6085726359.080081,-104891277811.46307,,,3.7453181345368614,,2365323000000.0,2.365323,2.5728944246008183,2572894424.600818,9.636308146706227,9636308146.706228,,,,,,,,,,,
opt_B15_3_4,B15,15 % biomass,15.0,1.35,3.4,min_surplus_loss,G4,electricity_trajectory_constraint,0,2030.0,-0.9999999596474151,0.0,0.9999999596474151,False,0.0001,0.0,1e-10,-10.489127781146308,4.733220898931775e-16,7.322873728136268e-16,0.6463611246969321,0.0,True,Successive iterates of the objective function are closer than ftol_rel or ftol_abs. GEMSEO stopped the driver.,0.0,36,0.4217830805543857,False,33,0.0,-104891277811.46307,,,1.552969421732896,,1065287574000.0001,1.065287574,0.0,0.0,0.0,0.0,,,,,,,,,,,
opt_B15_3_4,B15,15 % biomass,15.0,1.35,3.4,min_surplus_loss,G4,electricity_trajectory_constraint,1,2035.0,-0.9999999677459354,0.0,0.9999999677459354,False,0.0001,0.0,1e-10,-10.489127781146308,4.733220898931775e-16,7.322873728136268e-16,0.6463611246969321,0.0,True,Successive iterates of the objective function are closer than ftol_rel or ftol_abs. GEMSEO stopped the driver.,0.0,36,0.4217830805543857,False,33,0.0,-104891277811.46307,,,1.9352824430911528,,1356710238000.0002,1.3567102380000002,0.0,0.0,0.0,0.0,,,,,,,,,,,
opt_B15_3_4,B15,15 % biomass,15.0,1.35,3.4,min_surplus_loss,G4,electricity_trajectory_constraint,2,2040.0,-0.9999999734723523,0.0,0.9999999734723523,False,0.0001,0.0,1e-10,-10.489127781146308,4.733220898931775e-16,7.322873728136268e-16,0.6463611246969321,0.0,True,Successive iterates of the objective function are closer than ftol_rel or ftol_abs. GEMSEO stopped the driver.,0.0,36,0.4217830805543857,False,33,0.0,-104891277811.46307,,,2.411714024837406,,1648132902000.0002,1.6481329020000002,0.0,0.0,0.0,0.0,,,,,,,,,,,
opt_B15_3_4,B15,15 % biomass,15.0,1.35,3.4,min_surplus_loss,G4,electricity_trajectory_constraint,3,2045.0,-0.9999999772053526,0.0,0.9999999772053526,False,0.0001,0.0,1e-10,-10.489127781146308,4.733220898931775e-16,7.322873728136268e-16,0.6463611246969321,0.0,True,Successive iterates of the objective function are closer than ftol_rel or ftol_abs. GEMSEO stopped the driver.,0.0,36,0.4217830805543857,False,33,0.0,-104891277811.46307,,,3.005434456537094,,1895265009000.0002,1.8952650090000003,0.0,0.0,0.0,0.0,,,,,,,,,,,
opt_B15_3_4,B15,15 % biomass,15.0,1.35,3.4,min_surplus_loss,G4,electricity_trajectory_constraint,4,2050.0,-0.9999999792175401,0.0,0.9999999792175401,False,0.0001,0.0,1e-10,-10.489127781146308,4.733220898931775e-16,7.322873728136268e-16,0.6463611246969321,0.0,True,Successive iterates of the objective function are closer than ftol_rel or ftol_abs. GEMSEO stopped the driver.,0.0,36,0.4217830805543857,False,33,0.0,-104891277811.46307,,,3.7453181345368614,,2142397116000.0002,2.142397116,0.0,0.0,0.0,0.0,,,,,,,,,,,
opt_B15_3_4,B15,15 % biomass,15.0,1.35,3.4,min_surplus_loss,G5,biofuel_use_growth_constraint,0,2030.0,-0.7576737090472304,0.0,0.7576737090472304,False,0.0001,0.0,1e-10,-10.489127781146308,4.733220898931775e-16,7.322873728136268e-16,0.6463611246969321,0.0,True,Successive iterates of the objective function are closer than ftol_rel or ftol_abs. GEMSEO stopped the driver.,0.0,36,0.4217830805543857,False,33,0.0,-104891277811.46307,,,1.552969421732896,,,,,,,,volume,89799803521.1529,154900000000.0,36088527006.63617,0.0,0.0,0.0,0.0,0.0,0.0,
opt_B15_3_4,B15,15 % biomass,15.0,1.35,3.4,min_surplus_loss,G5,biofuel_use_growth_constraint,1,2035.0,-0.07213792094370261,0.0,0.07213792094370261,False,0.0001,0.0,1e-10,-10.489127781146308,4.733220898931775e-16,7.322873728136268e-16,0.6463611246969321,0.0,True,Successive iterates of the objective function are closer than ftol_rel or ftol_abs. GEMSEO stopped the driver.,0.0,36,0.4217830805543857,False,33,0.0,-104891277811.46307,,,1.9352824430911528,,,,,,,,volume,93402431691.43326,154900000000.0,37536342468.58655,0.0,0.0,0.0,0.0,0.0,0.0,
opt_B15_3_4,B15,15 % biomass,15.0,1.35,3.4,min_surplus_loss,G5,biofuel_use_growth_constraint,2,2040.0,-6.196092140389843e-06,0.0,6.196092140389843e-06,True,0.0001,0.08705448433387511,1e-10,-10.489127781146308,4.733220898931775e-16,7.322873728136268e-16,0.6463611246969321,0.0,True,Successive iterates of the objective function are closer than ftol_rel or ftol_abs. GEMSEO stopped the driver.,0.0,36,0.4217830805543857,False,33,870544843.3387511,-104891277811.46307,,,2.411714024837406,,,,,,,,rate,357636103219.9264,154900000000.0,143725928827.45245,5.620044179075217,0.0,8374711250.534547,13.553939366881526,0.0,20197408576.877777,
opt_B15_3_4,B15,15 % biomass,15.0,1.35,3.4,min_surplus_loss,G5,biofuel_use_growth_constraint,3,2045.0,7.415897089131345e-06,0.0,7.415897089131345e-06,True,0.0001,0.06010261239403576,1e-10,-10.489127781146308,4.733220898931775e-16,7.322873728136268e-16,0.6463611246969321,0.0,True,Successive iterates of the objective function are closer than ftol_rel or ftol_abs. GEMSEO stopped the driver.,0.0,36,0.4217830805543857,False,33,601026123.9403576,-104891277811.46307,,,3.005434456537094,,,,,,,,rate,889913068364.205,154900000000.0,357636103219.92554,3.8800911810223213,0.0,14387266035.151943,11.661359729950192,0.0,43239985077.411476,
opt_B15_3_4,B15,15 % biomass,15.0,1.35,3.4,min_surplus_loss,G5,biofuel_use_growth_constraint,4,2050.0,-7.0391909378058255,0.0,7.0391909378058255,False,0.0001,0.0,1e-10,-10.489127781146308,4.733220898931775e-16,7.322873728136268e-16,0.6463611246969321,0.0,True,Successive iterates of the objective function are closer than ftol_rel or ftol_abs. GEMSEO stopped the driver.,0.0,36,0.4217830805543857,False,33,0.0,-104891277811.46307,,,3.7453181345368614,,,,,,,,rate,2214388486271.9956,154900000000.0,889913068364.196,0.0,0.0,0.0,0.0,0.0,0.0,
opt_B15_3_4,B15,15 % biomass,15.0,1.35,3.4,min_surplus_loss,G6,electrofuel_use_growth_constraint,0,2030.0,-0.9999998788368545,0.0,0.9999998788368545,False,0.0001,0.0,1e-10,-10.489127781146308,4.733220898931775e-16,7.322873728136268e-16,0.6463611246969321,0.0,True,Successive iterates of the objective function are closer than ftol_rel or ftol_abs. GEMSEO stopped the driver.,0.0,36,0.4217830805543857,False,33,0.0,-104891277811.46307,,,1.552969421732896,,,,,,,,volume,0.0,154900000000.0,0.0,0.0,0.0,0.0,0.0,0.0,0.0,
opt_B15_3_4,B15,15 % biomass,15.0,1.35,3.4,min_surplus_loss,G6,electrofuel_use_growth_constraint,1,2035.0,-0.9999998766600207,0.0,0.9999998766600207,False,0.0001,0.0,1e-10,-10.489127781146308,4.733220898931775e-16,7.322873728136268e-16,0.6463611246969321,0.0,True,Successive iterates of the objective function are closer than ftol_rel or ftol_abs. GEMSEO stopped the driver.,0.0,36,0.4217830805543857,False,33,0.0,-104891277811.46307,,,1.9352824430911528,,,,,,,,volume,46701.21709086428,154900000000.0,18768.17173469019,0.0,0.0,0.0,0.0,0.0,0.0,
opt_B15_3_4,B15,15 % biomass,15.0,1.35,3.4,min_surplus_loss,G6,electrofuel_use_growth_constraint,2,2040.0,-0.999999876768059,0.0,0.999999876768059,False,0.0001,0.0,1e-10,-10.489127781146308,4.733220898931775e-16,7.322873728136268e-16,0.6463611246969321,0.0,True,Successive iterates of the objective function are closer than ftol_rel or ftol_abs. GEMSEO stopped the driver.,0.0,36,0.4217830805543857,False,33,0.0,-104891277811.46307,,,2.411714024837406,,,,,,,,volume,47540.25952148478,154900000000.0,19105.364069526746,0.0,0.0,0.0,0.0,0.0,0.0,
opt_B15_3_4,B15,15 % biomass,15.0,1.35,3.4,min_surplus_loss,G6,electrofuel_use_growth_constraint,3,2045.0,-0.9999998782314486,0.0,0.9999998782314486,False,0.0001,0.0,1e-10,-10.489127781146308,4.733220898931775e-16,7.322873728136268e-16,0.6463611246969321,0.0,True,Successive iterates of the objective function are closer than ftol_rel or ftol_abs. GEMSEO stopped the driver.,0.0,36,0.4217830805543857,False,33,0.0,-104891277811.46307,,,3.005434456537094,,,,,,,,volume,47498.61247575579,154900000000.0,19088.62705590752,0.0,0.0,0.0,0.0,0.0,0.0,
opt_B15_3_4,B15,15 % biomass,15.0,1.35,3.4,min_surplus_loss,G6,electrofuel_use_growth_constraint,4,2050.0,-0.9999998745041851,0.0,0.9999998745041851,False,0.0001,0.0,1e-10,-10.489127781146308,4.733220898931775e-16,7.322873728136268e-16,0.6463611246969321,0.0,True,Successive iterates of the objective function are closer than ftol_rel or ftol_abs. GEMSEO stopped the driver.,0.0,36,0.4217830805543857,False,33,0.0,-104891277811.46307,,,3.7453181345368614,,,,,,,,volume,46934.56322273206,154900000000.0,18861.948311604647,0.0,0.0,0.0,0.0,0.0,0.0,
opt_B15_3_6,B15,15 % biomass,15.0,1.35,3.6,min_surplus_loss,G1,aviation_carbon_budget_constraint,0,,1.4932624808996845e-10,0.0,1.4932624808996845e-10,True,0.0001,37.75246476352373,1e-10,-12.973576204787175,0.009272461330639773,0.014236626341303632,0.6513102970005115,0.0,True,Successive iterates of the objective function are closer than ftol_rel or ftol_abs. GEMSEO stopped the driver.,0.0,30,0.5391147016177971,False,29,377524647635.2373,-129735762047.87175,3.7285873434363737,101.25138902802253,,,,,,,,,,,,,,,,,,,
opt_B15_3_6,B15,15 % biomass,15.0,1.35,3.6,min_surplus_loss,G2,blend_completeness_constraint,0,2030.0,-0.9799999899999976,0.0,0.9799999899999976,False,0.0001,0.0,1e-10,-12.973576204787175,0.009272461330639773,0.014236626341303632,0.6513102970005115,0.0,True,Successive iterates of the objective function are closer than ftol_rel or ftol_abs. GEMSEO stopped the driver.,0.0,30,0.5391147016177971,False,29,0.0,-129735762047.87175,,,1.552969421732896,,,,,,,,,,,,,,,,,,
opt_B15_3_6,B15,15 % biomass,15.0,1.35,3.6,min_surplus_loss,G2,blend_completeness_constraint,1,2035.0,-0.9507707041491451,0.0,0.9507707041491451,False,0.0001,0.0,1e-10,-12.973576204787175,0.009272461330639773,0.014236626341303632,0.6513102970005115,0.0,True,Successive iterates of the objective function are closer than ftol_rel or ftol_abs. GEMSEO stopped the driver.,0.0,30,0.5391147016177971,False,29,0.0,-129735762047.87175,,,1.9352824430911528,,,,,,,,,,,,,,,,,,
opt_B15_3_6,B15,15 % biomass,15.0,1.35,3.6,min_surplus_loss,G2,blend_completeness_constraint,2,2040.0,-0.8781163149705975,0.0,0.8781163149705975,False,0.0001,0.0,1e-10,-12.973576204787175,0.009272461330639773,0.014236626341303632,0.6513102970005115,0.0,True,Successive iterates of the objective function are closer than ftol_rel or ftol_abs. GEMSEO stopped the driver.,0.0,30,0.5391147016177971,False,29,0.0,-129735762047.87175,,,2.411714024837406,,,,,,,,,,,,,,,,,,
opt_B15_3_6,B15,15 % biomass,15.0,1.35,3.6,min_surplus_loss,G2,blend_completeness_constraint,3,2045.0,-0.6972272738482781,0.0,0.6972272738482781,False,0.0001,0.0,1e-10,-12.973576204787175,0.009272461330639773,0.014236626341303632,0.6513102970005115,0.0,True,Successive iterates of the objective function are closer than ftol_rel or ftol_abs. GEMSEO stopped the driver.,0.0,30,0.5391147016177971,False,29,0.0,-129735762047.87175,,,3.005434456537094,,,,,,,,,,,,,,,,,,
opt_B15_3_6,B15,15 % biomass,15.0,1.35,3.6,min_surplus_loss,G2,blend_completeness_constraint,4,2050.0,-0.5396495574116598,0.0,0.5396495574116598,False,0.0001,0.0,1e-10,-12.973576204787175,0.009272461330639773,0.014236626341303632,0.6513102970005115,0.0,True,Successive iterates of the objective function are closer than ftol_rel or ftol_abs. GEMSEO stopped the driver.,0.0,30,0.5391147016177971,False,29,0.0,-129735762047.87175,,,3.7453181345368614,,,,,,,,,,,,,,,,,,
opt_B15_3_6,B15,15 % biomass,15.0,1.35,3.6,min_surplus_loss,G3,biomass_trajectory_constraint,0,2030.0,-0.9528487709664197,0.0,0.9528487709664197,False,0.0001,0.0,1e-10,-12.973576204787175,0.009272461330639773,0.014236626341303632,0.6513102970005115,0.0,True,Successive iterates of the objective function are closer than ftol_rel or ftol_abs. GEMSEO stopped the driver.,0.0,30,0.5391147016177971,False,29,0.0,-129735762047.87175,,,1.552969421732896,,1675243500000.0,1.6752435,0.0,0.0,0.0,0.0,,,,,,,,,,,
opt_B15_3_6,B15,15 % biomass,15.0,1.35,3.6,min_surplus_loss,G3,biomass_trajectory_constraint,1,2035.0,-0.8992529347370908,0.0,0.8992529347370908,False,0.0001,0.0,1e-10,-12.973576204787175,0.009272461330639773,0.014236626341303632,0.6513102970005115,0.0,True,Successive iterates of the objective function are closer than ftol_rel or ftol_abs. GEMSEO stopped the driver.,0.0,30,0.5391147016177971,False,29,0.0,-129735762047.87175,,,1.9352824430911528,,1973813250000.0,1.97381325,0.0,0.0,0.0,0.0,,,,,,,,,,,
opt_B15_3_6,B15,15 % biomass,15.0,1.35,3.6,min_surplus_loss,G3,biomass_trajectory_constraint,2,2040.0,-0.7822474935331152,0.0,0.7822474935331152,False,0.0001,0.0,1e-10,-12.973576204787175,0.009272461330639773,0.014236626341303632,0.6513102970005115,0.0,True,Successive iterates of the objective function are closer than ftol_rel or ftol_abs. GEMSEO stopped the driver.,0.0,30,0.5391147016177971,False,29,0.0,-129735762047.87175,,,2.411714024837406,,2272383000000.0,2.272383,0.0,0.0,0.0,0.0,,,,,,,,,,,
opt_B15_3_6,B15,15 % biomass,15.0,1.35,3.6,min_surplus_loss,G3,biomass_trajectory_constraint,3,2045.0,-0.46902055849452834,0.0,0.46902055849452834,False,0.0001,0.0,1e-10,-12.973576204787175,0.009272461330639773,0.014236626341303632,0.6513102970005115,0.0,True,Successive iterates of the objective function are closer than ftol_rel or ftol_abs. GEMSEO stopped the driver.,0.0,30,0.5391147016177971,False,29,0.0,-129735762047.87175,,,3.005434456537094,,2318853000000.0,2.318853,0.0,0.0,0.0,0.0,,,,,,,,,,,
opt_B15_3_6,B15,15 % biomass,15.0,1.35,3.6,min_surplus_loss,G3,biomass_trajectory_constraint,4,2050.0,-0.19139507638392744,0.0,0.19139507638392744,False,0.0001,0.0,1e-10,-12.973576204787175,0.009272461330639773,0.014236626341303632,0.6513102970005115,0.0,True,Successive iterates of the objective function are closer than ftol_rel or ftol_abs. GEMSEO stopped the driver.,0.0,30,0.5391147016177971,False,29,0.0,-129735762047.87175,,,3.7453181345368614,,2365323000000.0,2.365323,0.0,0.0,0.0,0.0,,,,,,,,,,,
opt_B15_3_6,B15,15 % biomass,15.0,1.35,3.6,min_surplus_loss,G4,electricity_trajectory_constraint,0,2030.0,-0.9999999596474134,0.0,0.9999999596474134,False,0.0001,0.0,1e-10,-12.973576204787175,0.009272461330639773,0.014236626341303632,0.6513102970005115,0.0,True,Successive iterates of the objective function are closer than ftol_rel or ftol_abs. GEMSEO stopped the driver.,0.0,30,0.5391147016177971,False,29,0.0,-129735762047.87175,,,1.552969421732896,,1065287574000.0001,1.065287574,0.0,0.0,0.0,0.0,,,,,,,,,,,
opt_B15_3_6,B15,15 % biomass,15.0,1.35,3.6,min_surplus_loss,G4,electricity_trajectory_constraint,1,2035.0,-0.9999999675940241,0.0,0.9999999675940241,False,0.0001,0.0,1e-10,-12.973576204787175,0.009272461330639773,0.014236626341303632,0.6513102970005115,0.0,True,Successive iterates of the objective function are closer than ftol_rel or ftol_abs. GEMSEO stopped the driver.,0.0,30,0.5391147016177971,False,29,0.0,-129735762047.87175,,,1.9352824430911528,,1356710238000.0002,1.3567102380000002,0.0,0.0,0.0,0.0,,,,,,,,,,,
opt_B15_3_6,B15,15 % biomass,15.0,1.35,3.6,min_surplus_loss,G4,electricity_trajectory_constraint,2,2040.0,-0.9999999731895437,0.0,0.9999999731895437,False,0.0001,0.0,1e-10,-12.973576204787175,0.009272461330639773,0.014236626341303632,0.6513102970005115,0.0,True,Successive iterates of the objective function are closer than ftol_rel or ftol_abs. GEMSEO stopped the driver.,0.0,30,0.5391147016177971,False,29,0.0,-129735762047.87175,,,2.411714024837406,,1648132902000.0002,1.6481329020000002,0.0,0.0,0.0,0.0,,,,,,,,,,,
opt_B15_3_6,B15,15 % biomass,15.0,1.35,3.6,min_surplus_loss,G4,electricity_trajectory_constraint,3,2045.0,-0.9999999766459847,0.0,0.9999999766459847,False,0.0001,0.0,1e-10,-12.973576204787175,0.009272461330639773,0.014236626341303632,0.6513102970005115,0.0,True,Successive iterates of the objective function are closer than ftol_rel or ftol_abs. GEMSEO stopped the driver.,0.0,30,0.5391147016177971,False,29,0.0,-129735762047.87175,,,3.005434456537094,,1895265009000.0002,1.8952650090000003,0.0,0.0,0.0,0.0,,,,,,,,,,,
opt_B15_3_6,B15,15 % biomass,15.0,1.35,3.6,min_surplus_loss,G4,electricity_trajectory_constraint,4,2050.0,-0.9999999788925584,0.0,0.9999999788925584,False,0.0001,0.0,1e-10,-12.973576204787175,0.009272461330639773,0.014236626341303632,0.6513102970005115,0.0,True,Successive iterates of the objective function are closer than ftol_rel or ftol_abs. GEMSEO stopped the driver.,0.0,30,0.5391147016177971,False,29,0.0,-129735762047.87175,,,3.7453181345368614,,2142397116000.0002,2.142397116,0.0,0.0,0.0,0.0,,,,,,,,,,,
opt_B15_3_6,B15,15 % biomass,15.0,1.35,3.6,min_surplus_loss,G5,biofuel_use_growth_constraint,0,2030.0,-0.7576737090472064,0.0,0.7576737090472064,False,0.0001,0.0,1e-10,-12.973576204787175,0.009272461330639773,0.014236626341303632,0.6513102970005115,0.0,True,Successive iterates of the objective function are closer than ftol_rel or ftol_abs. GEMSEO stopped the driver.,0.0,30,0.5391147016177971,False,29,0.0,-129735762047.87175,,,1.552969421732896,,,,,,,,volume,89799803521.1529,154900000000.0,36088527006.63617,0.0,0.0,0.0,0.0,0.0,0.0,
opt_B15_3_6,B15,15 % biomass,15.0,1.35,3.6,min_surplus_loss,G5,biofuel_use_growth_constraint,1,2035.0,-0.3899463355229581,0.0,0.3899463355229581,False,0.0001,0.0,1e-10,-12.973576204787175,0.009272461330639773,0.014236626341303632,0.6513102970005115,0.0,True,Successive iterates of the objective function are closer than ftol_rel or ftol_abs. GEMSEO stopped the driver.,0.0,30,0.5391147016177971,False,29,0.0,-129735762047.87175,,,1.9352824430911528,,,,,,,,volume,93402431691.42697,154900000000.0,37536342468.58402,0.0,0.0,0.0,0.0,0.0,0.0,
opt_B15_3_6,B15,15 % biomass,15.0,1.35,3.6,min_surplus_loss,G5,biofuel_use_growth_constraint,2,2040.0,-1.8995074474711508e-10,0.0,1.8995074474711508e-10,True,0.0001,0.09551081685420641,1e-10,-12.973576204787175,0.009272461330639773,0.014236626341303632,0.6513102970005115,0.0,True,Successive iterates of the objective function are closer than ftol_rel or ftol_abs. GEMSEO stopped the driver.,0.0,30,0.5391147016177971,False,29,955108168.5420641,-129735762047.87175,,,2.411714024837406,,,,,,,,rate,234989449190.24857,154900000000.0,94436989290.06262,6.165966226869361,0.0,6037237530.740445,14.870547226014619,0.0,14560090424.16148,
opt_B15_3_6,B15,15 % biomass,15.0,1.35,3.6,min_surplus_loss,G5,biofuel_use_growth_constraint,3,2045.0,-6.978615550859425e-10,0.0,6.978615550859425e-10,True,0.0001,0.06801647880327022,1e-10,-12.973576204787175,0.009272461330639773,0.014236626341303632,0.6513102970005115,0.0,True,Successive iterates of the objective function are closer than ftol_rel or ftol_abs. GEMSEO stopped the driver.,0.0,30,0.5391147016177971,False,29,680164788.0327022,-129735762047.87175,,,3.005434456537094,,,,,,,,rate,584728943529.9554,154900000000.0,234989448113.56885,4.39099282138607,0.0,10698085806.236233,13.196841123800725,0.0,32152395701.05279,
opt_B15_3_6,B15,15 % biomass,15.0,1.35,3.6,min_surplus_loss,G5,biofuel_use_growth_constraint,4,2050.0,-3.531565193004991,0.0,3.531565193004991,False,0.0001,0.0,1e-10,-12.973576204787175,0.009272461330639773,0.014236626341303632,0.6513102970005115,0.0,True,Successive iterates of the objective function are closer than ftol_rel or ftol_abs. GEMSEO stopped the driver.,0.0,30,0.5391147016177971,False,29,0.0,-129735762047.87175,,,3.7453181345368614,,,,,,,,rate,1454992709558.0093,154900000000.0,584728937418.8246,0.0,0.0,0.0,0.0,0.0,0.0,
opt_B15_3_6,B15,15 % biomass,15.0,1.35,3.6,min_surplus_loss,G6,electrofuel_use_growth_constraint,0,2030.0,-0.9999998788368498,0.0,0.9999998788368498,False,0.0001,0.0,1e-10,-12.973576204787175,0.009272461330639773,0.014236626341303632,0.6513102970005115,0.0,True,Successive iterates of the objective function are closer than ftol_rel or ftol_abs. GEMSEO stopped the driver.,0.0,30,0.5391147016177971,False,29,0.0,-129735762047.87175,,,1.552969421732896,,,,,,,,volume,0.0,154900000000.0,0.0,0.0,0.0,0.0,0.0,0.0,0.0,
opt_B15_3_6,B15,15 % biomass,15.0,1.35,3.6,min_surplus_loss,G6,electrofuel_use_growth_constraint,1,2035.0,-0.9999998760791097,0.0,0.9999998760791097,False,0.0001,0.0,1e-10,-12.973576204787175,0.009272461330639773,0.014236626341303632,0.6513102970005115,0.0,True,Successive iterates of the objective function are closer than ftol_rel or ftol_abs. GEMSEO stopped the driver.,0.0,30,0.5391147016177971,False,29,0.0,-129735762047.87175,,,1.9352824430911528,,,,,,,,volume,46701.21584571349,154900000000.0,18768.17123429201,0.0,0.0,0.0,0.0,0.0,0.0,
opt_B15_3_6,B15,15 % biomass,15.0,1.35,3.6,min_surplus_loss,G6,electrofuel_use_growth_constraint,2,2040.0,-0.9999998754542962,0.0,0.9999998754542962,False,0.0001,0.0,1e-10,-12.973576204787175,0.009272461330639773,0.014236626341303632,0.6513102970005115,0.0,True,Successive iterates of the objective function are closer than ftol_rel or ftol_abs. GEMSEO stopped the driver.,0.0,30,0.5391147016177971,False,29,0.0,-129735762047.87175,,,2.411714024837406,,,,,,,,volume,47764.43541600139,154900000000.0,19195.4553337197,0.0,0.0,0.0,0.0,0.0,0.0,
opt_B15_3_6,B15,15 % biomass,15.0,1.35,3.6,min_surplus_loss,G6,electrofuel_use_growth_constraint,3,2045.0,-0.9999998752433163,0.0,0.9999998752433163,False,0.0001,0.0,1e-10,-12.973576204787175,0.009272461330639773,0.014236626341303632,0.6513102970005115,0.0,True,Successive iterates of the objective function are closer than ftol_rel or ftol_abs. GEMSEO stopped the driver.,0.0,30,0.5391147016177971,False,29,0.0,-129735762047.87175,,,3.005434456537094,,,,,,,,volume,48005.61073474369,154900000000.0,19292.37828524615,0.0,0.0,0.0,0.0,0.0,0.0,
opt_B15_3_6,B15,15 % biomass,15.0,1.35,3.6,min_surplus_loss,G6,electrofuel_use_growth_constraint,4,2050.0,-0.9999998725417679,0.0,0.9999998725417679,False,0.0001,0.0,1e-10,-12.973576204787175,0.009272461330639773,0.014236626341303632,0.6513102970005115,0.0,True,Successive iterates of the objective function are closer than ftol_rel or ftol_abs. GEMSEO stopped the driver.,0.0,30,0.5391147016177971,False,29,0.0,-129735762047.87175,,,3.7453181345368614,,,,,,,,volume,48087.72187266737,154900000000.0,19325.376909990428,0.0,0.0,0.0,0.0,0.0,0.0,
opt_B15_3_8,B15,15 % biomass,15.0,1.35,3.8,min_surplus_loss,G1,aviation_carbon_budget_constraint,0,,-6.60497586262265e-11,0.0,6.60497586262265e-11,True,0.0001,38.248010836604266,1e-10,-15.43575805668166,0.007696925126181962,0.011725790537421156,0.6564099112651164,0.0,True,Successive iterates of the objective function are closer than ftol_rel or ftol_abs. GEMSEO stopped the driver.,0.0,25,0.6597161478979078,False,24,382480108366.04266,-154357580566.8166,3.9761761796484274,96.19294796938838,,,,,,,,,,,,,,,,,,,
opt_B15_3_8,B15,15 % biomass,15.0,1.35,3.8,min_surplus_loss,G2,blend_completeness_constraint,0,2030.0,-0.9799999899949035,0.0,0.9799999899949035,False,0.0001,0.0,1e-10,-15.43575805668166,0.007696925126181962,0.011725790537421156,0.6564099112651164,0.0,True,Successive iterates of the objective function are closer than ftol_rel or ftol_abs. GEMSEO stopped the driver.,0.0,25,0.6597161478979078,False,24,0.0,-154357580566.8166,,,1.552969421732896,,,,,,,,,,,,,,,,,,
opt_B15_3_8,B15,15 % biomass,15.0,1.35,3.8,min_surplus_loss,G2,blend_completeness_constraint,1,2035.0,-0.9799999899605603,0.0,0.9799999899605603,False,0.0001,0.0,1e-10,-15.43575805668166,0.007696925126181962,0.011725790537421156,0.6564099112651164,0.0,True,Successive iterates of the objective function are closer than ftol_rel or ftol_abs. GEMSEO stopped the driver.,0.0,25,0.6597161478979078,False,24,0.0,-154357580566.8166,,,1.9352824430911528,,,,,,,,,,,,,,,,,,
opt_B15_3_8,B15,15 % biomass,15.0,1.35,3.8,min_surplus_loss,G2,blend_completeness_constraint,2,2040.0,-0.9402781541851546,0.0,0.9402781541851546,False,0.0001,0.0,1e-10,-15.43575805668166,0.007696925126181962,0.011725790537421156,0.6564099112651164,0.0,True,Successive iterates of the objective function are closer than ftol_rel or ftol_abs. GEMSEO stopped the driver.,0.0,25,0.6597161478979078,False,24,0.0,-154357580566.8166,,,2.411714024837406,,,,,,,,,,,,,,,,,,
opt_B15_3_8,B15,15 % biomass,15.0,1.35,3.8,min_surplus_loss,G2,blend_completeness_constraint,3,2045.0,-0.853546237307414,0.0,0.853546237307414,False,0.0001,0.0,1e-10,-15.43575805668166,0.007696925126181962,0.011725790537421156,0.6564099112651164,0.0,True,Successive iterates of the objective function are closer than ftol_rel or ftol_abs. GEMSEO stopped the driver.,0.0,25,0.6597161478979078,False,24,0.0,-154357580566.8166,,,3.005434456537094,,,,,,,,,,,,,,,,,,
opt_B15_3_8,B15,15 % biomass,15.0,1.35,3.8,min_surplus_loss,G2,blend_completeness_constraint,4,2050.0,-0.660091813179701,0.0,0.660091813179701,False,0.0001,0.0,1e-10,-15.43575805668166,0.007696925126181962,0.011725790537421156,0.6564099112651164,0.0,True,Successive iterates of the objective function are closer than ftol_rel or ftol_abs. GEMSEO stopped the driver.,0.0,25,0.6597161478979078,False,24,0.0,-154357580566.8166,,,3.7453181345368614,,,,,,,,,,,,,,,,,,
opt_B15_3_8,B15,15 % biomass,15.0,1.35,3.8,min_surplus_loss,G3,biomass_trajectory_constraint,0,2030.0,-0.9528487709545008,0.0,0.9528487709545008,False,0.0001,0.0,1e-10,-15.43575805668166,0.007696925126181962,0.011725790537421156,0.6564099112651164,0.0,True,Successive iterates of the objective function are closer than ftol_rel or ftol_abs. GEMSEO stopped the driver.,0.0,25,0.6597161478979078,False,24,0.0,-154357580566.8166,,,1.552969421732896,,1675243500000.0,1.6752435,0.0,0.0,0.0,0.0,,,,,,,,,,,
opt_B15_3_8,B15,15 % biomass,15.0,1.35,3.8,min_surplus_loss,G3,biomass_trajectory_constraint,1,2035.0,-0.9588521171653125,0.0,0.9588521171653125,False,0.0001,0.0,1e-10,-15.43575805668166,0.007696925126181962,0.011725790537421156,0.6564099112651164,0.0,True,Successive iterates of the objective function are closer than ftol_rel or ftol_abs. GEMSEO stopped the driver.,0.0,25,0.6597161478979078,False,24,0.0,-154357580566.8166,,,1.9352824430911528,,1973813250000.0,1.97381325,0.0,0.0,0.0,0.0,,,,,,,,,,,
opt_B15_3_8,B15,15 % biomass,15.0,1.35,3.8,min_surplus_loss,G3,biomass_trajectory_constraint,2,2040.0,-0.8922094276681781,0.0,0.8922094276681781,False,0.0001,0.0,1e-10,-15.43575805668166,0.007696925126181962,0.011725790537421156,0.6564099112651164,0.0,True,Successive iterates of the objective function are closer than ftol_rel or ftol_abs. GEMSEO stopped the driver.,0.0,25,0.6597161478979078,False,24,0.0,-154357580566.8166,,,2.411714024837406,,2272383000000.0,2.272383,0.0,0.0,0.0,0.0,,,,,,,,,,,
opt_B15_3_8,B15,15 % biomass,15.0,1.35,3.8,min_surplus_loss,G3,biomass_trajectory_constraint,3,2045.0,-0.7371576621784882,0.0,0.7371576621784882,False,0.0001,0.0,1e-10,-15.43575805668166,0.007696925126181962,0.011725790537421156,0.6564099112651164,0.0,True,Successive iterates of the objective function are closer than ftol_rel or ftol_abs. GEMSEO stopped the driver.,0.0,25,0.6597161478979078,False,24,0.0,-154357580566.8166,,,3.005434456537094,,2318853000000.0,2.318853,0.0,0.0,0.0,0.0,,,,,,,,,,,
opt_B15_3_8,B15,15 % biomass,15.0,1.35,3.8,min_surplus_loss,G3,biomass_trajectory_constraint,4,2050.0,-0.3932127994578659,0.0,0.3932127994578659,False,0.0001,0.0,1e-10,-15.43575805668166,0.007696925126181962,0.011725790537421156,0.6564099112651164,0.0,True,Successive iterates of the objective function are closer than ftol_rel or ftol_abs. GEMSEO stopped the driver.,0.0,25,0.6597161478979078,False,24,0.0,-154357580566.8166,,,3.7453181345368614,,2365323000000.0,2.365323,0.0,0.0,0.0,0.0,,,,,,,,,,,
opt_B15_3_8,B15,15 % biomass,15.0,1.35,3.8,min_surplus_loss,G4,electricity_trajectory_constraint,0,2030.0,-0.9999999596473611,0.0,0.9999999596473611,False,0.0001,0.0,1e-10,-15.43575805668166,0.007696925126181962,0.011725790537421156,0.6564099112651164,0.0,True,Successive iterates of the objective function are closer than ftol_rel or ftol_abs. GEMSEO stopped the driver.,0.0,25,0.6597161478979078,False,24,0.0,-154357580566.8166,,,1.552969421732896,,1065287574000.0001,1.065287574,0.0,0.0,0.0,0.0,,,,,,,,,,,
opt_B15_3_8,B15,15 % biomass,15.0,1.35,3.8,min_surplus_loss,G4,electricity_trajectory_constraint,1,2035.0,-0.9999999674065593,0.0,0.9999999674065593,False,0.0001,0.0,1e-10,-15.43575805668166,0.007696925126181962,0.011725790537421156,0.6564099112651164,0.0,True,Successive iterates of the objective function are closer than ftol_rel or ftol_abs. GEMSEO stopped the driver.,0.0,25,0.6597161478979078,False,24,0.0,-154357580566.8166,,,1.9352824430911528,,1356710238000.0002,1.3567102380000002,0.0,0.0,0.0,0.0,,,,,,,,,,,
opt_B15_3_8,B15,15 % biomass,15.0,1.35,3.8,min_surplus_loss,G4,electricity_trajectory_constraint,2,2040.0,-0.999999972789039,0.0,0.999999972789039,False,0.0001,0.0,1e-10,-15.43575805668166,0.007696925126181962,0.011725790537421156,0.6564099112651164,0.0,True,Successive iterates of the objective function are closer than ftol_rel or ftol_abs. GEMSEO stopped the driver.,0.0,25,0.6597161478979078,False,24,0.0,-154357580566.8166,,,2.411714024837406,,1648132902000.0002,1.6481329020000002,0.0,0.0,0.0,0.0,,,,,,,,,,,
opt_B15_3_8,B15,15 % biomass,15.0,1.35,3.8,min_surplus_loss,G4,electricity_trajectory_constraint,3,2045.0,-0.9999999758347894,0.0,0.9999999758347894,False,0.0001,0.0,1e-10,-15.43575805668166,0.007696925126181962,0.011725790537421156,0.6564099112651164,0.0,True,Successive iterates of the objective function are closer than ftol_rel or ftol_abs. GEMSEO stopped the driver.,0.0,25,0.6597161478979078,False,24,0.0,-154357580566.8166,,,3.005434456537094,,1895265009000.0002,1.8952650090000003,0.0,0.0,0.0,0.0,,,,,,,,,,,
opt_B15_3_8,B15,15 % biomass,15.0,1.35,3.8,min_surplus_loss,G4,electricity_trajectory_constraint,4,2050.0,-0.9999999780450043,0.0,0.9999999780450043,False,0.0001,0.0,1e-10,-15.43575805668166,0.007696925126181962,0.011725790537421156,0.6564099112651164,0.0,True,Successive iterates of the objective function are closer than ftol_rel or ftol_abs. GEMSEO stopped the driver.,0.0,25,0.6597161478979078,False,24,0.0,-154357580566.8166,,,3.7453181345368614,,2142397116000.0002,2.142397116,0.0,0.0,0.0,0.0,,,,,,,,,,,
opt_B15_3_8,B15,15 % biomass,15.0,1.35,3.8,min_surplus_loss,G5,biofuel_use_growth_constraint,0,2030.0,-0.7576737089858796,0.0,0.7576737089858796,False,0.0001,0.0,1e-10,-15.43575805668166,0.007696925126181962,0.011725790537421156,0.6564099112651164,0.0,True,Successive iterates of the objective function are closer than ftol_rel or ftol_abs. GEMSEO stopped the driver.,0.0,25,0.6597161478979078,False,24,0.0,-154357580566.8166,,,1.552969421732896,,,,,,,,volume,89799803521.15388,154900000000.0,36088527006.636566,0.0,0.0,0.0,0.0,0.0,0.0,
opt_B15_3_8,B15,15 % biomass,15.0,1.35,3.8,min_surplus_loss,G5,biofuel_use_growth_constraint,1,2035.0,-0.750837241330265,0.0,0.750837241330265,False,0.0001,0.0,1e-10,-15.43575805668166,0.007696925126181962,0.011725790537421156,0.6564099112651164,0.0,True,Successive iterates of the objective function are closer than ftol_rel or ftol_abs. GEMSEO stopped the driver.,0.0,25,0.6597161478979078,False,24,0.0,-154357580566.8166,,,1.9352824430911528,,,,,,,,volume,93402431691.42946,154900000000.0,37536342468.58502,0.0,0.0,0.0,0.0,0.0,0.0,
opt_B15_3_8,B15,15 % biomass,15.0,1.35,3.8,min_surplus_loss,G5,biofuel_use_growth_constraint,2,2040.0,-0.24856419372972335,0.0,0.24856419372972335,False,0.0001,0.0,1e-10,-15.43575805668166,0.007696925126181962,0.011725790537421156,0.6564099112651164,0.0,True,Successive iterates of the objective function are closer than ftol_rel or ftol_abs. GEMSEO stopped the driver.,0.0,25,0.6597161478979078,False,24,0.0,-154357580566.8166,,,2.411714024837406,,,,,,,,volume,96037484891.84459,154900000000.0,38595311250.90206,0.0,0.0,0.0,0.0,0.0,0.0,
opt_B15_3_8,B15,15 % biomass,15.0,1.35,3.8,min_surplus_loss,G5,biofuel_use_growth_constraint,3,2045.0,-1.3281982894710296e-09,0.0,1.3281982894710296e-09,True,0.0001,0.04063472211743156,1e-10,-15.43575805668166,0.007696925126181962,0.011725790537421156,0.6564099112651164,0.0,True,Successive iterates of the objective function are closer than ftol_rel or ftol_abs. GEMSEO stopped the driver.,0.0,25,0.6597161478979078,False,24,406347221.17431563,-154357580566.8166,,,3.005434456537094,,,,,,,,rate,289328943589.4471,154900000000.0,116274813363.81459,2.6232874188141744,0.0,3162470740.0708027,7.884118397904374,0.0,9504598529.999155,
opt_B15_3_8,B15,15 % biomass,15.0,1.35,3.8,min_surplus_loss,G5,biofuel_use_growth_constraint,4,2050.0,-0.2496138071025977,0.0,0.2496138071025977,False,0.0001,0.0,1e-10,-15.43575805668166,0.007696925126181962,0.011725790537421156,0.6564099112651164,0.0,True,Successive iterates of the objective function are closer than ftol_rel or ftol_abs. GEMSEO stopped the driver.,0.0,25,0.6597161478979078,False,24,0.0,-154357580566.8166,,,3.7453181345368614,,,,,,,,rate,719942986988.401,154900000000.0,289328939601.1772,0.0,0.0,0.0,0.0,0.0,0.0,
opt_B15_3_8,B15,15 % biomass,15.0,1.35,3.8,min_surplus_loss,G6,electrofuel_use_growth_constraint,0,2030.0,-0.9999998788366927,0.0,0.9999998788366927,False,0.0001,0.0,1e-10,-15.43575805668166,0.007696925126181962,0.011725790537421156,0.6564099112651164,0.0,True,Successive iterates of the objective function are closer than ftol_rel or ftol_abs. GEMSEO stopped the driver.,0.0,25,0.6597161478979078,False,24,0.0,-154357580566.8166,,,1.552969421732896,,,,,,,,volume,0.0,154900000000.0,0.0,0.0,0.0,0.0,0.0,0.0,0.0,
opt_B15_3_8,B15,15 % biomass,15.0,1.35,3.8,min_surplus_loss,G6,electrofuel_use_growth_constraint,1,2035.0,-0.9999998753622419,0.0,0.9999998753622419,False,0.0001,0.0,1e-10,-15.43575805668166,0.007696925126181962,0.011725790537421156,0.6564099112651164,0.0,True,Successive iterates of the objective function are closer than ftol_rel or ftol_abs. GEMSEO stopped the driver.,0.0,25,0.6597161478979078,False,24,0.0,-154357580566.8166,,,1.9352824430911528,,,,,,,,volume,46701.21584571472,154900000000.0,18768.17123429251,0.0,0.0,0.0,0.0,0.0,0.0,
opt_B15_3_8,B15,15 % biomass,15.0,1.35,3.8,min_surplus_loss,G6,electrofuel_use_growth_constraint,2,2040.0,-0.9999998735937851,0.0,0.9999998735937851,False,0.0001,0.0,1e-10,-15.43575805668166,0.007696925126181962,0.011725790537421156,0.6564099112651164,0.0,True,Successive iterates of the objective function are closer than ftol_rel or ftol_abs. GEMSEO stopped the driver.,0.0,25,0.6597161478979078,False,24,0.0,-154357580566.8166,,,2.411714024837406,,,,,,,,volume,48018.742445922304,154900000000.0,19297.655625451032,0.0,0.0,0.0,0.0,0.0,0.0,
opt_B15_3_8,B15,15 % biomass,15.0,1.35,3.8,min_surplus_loss,G6,electrofuel_use_growth_constraint,3,2045.0,-0.9999998709099274,0.0,0.9999998709099274,False,0.0001,0.0,1e-10,-15.43575805668166,0.007696925126181962,0.011725790537421156,0.6564099112651164,0.0,True,Successive iterates of the objective function are closer than ftol_rel or ftol_abs. GEMSEO stopped the driver.,0.0,25,0.6597161478979078,False,24,0.0,-154357580566.8166,,,3.005434456537094,,,,,,,,volume,48497.67746209173,154900000000.0,19490.128866902865,0.0,0.0,0.0,0.0,0.0,0.0,
opt_B15_3_8,B15,15 % biomass,15.0,1.35,3.8,min_surplus_loss,G6,electrofuel_use_growth_constraint,4,2050.0,-0.9999998674237747,0.0,0.9999998674237747,False,0.0001,0.0,1e-10,-15.43575805668166,0.007696925126181962,0.011725790537421156,0.6564099112651164,0.0,True,Successive iterates of the objective function are closer than ftol_rel or ftol_abs. GEMSEO stopped the driver.,0.0,25,0.6597161478979078,False,24,0.0,-154357580566.8166,,,3.7453181345368614,,,,,,,,volume,49211.37853449408,154900000000.0,19776.949321025466,0.0,0.0,0.0,0.0,0.0,0.0,
opt_B15_mincarb,B15,15 % biomass,15.0,1.35,,min_co2,G2,blend_completeness_constraint,0,2030.0,-0.8241259972147793,0.0,0.8241259972147793,False,0.0001,0.0,10.0,-2.3923891346019954,0.003664525106265821,0.06631373538776744,0.055260423573451685,0.0,True,Successive iterates of the objective function are closer than ftol_rel or ftol_abs. GEMSEO stopped the driver.,0.0,13,7.166155405751093e-17,True,12,,,,,1.552969421732896,,,,,,,,,,,,,,,,,,0.0
opt_B15_mincarb,B15,15 % biomass,15.0,1.35,,min_co2,G2,blend_completeness_constraint,1,2035.0,-0.5387324306393464,0.0,0.5387324306393464,False,0.0001,0.0,10.0,-2.3923891346019954,0.003664525106265821,0.06631373538776744,0.055260423573451685,0.0,True,Successive iterates of the objective function are closer than ftol_rel or ftol_abs. GEMSEO stopped the driver.,0.0,13,7.166155405751093e-17,True,12,,,,,1.9352824430911528,,,,,,,,,,,,,,,,,,0.0
opt_B15_mincarb,B15,15 % biomass,15.0,1.35,,min_co2,G2,blend_completeness_constraint,2,2040.0,0.0,0.0,0.0,True,0.0001,0.9822884086505793,10.0,-2.3923891346019954,0.003664525106265821,0.06631373538776744,0.055260423573451685,0.0,True,Successive iterates of the objective function are closer than ftol_rel or ftol_abs. GEMSEO stopped the driver.,0.0,13,7.166155405751093e-17,True,12,,,,,2.411714024837406,,,,,,,,,,,,,,,,,,0.24465299084868608
opt_B15_mincarb,B15,15 % biomass,15.0,1.35,,min_co2,G2,blend_completeness_constraint,3,2045.0,0.0,0.0,0.0,True,0.0001,0.028766931624198636,10.0,-2.3923891346019954,0.003664525106265821,0.06631373538776744,0.055260423573451685,0.0,True,Successive iterates of the objective function are closer than ftol_rel or ftol_abs. GEMSEO stopped the driver.,0.0,13,7.166155405751093e-17,True,12,,,,,3.005434456537094,,,,,,,,,,,,,,,,,,0.007164816155235099
opt_B15_mincarb,B15,15 % biomass,15.0,1.35,,min_co2,G2,blend_completeness_constraint,4,2050.0,0.0,0.0,0.0,True,0.0001,0.009610712250313855,10.0,-2.3923891346019954,0.003664525106265821,0.06631373538776744,0.055260423573451685,0.0,True,Successive iterates of the objective function are closer than ftol_rel or ftol_abs. GEMSEO stopped the driver.,0.0,13,7.166155405751093e-17,True,12,,,,,3.7453181345368614,,,,,,,,,,,,,,,,,,0.002393685475180838
opt_B15_mincarb,B15,15 % biomass,15.0,1.35,,min_co2,G3,biomass_trajectory_constraint,0,2030.0,-0.8054225612575127,0.0,0.8054225612575127,False,0.0001,0.0,10.0,-2.3923891346019954,0.003664525106265821,0.06631373538776744,0.055260423573451685,0.0,True,Successive iterates of the objective function are closer than ftol_rel or ftol_abs. GEMSEO stopped the driver.,0.0,13,7.166155405751093e-17,True,12,,,,,1.552969421732896,,1675243500000.0,1.6752435,,,,,,,,,,,,,,,0.0
opt_B15_mincarb,B15,15 % biomass,15.0,1.35,,min_co2,G3,biomass_trajectory_constraint,1,2035.0,-0.5890674017186581,0.0,0.5890674017186581,False,0.0001,0.0,10.0,-2.3923891346019954,0.003664525106265821,0.06631373538776744,0.055260423573451685,0.0,True,Successive iterates of the objective function are closer than ftol_rel or ftol_abs. GEMSEO stopped the driver.,0.0,13,7.166155405751093e-17,True,12,,,,,1.9352824430911528,,1973813250000.0,1.97381325,,,,,,,,,,,,,,,0.0
opt_B15_mincarb,B15,15 % biomass,15.0,1.35,,min_co2,G3,biomass_trajectory_constraint,2,2040.0,-0.11184292588619243,0.0,0.11184292588619243,False,0.0001,0.0,10.0,-2.3923891346019954,0.003664525106265821,0.06631373538776744,0.055260423573451685,0.0,True,Successive iterates of the objective function are closer than ftol_rel or ftol_abs. GEMSEO stopped the driver.,0.0,13,7.166155405751093e-17,True,12,,,,,2.411714024837406,,2272383000000.0,2.272383,,,,,,,,,,,,,,,0.0
opt_B15_mincarb,B15,15 % biomass,15.0,1.35,,min_co2,G3,biomass_trajectory_constraint,3,2045.0,-0.1356099496706888,0.0,0.1356099496706888,False,0.0001,0.0,10.0,-2.3923891346019954,0.003664525106265821,0.06631373538776744,0.055260423573451685,0.0,True,Successive iterates of the objective function are closer than ftol_rel or ftol_abs. GEMSEO stopped the driver.,0.0,13,7.166155405751093e-17,True,12,,,,,3.005434456537094,,2318853000000.0,2.318853,,,,,,,,,,,,,,,0.0
opt_B15_mincarb,B15,15 % biomass,15.0,1.35,,min_co2,G3,biomass_trajectory_constraint,4,2050.0,-0.22024622289868517,0.0,0.22024622289868517,False,0.0001,0.0,10.0,-2.3923891346019954,0.003664525106265821,0.06631373538776744,0.055260423573451685,0.0,True,Successive iterates of the objective function are closer than ftol_rel or ftol_abs. GEMSEO stopped the driver.,0.0,13,7.166155405751093e-17,True,12,,,,,3.7453181345368614,,2365323000000.0,2.365323,,,,,,,,,,,,,,,0.0
opt_B15_mincarb,B15,15 % biomass,15.0,1.35,,min_co2,G4,electricity_trajectory_constraint,0,2030.0,-0.6669566077187717,0.0,0.6669566077187717,False,0.0001,0.0,10.0,-2.3923891346019954,0.003664525106265821,0.06631373538776744,0.055260423573451685,0.0,True,Successive iterates of the objective function are closer than ftol_rel or ftol_abs. GEMSEO stopped the driver.,0.0,13,7.166155405751093e-17,True,12,,,,,1.552969421732896,,1065287574000.0001,1.065287574,,,,,,,,,,,,,,,0.0
opt_B15_mincarb,B15,15 % biomass,15.0,1.35,,min_co2,G4,electricity_trajectory_constraint,1,2035.0,-0.34929100425409515,0.0,0.34929100425409515,False,0.0001,0.0,10.0,-2.3923891346019954,0.003664525106265821,0.06631373538776744,0.055260423573451685,0.0,True,Successive iterates of the objective function are closer than ftol_rel or ftol_abs. GEMSEO stopped the driver.,0.0,13,7.166155405751093e-17,True,12,,,,,1.9352824430911528,,1356710238000.0002,1.3567102380000002,,,,,,,,,,,,,,,0.0
opt_B15_mincarb,B15,15 % biomass,15.0,1.35,,min_co2,G4,electricity_trajectory_constraint,2,2040.0,-0.17385476503323788,0.0,0.17385476503323788,False,0.0001,0.0,10.0,-2.3923891346019954,0.003664525106265821,0.06631373538776744,0.055260423573451685,0.0,True,Successive iterates of the objective function are closer than ftol_rel or ftol_abs. GEMSEO stopped the driver.,0.0,13,7.166155405751093e-17,True,12,,,,,2.411714024837406,,1648132902000.0002,1.6481329020000002,,,,,,,,,,,,,,,0.0
opt_B15_mincarb,B15,15 % biomass,15.0,1.35,,min_co2,G4,electricity_trajectory_constraint,3,2045.0,-0.19348404400139074,0.0,0.19348404400139074,False,0.0001,0.0,10.0,-2.3923891346019954,0.003664525106265821,0.06631373538776744,0.055260423573451685,0.0,True,Successive iterates of the objective function are closer than ftol_rel or ftol_abs. GEMSEO stopped the driver.,0.0,13,7.166155405751093e-17,True,12,,,,,3.005434456537094,,1895265009000.0002,1.8952650090000003,,,,,,,,,,,,,,,0.0
opt_B15_mincarb,B15,15 % biomass,15.0,1.35,,min_co2,G4,electricity_trajectory_constraint,4,2050.0,-0.11586389458925722,0.0,0.11586389458925722,False,0.0001,0.0,10.0,-2.3923891346019954,0.003664525106265821,0.06631373538776744,0.055260423573451685,0.0,True,Successive iterates of the objective function are closer than ftol_rel or ftol_abs. GEMSEO stopped the driver.,0.0,13,7.166155405751093e-17,True,12,,,,,3.7453181345368614,,2142397116000.0002,2.142397116,,,,,,,,,,,,,,,0.0
opt_B15_mincarb,B15,15 % biomass,15.0,1.35,,min_co2,G5,biofuel_use_growth_constraint,0,2030.0,0.0,0.0,0.0,True,0.0001,0.901355462088331,10.0,-2.3923891346019954,0.003664525106265821,0.06631373538776744,0.055260423573451685,0.0,True,Successive iterates of the objective function are closer than ftol_rel or ftol_abs. GEMSEO stopped the driver.,0.0,13,7.166155405751093e-17,True,12,,,,,1.552969421732896,,,,,,,,volume,89799803521.15381,154900000000.0,36088527006.636536,,,0.0,,,0.0,0.22449548185206472
opt_B15_mincarb,B15,15 % biomass,15.0,1.35,,min_co2,G5,biofuel_use_growth_constraint,1,2035.0,-3.9402941413815366e-16,0.0,3.9402941413815366e-16,True,0.0001,0.2568867378641585,10.0,-2.3923891346019954,0.003664525106265821,0.06631373538776744,0.055260423573451685,0.0,True,Successive iterates of the objective function are closer than ftol_rel or ftol_abs. GEMSEO stopped the driver.,0.0,13,7.166155405751093e-17,True,12,,,,,1.9352824430911528,,,,,,,,rate,385440768705.63525,154900000000.0,154900000283.579,,0.0,,,0.0,,0.06398131971664668
opt_B15_mincarb,B15,15 % biomass,15.0,1.35,,min_co2,G5,biofuel_use_growth_constraint,2,2040.0,-0.00016500158480364097,0.0,0.00016500158480364097,False,0.0001,0.0,10.0,-2.3923891346019954,0.003664525106265821,0.06631373538776744,0.055260423573451685,0.0,True,Successive iterates of the objective function are closer than ftol_rel or ftol_abs. GEMSEO stopped the driver.,0.0,13,7.166155405751093e-17,True,12,,,,,2.411714024837406,,,,,,,,rate,959099972517.7795,154900000000.0,385440768276.4997,,0.0,,,0.0,,0.0
opt_B15_mincarb,B15,15 % biomass,15.0,1.35,,min_co2,G5,biofuel_use_growth_constraint,3,2045.0,-9.257496873358258,0.0,9.257496873358258,False,0.0001,0.0,10.0,-2.3923891346019954,0.003664525106265821,0.06631373538776744,0.055260423573451685,0.0,True,Successive iterates of the objective function are closer than ftol_rel or ftol_abs. GEMSEO stopped the driver.,0.0,13,7.166155405751093e-17,True,12,,,,,3.005434456537094,,,,,,,,rate,2386120640363.3804,154900000000.0,958928369487.5985,,0.0,,,0.0,,0.0
opt_B15_mincarb,B15,15 % biomass,15.0,1.35,,min_co2,G5,biofuel_use_growth_constraint,4,2050.0,-9.64277377281558,0.0,9.64277377281558,False,0.0001,0.0,10.0,-2.3923891346019954,0.003664525106265821,0.06631373538776744,0.055260423573451685,0.0,True,Successive iterates of the objective function are closer than ftol_rel or ftol_abs. GEMSEO stopped the driver.,0.0,13,7.166155405751093e-17,True,12,,,,,3.7453181345368614,,,,,,,,rate,2369677724454.6353,154900000000.0,952320330365.321,,0.0,,,0.0,,0.0
opt_B15_mincarb,B15,15 % biomass,15.0,1.35,,min_co2,G6,electrofuel_use_growth_constraint,0,2030.0,0.0,0.0,0.0,True,0.0001,1.006469256879867,10.0,-2.3923891346019954,0.003664525106265821,0.06631373538776744,0.055260423573451685,0.0,True,Successive iterates of the objective function are closer than ftol_rel or ftol_abs. GEMSEO stopped the driver.,0.0,13,7.166155405751093e-17,True,12,,,,,1.552969421732896,,,,,,,,volume,0.0,154900000000.0,0.0,,,0.0,,,0.0,0.250675577278959
opt_B15_mincarb,B15,15 % biomass,15.0,1.35,,min_co2,G6,electrofuel_use_growth_constraint,1,2035.0,0.0,0.0,0.0,True,0.0001,0.30599825567206745,10.0,-2.3923891346019954,0.003664525106265821,0.06631373538776744,0.055260423573451685,0.0,True,Successive iterates of the objective function are closer than ftol_rel or ftol_abs. GEMSEO stopped the driver.,0.0,13,7.166155405751093e-17,True,12,,,,,1.9352824430911528,,,,,,,,rate,385440768705.63495,154900000000.0,154900000283.5789,,0.0,,,0.0,,0.0762132463188647
opt_B15_mincarb,B15,15 % biomass,15.0,1.35,,min_co2,G6,electrofuel_use_growth_constraint,2,2040.0,-2.353948702062536,0.0,2.353948702062536,False,0.0001,0.0,10.0,-2.3923891346019954,0.003664525106265821,0.06631373538776744,0.055260423573451685,0.0,True,Successive iterates of the objective function are closer than ftol_rel or ftol_abs. GEMSEO stopped the driver.,0.0,13,7.166155405751093e-17,True,12,,,,,2.411714024837406,,,,,,,,rate,959099972516.2795,154900000000.0,385440768275.8969,,0.0,,,0.0,,0.0
opt_B15_mincarb,B15,15 % biomass,15.0,1.35,,min_co2,G6,electrofuel_use_growth_constraint,3,2045.0,-5.24125179261507,0.0,5.24125179261507,False,0.0001,0.0,10.0,-2.3923891346019954,0.003664525106265821,0.06631373538776744,0.055260423573451685,0.0,True,Successive iterates of the objective function are closer than ftol_rel or ftol_abs. GEMSEO stopped the driver.,0.0,13,7.166155405751093e-17,True,12,,,,,3.005434456537094,,,,,,,,rate,1479535781085.3057,154900000000.0,594592247414.0408,,0.0,,,0.0,,0.0
opt_B15_mincarb,B15,15 % biomass,15.0,1.35,,min_co2,G6,electrofuel_use_growth_constraint,4,2050.0,-5.381762871697593,0.0,5.381762871697593,False,0.0001,0.0,10.0,-2.3923891346019954,0.003664525106265821,0.06631373538776744,0.055260423573451685,0.0,True,Successive iterates of the objective function are closer than ftol_rel or ftol_abs. GEMSEO stopped the driver.,0.0,13,7.166155405751093e-17,True,12,,,,,3.7453181345368614,,,,,,,,rate,1660997512797.434,154900000000.0,667517647568.4135,,0.0,,,0.0,,0.0
opt_B5_2_0,B5,5 % biomass,5.0,1.35,2.0,min_surplus_loss,G1,aviation_carbon_budget_constraint,0,,0.33788261713056844,0.0,0.33788261713056844,False,0.0001,73.10734760887378,1e-10,21.556912633802387,3.4910636530039777e-16,6.178959818415513e-16,0.5649921274126687,0.33778261713712104,False,Maximum number of iterations reached. GEMSEO stopped the driver.,0.0,50,0.24522414029098602,False,8,731073476088.7378,215569126338.02386,1.7478766537399129,418.26376851276535,,,,,,,,,,,,,,,,,,,
opt_B5_2_0,B5,5 % biomass,5.0,1.35,2.0,min_surplus_loss,G2,blend_completeness_constraint,0,2030.0,-0.8241213485509187,0.0,0.8241213485509187,False,0.0001,0.0,1e-10,21.556912633802387,3.4910636530039777e-16,6.178959818415513e-16,0.5649921274126687,0.33778261713712104,False,Maximum number of iterations reached. GEMSEO stopped the driver.,0.0,50,0.24522414029098602,False,8,0.0,215569126338.02386,,,1.552969421732896,,,,,,,,,,,,,,,,,,
opt_B5_2_0,B5,5 % biomass,5.0,1.35,2.0,min_surplus_loss,G2,blend_completeness_constraint,1,2035.0,-0.5853860660237659,0.0,0.5853860660237659,False,0.0001,0.0,1e-10,21.556912633802387,3.4910636530039777e-16,6.178959818415513e-16,0.5649921274126687,0.33778261713712104,False,Maximum number of iterations reached. GEMSEO stopped the driver.,0.0,50,0.24522414029098602,False,8,0.0,215569126338.02386,,,1.9352824430911528,,,,,,,,,,,,,,,,,,
opt_B5_2_0,B5,5 % biomass,5.0,1.35,2.0,min_surplus_loss,G2,blend_completeness_constraint,2,2040.0,-0.3223852716656785,0.0,0.3223852716656785,False,0.0001,0.0,1e-10,21.556912633802387,3.4910636530039777e-16,6.178959818415513e-16,0.5649921274126687,0.33778261713712104,False,Maximum number of iterations reached. GEMSEO stopped the driver.,0.0,50,0.24522414029098602,False,8,0.0,215569126338.02386,,,2.411714024837406,,,,,,,,,,,,,,,,,,
opt_B5_2_0,B5,5 % biomass,5.0,1.35,2.0,min_surplus_loss,G2,blend_completeness_constraint,3,2045.0,-0.2730206330055918,0.0,0.2730206330055918,False,0.0001,0.0,1e-10,21.556912633802387,3.4910636530039777e-16,6.178959818415513e-16,0.5649921274126687,0.33778261713712104,False,Maximum number of iterations reached. GEMSEO stopped the driver.,0.0,50,0.24522414029098602,False,8,0.0,215569126338.02386,,,3.005434456537094,,,,,,,,,,,,,,,,,,
opt_B5_2_0,B5,5 % biomass,5.0,1.35,2.0,min_surplus_loss,G2,blend_completeness_constraint,4,2050.0,-0.24522414029098458,0.0,0.24522414029098458,False,0.0001,0.0,1e-10,21.556912633802387,3.4910636530039777e-16,6.178959818415513e-16,0.5649921274126687,0.33778261713712104,False,Maximum number of iterations reached. GEMSEO stopped the driver.,0.0,50,0.24522414029098602,False,8,0.0,215569126338.02386,,,3.7453181345368614,,,,,,,,,,,,,,,,,,
opt_B5_2_0,B5,5 % biomass,5.0,1.35,2.0,min_surplus_loss,G3,biomass_trajectory_constraint,0,2030.0,-0.4162378482843252,0.0,0.4162378482843252,False,0.0001,0.0,1e-10,21.556912633802387,3.4910636530039777e-16,6.178959818415513e-16,0.5649921274126687,0.33778261713712104,False,Maximum number of iterations reached. GEMSEO stopped the driver.,0.0,50,0.24522414029098602,False,8,0.0,215569126338.02386,,,1.552969421732896,,558414500000.0001,0.5584145000000001,0.0,0.0,0.0,0.0,,,,,,,,,,,
opt_B5_2_0,B5,5 % biomass,5.0,1.35,2.0,min_surplus_loss,G3,biomass_trajectory_constraint,1,2035.0,0.00026522080238009947,0.0,0.00026522080238009947,False,0.0001,3.459222997387513,1e-10,21.556912633802387,3.4910636530039777e-16,6.178959818415513e-16,0.5649921274126687,0.33778261713712104,False,Maximum number of iterations reached. GEMSEO stopped the driver.,0.0,50,0.24522414029098602,False,8,34592229973.87513,215569126338.02386,,,1.9352824430911528,,657937750000.0001,0.6579377500000001,52.576752092238394,52576752092.238396,101.750865238865,101750865238.865,,,,,,,,,,,
opt_B5_2_0,B5,5 % biomass,5.0,1.35,2.0,min_surplus_loss,G3,biomass_trajectory_constraint,2,2040.0,0.00015970718804595663,0.0,0.00015970718804595663,False,0.0001,4.3076555693131535,1e-10,21.556912633802387,3.4910636530039777e-16,6.178959818415513e-16,0.5649921274126687,0.33778261713712104,False,Maximum number of iterations reached. GEMSEO stopped the driver.,0.0,50,0.24522414029098602,False,8,43076555693.13153,215569126338.02386,,,2.411714024837406,,757461000000.0,0.757461,56.8696681322623,56869668132.2623,137.15337622242586,137153376222.42586,,,,,,,,,,,
opt_B5_2_0,B5,5 % biomass,5.0,1.35,2.0,min_surplus_loss,G3,biomass_trajectory_constraint,3,2045.0,3.2251534776150946e-12,0.0,3.2251534776150946e-12,True,0.0001,4.639131686580759,1e-10,21.556912633802387,3.4910636530039777e-16,6.178959818415513e-16,0.5649921274126687,0.33778261713712104,False,Maximum number of iterations reached. GEMSEO stopped the driver.,0.0,50,0.24522414029098602,False,8,46391316865.807594,215569126338.02386,,,3.005434456537094,,772951000000.0,0.772951,60.01844472134404,60018444721.34404,180.38150179329423,180381501793.29425,,,,,,,,,,,
opt_B5_2_0,B5,5 % biomass,5.0,1.35,2.0,min_surplus_loss,G3,biomass_trajectory_constraint,4,2050.0,4.575895218295045e-12,0.0,4.575895218295045e-12,True,0.0001,2.9066373736441746,1e-10,21.556912633802387,3.4910636530039777e-16,6.178959818415513e-16,0.5649921274126687,0.33778261713712104,False,Maximum number of iterations reached. GEMSEO stopped the driver.,0.0,50,0.24522414029098602,False,8,29066373736.441746,215569126338.02386,,,3.7453181345368614,,788441000000.0001,0.7884410000000002,36.86562943383429,36865629433.83429,138.07351045965547,138073510459.65546,,,,,,,,,,,
opt_B5_2_0,B5,5 % biomass,5.0,1.35,2.0,min_surplus_loss,G4,electricity_trajectory_constraint,0,2030.0,-0.6669566077194733,0.0,0.6669566077194733,False,0.0001,0.0,1e-10,21.556912633802387,3.4910636530039777e-16,6.178959818415513e-16,0.5649921274126687,0.33778261713712104,False,Maximum number of iterations reached. GEMSEO stopped the driver.,0.0,50,0.24522414029098602,False,8,0.0,215569126338.02386,,,1.552969421732896,,1065287574000.0001,1.065287574,0.0,0.0,0.0,0.0,,,,,,,,,,,
opt_B5_2_0,B5,5 % biomass,5.0,1.35,2.0,min_surplus_loss,G4,electricity_trajectory_constraint,1,2035.0,-0.3492910042507539,0.0,0.3492910042507539,False,0.0001,0.0,1e-10,21.556912633802387,3.4910636530039777e-16,6.178959818415513e-16,0.5649921274126687,0.33778261713712104,False,Maximum number of iterations reached. GEMSEO stopped the driver.,0.0,50,0.24522414029098602,False,8,0.0,215569126338.02386,,,1.9352824430911528,,1356710238000.0002,1.3567102380000002,0.0,0.0,0.0,0.0,,,,,,,,,,,
opt_B5_2_0,B5,5 % biomass,5.0,1.35,2.0,min_surplus_loss,G4,electricity_trajectory_constraint,2,2040.0,1.213038558489643e-12,0.0,1.213038558489643e-12,True,0.0001,5.725019708711052,1e-10,21.556912633802387,3.4910636530039777e-16,6.178959818415513e-16,0.5649921274126687,0.33778261713712104,False,Maximum number of iterations reached. GEMSEO stopped the driver.,0.0,50,0.24522414029098602,False,8,57250197087.11052,215569126338.02386,,,2.411714024837406,,1648132902000.0002,1.6481329020000002,34.73639596517837,34736395965.17837,83.77425332152615,83774253321.52614,,,,,,,,,,,
opt_B5_2_0,B5,5 % biomass,5.0,1.35,2.0,min_surplus_loss,G4,electricity_trajectory_constraint,3,2045.0,3.278017857155646e-12,0.0,3.278017857155646e-12,True,0.0001,9.752627430048598,1e-10,21.556912633802387,3.4910636530039777e-16,6.178959818415513e-16,0.5649921274126687,0.33778261713712104,False,Maximum number of iterations reached. GEMSEO stopped the driver.,0.0,50,0.24522414029098602,False,8,97526274300.48598,215569126338.02386,,,3.005434456537094,,1895265009000.0002,1.8952650090000003,51.45785620341496,51457856203.41496,154.65321409327439,154653214093.27438,,,,,,,,,,,
opt_B5_2_0,B5,5 % biomass,5.0,1.35,2.0,min_surplus_loss,G4,electricity_trajectory_constraint,4,2050.0,4.582290102916886e-12,0.0,4.582290102916886e-12,True,0.0001,7.740758891093769,1e-10,21.556912633802387,3.4910636530039777e-16,6.178959818415513e-16,0.5649921274126687,0.33778261713712104,False,Maximum number of iterations reached. GEMSEO stopped the driver.,0.0,50,0.24522414029098602,False,8,77407588910.93768,215569126338.02386,,,3.7453181345368614,,2142397116000.0002,2.142397116,36.13129812994841,36131298129.94841,135.32320611045358,135323206110.45357,,,,,,,,,,,
opt_B5_2_0,B5,5 % biomass,5.0,1.35,2.0,min_surplus_loss,G5,biofuel_use_growth_constraint,0,2030.0,5.111159707095871e-05,0.0,5.111159707095871e-05,True,0.0001,1.5774719424793318,1e-10,21.556912633802387,3.4910636530039777e-16,6.178959818415513e-16,0.5649921274126687,0.33778261713712104,False,Maximum number of iterations reached. GEMSEO stopped the driver.,0.0,50,0.24522414029098602,False,8,15774719424.793318,215569126338.02386,,,1.552969421732896,,,,,,,,volume,89799803521.1634,154900000000.0,36088527006.640396,101.8380853763287,509190426881.6435,0.0,158.1514325572625,790757162786.3124,0.0,
opt_B5_2_0,B5,5 % biomass,5.0,1.35,2.0,min_surplus_loss,G5,biofuel_use_growth_constraint,1,2035.0,-0.469478649908123,0.0,0.469478649908123,False,0.0001,0.0,1e-10,21.556912633802387,3.4910636530039777e-16,6.178959818415513e-16,0.5649921274126687,0.33778261713712104,False,Maximum number of iterations reached. GEMSEO stopped the driver.,0.0,50,0.24522414029098602,False,8,0.0,215569126338.02386,,,1.9352824430911528,,,,,,,,rate,385460468493.22327,154900000000.0,154907917186.38412,0.0,0.0,0.0,0.0,0.0,0.0,
opt_B5_2_0,B5,5 % biomass,5.0,1.35,2.0,min_surplus_loss,G5,biofuel_use_growth_constraint,2,2040.0,-2.6997162491386804,0.0,2.6997162491386804,False,0.0001,0.0,1e-10,21.556912633802387,3.4910636530039777e-16,6.178959818415513e-16,0.5649921274126687,0.33778261713712104,False,Maximum number of iterations reached. GEMSEO stopped the driver.,0.0,50,0.24522414029098602,False,8,0.0,215569126338.02386,,,2.411714024837406,,,,,,,,rate,778192781580.8774,154900000000.0,312738225622.45917,0.0,0.0,0.0,0.0,0.0,0.0,
opt_B5_2_0,B5,5 % biomass,5.0,1.35,2.0,min_surplus_loss,G5,biofuel_use_growth_constraint,3,2045.0,-3.4118901509753425,0.0,3.4118901509753425,False,0.0001,0.0,1e-10,21.556912633802387,3.4910636530039777e-16,6.178959818415513e-16,0.5649921274126687,0.33778261713712104,False,Maximum number of iterations reached. GEMSEO stopped the driver.,0.0,50,0.24522414029098602,False,8,0.0,215569126338.02386,,,3.005434456537094,,,,,,,,rate,895811957813.2422,154900000000.0,360006734589.29816,0.0,0.0,0.0,0.0,0.0,0.0,
opt_B5_2_0,B5,5 % biomass,5.0,1.35,2.0,min_surplus_loss,G5,biofuel_use_growth_constraint,4,2050.0,-3.4816923950643224,0.0,3.4816923950643224,False,0.0001,0.0,1e-10,21.556912633802387,3.4910636530039777e-16,6.178959818415513e-16,0.5649921274126687,0.33778261713712104,False,Maximum number of iterations reached. GEMSEO stopped the driver.,0.0,50,0.24522414029098602,False,8,0.0,215569126338.02386,,,3.7453181345368614,,,,,,,,rate,913985250742.2778,154900000000.0,367310173427.1629,0.0,0.0,0.0,0.0,0.0,0.0,
opt_B5_2_0,B5,5 % biomass,5.0,1.35,2.0,min_surplus_loss,G6,electrofuel_use_growth_constraint,0,2030.0,2.571829986079729e-12,0.0,2.571829986079729e-12,True,0.0001,0.0,1e-10,21.556912633802387,3.4910636530039777e-16,6.178959818415513e-16,0.5649921274126687,0.33778261713712104,False,Maximum number of iterations reached. GEMSEO stopped the driver.,0.0,50,0.24522414029098602,False,8,0.0,215569126338.02386,,,1.552969421732896,,,,,,,,volume,0.0,154900000000.0,0.0,0.0,0.0,0.0,0.0,0.0,0.0,
opt_B5_2_0,B5,5 % biomass,5.0,1.35,2.0,min_surplus_loss,G6,electrofuel_use_growth_constraint,1,2035.0,1.3112904873103615e-11,0.0,1.3112904873103615e-11,True,0.0001,0.4333388090160224,1e-10,21.556912633802387,3.4910636530039777e-16,6.178959818415513e-16,0.5649921274126687,0.33778261713712104,False,Maximum number of iterations reached. GEMSEO stopped the driver.,0.0,50,0.24522414029098602,False,8,4333388090.160224,215569126338.02386,,,1.9352824430911528,,,,,,,,rate,385440768000.9881,154900000000.0,154900000000.39713,27.97539115661862,0.0,44928567718.89639,54.140283344011515,0.0,86949468299.61212,
opt_B5_2_0,B5,5 % biomass,5.0,1.35,2.0,min_surplus_loss,G6,electrofuel_use_growth_constraint,2,2040.0,-1.5463211154195902,0.0,1.5463211154195902,False,0.0001,0.0,1e-10,21.556912633802387,3.4910636530039777e-16,6.178959818415513e-16,0.5649921274126687,0.33778261713712104,False,Maximum number of iterations reached. GEMSEO stopped the driver.,0.0,50,0.24522414029098602,False,8,0.0,215569126338.02386,,,2.411714024837406,,,,,,,,rate,959099971837.2709,154900000000.0,385440768003.01855,0.0,0.0,0.0,0.0,0.0,0.0,
opt_B5_2_0,B5,5 % biomass,5.0,1.35,2.0,min_surplus_loss,G6,electrofuel_use_growth_constraint,3,2045.0,-6.217299765897361,0.0,6.217299765897361,False,0.0001,0.0,1e-10,21.556912633802387,3.4910636530039777e-16,6.178959818415513e-16,0.5649921274126687,0.33778261713712104,False,Maximum number of iterations reached. GEMSEO stopped the driver.,0.0,50,0.24522414029098602,False,8,0.0,215569126338.02386,,,3.005434456537094,,,,,,,,rate,1790532443620.192,154900000000.0,719574831058.7836,0.0,0.0,0.0,0.0,0.0,0.0,
opt_B5_2_0,B5,5 % biomass,5.0,1.35,2.0,min_surplus_loss,G6,electrofuel_use_growth_constraint,4,2050.0,-7.254011005478453,0.0,7.254011005478453,False,0.0001,0.0,1e-10,21.556912633802387,3.4910636530039777e-16,6.178959818415513e-16,0.5649921274126687,0.33778261713712104,False,Maximum number of iterations reached. GEMSEO stopped the driver.,0.0,50,0.24522414029098602,False,8,0.0,215569126338.02386,,,3.7453181345368614,,,,,,,,rate,2059016893455.3064,154900000000.0,827472709882.6947,0.0,0.0,0.0,0.0,0.0,0.0,
opt_B5_2_2,B5,5 % biomass,5.0,1.35,2.2,min_surplus_loss,G1,aviation_carbon_budget_constraint,0,,0.1718840301176662,0.0,0.1718840301176662,False,0.0001,83.46308496748472,1e-10,21.556907580517414,5.38781765530132e-16,9.536092690438872e-16,0.5649921650513404,0.1717840301229642,False,Positive directional derivative for linesearch,0.0,6,0.24522413029102738,False,6,834630849674.8472,215569075805.17413,1.9954654899519684,418.26373539285663,,,,,,,,,,,,,,,,,,,
opt_B5_2_2,B5,5 % biomass,5.0,1.35,2.2,min_surplus_loss,G2,blend_completeness_constraint,0,2030.0,-0.8241213748104462,0.0,0.8241213748104462,False,0.0001,0.0,1e-10,21.556907580517414,5.38781765530132e-16,9.536092690438872e-16,0.5649921650513404,0.1717840301229642,False,Positive directional derivative for linesearch,0.0,6,0.24522413029102738,False,6,0.0,215569075805.17413,,,1.552969421732896,,,,,,,,,,,,,,,,,,
opt_B5_2_2,B5,5 % biomass,5.0,1.35,2.2,min_surplus_loss,G2,blend_completeness_constraint,1,2035.0,-0.5853863638839784,0.0,0.5853863638839784,False,0.0001,0.0,1e-10,21.556907580517414,5.38781765530132e-16,9.536092690438872e-16,0.5649921650513404,0.1717840301229642,False,Positive directional derivative for linesearch,0.0,6,0.24522413029102738,False,6,0.0,215569075805.17413,,,1.9352824430911528,,,,,,,,,,,,,,,,,,
opt_B5_2_2,B5,5 % biomass,5.0,1.35,2.2,min_surplus_loss,G2,blend_completeness_constraint,2,2040.0,-0.32238549702714553,0.0,0.32238549702714553,False,0.0001,0.0,1e-10,21.556907580517414,5.38781765530132e-16,9.536092690438872e-16,0.5649921650513404,0.1717840301229642,False,Positive directional derivative for linesearch,0.0,6,0.24522413029102738,False,6,0.0,215569075805.17413,,,2.411714024837406,,,,,,,,,,,,,,,,,,
opt_B5_2_2,B5,5 % biomass,5.0,1.35,2.2,min_surplus_loss,G2,blend_completeness_constraint,3,2045.0,-0.2730206330053416,0.0,0.2730206330053416,False,0.0001,0.0,1e-10,21.556907580517414,5.38781765530132e-16,9.536092690438872e-16,0.5649921650513404,0.1717840301229642,False,Positive directional derivative for linesearch,0.0,6,0.24522413029102738,False,6,0.0,215569075805.17413,,,3.005434456537094,,,,,,,,,,,,,,,,,,
opt_B5_2_2,B5,5 % biomass,5.0,1.35,2.2,min_surplus_loss,G2,blend_completeness_constraint,4,2050.0,-0.24522414029102735,0.0,0.24522414029102735,False,0.0001,0.0,1e-10,21.556907580517414,5.38781765530132e-16,9.536092690438872e-16,0.5649921650513404,0.1717840301229642,False,Positive directional derivative for linesearch,0.0,6,0.24522413029102738,False,6,0.0,215569075805.17413,,,3.7453181345368614,,,,,,,,,,,,,,,,,,
opt_B5_2_2,B5,5 % biomass,5.0,1.35,2.2,min_surplus_loss,G3,biomass_trajectory_constraint,0,2030.0,-0.4162380168181711,0.0,0.4162380168181711,False,0.0001,0.0,1e-10,21.556907580517414,5.38781765530132e-16,9.536092690438872e-16,0.5649921650513404,0.1717840301229642,False,Positive directional derivative for linesearch,0.0,6,0.24522413029102738,False,6,0.0,215569075805.17413,,,1.552969421732896,,558414500000.0001,0.5584145000000001,0.0,0.0,0.0,0.0,,,,,,,,,,,
opt_B5_2_2,B5,5 % biomass,5.0,1.35,2.2,min_surplus_loss,G3,biomass_trajectory_constraint,1,2035.0,0.0002637250898840193,0.0,0.0002637250898840193,False,0.0001,3.4592225890104973,1e-10,21.556907580517414,5.38781765530132e-16,9.536092690438872e-16,0.5649921650513404,0.1717840301229642,False,Positive directional derivative for linesearch,0.0,6,0.24522413029102738,False,6,34592225890.10497,215569075805.17413,,,1.9352824430911528,,657937750000.0001,0.6579377500000001,52.576745885313564,52576745885.31357,101.75085322671235,101750853226.71236,,,,,,,,,,,
opt_B5_2_2,B5,5 % biomass,5.0,1.35,2.2,min_surplus_loss,G3,biomass_trajectory_constraint,2,2040.0,0.00015880425766241047,0.0,0.00015880425766241047,False,0.0001,4.307654661076336,1e-10,21.556907580517414,5.38781765530132e-16,9.536092690438872e-16,0.5649921650513404,0.1717840301229642,False,Positive directional derivative for linesearch,0.0,6,0.24522413029102738,False,6,43076546610.76336,215569075805.17413,,,2.411714024837406,,757461000000.0,0.757461,56.86965614171998,56869656141.71998,137.1533473046668,137153347304.66678,,,,,,,,,,,
opt_B5_2_2,B5,5 % biomass,5.0,1.35,2.2,min_surplus_loss,G3,biomass_trajectory_constraint,3,2045.0,3.566924533515703e-12,0.0,3.566924533515703e-12,True,0.0001,4.6391299892918605,1e-10,21.556907580517414,5.38781765530132e-16,9.536092690438872e-16,0.5649921650513404,0.1717840301229642,False,Positive directional derivative for linesearch,0.0,6,0.24522413029102738,False,6,46391299892.9186,215569075805.17413,,,3.005434456537094,,772951000000.0,0.772951,60.018422762786514,60018422762.786514,180.38143579828883,180381435798.28885,,,,,,,,,,,
opt_B5_2_2,B5,5 % biomass,5.0,1.35,2.2,min_surplus_loss,G3,biomass_trajectory_constraint,4,2050.0,4.5633896661456675e-12,0.0,4.5633896661456675e-12,True,0.0001,2.906637035265285,1e-10,21.556907580517414,5.38781765530132e-16,9.536092690438872e-16,0.5649921650513404,0.1717840301229642,False,Positive directional derivative for linesearch,0.0,6,0.24522413029102738,False,6,29066370352.652847,215569075805.17413,,,3.7453181345368614,,788441000000.0001,0.7884410000000002,36.865625142087794,36865625142.08779,138.07349438569946,138073494385.69946,,,,,,,,,,,
opt_B5_2_2,B5,5 % biomass,5.0,1.35,2.2,min_surplus_loss,G4,electricity_trajectory_constraint,0,2030.0,-0.666956607720399,0.0,0.666956607720399,False,0.0001,0.0,1e-10,21.556907580517414,5.38781765530132e-16,9.536092690438872e-16,0.5649921650513404,0.1717840301229642,False,Positive directional derivative for linesearch,0.0,6,0.24522413029102738,False,6,0.0,215569075805.17413,,,1.552969421732896,,1065287574000.0001,1.065287574,0.0,0.0,0.0,0.0,,,,,,,,,,,
opt_B5_2_2,B5,5 % biomass,5.0,1.35,2.2,min_surplus_loss,G4,electricity_trajectory_constraint,1,2035.0,-0.34929100425587906,0.0,0.34929100425587906,False,0.0001,0.0,1e-10,21.556907580517414,5.38781765530132e-16,9.536092690438872e-16,0.5649921650513404,0.1717840301229642,False,Positive directional derivative for linesearch,0.0,6,0.24522413029102738,False,6,0.0,215569075805.17413,,,1.9352824430911528,,1356710238000.0002,1.3567102380000002,0.0,0.0,0.0,0.0,,,,,,,,,,,
opt_B5_2_2,B5,5 % biomass,5.0,1.35,2.2,min_surplus_loss,G4,electricity_trajectory_constraint,2,2040.0,-1.1510792319313624e-14,0.0,1.1510792319313624e-14,True,0.0001,5.725018826761858,1e-10,21.556907580517414,5.38781765530132e-16,9.536092690438872e-16,0.5649921650513404,0.1717840301229642,False,Positive directional derivative for linesearch,0.0,6,0.24522413029102738,False,6,57250188267.618576,215569075805.17413,,,2.411714024837406,,1648132902000.0002,1.6481329020000002,34.736390613976454,34736390613.976456,83.77424041595744,83774240415.95744,,,,,,,,,,,
opt_B5_2_2,B5,5 % biomass,5.0,1.35,2.2,min_surplus_loss,G4,electricity_trajectory_constraint,3,2045.0,3.5377922813495387e-12,0.0,3.5377922813495387e-12,True,0.0001,9.752624611909212,1e-10,21.556907580517414,5.38781765530132e-16,9.536092690438872e-16,0.5649921650513404,0.1717840301229642,False,Positive directional derivative for linesearch,0.0,6,0.24522413029102738,False,6,97526246119.09212,215569075805.17413,,,3.005434456537094,,1895265009000.0002,1.8952650090000003,51.45784133404644,51457841334.04644,154.65316940436188,154653169404.36188,,,,,,,,,,,
opt_B5_2_2,B5,5 % biomass,5.0,1.35,2.2,min_surplus_loss,G4,electricity_trajectory_constraint,4,2050.0,4.523315055848798e-12,0.0,4.523315055848798e-12,True,0.0001,7.740755852873384,1e-10,21.556907580517414,5.38781765530132e-16,9.536092690438872e-16,0.5649921650513404,0.1717840301229642,False,Positive directional derivative for linesearch,0.0,6,0.24522413029102738,False,6,77407558528.73384,215569075805.17413,,,3.7453181345368614,,2142397116000.0002,2.142397116,36.13128394854217,36131283948.54217,135.3231529965756,135323152996.57559,,,,,,,,,,,
opt_B5_2_2,B5,5 % biomass,5.0,1.35,2.2,min_surplus_loss,G5,biofuel_use_growth_constraint,0,2030.0,5.082287938077962e-05,0.0,5.082287938077962e-05,True,0.0001,1.577471744277203,1e-10,21.556907580517414,5.38781765530132e-16,9.536092690438872e-16,0.5649921650513404,0.1717840301229642,False,Positive directional derivative for linesearch,0.0,6,0.24522413029102738,False,6,15774717442.77203,215569075805.17413,,,1.552969421732896,,,,,,,,volume,89799803521.1634,154900000000.0,36088527006.640396,101.83807258083945,509190362904.19714,0.0,158.15141268625894,790757063431.2944,0.0,
opt_B5_2_2,B5,5 % biomass,5.0,1.35,2.2,min_surplus_loss,G5,biofuel_use_growth_constraint,1,2035.0,-0.4694809504818834,0.0,0.4694809504818834,False,0.0001,0.0,1e-10,21.556907580517414,5.38781765530132e-16,9.536092690438872e-16,0.5649921650513404,0.1717840301229642,False,Positive directional derivative for linesearch,0.0,6,0.24522413029102738,False,6,0.0,215569075805.17413,,,1.9352824430911528,,,,,,,,rate,385460357209.6604,154900000000.0,154907872464.01608,0.0,0.0,0.0,0.0,0.0,0.0,
opt_B5_2_2,B5,5 % biomass,5.0,1.35,2.2,min_surplus_loss,G5,biofuel_use_growth_constraint,2,2040.0,-2.6997108350977967,0.0,2.6997108350977967,False,0.0001,0.0,1e-10,21.556907580517414,5.38781765530132e-16,9.536092690438872e-16,0.5649921650513404,0.1717840301229642,False,Positive directional derivative for linesearch,0.0,6,0.24522413029102738,False,6,0.0,215569075805.17413,,,2.411714024837406,,,,,,,,rate,778191617936.8348,154900000000.0,312737757980.01666,0.0,0.0,0.0,0.0,0.0,0.0,
opt_B5_2_2,B5,5 % biomass,5.0,1.35,2.2,min_surplus_loss,G5,biofuel_use_growth_constraint,3,2045.0,-3.411884930014717,0.0,3.411884930014717,False,0.0001,0.0,1e-10,21.556907580517414,5.38781765530132e-16,9.536092690438872e-16,0.5649921650513404,0.1717840301229642,False,Positive directional derivative for linesearch,0.0,6,0.24522413029102738,False,6,0.0,215569075805.17413,,,3.005434456537094,,,,,,,,rate,895811149086.5685,154900000000.0,360006409580.1861,0.0,0.0,0.0,0.0,0.0,0.0,
opt_B5_2_2,B5,5 % biomass,5.0,1.35,2.2,min_surplus_loss,G5,biofuel_use_growth_constraint,4,2050.0,-3.481692395066367,0.0,3.481692395066367,False,0.0001,0.0,1e-10,21.556907580517414,5.38781765530132e-16,9.536092690438872e-16,0.5649921650513404,0.1717840301229642,False,Positive directional derivative for linesearch,0.0,6,0.24522413029102738,False,6,0.0,215569075805.17413,,,3.7453181345368614,,,,,,,,rate,913985250742.5911,154900000000.0,367310173427.2888,0.0,0.0,0.0,0.0,0.0,0.0,
opt_B5_2_2,B5,5 % biomass,5.0,1.35,2.2,min_surplus_loss,G6,electrofuel_use_growth_constraint,0,2030.0,-2.0785051595787604e-13,0.0,2.0785051595787604e-13,True,0.0001,0.0,1e-10,21.556907580517414,5.38781765530132e-16,9.536092690438872e-16,0.5649921650513404,0.1717840301229642,False,Positive directional derivative for linesearch,0.0,6,0.24522413029102738,False,6,0.0,215569075805.17413,,,1.552969421732896,,,,,,,,volume,0.0,154900000000.0,0.0,0.0,0.0,0.0,0.0,0.0,0.0,
opt_B5_2_2,B5,5 % biomass,5.0,1.35,2.2,min_surplus_loss,G6,electrofuel_use_growth_constraint,1,2035.0,4.290980319964493e-13,0.0,4.290980319964493e-13,True,0.0001,0.43333884875586914,1e-10,21.556907580517414,5.38781765530132e-16,9.536092690438872e-16,0.5649921650513404,0.1717840301229642,False,Positive directional derivative for linesearch,0.0,6,0.24522413029102738,False,6,4333388487.558691,215569075805.17413,,,1.9352824430911528,,,,,,,,rate,385440767999.9198,154900000000.0,154899999999.9678,27.975393722134868,0.0,44928571838.999176,54.14028830901007,0.0,86949476273.1747,
opt_B5_2_2,B5,5 % biomass,5.0,1.35,2.2,min_surplus_loss,G6,electrofuel_use_growth_constraint,2,2040.0,-1.5463211153765062,0.0,1.5463211153765062,False,0.0001,0.0,1e-10,21.556907580517414,5.38781765530132e-16,9.536092690438872e-16,0.5649921650513404,0.1717840301229642,False,Positive directional derivative for linesearch,0.0,6,0.24522413029102738,False,6,0.0,215569075805.17413,,,2.411714024837406,,,,,,,,rate,959099971829.7256,154900000000.0,385440767999.98627,0.0,0.0,0.0,0.0,0.0,0.0,
opt_B5_2_2,B5,5 % biomass,5.0,1.35,2.2,min_surplus_loss,G6,electrofuel_use_growth_constraint,3,2045.0,-6.217299765881819,0.0,6.217299765881819,False,0.0001,0.0,1e-10,21.556907580517414,5.38781765530132e-16,9.536092690438872e-16,0.5649921650513404,0.1717840301229642,False,Positive directional derivative for linesearch,0.0,6,0.24522413029102738,False,6,0.0,215569075805.17413,,,3.005434456537094,,,,,,,,rate,1790532443618.0051,154900000000.0,719574831057.9048,0.0,0.0,0.0,0.0,0.0,0.0,
opt_B5_2_2,B5,5 % biomass,5.0,1.35,2.2,min_surplus_loss,G6,electrofuel_use_growth_constraint,4,2050.0,-7.25401100548226,0.0,7.25401100548226,False,0.0001,0.0,1e-10,21.556907580517414,5.38781765530132e-16,9.536092690438872e-16,0.5649921650513404,0.1717840301229642,False,Positive directional derivative for linesearch,0.0,6,0.24522413029102738,False,6,0.0,215569075805.17413,,,3.7453181345368614,,,,,,,,rate,2059016893455.8455,154900000000.0,827472709882.9114,0.0,0.0,0.0,0.0,0.0,0.0,
opt_B5_2_4,B5,5 % biomass,5.0,1.35,2.4,min_surplus_loss,G1,aviation_carbon_budget_constraint,0,,0.04253213242165442,0.0,0.04253213242165442,False,0.0001,93.81880822286945,1e-10,21.556877565367877,1.6154364966301538e-16,2.8592188888581367e-16,0.564992244184319,0.04243213245882673,False,Positive directional derivative for linesearch,0.0,32,0.24522413029103604,False,7,938188082228.6945,215568775653.67877,2.2430543261640237,418.2636467094151,,,,,,,,,,,,,,,,,,,
opt_B5_2_4,B5,5 % biomass,5.0,1.35,2.4,min_surplus_loss,G2,blend_completeness_constraint,0,2030.0,-0.8241215308974011,0.0,0.8241215308974011,False,0.0001,0.0,1e-10,21.556877565367877,1.6154364966301538e-16,2.8592188888581367e-16,0.564992244184319,0.04243213245882673,False,Positive directional derivative for linesearch,0.0,32,0.24522413029103604,False,7,0.0,215568775653.67877,,,1.552969421732896,,,,,,,,,,,,,,,,,,
opt_B5_2_4,B5,5 % biomass,5.0,1.35,2.4,min_surplus_loss,G2,blend_completeness_constraint,1,2035.0,-0.585388133362724,0.0,0.585388133362724,False,0.0001,0.0,1e-10,21.556877565367877,1.6154364966301538e-16,2.8592188888581367e-16,0.564992244184319,0.04243213245882673,False,Positive directional derivative for linesearch,0.0,32,0.24522413029103604,False,7,0.0,215568775653.67877,,,1.9352824430911528,,,,,,,,,,,,,,,,,,
opt_B5_2_4,B5,5 % biomass,5.0,1.35,2.4,min_surplus_loss,G2,blend_completeness_constraint,2,2040.0,-0.32238683531361945,0.0,0.32238683531361945,False,0.0001,0.0,1e-10,21.556877565367877,1.6154364966301538e-16,2.8592188888581367e-16,0.564992244184319,0.04243213245882673,False,Positive directional derivative for linesearch,0.0,32,0.24522413029103604,False,7,0.0,215568775653.67877,,,2.411714024837406,,,,,,,,,,,,,,,,,,
opt_B5_2_4,B5,5 % biomass,5.0,1.35,2.4,min_surplus_loss,G2,blend_completeness_constraint,3,2045.0,-0.27302063300643026,0.0,0.27302063300643026,False,0.0001,0.0,1e-10,21.556877565367877,1.6154364966301538e-16,2.8592188888581367e-16,0.564992244184319,0.04243213245882673,False,Positive directional derivative for linesearch,0.0,32,0.24522413029103604,False,7,0.0,215568775653.67877,,,3.005434456537094,,,,,,,,,,,,,,,,,,
opt_B5_2_4,B5,5 % biomass,5.0,1.35,2.4,min_surplus_loss,G2,blend_completeness_constraint,4,2050.0,-0.24522414029103587,0.0,0.24522414029103587,False,0.0001,0.0,1e-10,21.556877565367877,1.6154364966301538e-16,2.8592188888581367e-16,0.564992244184319,0.04243213245882673,False,Positive directional derivative for linesearch,0.0,32,0.24522413029103604,False,7,0.0,215568775653.67877,,,3.7453181345368614,,,,,,,,,,,,,,,,,,
opt_B5_2_4,B5,5 % biomass,5.0,1.35,2.4,min_surplus_loss,G3,biomass_trajectory_constraint,0,2030.0,-0.41623901862394697,0.0,0.41623901862394697,False,0.0001,0.0,1e-10,21.556877565367877,1.6154364966301538e-16,2.8592188888581367e-16,0.564992244184319,0.04243213245882673,False,Positive directional derivative for linesearch,0.0,32,0.24522413029103604,False,7,0.0,215568775653.67877,,,1.552969421732896,,558414500000.0001,0.5584145000000001,0.0,0.0,0.0,0.0,,,,,,,,,,,
opt_B5_2_4,B5,5 % biomass,5.0,1.35,2.4,min_surplus_loss,G3,biomass_trajectory_constraint,1,2035.0,0.0002548391710963927,0.0,0.0002548391710963927,False,0.0001,3.459221988256459,1e-10,21.556877565367877,1.6154364966301538e-16,2.8592188888581367e-16,0.564992244184319,0.04243213245882673,False,Positive directional derivative for linesearch,0.0,32,0.24522413029103604,False,7,34592219882.56459,215568775653.67877,,,1.9352824430911528,,657937750000.0001,0.6579377500000001,52.576736754449165,52576736754.449165,101.75083555591078,101750835555.9108,,,,,,,,,,,
opt_B5_2_4,B5,5 % biomass,5.0,1.35,2.4,min_surplus_loss,G3,biomass_trajectory_constraint,2,2040.0,0.00015344216671337563,0.0,0.00015344216671337563,False,0.0001,4.307653538782471,1e-10,21.556877565367877,1.6154364966301538e-16,2.8592188888581367e-16,0.564992244184319,0.04243213245882673,False,Positive directional derivative for linesearch,0.0,32,0.24522413029103604,False,7,43076535387.824715,215568775653.67877,,,2.411714024837406,,757461000000.0,0.757461,56.86964132519656,56869641325.19656,137.15331157144945,137153311571.44946,,,,,,,,,,,
opt_B5_2_4,B5,5 % biomass,5.0,1.35,2.4,min_surplus_loss,G3,biomass_trajectory_constraint,3,2045.0,1.9615242763393326e-12,0.0,1.9615242763393326e-12,True,0.0001,4.6391297747381515,1e-10,21.556877565367877,1.6154364966301538e-16,2.8592188888581367e-16,0.564992244184319,0.04243213245882673,False,Positive directional derivative for linesearch,0.0,32,0.24522413029103604,False,7,46391297747.381516,215568775653.67877,,,3.005434456537094,,772951000000.0,0.772951,60.01841998701278,60018419987.01278,180.3814274558828,180381427455.8828,,,,,,,,,,,
opt_B5_2_4,B5,5 % biomass,5.0,1.35,2.4,min_surplus_loss,G3,biomass_trajectory_constraint,4,2050.0,4.7116088808252245e-12,0.0,4.7116088808252245e-12,True,0.0001,2.90663728733774,1e-10,21.556877565367877,1.6154364966301538e-16,2.8592188888581367e-16,0.564992244184319,0.04243213245882673,False,Positive directional derivative for linesearch,0.0,32,0.24522413029103604,False,7,29066372873.3774,215568775653.67877,,,3.7453181345368614,,788441000000.0001,0.7884410000000002,36.86562833918758,36865628339.18758,138.0735063598553,138073506359.85526,,,,,,,,,,,
opt_B5_2_4,B5,5 % biomass,5.0,1.35,2.4,min_surplus_loss,G4,electricity_trajectory_constraint,0,2030.0,-0.6669566077053243,0.0,0.6669566077053243,False,0.0001,0.0,1e-10,21.556877565367877,1.6154364966301538e-16,2.8592188888581367e-16,0.564992244184319,0.04243213245882673,False,Positive directional derivative for linesearch,0.0,32,0.24522413029103604,False,7,0.0,215568775653.67877,,,1.552969421732896,,1065287574000.0001,1.065287574,0.0,0.0,0.0,0.0,,,,,,,,,,,
opt_B5_2_4,B5,5 % biomass,5.0,1.35,2.4,min_surplus_loss,G4,electricity_trajectory_constraint,1,2035.0,-0.3492910040825882,0.0,0.3492910040825882,False,0.0001,0.0,1e-10,21.556877565367877,1.6154364966301538e-16,2.8592188888581367e-16,0.564992244184319,0.04243213245882673,False,Positive directional derivative for linesearch,0.0,32,0.24522413029103604,False,7,0.0,215568775653.67877,,,1.9352824430911528,,1356710238000.0002,1.3567102380000002,0.0,0.0,0.0,0.0,,,,,,,,,,,
opt_B5_2_4,B5,5 % biomass,5.0,1.35,2.4,min_surplus_loss,G4,electricity_trajectory_constraint,2,2040.0,4.786699037140352e-11,0.0,4.786699037140352e-11,True,0.0001,5.725019344120869,1e-10,21.556877565367877,1.6154364966301538e-16,2.8592188888581367e-16,0.564992244184319,0.04243213245882673,False,Positive directional derivative for linesearch,0.0,32,0.24522413029103604,False,7,57250193441.20869,215568775653.67877,,,2.411714024837406,,1648132902000.0002,1.6481329020000002,34.73639375303769,34736393753.03769,83.77424798647544,83774247986.47545,,,,,,,,,,,
opt_B5_2_4,B5,5 % biomass,5.0,1.35,2.4,min_surplus_loss,G4,electricity_trajectory_constraint,3,2045.0,2.4567725631641223e-12,0.0,2.4567725631641223e-12,True,0.0001,9.752624614604434,1e-10,21.556877565367877,1.6154364966301538e-16,2.8592188888581367e-16,0.564992244184319,0.04243213245882673,False,Positive directional derivative for linesearch,0.0,32,0.24522413029103604,False,7,97526246146.04434,215568775653.67877,,,3.005434456537094,,1895265009000.0002,1.8952650090000003,51.457841348267266,51457841348.267265,154.65316944710165,154653169447.10162,,,,,,,,,,,
opt_B5_2_4,B5,5 % biomass,5.0,1.35,2.4,min_surplus_loss,G4,electricity_trajectory_constraint,4,2050.0,4.4578030156117165e-12,0.0,4.4578030156117165e-12,True,0.0001,7.740755476611218,1e-10,21.556877565367877,1.6154364966301538e-16,2.8592188888581367e-16,0.564992244184319,0.04243213245882673,False,Positive directional derivative for linesearch,0.0,32,0.24522413029103604,False,7,77407554766.11218,215568775653.67877,,,3.7453181345368614,,2142397116000.0002,2.142397116,36.13128219227502,36131282192.275024,135.3231464187964,135323146418.79642,,,,,,,,,,,
opt_B5_2_4,B5,5 % biomass,5.0,1.35,2.4,min_surplus_loss,G5,biofuel_use_growth_constraint,0,2030.0,4.9106671886702674e-05,0.0,4.9106671886702674e-05,True,0.0001,1.5774716969895666,1e-10,21.556877565367877,1.6154364966301538e-16,2.8592188888581367e-16,0.564992244184319,0.04243213245882673,False,Positive directional derivative for linesearch,0.0,32,0.24522413029103604,False,7,15774716969.895664,215568775653.67877,,,1.552969421732896,,,,,,,,volume,89799803521.1634,154900000000.0,36088527006.640396,101.83806952805465,509190347640.27313,0.0,158.15140794537749,790757039726.8872,0.0,
opt_B5_2_4,B5,5 % biomass,5.0,1.35,2.4,min_surplus_loss,G5,biofuel_use_growth_constraint,1,2035.0,-0.46949461564195905,0.0,0.46949461564195905,False,0.0001,0.0,1e-10,21.556877565367877,1.6154364966301538e-16,2.8592188888581367e-16,0.564992244184319,0.04243213245882673,False,Positive directional derivative for linesearch,0.0,32,0.24522413029103604,False,7,0.0,215568775653.67877,,,1.9352824430911528,,,,,,,,rate,385459695713.32837,154900000000.0,154907606623.47626,0.0,0.0,0.0,0.0,0.0,0.0,
opt_B5_2_4,B5,5 % biomass,5.0,1.35,2.4,min_surplus_loss,G5,biofuel_use_growth_constraint,2,2040.0,-2.699678665673987,0.0,2.699678665673987,False,0.0001,0.0,1e-10,21.556877565367877,1.6154364966301538e-16,2.8592188888581367e-16,0.564992244184319,0.04243213245882673,False,Positive directional derivative for linesearch,0.0,32,0.24522413029103604,False,7,0.0,215568775653.67877,,,2.411714024837406,,,,,,,,rate,778184704812.477,154900000000.0,312734979750.3847,0.0,0.0,0.0,0.0,0.0,0.0,
opt_B5_2_4,B5,5 % biomass,5.0,1.35,2.4,min_surplus_loss,G5,biofuel_use_growth_constraint,3,2045.0,-3.411853925123934,0.0,3.411853925123934,False,0.0001,0.0,1e-10,21.556877565367877,1.6154364966301538e-16,2.8592188888581367e-16,0.564992244184319,0.04243213245882673,False,Positive directional derivative for linesearch,0.0,32,0.24522413029103604,False,7,0.0,215568775653.67877,,,3.005434456537094,,,,,,,,rate,895806346428.4054,154900000000.0,360004479499.5843,0.0,0.0,0.0,0.0,0.0,0.0,
opt_B5_2_4,B5,5 % biomass,5.0,1.35,2.4,min_surplus_loss,G5,biofuel_use_growth_constraint,4,2050.0,-3.481692395056538,0.0,3.481692395056538,False,0.0001,0.0,1e-10,21.556877565367877,1.6154364966301538e-16,2.8592188888581367e-16,0.564992244184319,0.04243213245882673,False,Positive directional derivative for linesearch,0.0,32,0.24522413029103604,False,7,0.0,215568775653.67877,,,3.7453181345368614,,,,,,,,rate,913985250741.125,154900000000.0,367310173426.69965,0.0,0.0,0.0,0.0,0.0,0.0,
opt_B5_2_4,B5,5 % biomass,5.0,1.35,2.4,min_surplus_loss,G6,electrofuel_use_growth_constraint,0,2030.0,4.505647544786959e-11,0.0,4.505647544786959e-11,True,0.0001,0.0,1e-10,21.556877565367877,1.6154364966301538e-16,2.8592188888581367e-16,0.564992244184319,0.04243213245882673,False,Positive directional derivative for linesearch,0.0,32,0.24522413029103604,False,7,0.0,215568775653.67877,,,1.552969421732896,,,,,,,,volume,0.0,154900000000.0,0.0,0.0,0.0,0.0,0.0,0.0,0.0,
opt_B5_2_4,B5,5 % biomass,5.0,1.35,2.4,min_surplus_loss,G6,electrofuel_use_growth_constraint,1,2035.0,5.504646079627985e-10,0.0,5.504646079627985e-10,True,0.0001,0.4333388716493457,1e-10,21.556877565367877,1.6154364966301538e-16,2.8592188888581367e-16,0.564992244184319,0.04243213245882673,False,Positive directional derivative for linesearch,0.0,32,0.24522413029103604,False,7,4333388716.493457,215568775653.67877,,,1.9352824430911528,,,,,,,,rate,385440768017.35187,154900000000.0,154900000006.97336,27.975395200086876,0.0,44928574214.62678,54.140291169264636,0.0,86949480870.68509,
opt_B5_2_4,B5,5 % biomass,5.0,1.35,2.4,min_surplus_loss,G6,electrofuel_use_growth_constraint,2,2040.0,-1.5463211168030202,0.0,1.5463211168030202,False,0.0001,0.0,1e-10,21.556877565367877,1.6154364966301538e-16,2.8592188888581367e-16,0.564992244184319,0.04243213245882673,False,Positive directional derivative for linesearch,0.0,32,0.24522413029103604,False,7,0.0,215568775653.67877,,,2.411714024837406,,,,,,,,rate,959099972084.9318,154900000000.0,385440768102.5479,0.0,0.0,0.0,0.0,0.0,0.0,
opt_B5_2_4,B5,5 % biomass,5.0,1.35,2.4,min_surplus_loss,G6,electrofuel_use_growth_constraint,3,2045.0,-6.217299766441036,0.0,6.217299766441036,False,0.0001,0.0,1e-10,21.556877565367877,1.6154364966301538e-16,2.8592188888581367e-16,0.564992244184319,0.04243213245882673,False,Positive directional derivative for linesearch,0.0,32,0.24522413029103604,False,7,0.0,215568775653.67877,,,3.005434456537094,,,,,,,,rate,1790532443703.6619,154900000000.0,719574831092.3282,0.0,0.0,0.0,0.0,0.0,0.0,
opt_B5_2_4,B5,5 % biomass,5.0,1.35,2.4,min_surplus_loss,G6,electrofuel_use_growth_constraint,4,2050.0,-7.254011005468282,0.0,7.254011005468282,False,0.0001,0.0,1e-10,21.556877565367877,1.6154364966301538e-16,2.8592188888581367e-16,0.564992244184319,0.04243213245882673,False,Positive directional derivative for linesearch,0.0,32,0.24522413029103604,False,7,0.0,215568775653.67877,,,3.7453181345368614,,,,,,,,rate,2059016893453.6208,154900000000.0,827472709882.0173,0.0,0.0,0.0,0.0,0.0,0.0,
opt_B5_2_6,B5,5 % biomass,5.0,1.35,2.6,min_surplus_loss,G1,aviation_carbon_budget_constraint,0,,4.596521999554098e-08,0.0,4.596521999554098e-08,True,0.0001,77.96304885873835,1e-10,16.13094604483342,1.1274368112207335e-16,1.9362026302211235e-16,0.5822927794969346,0.0,True,Successive iterates of the objective function are closer than ftol_rel or ftol_abs. GEMSEO stopped the driver.,0.0,16,0.2452241402951487,False,12,779630488587.3834,161309460448.33417,2.4906431623760783,313.0237604344793,,,,,,,,,,,,,,,,,,,
opt_B5_2_6,B5,5 % biomass,5.0,1.35,2.6,min_surplus_loss,G2,blend_completeness_constraint,0,2030.0,-0.8588480674641386,0.0,0.8588480674641386,False,0.0001,0.0,1e-10,16.13094604483342,1.1274368112207335e-16,1.9362026302211235e-16,0.5822927794969346,0.0,True,Successive iterates of the objective function are closer than ftol_rel or ftol_abs. GEMSEO stopped the driver.,0.0,16,0.2452241402951487,False,12,0.0,161309460448.33417,,,1.552969421732896,,,,,,,,,,,,,,,,,,
opt_B5_2_6,B5,5 % biomass,5.0,1.35,2.6,min_surplus_loss,G2,blend_completeness_constraint,1,2035.0,-0.6821556246464641,0.0,0.6821556246464641,False,0.0001,0.0,1e-10,16.13094604483342,1.1274368112207335e-16,1.9362026302211235e-16,0.5822927794969346,0.0,True,Successive iterates of the objective function are closer than ftol_rel or ftol_abs. GEMSEO stopped the driver.,0.0,16,0.2452241402951487,False,12,0.0,161309460448.33417,,,1.9352824430911528,,,,,,,,,,,,,,,,,,
opt_B5_2_6,B5,5 % biomass,5.0,1.35,2.6,min_surplus_loss,G2,blend_completeness_constraint,2,2040.0,-0.4087791243007625,0.0,0.4087791243007625,False,0.0001,0.0,1e-10,16.13094604483342,1.1274368112207335e-16,1.9362026302211235e-16,0.5822927794969346,0.0,True,Successive iterates of the objective function are closer than ftol_rel or ftol_abs. GEMSEO stopped the driver.,0.0,16,0.2452241402951487,False,12,0.0,161309460448.33417,,,2.411714024837406,,,,,,,,,,,,,,,,,,
opt_B5_2_6,B5,5 % biomass,5.0,1.35,2.6,min_surplus_loss,G2,blend_completeness_constraint,3,2045.0,-0.27302063300846396,0.0,0.27302063300846396,False,0.0001,0.0,1e-10,16.13094604483342,1.1274368112207335e-16,1.9362026302211235e-16,0.5822927794969346,0.0,True,Successive iterates of the objective function are closer than ftol_rel or ftol_abs. GEMSEO stopped the driver.,0.0,16,0.2452241402951487,False,12,0.0,161309460448.33417,,,3.005434456537094,,,,,,,,,,,,,,,,,,
opt_B5_2_6,B5,5 % biomass,5.0,1.35,2.6,min_surplus_loss,G2,blend_completeness_constraint,4,2050.0,-0.24522414029514863,0.0,0.24522414029514863,False,0.0001,0.0,1e-10,16.13094604483342,1.1274368112207335e-16,1.9362026302211235e-16,0.5822927794969346,0.0,True,Successive iterates of the objective function are closer than ftol_rel or ftol_abs. GEMSEO stopped the driver.,0.0,16,0.2452241402951487,False,12,0.0,161309460448.33417,,,3.7453181345368614,,,,,,,,,,,,,,,,,,
opt_B5_2_6,B5,5 % biomass,5.0,1.35,2.6,min_surplus_loss,G3,biomass_trajectory_constraint,0,2030.0,-0.41626768358255073,0.0,0.41626768358255073,False,0.0001,0.0,1e-10,16.13094604483342,1.1274368112207335e-16,1.9362026302211235e-16,0.5822927794969346,0.0,True,Successive iterates of the objective function are closer than ftol_rel or ftol_abs. GEMSEO stopped the driver.,0.0,16,0.2452241402951487,False,12,0.0,161309460448.33417,,,1.552969421732896,,558414500000.0001,0.5584145000000001,0.0,0.0,0.0,0.0,,,,,,,,,,,
opt_B5_2_6,B5,5 % biomass,5.0,1.35,2.6,min_surplus_loss,G3,biomass_trajectory_constraint,1,2035.0,1.545447460671312e-08,0.0,1.545447460671312e-08,True,0.0001,2.13590089921997,1e-10,16.13094604483342,1.1274368112207335e-16,1.9362026302211235e-16,0.5822927794969346,0.0,True,Successive iterates of the objective function are closer than ftol_rel or ftol_abs. GEMSEO stopped the driver.,0.0,16,0.2452241402951487,False,12,21359008992.1997,161309460448.33417,,,1.9352824430911528,,657937750000.0001,0.6579377500000001,32.463571199858485,32463571199.858486,62.82617938312572,62826179383.12572,,,,,,,,,,,
opt_B5_2_6,B5,5 % biomass,5.0,1.35,2.6,min_surplus_loss,G3,biomass_trajectory_constraint,2,2040.0,1.5989914885494727e-08,0.0,1.5989914885494727e-08,True,0.0001,2.7624200182034278,1e-10,16.13094604483342,1.1274368112207335e-16,1.9362026302211235e-16,0.5822927794969346,0.0,True,Successive iterates of the objective function are closer than ftol_rel or ftol_abs. GEMSEO stopped the driver.,0.0,16,0.2452241402951487,False,12,27624200182.034275,161309460448.33417,,,2.411714024837406,,757461000000.0,0.757461,36.46946863539413,36469468635.394135,87.9539289863479,87953928986.34792,,,,,,,,,,,
opt_B5_2_6,B5,5 % biomass,5.0,1.35,2.6,min_surplus_loss,G3,biomass_trajectory_constraint,3,2045.0,0.0,0.0,0.0,True,0.0001,3.0976027698510142,1e-10,16.13094604483342,1.1274368112207335e-16,1.9362026302211235e-16,0.5822927794969346,0.0,True,Successive iterates of the objective function are closer than ftol_rel or ftol_abs. GEMSEO stopped the driver.,0.0,16,0.2452241402951487,False,12,30976027698.51014,161309460448.33417,,,3.005434456537094,,772951000000.0,0.772951,40.07502118311528,40075021183.11528,120.44284951018861,120442849510.1886,,,,,,,,,,,
opt_B5_2_6,B5,5 % biomass,5.0,1.35,2.6,min_surplus_loss,G3,biomass_trajectory_constraint,4,2050.0,-2.842170943040401e-16,0.0,2.842170943040401e-16,True,0.0001,1.9745107992644582,1e-10,16.13094604483342,1.1274368112207335e-16,1.9362026302211235e-16,0.5822927794969346,0.0,True,Successive iterates of the objective function are closer than ftol_rel or ftol_abs. GEMSEO stopped the driver.,0.0,16,0.2452241402951487,False,12,19745107992.64458,161309460448.33417,,,3.7453181345368614,,788441000000.0001,0.7884410000000002,25.04322833622881,25043228336.22881,93.79485723502516,93794857235.02515,,,,,,,,,,,
opt_B5_2_6,B5,5 % biomass,5.0,1.35,2.6,min_surplus_loss,G4,electricity_trajectory_constraint,0,2030.0,-0.7883286460394561,0.0,0.7883286460394561,False,0.0001,0.0,1e-10,16.13094604483342,1.1274368112207335e-16,1.9362026302211235e-16,0.5822927794969346,0.0,True,Successive iterates of the objective function are closer than ftol_rel or ftol_abs. GEMSEO stopped the driver.,0.0,16,0.2452241402951487,False,12,0.0,161309460448.33417,,,1.552969421732896,,1065287574000.0001,1.065287574,0.0,0.0,0.0,0.0,,,,,,,,,,,
opt_B5_2_6,B5,5 % biomass,5.0,1.35,2.6,min_surplus_loss,G4,electricity_trajectory_constraint,1,2035.0,-0.5864311226513557,0.0,0.5864311226513557,False,0.0001,0.0,1e-10,16.13094604483342,1.1274368112207335e-16,1.9362026302211235e-16,0.5822927794969346,0.0,True,Successive iterates of the objective function are closer than ftol_rel or ftol_abs. GEMSEO stopped the driver.,0.0,16,0.2452241402951487,False,12,0.0,161309460448.33417,,,1.9352824430911528,,1356710238000.0002,1.3567102380000002,0.0,0.0,0.0,0.0,,,,,,,,,,,
opt_B5_2_6,B5,5 % biomass,5.0,1.35,2.6,min_surplus_loss,G4,electricity_trajectory_constraint,2,2040.0,-0.15287185094660316,0.0,0.15287185094660316,False,0.0001,0.0,1e-10,16.13094604483342,1.1274368112207335e-16,1.9362026302211235e-16,0.5822927794969346,0.0,True,Successive iterates of the objective function are closer than ftol_rel or ftol_abs. GEMSEO stopped the driver.,0.0,16,0.2452241402951487,False,12,0.0,161309460448.33417,,,2.411714024837406,,1648132902000.0002,1.6481329020000002,0.0,0.0,0.0,0.0,,,,,,,,,,,
opt_B5_2_6,B5,5 % biomass,5.0,1.35,2.6,min_surplus_loss,G4,electricity_trajectory_constraint,3,2045.0,2.842170943040401e-16,0.0,2.842170943040401e-16,True,0.0001,5.036602754397469,1e-10,16.13094604483342,1.1274368112207335e-16,1.9362026302211235e-16,0.5822927794969346,0.0,True,Successive iterates of the objective function are closer than ftol_rel or ftol_abs. GEMSEO stopped the driver.,0.0,16,0.2452241402951487,False,12,50366027543.97469,161309460448.33417,,,3.005434456537094,,1895265009000.0002,1.8952650090000003,26.574662279313305,26574662279.313305,79.8684056850848,79868405685.0848,,,,,,,,,,,
opt_B5_2_6,B5,5 % biomass,5.0,1.35,2.6,min_surplus_loss,G4,electricity_trajectory_constraint,4,2050.0,0.0,0.0,0.0,True,0.0001,4.56052464836551,1e-10,16.13094604483342,1.1274368112207335e-16,1.9362026302211235e-16,0.5822927794969346,0.0,True,Successive iterates of the objective function are closer than ftol_rel or ftol_abs. GEMSEO stopped the driver.,0.0,16,0.2452241402951487,False,12,45605246483.6551,161309460448.33417,,,3.7453181345368614,,2142397116000.0002,2.142397116,21.287018239084997,21287018239.084995,79.72665544106196,79726655441.06195,,,,,,,,,,,
opt_B5_2_6,B5,5 % biomass,5.0,1.35,2.6,min_surplus_loss,G5,biofuel_use_growth_constraint,0,2030.0,3.392193315874153e-10,0.0,3.392193315874153e-10,True,0.0001,0.909488549590681,1e-10,16.13094604483342,1.1274368112207335e-16,1.9362026302211235e-16,0.5822927794969346,0.0,True,Successive iterates of the objective function are closer than ftol_rel or ftol_abs. GEMSEO stopped the driver.,0.0,16,0.2452241402951487,False,12,9094885495.90681,161309460448.33417,,,1.552969421732896,,,,,,,,volume,89799803521.1634,154900000000.0,36088527006.640396,58.71456098067664,293572804903.3831,0.0,91.18191781346225,455909589067.31116,0.0,
opt_B5_2_6,B5,5 % biomass,5.0,1.35,2.6,min_surplus_loss,G5,biofuel_use_growth_constraint,1,2035.0,-0.4698867680163003,0.0,0.4698867680163003,False,0.0001,0.0,1e-10,16.13094604483342,1.1274368112207335e-16,1.9362026302211235e-16,0.5822927794969346,0.0,True,Successive iterates of the objective function are closer than ftol_rel or ftol_abs. GEMSEO stopped the driver.,0.0,16,0.2452241402951487,False,12,0.0,161309460448.33417,,,1.9352824430911528,,,,,,,,rate,385440767999.9998,154900000000.0,154899999999.99997,0.0,0.0,0.0,0.0,0.0,0.0,
opt_B5_2_6,B5,5 % biomass,5.0,1.35,2.6,min_surplus_loss,G5,biofuel_use_growth_constraint,2,2040.0,-2.698755336052172,0.0,2.698755336052172,False,0.0001,0.0,1e-10,16.13094604483342,1.1274368112207335e-16,1.9362026302211235e-16,0.5822927794969346,0.0,True,Successive iterates of the objective function are closer than ftol_rel or ftol_abs. GEMSEO stopped the driver.,0.0,16,0.2452241402951487,False,12,0.0,161309460448.33417,,,2.411714024837406,,,,,,,,rate,777986443394.4933,154900000000.0,312655302933.1008,0.0,0.0,0.0,0.0,0.0,0.0,
opt_B5_2_6,B5,5 % biomass,5.0,1.35,2.6,min_surplus_loss,G5,biofuel_use_growth_constraint,3,2045.0,-3.410966778226874,0.0,3.410966778226874,False,0.0001,0.0,1e-10,16.13094604483342,1.1274368112207335e-16,1.9362026302211235e-16,0.5822927794969346,0.0,True,Successive iterates of the objective function are closer than ftol_rel or ftol_abs. GEMSEO stopped the driver.,0.0,16,0.2452241402951487,False,12,0.0,161309460448.33417,,,3.005434456537094,,,,,,,,rate,895668913051.6632,154900000000.0,359949248107.82513,0.0,0.0,0.0,0.0,0.0,0.0,
opt_B5_2_6,B5,5 % biomass,5.0,1.35,2.6,min_surplus_loss,G5,biofuel_use_growth_constraint,4,2050.0,-3.481692395056531,0.0,3.481692395056531,False,0.0001,0.0,1e-10,16.13094604483342,1.1274368112207335e-16,1.9362026302211235e-16,0.5822927794969346,0.0,True,Successive iterates of the objective function are closer than ftol_rel or ftol_abs. GEMSEO stopped the driver.,0.0,16,0.2452241402951487,False,12,0.0,161309460448.33417,,,3.7453181345368614,,,,,,,,rate,913985250739.3575,154900000000.0,367310173425.9893,0.0,0.0,0.0,0.0,0.0,0.0,
opt_B5_2_6,B5,5 % biomass,5.0,1.35,2.6,min_surplus_loss,G6,electrofuel_use_growth_constraint,0,2030.0,-0.36443310730898726,0.0,0.36443310730898726,False,0.0001,0.0,1e-10,16.13094604483342,1.1274368112207335e-16,1.9362026302211235e-16,0.5822927794969346,0.0,True,Successive iterates of the objective function are closer than ftol_rel or ftol_abs. GEMSEO stopped the driver.,0.0,16,0.2452241402951487,False,12,0.0,161309460448.33417,,,1.552969421732896,,,,,,,,volume,0.0,154900000000.0,0.0,0.0,0.0,0.0,0.0,0.0,0.0,
opt_B5_2_6,B5,5 % biomass,5.0,1.35,2.6,min_surplus_loss,G6,electrofuel_use_growth_constraint,1,2035.0,-8.302747533612285e-07,0.0,8.302747533612285e-07,True,0.0001,0.6685637848359546,1e-10,16.13094604483342,1.1274368112207335e-16,1.9362026302211235e-16,0.5822927794969346,0.0,True,Successive iterates of the objective function are closer than ftol_rel or ftol_abs. GEMSEO stopped the driver.,0.0,16,0.2452241402951487,False,12,6685637848.359546,161309460448.33417,,,1.9352824430911528,,,,,,,,rate,244973393182.65192,154900000000.0,98449312460.878,43.160993210842776,0.0,44055395666.639824,83.52871238732047,0.0,85259633757.0821,
opt_B5_2_6,B5,5 % biomass,5.0,1.35,2.6,min_surplus_loss,G6,electrofuel_use_growth_constraint,2,2040.0,1.4582742591301343e-06,0.0,1.4582742591301343e-06,True,0.0001,0.3885065882658817,1e-10,16.13094604483342,1.1274368112207335e-16,1.9362026302211235e-16,0.5822927794969346,0.0,True,Successive iterates of the objective function are closer than ftol_rel or ftol_abs. GEMSEO stopped the driver.,0.0,16,0.2452241402951487,False,12,3885065882.658817,161309460448.33417,,,2.411714024837406,,,,,,,,rate,609572193724.2938,154900000000.0,244973393182.66702,25.081122547829676,0.0,63703145385.61829,60.488495007266515,0.0,153633769152.75192,
opt_B5_2_6,B5,5 % biomass,5.0,1.35,2.6,min_surplus_loss,G6,electrofuel_use_growth_constraint,3,2045.0,-4.4502112647222365,0.0,4.4502112647222365,False,0.0001,0.0,1e-10,16.13094604483342,1.1274368112207335e-16,1.9362026302211235e-16,0.5822927794969346,0.0,True,Successive iterates of the objective function are closer than ftol_rel or ftol_abs. GEMSEO stopped the driver.,0.0,16,0.2452241402951487,False,12,0.0,161309460448.33417,,,3.005434456537094,,,,,,,,rate,1516810681088.105,154900000000.0,609572193724.3221,0.0,0.0,0.0,0.0,0.0,0.0,
opt_B5_2_6,B5,5 % biomass,5.0,1.35,2.6,min_surplus_loss,G6,electrofuel_use_growth_constraint,4,2050.0,-7.2540110054629325,0.0,7.2540110054629325,False,0.0001,0.0,1e-10,16.13094604483342,1.1274368112207335e-16,1.9362026302211235e-16,0.5822927794969346,0.0,True,Successive iterates of the objective function are closer than ftol_rel or ftol_abs. GEMSEO stopped the driver.,0.0,16,0.2452241402951487,False,12,0.0,161309460448.33417,,,3.7453181345368614,,,,,,,,rate,2059016893448.6206,154900000000.0,827472709880.0078,0.0,0.0,0.0,0.0,0.0,0.0,
opt_B5_2_8,B5,5 % biomass,5.0,1.35,2.8,min_surplus_loss,G1,aviation_carbon_budget_constraint,0,,6.804522234163343e-07,0.0,6.804522234163343e-07,True,0.0001,62.56709153614167,1e-10,7.967362560254145,1.6609920666080003e-16,2.7336336916341326e-16,0.6076132554596515,0.0,True,Successive iterates of the objective function are closer than ftol_rel or ftol_abs. GEMSEO stopped the driver.,0.0,15,0.24522414029514766,False,14,625670915361.4166,79673625602.54144,2.738231998588134,228.49448683823002,,,,,,,,,,,,,,,,,,,
opt_B5_2_8,B5,5 % biomass,5.0,1.35,2.8,min_surplus_loss,G2,blend_completeness_constraint,0,2030.0,-0.9164304355590075,0.0,0.9164304355590075,False,0.0001,0.0,1e-10,7.967362560254145,1.6609920666080003e-16,2.7336336916341326e-16,0.6076132554596515,0.0,True,Successive iterates of the objective function are closer than ftol_rel or ftol_abs. GEMSEO stopped the driver.,0.0,15,0.24522414029514766,False,14,0.0,79673625602.54144,,,1.552969421732896,,,,,,,,,,,,,,,,,,
opt_B5_2_8,B5,5 % biomass,5.0,1.35,2.8,min_surplus_loss,G2,blend_completeness_constraint,1,2035.0,-0.7540315967468129,0.0,0.7540315967468129,False,0.0001,0.0,1e-10,7.967362560254145,1.6609920666080003e-16,2.7336336916341326e-16,0.6076132554596515,0.0,True,Successive iterates of the objective function are closer than ftol_rel or ftol_abs. GEMSEO stopped the driver.,0.0,15,0.24522414029514766,False,14,0.0,79673625602.54144,,,1.9352824430911528,,,,,,,,,,,,,,,,,,
opt_B5_2_8,B5,5 % biomass,5.0,1.35,2.8,min_surplus_loss,G2,blend_completeness_constraint,2,2040.0,-0.6077939995209003,0.0,0.6077939995209003,False,0.0001,0.0,1e-10,7.967362560254145,1.6609920666080003e-16,2.7336336916341326e-16,0.6076132554596515,0.0,True,Successive iterates of the objective function are closer than ftol_rel or ftol_abs. GEMSEO stopped the driver.,0.0,15,0.24522414029514766,False,14,0.0,79673625602.54144,,,2.411714024837406,,,,,,,,,,,,,,,,,,
opt_B5_2_8,B5,5 % biomass,5.0,1.35,2.8,min_surplus_loss,G2,blend_completeness_constraint,3,2045.0,-0.27660744659694614,0.0,0.27660744659694614,False,0.0001,0.0,1e-10,7.967362560254145,1.6609920666080003e-16,2.7336336916341326e-16,0.6076132554596515,0.0,True,Successive iterates of the objective function are closer than ftol_rel or ftol_abs. GEMSEO stopped the driver.,0.0,15,0.24522414029514766,False,14,0.0,79673625602.54144,,,3.005434456537094,,,,,,,,,,,,,,,,,,
opt_B5_2_8,B5,5 % biomass,5.0,1.35,2.8,min_surplus_loss,G2,blend_completeness_constraint,4,2050.0,-0.2452241402951475,0.0,0.2452241402951475,False,0.0001,0.0,1e-10,7.967362560254145,1.6609920666080003e-16,2.7336336916341326e-16,0.6076132554596515,0.0,True,Successive iterates of the objective function are closer than ftol_rel or ftol_abs. GEMSEO stopped the driver.,0.0,15,0.24522414029514766,False,14,0.0,79673625602.54144,,,3.7453181345368614,,,,,,,,,,,,,,,,,,
opt_B5_2_8,B5,5 % biomass,5.0,1.35,2.8,min_surplus_loss,G3,biomass_trajectory_constraint,0,2030.0,-0.4162676837737243,0.0,0.4162676837737243,False,0.0001,0.0,1e-10,7.967362560254145,1.6609920666080003e-16,2.7336336916341326e-16,0.6076132554596515,0.0,True,Successive iterates of the objective function are closer than ftol_rel or ftol_abs. GEMSEO stopped the driver.,0.0,15,0.24522414029514766,False,14,0.0,79673625602.54144,,,1.552969421732896,,558414500000.0001,0.5584145000000001,0.0,0.0,0.0,0.0,,,,,,,,,,,
opt_B5_2_8,B5,5 % biomass,5.0,1.35,2.8,min_surplus_loss,G3,biomass_trajectory_constraint,1,2035.0,1.3537450911371707e-08,0.0,1.3537450911371707e-08,True,0.0001,1.1018620920975033,1e-10,7.967362560254145,1.6609920666080003e-16,2.7336336916341326e-16,0.6076132554596515,0.0,True,Successive iterates of the objective function are closer than ftol_rel or ftol_abs. GEMSEO stopped the driver.,0.0,15,0.24522414029514766,False,14,11018620920.975033,79673625602.54144,,,1.9352824430911528,,657937750000.0001,0.6579377500000001,16.7472088673663,16747208867.3663,32.41057929179447,32410579291.79447,,,,,,,,,,,
opt_B5_2_8,B5,5 % biomass,5.0,1.35,2.8,min_surplus_loss,G3,biomass_trajectory_constraint,2,2040.0,5.3978462375425805e-08,0.0,5.3978462375425805e-08,True,0.0001,1.5509391931235867,1e-10,7.967362560254145,1.6609920666080003e-16,2.7336336916341326e-16,0.6076132554596515,0.0,True,Successive iterates of the objective function are closer than ftol_rel or ftol_abs. GEMSEO stopped the driver.,0.0,15,0.24522414029514766,False,14,15509391931.235867,79673625602.54144,,,2.411714024837406,,757461000000.0,0.757461,20.475498977816503,20475498977.8165,49.38104805034403,49381048050.344025,,,,,,,,,,,
opt_B5_2_8,B5,5 % biomass,5.0,1.35,2.8,min_surplus_loss,G3,biomass_trajectory_constraint,3,2045.0,2.0042280439724892e-07,0.0,2.0042280439724892e-07,True,0.0001,1.865759600411811,1e-10,7.967362560254145,1.6609920666080003e-16,2.7336336916341326e-16,0.6076132554596515,0.0,True,Successive iterates of the objective function are closer than ftol_rel or ftol_abs. GEMSEO stopped the driver.,0.0,15,0.24522414029514766,False,14,18657596004.11811,79673625602.54144,,,3.005434456537094,,772951000000.0,0.772951,24.138135540439315,24138135540.439316,72.54558426979895,72545584269.79895,,,,,,,,,,,
opt_B5_2_8,B5,5 % biomass,5.0,1.35,2.8,min_surplus_loss,G3,biomass_trajectory_constraint,4,2050.0,2.842170943040401e-16,0.0,2.842170943040401e-16,True,0.0001,1.2263600874883505,1e-10,7.967362560254145,1.6609920666080003e-16,2.7336336916341326e-16,0.6076132554596515,0.0,True,Successive iterates of the objective function are closer than ftol_rel or ftol_abs. GEMSEO stopped the driver.,0.0,15,0.24522414029514766,False,14,12263600874.883505,79673625602.54144,,,3.7453181345368614,,788441000000.0001,0.7884410000000002,15.554240424944291,15554240424.944292,58.25557873249019,58255578732.4902,,,,,,,,,,,
opt_B5_2_8,B5,5 % biomass,5.0,1.35,2.8,min_surplus_loss,G4,electricity_trajectory_constraint,0,2030.0,-0.9999999601477602,0.0,0.9999999601477602,False,0.0001,0.0,1e-10,7.967362560254145,1.6609920666080003e-16,2.7336336916341326e-16,0.6076132554596515,0.0,True,Successive iterates of the objective function are closer than ftol_rel or ftol_abs. GEMSEO stopped the driver.,0.0,15,0.24522414029514766,False,14,0.0,79673625602.54144,,,1.552969421732896,,1065287574000.0001,1.065287574,0.0,0.0,0.0,0.0,,,,,,,,,,,
opt_B5_2_8,B5,5 % biomass,5.0,1.35,2.8,min_surplus_loss,G4,electricity_trajectory_constraint,1,2035.0,-0.7756477916647987,0.0,0.7756477916647987,False,0.0001,0.0,1e-10,7.967362560254145,1.6609920666080003e-16,2.7336336916341326e-16,0.6076132554596515,0.0,True,Successive iterates of the objective function are closer than ftol_rel or ftol_abs. GEMSEO stopped the driver.,0.0,15,0.24522414029514766,False,14,0.0,79673625602.54144,,,1.9352824430911528,,1356710238000.0002,1.3567102380000002,0.0,0.0,0.0,0.0,,,,,,,,,,,
opt_B5_2_8,B5,5 % biomass,5.0,1.35,2.8,min_surplus_loss,G4,electricity_trajectory_constraint,2,2040.0,-0.5404523631926917,0.0,0.5404523631926917,False,0.0001,0.0,1e-10,7.967362560254145,1.6609920666080003e-16,2.7336336916341326e-16,0.6076132554596515,0.0,True,Successive iterates of the objective function are closer than ftol_rel or ftol_abs. GEMSEO stopped the driver.,0.0,15,0.24522414029514766,False,14,0.0,79673625602.54144,,,2.411714024837406,,1648132902000.0002,1.6481329020000002,0.0,0.0,0.0,0.0,,,,,,,,,,,
opt_B5_2_8,B5,5 % biomass,5.0,1.35,2.8,min_surplus_loss,G4,electricity_trajectory_constraint,3,2045.0,-0.005604363531828653,0.0,0.005604363531828653,False,0.0001,0.0,1e-10,7.967362560254145,1.6609920666080003e-16,2.7336336916341326e-16,0.6076132554596515,0.0,True,Successive iterates of the objective function are closer than ftol_rel or ftol_abs. GEMSEO stopped the driver.,0.0,15,0.24522414029514766,False,14,0.0,79673625602.54144,,,3.005434456537094,,1895265009000.0002,1.8952650090000003,0.0,0.0,0.0,0.0,,,,,,,,,,,
opt_B5_2_8,B5,5 % biomass,5.0,1.35,2.8,min_surplus_loss,G4,electricity_trajectory_constraint,4,2050.0,2.842170943040401e-16,0.0,2.842170943040401e-16,True,0.0001,2.00799165978558,1e-10,7.967362560254145,1.6609920666080003e-16,2.7336336916341326e-16,0.6076132554596515,0.0,True,Successive iterates of the objective function are closer than ftol_rel or ftol_abs. GEMSEO stopped the driver.,0.0,15,0.24522414029514766,False,14,20079916597.8558,79673625602.54144,,,3.7453181345368614,,2142397116000.0002,2.142397116,9.372639856492318,9372639856.49232,35.103518023003645,35103518023.00365,,,,,,,,,,,
opt_B5_2_8,B5,5 % biomass,5.0,1.35,2.8,min_surplus_loss,G5,biofuel_use_growth_constraint,0,2030.0,-4.610144145416398e-14,0.0,4.610144145416398e-14,True,0.0001,0.3811948542762098,1e-10,7.967362560254145,1.6609920666080003e-16,2.7336336916341326e-16,0.6076132554596515,0.0,True,Successive iterates of the objective function are closer than ftol_rel or ftol_abs. GEMSEO stopped the driver.,0.0,15,0.24522414029514766,False,14,3811948542.762098,79673625602.54144,,,1.552969421732896,,,,,,,,volume,89799803521.1634,154900000000.0,36088527006.640396,24.609093239264674,123045466196.32335,0.0,38.21716929715178,191085846485.75888,0.0,
opt_B5_2_8,B5,5 % biomass,5.0,1.35,2.8,min_surplus_loss,G5,biofuel_use_growth_constraint,1,2035.0,-0.4698867710426708,0.0,0.4698867710426708,False,0.0001,0.0,1e-10,7.967362560254145,1.6609920666080003e-16,2.7336336916341326e-16,0.6076132554596515,0.0,True,Successive iterates of the objective function are closer than ftol_rel or ftol_abs. GEMSEO stopped the driver.,0.0,15,0.24522414029514766,False,14,0.0,79673625602.54144,,,1.9352824430911528,,,,,,,,rate,385440767999.93976,154900000000.0,154899999999.97583,0.0,0.0,0.0,0.0,0.0,0.0,
opt_B5_2_8,B5,5 % biomass,5.0,1.35,2.8,min_surplus_loss,G5,biofuel_use_growth_constraint,2,2040.0,-2.698755238138432,0.0,2.698755238138432,False,0.0001,0.0,1e-10,7.967362560254145,1.6609920666080003e-16,2.7336336916341326e-16,0.6076132554596515,0.0,True,Successive iterates of the objective function are closer than ftol_rel or ftol_abs. GEMSEO stopped the driver.,0.0,15,0.24522414029514766,False,14,0.0,79673625602.54144,,,2.411714024837406,,,,,,,,rate,777986443394.035,154900000000.0,312655302932.9167,0.0,0.0,0.0,0.0,0.0,0.0,
opt_B5_2_8,B5,5 % biomass,5.0,1.35,2.8,min_surplus_loss,G5,biofuel_use_growth_constraint,3,2045.0,-3.410966522640476,0.0,3.410966522640476,False,0.0001,0.0,1e-10,7.967362560254145,1.6609920666080003e-16,2.7336336916341326e-16,0.6076132554596515,0.0,True,Successive iterates of the objective function are closer than ftol_rel or ftol_abs. GEMSEO stopped the driver.,0.0,15,0.24522414029514766,False,14,0.0,79673625602.54144,,,3.005434456537094,,,,,,,,rate,895668913054.1855,154900000000.0,359949248108.8388,0.0,0.0,0.0,0.0,0.0,0.0,
opt_B5_2_8,B5,5 % biomass,5.0,1.35,2.8,min_surplus_loss,G5,biofuel_use_growth_constraint,4,2050.0,-3.48169357765937,0.0,3.48169357765937,False,0.0001,0.0,1e-10,7.967362560254145,1.6609920666080003e-16,2.7336336916341326e-16,0.6076132554596515,0.0,True,Successive iterates of the objective function are closer than ftol_rel or ftol_abs. GEMSEO stopped the driver.,0.0,15,0.24522414029514766,False,14,0.0,79673625602.54144,,,3.7453181345368614,,,,,,,,rate,913985250741.0562,154900000000.0,367310173426.67194,0.0,0.0,0.0,0.0,0.0,0.0,
opt_B5_2_8,B5,5 % biomass,5.0,1.35,2.8,min_surplus_loss,G6,electrofuel_use_growth_constraint,0,2030.0,-0.9999998803391968,0.0,0.9999998803391968,False,0.0001,0.0,1e-10,7.967362560254145,1.6609920666080003e-16,2.7336336916341326e-16,0.6076132554596515,0.0,True,Successive iterates of the objective function are closer than ftol_rel or ftol_abs. GEMSEO stopped the driver.,0.0,15,0.24522414029514766,False,14,0.0,79673625602.54144,,,1.552969421732896,,,,,,,,volume,0.0,154900000000.0,0.0,0.0,0.0,0.0,0.0,0.0,0.0,
opt_B5_2_8,B5,5 % biomass,5.0,1.35,2.8,min_surplus_loss,G6,electrofuel_use_growth_constraint,1,2035.0,-0.14207412115518736,0.0,0.14207412115518736,False,0.0001,0.0,1e-10,7.967362560254145,1.6609920666080003e-16,2.7336336916341326e-16,0.6076132554596515,0.0,True,Successive iterates of the objective function are closer than ftol_rel or ftol_abs. GEMSEO stopped the driver.,0.0,15,0.24522414029514766,False,14,0.0,79673625602.54144,,,1.9352824430911528,,,,,,,,volume,46122.151850425136,154900000000.0,18535.458401823376,0.0,0.0,0.0,0.0,0.0,0.0,
opt_B5_2_8,B5,5 % biomass,5.0,1.35,2.8,min_surplus_loss,G6,electrofuel_use_growth_constraint,2,2040.0,-4.49650541971698e-06,0.0,4.49650541971698e-06,True,0.0001,0.353739775497083,1e-10,7.967362560254145,1.6609920666080003e-16,2.7336336916341326e-16,0.6076132554596515,0.0,True,Successive iterates of the objective function are closer than ftol_rel or ftol_abs. GEMSEO stopped the driver.,0.0,15,0.24522414029514766,False,14,3537397754.97083,79673625602.54144,,,2.411714024837406,,,,,,,,rate,330679948063.86774,154900000000.0,132892854642.43658,22.83665432518289,0.0,31465098609.18325,55.075479516407384,0.0,75884819608.6592,
opt_B5_2_8,B5,5 % biomass,5.0,1.35,2.8,min_surplus_loss,G6,electrofuel_use_growth_constraint,3,2045.0,1.929677973156825e-06,0.0,1.929677973156825e-06,True,0.0001,0.23346512884122358,1e-10,7.967362560254145,1.6609920666080003e-16,2.7336336916341326e-16,0.6076132554596515,0.0,True,Successive iterates of the objective function are closer than ftol_rel or ftol_abs. GEMSEO stopped the driver.,0.0,15,0.24522414029514766,False,14,2334651288.4122357,79673625602.54144,,,3.005434456537094,,,,,,,,rate,822837528366.2777,154900000000.0,330679948063.86554,15.071990241525086,0.0,51674163324.5715,45.29787880047033,0.0,155303310968.39258,
opt_B5_2_8,B5,5 % biomass,5.0,1.35,2.8,min_surplus_loss,G6,electrofuel_use_growth_constraint,4,2050.0,-7.179514690516055,0.0,7.179514690516055,False,0.0001,0.0,1e-10,7.967362560254145,1.6609920666080003e-16,2.7336336916341326e-16,0.6076132554596515,0.0,True,Successive iterates of the objective function are closer than ftol_rel or ftol_abs. GEMSEO stopped the driver.,0.0,15,0.24522414029514766,False,14,0.0,79673625602.54144,,,3.7453181345368614,,,,,,,,rate,2047483078584.6821,154900000000.0,822837528366.4009,0.0,0.0,0.0,0.0,0.0,0.0,
opt_B5_3_0,B5,5 % biomass,5.0,1.35,3.0,min_surplus_loss,G1,aviation_carbon_budget_constraint,0,,1.429180937725449e-05,0.0,1.429180937725449e-05,True,0.0001,63.89079403324715,1e-10,2.3851727157698184,0.028336241400122548,0.04582661715001021,0.6183358747028141,0.0,True,Successive iterates of the objective function are closer than ftol_rel or ftol_abs. GEMSEO stopped the driver.,0.0,17,0.24522414029492448,False,16,638907940332.4714,23851727157.69818,2.985820834800208,213.98066919685857,,,,,,,,,,,,,,,,,,,
opt_B5_3_0,B5,5 % biomass,5.0,1.35,3.0,min_surplus_loss,G2,blend_completeness_constraint,0,2030.0,-0.9164304355589885,0.0,0.9164304355589885,False,0.0001,0.0,1e-10,2.3851727157698184,0.028336241400122548,0.04582661715001021,0.6183358747028141,0.0,True,Successive iterates of the objective function are closer than ftol_rel or ftol_abs. GEMSEO stopped the driver.,0.0,17,0.24522414029492448,False,16,0.0,23851727157.69818,,,1.552969421732896,,,,,,,,,,,,,,,,,,
opt_B5_3_0,B5,5 % biomass,5.0,1.35,3.0,min_surplus_loss,G2,blend_completeness_constraint,1,2035.0,-0.7827410476353563,0.0,0.7827410476353563,False,0.0001,0.0,1e-10,2.3851727157698184,0.028336241400122548,0.04582661715001021,0.6183358747028141,0.0,True,Successive iterates of the objective function are closer than ftol_rel or ftol_abs. GEMSEO stopped the driver.,0.0,17,0.24522414029492448,False,16,0.0,23851727157.69818,,,1.9352824430911528,,,,,,,,,,,,,,,,,,
opt_B5_3_0,B5,5 % biomass,5.0,1.35,3.0,min_surplus_loss,G2,blend_completeness_constraint,2,2040.0,-0.6831931585432949,0.0,0.6831931585432949,False,0.0001,0.0,1e-10,2.3851727157698184,0.028336241400122548,0.04582661715001021,0.6183358747028141,0.0,True,Successive iterates of the objective function are closer than ftol_rel or ftol_abs. GEMSEO stopped the driver.,0.0,17,0.24522414029492448,False,16,0.0,23851727157.69818,,,2.411714024837406,,,,,,,,,,,,,,,,,,
opt_B5_3_0,B5,5 % biomass,5.0,1.35,3.0,min_surplus_loss,G2,blend_completeness_constraint,3,2045.0,-0.48712968867200745,0.0,0.48712968867200745,False,0.0001,0.0,1e-10,2.3851727157698184,0.028336241400122548,0.04582661715001021,0.6183358747028141,0.0,True,Successive iterates of the objective function are closer than ftol_rel or ftol_abs. GEMSEO stopped the driver.,0.0,17,0.24522414029492448,False,16,0.0,23851727157.69818,,,3.005434456537094,,,,,,,,,,,,,,,,,,
opt_B5_3_0,B5,5 % biomass,5.0,1.35,3.0,min_surplus_loss,G2,blend_completeness_constraint,4,2050.0,-0.24532726624603413,0.0,0.24532726624603413,False,0.0001,0.0,1e-10,2.3851727157698184,0.028336241400122548,0.04582661715001021,0.6183358747028141,0.0,True,Successive iterates of the objective function are closer than ftol_rel or ftol_abs. GEMSEO stopped the driver.,0.0,17,0.24522414029492448,False,16,0.0,23851727157.69818,,,3.7453181345368614,,,,,,,,,,,,,,,,,,
opt_B5_3_0,B5,5 % biomass,5.0,1.35,3.0,min_surplus_loss,G3,biomass_trajectory_constraint,0,2030.0,-0.41626768377243484,0.0,0.41626768377243484,False,0.0001,0.0,1e-10,2.3851727157698184,0.028336241400122548,0.04582661715001021,0.6183358747028141,0.0,True,Successive iterates of the objective function are closer than ftol_rel or ftol_abs. GEMSEO stopped the driver.,0.0,17,0.24522414029492448,False,16,0.0,23851727157.69818,,,1.552969421732896,,558414500000.0001,0.5584145000000001,0.0,0.0,0.0,0.0,,,,,,,,,,,
opt_B5_3_0,B5,5 % biomass,5.0,1.35,3.0,min_surplus_loss,G3,biomass_trajectory_constraint,1,2035.0,3.727010991383395e-08,0.0,3.727010991383395e-08,True,0.0001,0.9350657477631379,1e-10,2.3851727157698184,0.028336241400122548,0.04582661715001021,0.6183358747028141,0.0,True,Successive iterates of the objective function are closer than ftol_rel or ftol_abs. GEMSEO stopped the driver.,0.0,17,0.24522414029492448,False,16,9350657477.631378,23851727157.69818,,,1.9352824430911528,,657937750000.0001,0.6579377500000001,14.212070180851269,14212070180.851269,27.504369900980766,27504369900.980766,,,,,,,,,,,
opt_B5_3_0,B5,5 % biomass,5.0,1.35,3.0,min_surplus_loss,G3,biomass_trajectory_constraint,2,2040.0,1.8825957326384923e-07,0.0,1.8825957326384923e-07,True,0.0001,1.395853008269915,1e-10,2.3851727157698184,0.028336241400122548,0.04582661715001021,0.6183358747028141,0.0,True,Successive iterates of the objective function are closer than ftol_rel or ftol_abs. GEMSEO stopped the driver.,0.0,17,0.24522414029492448,False,16,13958530082.69915,23851727157.69818,,,2.411714024837406,,757461000000.0,0.757461,18.42805119035719,18428051190.357193,44.44318950620609,44443189506.20609,,,,,,,,,,,
opt_B5_3_0,B5,5 % biomass,5.0,1.35,3.0,min_surplus_loss,G3,biomass_trajectory_constraint,3,2045.0,1.0826515544692938e-06,0.0,1.0826515544692938e-06,True,0.0001,1.6966213152753333,1e-10,2.3851727157698184,0.028336241400122548,0.04582661715001021,0.6183358747028141,0.0,True,Successive iterates of the objective function are closer than ftol_rel or ftol_abs. GEMSEO stopped the driver.,0.0,17,0.24522414029492448,False,16,16966213152.753332,23851727157.69818,,,3.005434456537094,,772951000000.0,0.772951,21.94992069711189,21949920697.11189,65.96904798135678,65969047981.35678,,,,,,,,,,,
opt_B5_3_0,B5,5 % biomass,5.0,1.35,3.0,min_surplus_loss,G3,biomass_trajectory_constraint,4,2050.0,5.5538232595608864e-06,0.0,5.5538232595608864e-06,True,0.0001,1.0517339618646422,1e-10,2.3851727157698184,0.028336241400122548,0.04582661715001021,0.6183358747028141,0.0,True,Successive iterates of the objective function are closer than ftol_rel or ftol_abs. GEMSEO stopped the driver.,0.0,17,0.24522414029492448,False,16,10517339618.646421,23851727157.69818,,,3.7453181345368614,,788441000000.0001,0.7884410000000002,13.339412357610042,13339412357.610043,49.960343007022,49960343007.022,,,,,,,,,,,
opt_B5_3_0,B5,5 % biomass,5.0,1.35,3.0,min_surplus_loss,G4,electricity_trajectory_constraint,0,2030.0,-0.9999999601477602,0.0,0.9999999601477602,False,0.0001,0.0,1e-10,2.3851727157698184,0.028336241400122548,0.04582661715001021,0.6183358747028141,0.0,True,Successive iterates of the objective function are closer than ftol_rel or ftol_abs. GEMSEO stopped the driver.,0.0,17,0.24522414029492448,False,16,0.0,23851727157.69818,,,1.552969421732896,,1065287574000.0001,1.065287574,0.0,0.0,0.0,0.0,,,,,,,,,,,
opt_B5_3_0,B5,5 % biomass,5.0,1.35,3.0,min_surplus_loss,G4,electricity_trajectory_constraint,1,2035.0,-0.8546485765275383,0.0,0.8546485765275383,False,0.0001,0.0,1e-10,2.3851727157698184,0.028336241400122548,0.04582661715001021,0.6183358747028141,0.0,True,Successive iterates of the objective function are closer than ftol_rel or ftol_abs. GEMSEO stopped the driver.,0.0,17,0.24522414029492448,False,16,0.0,23851727157.69818,,,1.9352824430911528,,1356710238000.0002,1.3567102380000002,0.0,0.0,0.0,0.0,,,,,,,,,,,
opt_B5_3_0,B5,5 % biomass,5.0,1.35,3.0,min_surplus_loss,G4,electricity_trajectory_constraint,2,2040.0,-0.7022751797628627,0.0,0.7022751797628627,False,0.0001,0.0,1e-10,2.3851727157698184,0.028336241400122548,0.04582661715001021,0.6183358747028141,0.0,True,Successive iterates of the objective function are closer than ftol_rel or ftol_abs. GEMSEO stopped the driver.,0.0,17,0.24522414029492448,False,16,0.0,23851727157.69818,,,2.411714024837406,,1648132902000.0002,1.6481329020000002,0.0,0.0,0.0,0.0,,,,,,,,,,,
opt_B5_3_0,B5,5 % biomass,5.0,1.35,3.0,min_surplus_loss,G4,electricity_trajectory_constraint,3,2045.0,-0.3557838452817464,0.0,0.3557838452817464,False,0.0001,0.0,1e-10,2.3851727157698184,0.028336241400122548,0.04582661715001021,0.6183358747028141,0.0,True,Successive iterates of the objective function are closer than ftol_rel or ftol_abs. GEMSEO stopped the driver.,0.0,17,0.24522414029492448,False,16,0.0,23851727157.69818,,,3.005434456537094,,1895265009000.0002,1.8952650090000003,0.0,0.0,0.0,0.0,,,,,,,,,,,
opt_B5_3_0,B5,5 % biomass,5.0,1.35,3.0,min_surplus_loss,G4,electricity_trajectory_constraint,4,2050.0,-0.00015561436790548555,0.0,0.00015561436790548555,False,0.0001,0.0,1e-10,2.3851727157698184,0.028336241400122548,0.04582661715001021,0.6183358747028141,0.0,True,Successive iterates of the objective function are closer than ftol_rel or ftol_abs. GEMSEO stopped the driver.,0.0,17,0.24522414029492448,False,16,0.0,23851727157.69818,,,3.7453181345368614,,2142397116000.0002,2.142397116,0.0,0.0,0.0,0.0,,,,,,,,,,,
opt_B5_3_0,B5,5 % biomass,5.0,1.35,3.0,min_surplus_loss,G5,biofuel_use_growth_constraint,0,2030.0,-1.4973117737249837e-14,0.0,1.4973117737249837e-14,True,0.0001,0.2876863150028664,1e-10,2.3851727157698184,0.028336241400122548,0.04582661715001021,0.6183358747028141,0.0,True,Successive iterates of the objective function are closer than ftol_rel or ftol_abs. GEMSEO stopped the driver.,0.0,17,0.24522414029492448,False,16,2876863150.028664,23851727157.69818,,,1.552969421732896,,,,,,,,volume,89799803521.1529,154900000000.0,36088527006.63617,18.572389606382597,92861948031.91296,0.0,28.842353147222028,144211765736.1101,0.0,
opt_B5_3_0,B5,5 % biomass,5.0,1.35,3.0,min_surplus_loss,G5,biofuel_use_growth_constraint,1,2035.0,-0.4698867231529296,0.0,0.4698867231529296,False,0.0001,0.0,1e-10,2.3851727157698184,0.028336241400122548,0.04582661715001021,0.6183358747028141,0.0,True,Successive iterates of the objective function are closer than ftol_rel or ftol_abs. GEMSEO stopped the driver.,0.0,17,0.24522414029492448,False,16,0.0,23851727157.69818,,,1.9352824430911528,,,,,,,,rate,385440767999.9988,154900000000.0,154899999999.99954,0.0,0.0,0.0,0.0,0.0,0.0,
opt_B5_3_0,B5,5 % biomass,5.0,1.35,3.0,min_surplus_loss,G5,biofuel_use_growth_constraint,2,2040.0,-2.698755045281714,0.0,2.698755045281714,False,0.0001,0.0,1e-10,2.3851727157698184,0.028336241400122548,0.04582661715001021,0.6183358747028141,0.0,True,Successive iterates of the objective function are closer than ftol_rel or ftol_abs. GEMSEO stopped the driver.,0.0,17,0.24522414029492448,False,16,0.0,23851727157.69818,,,2.411714024837406,,,,,,,,rate,777986443389.0364,154900000000.0,312655302930.90784,0.0,0.0,0.0,0.0,0.0,0.0,
opt_B5_3_0,B5,5 % biomass,5.0,1.35,3.0,min_surplus_loss,G5,biofuel_use_growth_constraint,3,2045.0,-3.410965207050644,0.0,3.410965207050644,False,0.0001,0.0,1e-10,2.3851727157698184,0.028336241400122548,0.04582661715001021,0.6183358747028141,0.0,True,Successive iterates of the objective function are closer than ftol_rel or ftol_abs. GEMSEO stopped the driver.,0.0,17,0.24522414029492448,False,16,0.0,23851727157.69818,,,3.005434456537094,,,,,,,,rate,895668913048.7329,154900000000.0,359949248106.6475,0.0,0.0,0.0,0.0,0.0,0.0,
opt_B5_3_0,B5,5 % biomass,5.0,1.35,3.0,min_surplus_loss,G5,biofuel_use_growth_constraint,4,2050.0,-3.481685349673569,0.0,3.481685349673569,False,0.0001,0.0,1e-10,2.3851727157698184,0.028336241400122548,0.04582661715001021,0.6183358747028141,0.0,True,Successive iterates of the objective function are closer than ftol_rel or ftol_abs. GEMSEO stopped the driver.,0.0,17,0.24522414029492448,False,16,0.0,23851727157.69818,,,3.7453181345368614,,,,,,,,rate,913985250739.1473,154900000000.0,367310173425.90485,0.0,0.0,0.0,0.0,0.0,0.0,
opt_B5_3_0,B5,5 % biomass,5.0,1.35,3.0,min_surplus_loss,G6,electrofuel_use_growth_constraint,0,2030.0,-0.9999998803391968,0.0,0.9999998803391968,False,0.0001,0.0,1e-10,2.3851727157698184,0.028336241400122548,0.04582661715001021,0.6183358747028141,0.0,True,Successive iterates of the objective function are closer than ftol_rel or ftol_abs. GEMSEO stopped the driver.,0.0,17,0.24522414029492448,False,16,0.0,23851727157.69818,,,1.552969421732896,,,,,,,,volume,0.0,154900000000.0,0.0,0.0,0.0,0.0,0.0,0.0,0.0,
opt_B5_3_0,B5,5 % biomass,5.0,1.35,3.0,min_surplus_loss,G6,electrofuel_use_growth_constraint,1,2035.0,-0.4441741908916652,0.0,0.4441741908916652,False,0.0001,0.0,1e-10,2.3851727157698184,0.028336241400122548,0.04582661715001021,0.6183358747028141,0.0,True,Successive iterates of the objective function are closer than ftol_rel or ftol_abs. GEMSEO stopped the driver.,0.0,17,0.24522414029492448,False,16,0.0,23851727157.69818,,,1.9352824430911528,,,,,,,,volume,46122.15185041602,154900000000.0,18535.458401819713,0.0,0.0,0.0,0.0,0.0,0.0,
opt_B5_3_0,B5,5 % biomass,5.0,1.35,3.0,min_surplus_loss,G6,electrofuel_use_growth_constraint,2,2040.0,-1.7040111611195732e-05,0.0,1.7040111611195732e-05,True,0.0001,0.3831952781246088,1e-10,2.3851727157698184,0.028336241400122548,0.04582661715001021,0.6183358747028141,0.0,True,Successive iterates of the objective function are closer than ftol_rel or ftol_abs. GEMSEO stopped the driver.,0.0,17,0.24522414029492448,False,16,3831952781.246088,23851727157.69818,,,2.411714024837406,,,,,,,,rate,214229237127.44208,154900000000.0,86093925671.7151,24.738236160400824,0.0,22081889418.838215,59.66155109777852,0.0,53255202406.32084,
opt_B5_3_0,B5,5 % biomass,5.0,1.35,3.0,min_surplus_loss,G6,electrofuel_use_growth_constraint,3,2045.0,-9.465856218193946e-05,0.0,9.465856218193946e-05,True,0.0001,0.25967718055571,1e-10,2.3851727157698184,0.028336241400122548,0.04582661715001021,0.6183358747028141,0.0,True,Successive iterates of the objective function are closer than ftol_rel or ftol_abs. GEMSEO stopped the driver.,0.0,17,0.24522414029492448,False,16,2596771805.5571,23851727157.69818,,,3.005434456537094,,,,,,,,rate,533070895328.9916,154900000000.0,214229237127.45615,16.76418208881278,0.0,37235406481.423645,50.383650485379924,0.0,111908573642.43526,
opt_B5_3_0,B5,5 % biomass,5.0,1.35,3.0,min_surplus_loss,G6,electrofuel_use_growth_constraint,4,2050.0,-2.525674073578731,0.0,2.525674073578731,False,0.0001,0.0,1e-10,2.3851727157698184,0.028336241400122548,0.04582661715001021,0.6183358747028141,0.0,True,Successive iterates of the objective function are closer than ftol_rel or ftol_abs. GEMSEO stopped the driver.,0.0,17,0.24522414029492448,False,16,0.0,23851727157.69818,,,3.7453181345368614,,,,,,,,rate,1326450970265.0332,154900000000.0,533070895328.9904,0.0,0.0,0.0,0.0,0.0,0.0,
opt_B5_3_2,B5,5 % biomass,5.0,1.35,3.2,min_surplus_loss,G1,aviation_carbon_budget_constraint,0,,5.221795716250366e-06,0.0,5.221795716250366e-06,True,0.0001,63.93736893027966,1e-10,-3.093631232521628,0.02306733315698189,0.03660266397006495,0.6302091338446631,0.0,True,Successive iterates of the objective function are closer than ftol_rel or ftol_abs. GEMSEO stopped the driver.,0.0,22,0.33626450179623213,False,21,639373689302.7966,-30936312325.216278,3.2334096710122635,197.73977143534427,,,,,,,,,,,,,,,,,,,
opt_B5_3_2,B5,5 % biomass,5.0,1.35,3.2,min_surplus_loss,G2,blend_completeness_constraint,0,2030.0,-0.9164304355589876,0.0,0.9164304355589876,False,0.0001,0.0,1e-10,-3.093631232521628,0.02306733315698189,0.03660266397006495,0.6302091338446631,0.0,True,Successive iterates of the objective function are closer than ftol_rel or ftol_abs. GEMSEO stopped the driver.,0.0,22,0.33626450179623213,False,21,0.0,-30936312325.216278,,,1.552969421732896,,,,,,,,,,,,,,,,,,
opt_B5_3_2,B5,5 % biomass,5.0,1.35,3.2,min_surplus_loss,G2,blend_completeness_constraint,1,2035.0,-0.8336713274750502,0.0,0.8336713274750502,False,0.0001,0.0,1e-10,-3.093631232521628,0.02306733315698189,0.03660266397006495,0.6302091338446631,0.0,True,Successive iterates of the objective function are closer than ftol_rel or ftol_abs. GEMSEO stopped the driver.,0.0,22,0.33626450179623213,False,21,0.0,-30936312325.216278,,,1.9352824430911528,,,,,,,,,,,,,,,,,,
opt_B5_3_2,B5,5 % biomass,5.0,1.35,3.2,min_surplus_loss,G2,blend_completeness_constraint,2,2040.0,-0.7351028555208,0.0,0.7351028555208,False,0.0001,0.0,1e-10,-3.093631232521628,0.02306733315698189,0.03660266397006495,0.6302091338446631,0.0,True,Successive iterates of the objective function are closer than ftol_rel or ftol_abs. GEMSEO stopped the driver.,0.0,22,0.33626450179623213,False,21,0.0,-30936312325.216278,,,2.411714024837406,,,,,,,,,,,,,,,,,,
opt_B5_3_2,B5,5 % biomass,5.0,1.35,3.2,min_surplus_loss,G2,blend_completeness_constraint,3,2045.0,-0.6238568765805891,0.0,0.6238568765805891,False,0.0001,0.0,1e-10,-3.093631232521628,0.02306733315698189,0.03660266397006495,0.6302091338446631,0.0,True,Successive iterates of the objective function are closer than ftol_rel or ftol_abs. GEMSEO stopped the driver.,0.0,22,0.33626450179623213,False,21,0.0,-30936312325.216278,,,3.005434456537094,,,,,,,,,,,,,,,,,,
opt_B5_3_2,B5,5 % biomass,5.0,1.35,3.2,min_surplus_loss,G2,blend_completeness_constraint,4,2050.0,-0.3362934661858088,0.0,0.3362934661858088,False,0.0001,0.0,1e-10,-3.093631232521628,0.02306733315698189,0.03660266397006495,0.6302091338446631,0.0,True,Successive iterates of the objective function are closer than ftol_rel or ftol_abs. GEMSEO stopped the driver.,0.0,22,0.33626450179623213,False,21,0.0,-30936312325.216278,,,3.7453181345368614,,,,,,,,,,,,,,,,,,
opt_B5_3_2,B5,5 % biomass,5.0,1.35,3.2,min_surplus_loss,G3,biomass_trajectory_constraint,0,2030.0,-0.41626768377242196,0.0,0.41626768377242196,False,0.0001,0.0,1e-10,-3.093631232521628,0.02306733315698189,0.03660266397006495,0.6302091338446631,0.0,True,Successive iterates of the objective function are closer than ftol_rel or ftol_abs. GEMSEO stopped the driver.,0.0,22,0.33626450179623213,False,21,0.0,-30936312325.216278,,,1.552969421732896,,558414500000.0001,0.5584145000000001,0.0,0.0,0.0,0.0,,,,,,,,,,,
opt_B5_3_2,B5,5 % biomass,5.0,1.35,3.2,min_surplus_loss,G3,biomass_trajectory_constraint,1,2035.0,-4.6895820560166614e-15,0.0,4.6895820560166614e-15,True,0.0001,0.7478120230205891,1e-10,-3.093631232521628,0.02306733315698189,0.03660266397006495,0.6302091338446631,0.0,True,Successive iterates of the objective function are closer than ftol_rel or ftol_abs. GEMSEO stopped the driver.,0.0,22,0.33626450179623213,False,21,7478120230.205891,-30936312325.216278,,,1.9352824430911528,,657937750000.0001,0.6579377500000001,11.365999640856431,11365999640.856432,21.9964195531298,21996419553.129803,,,,,,,,,,,
opt_B5_3_2,B5,5 % biomass,5.0,1.35,3.2,min_surplus_loss,G3,biomass_trajectory_constraint,2,2040.0,7.318243518739109e-08,0.0,7.318243518739109e-08,True,0.0001,1.1931803526494853,1e-10,-3.093631232521628,0.02306733315698189,0.03660266397006495,0.6302091338446631,0.0,True,Successive iterates of the objective function are closer than ftol_rel or ftol_abs. GEMSEO stopped the driver.,0.0,22,0.33626450179623213,False,21,11931803526.494852,-30936312325.216278,,,2.411714024837406,,757461000000.0,0.757461,15.75236682349963,15752366823.49963,37.990203992617516,37990203992.617516,,,,,,,,,,,
opt_B5_3_2,B5,5 % biomass,5.0,1.35,3.2,min_surplus_loss,G3,biomass_trajectory_constraint,3,2045.0,3.488615274704898e-07,0.0,3.488615274704898e-07,True,0.0001,1.4795140986256958,1e-10,-3.093631232521628,0.02306733315698189,0.03660266397006495,0.6302091338446631,0.0,True,Successive iterates of the objective function are closer than ftol_rel or ftol_abs. GEMSEO stopped the driver.,0.0,22,0.33626450179623213,False,21,14795140986.256958,-30936312325.216278,,,3.005434456537094,,772951000000.0,0.772951,19.14111112639347,19141111126.393467,57.527354915668475,57527354915.66847,,,,,,,,,,,
opt_B5_3_2,B5,5 % biomass,5.0,1.35,3.2,min_surplus_loss,G3,biomass_trajectory_constraint,4,2050.0,2.2409763877817566e-06,0.0,2.2409763877817566e-06,True,0.0001,0.9487132181266592,1e-10,-3.093631232521628,0.02306733315698189,0.03660266397006495,0.6302091338446631,0.0,True,Successive iterates of the objective function are closer than ftol_rel or ftol_abs. GEMSEO stopped the driver.,0.0,22,0.33626450179623213,False,21,9487132181.266592,-30936312325.216278,,,3.7453181345368614,,788441000000.0001,0.7884410000000002,12.03277376654257,12032773766.54257,45.0665657966113,45066565796.611305,,,,,,,,,,,
opt_B5_3_2,B5,5 % biomass,5.0,1.35,3.2,min_surplus_loss,G4,electricity_trajectory_constraint,0,2030.0,-0.9999999601477602,0.0,0.9999999601477602,False,0.0001,0.0,1e-10,-3.093631232521628,0.02306733315698189,0.03660266397006495,0.6302091338446631,0.0,True,Successive iterates of the objective function are closer than ftol_rel or ftol_abs. GEMSEO stopped the driver.,0.0,22,0.33626450179623213,False,21,0.0,-30936312325.216278,,,1.552969421732896,,1065287574000.0001,1.065287574,0.0,0.0,0.0,0.0,,,,,,,,,,,
opt_B5_3_2,B5,5 % biomass,5.0,1.35,3.2,min_surplus_loss,G4,electricity_trajectory_constraint,1,2035.0,-0.9999999682657772,0.0,0.9999999682657772,False,0.0001,0.0,1e-10,-3.093631232521628,0.02306733315698189,0.03660266397006495,0.6302091338446631,0.0,True,Successive iterates of the objective function are closer than ftol_rel or ftol_abs. GEMSEO stopped the driver.,0.0,22,0.33626450179623213,False,21,0.0,-30936312325.216278,,,1.9352824430911528,,1356710238000.0002,1.3567102380000002,0.0,0.0,0.0,0.0,,,,,,,,,,,
opt_B5_3_2,B5,5 % biomass,5.0,1.35,3.2,min_surplus_loss,G4,electricity_trajectory_constraint,2,2040.0,-0.819199278029975,0.0,0.819199278029975,False,0.0001,0.0,1e-10,-3.093631232521628,0.02306733315698189,0.03660266397006495,0.6302091338446631,0.0,True,Successive iterates of the objective function are closer than ftol_rel or ftol_abs. GEMSEO stopped the driver.,0.0,22,0.33626450179623213,False,21,0.0,-30936312325.216278,,,2.411714024837406,,1648132902000.0002,1.6481329020000002,0.0,0.0,0.0,0.0,,,,,,,,,,,
opt_B5_3_2,B5,5 % biomass,5.0,1.35,3.2,min_surplus_loss,G4,electricity_trajectory_constraint,3,2045.0,-0.6087798572856145,0.0,0.6087798572856145,False,0.0001,0.0,1e-10,-3.093631232521628,0.02306733315698189,0.03660266397006495,0.6302091338446631,0.0,True,Successive iterates of the objective function are closer than ftol_rel or ftol_abs. GEMSEO stopped the driver.,0.0,22,0.33626450179623213,False,21,0.0,-30936312325.216278,,,3.005434456537094,,1895265009000.0002,1.8952650090000003,0.0,0.0,0.0,0.0,,,,,,,,,,,
opt_B5_3_2,B5,5 % biomass,5.0,1.35,3.2,min_surplus_loss,G4,electricity_trajectory_constraint,4,2050.0,-0.13884588853633645,0.0,0.13884588853633645,False,0.0001,0.0,1e-10,-3.093631232521628,0.02306733315698189,0.03660266397006495,0.6302091338446631,0.0,True,Successive iterates of the objective function are closer than ftol_rel or ftol_abs. GEMSEO stopped the driver.,0.0,22,0.33626450179623213,False,21,0.0,-30936312325.216278,,,3.7453181345368614,,2142397116000.0002,2.142397116,0.0,0.0,0.0,0.0,,,,,,,,,,,
opt_B5_3_2,B5,5 % biomass,5.0,1.35,3.2,min_surplus_loss,G5,biofuel_use_growth_constraint,0,2030.0,-5.122382383795998e-15,0.0,5.122382383795998e-15,True,0.0001,0.18312967915592293,1e-10,-3.093631232521628,0.02306733315698189,0.03660266397006495,0.6302091338446631,0.0,True,Successive iterates of the objective function are closer than ftol_rel or ftol_abs. GEMSEO stopped the driver.,0.0,22,0.33626450179623213,False,21,1831296791.5592291,-30936312325.216278,,,1.552969421732896,,,,,,,,volume,89799803521.1529,154900000000.0,36088527006.63617,11.822445394184824,59112226970.92411,0.0,18.359896187275943,91799480936.37971,0.0,
opt_B5_3_2,B5,5 % biomass,5.0,1.35,3.2,min_surplus_loss,G5,biofuel_use_growth_constraint,1,2035.0,-0.46988679837812447,0.0,0.46988679837812447,False,0.0001,0.0,1e-10,-3.093631232521628,0.02306733315698189,0.03660266397006495,0.6302091338446631,0.0,True,Successive iterates of the objective function are closer than ftol_rel or ftol_abs. GEMSEO stopped the driver.,0.0,22,0.33626450179623213,False,21,0.0,-30936312325.216278,,,1.9352824430911528,,,,,,,,rate,385440767999.9998,154900000000.0,154899999999.99997,0.0,0.0,0.0,0.0,0.0,0.0,
opt_B5_3_2,B5,5 % biomass,5.0,1.35,3.2,min_surplus_loss,G5,biofuel_use_growth_constraint,2,2040.0,-2.6987551255087747,0.0,2.6987551255087747,False,0.0001,0.0,1e-10,-3.093631232521628,0.02306733315698189,0.03660266397006495,0.6302091338446631,0.0,True,Successive iterates of the objective function are closer than ftol_rel or ftol_abs. GEMSEO stopped the driver.,0.0,22,0.33626450179623213,False,21,0.0,-30936312325.216278,,,2.411714024837406,,,,,,,,rate,777986443389.832,154900000000.0,312655302931.2276,0.0,0.0,0.0,0.0,0.0,0.0,
opt_B5_3_2,B5,5 % biomass,5.0,1.35,3.2,min_surplus_loss,G5,biofuel_use_growth_constraint,3,2045.0,-3.410966281663513,0.0,3.410966281663513,False,0.0001,0.0,1e-10,-3.093631232521628,0.02306733315698189,0.03660266397006495,0.6302091338446631,0.0,True,Successive iterates of the objective function are closer than ftol_rel or ftol_abs. GEMSEO stopped the driver.,0.0,22,0.33626450179623213,False,21,0.0,-30936312325.216278,,,3.005434456537094,,,,,,,,rate,895668913048.5089,154900000000.0,359949248106.5575,0.0,0.0,0.0,0.0,0.0,0.0,
opt_B5_3_2,B5,5 % biomass,5.0,1.35,3.2,min_surplus_loss,G5,biofuel_use_growth_constraint,4,2050.0,-3.4816890330452317,0.0,3.4816890330452317,False,0.0001,0.0,1e-10,-3.093631232521628,0.02306733315698189,0.03660266397006495,0.6302091338446631,0.0,True,Successive iterates of the objective function are closer than ftol_rel or ftol_abs. GEMSEO stopped the driver.,0.0,22,0.33626450179623213,False,21,0.0,-30936312325.216278,,,3.7453181345368614,,,,,,,,rate,913985250738.5747,154900000000.0,367310173425.67474,0.0,0.0,0.0,0.0,0.0,0.0,
opt_B5_3_2,B5,5 % biomass,5.0,1.35,3.2,min_surplus_loss,G6,electrofuel_use_growth_constraint,0,2030.0,-0.9999998803391968,0.0,0.9999998803391968,False,0.0001,0.0,1e-10,-3.093631232521628,0.02306733315698189,0.03660266397006495,0.6302091338446631,0.0,True,Successive iterates of the objective function are closer than ftol_rel or ftol_abs. GEMSEO stopped the driver.,0.0,22,0.33626450179623213,False,21,0.0,-30936312325.216278,,,1.552969421732896,,,,,,,,volume,0.0,154900000000.0,0.0,0.0,0.0,0.0,0.0,0.0,0.0,
opt_B5_3_2,B5,5 % biomass,5.0,1.35,3.2,min_surplus_loss,G6,electrofuel_use_growth_constraint,1,2035.0,-0.9999998786479029,0.0,0.9999998786479029,False,0.0001,0.0,1e-10,-3.093631232521628,0.02306733315698189,0.03660266397006495,0.6302091338446631,0.0,True,Successive iterates of the objective function are closer than ftol_rel or ftol_abs. GEMSEO stopped the driver.,0.0,22,0.33626450179623213,False,21,0.0,-30936312325.216278,,,1.9352824430911528,,,,,,,,volume,46122.21372557669,154900000000.0,18535.48326805905,0.0,0.0,0.0,0.0,0.0,0.0,
opt_B5_3_2,B5,5 % biomass,5.0,1.35,3.2,min_surplus_loss,G6,electrofuel_use_growth_constraint,2,2040.0,-0.16010555864071369,0.0,0.16010555864071369,False,0.0001,0.0,1e-10,-3.093631232521628,0.02306733315698189,0.03660266397006495,0.6302091338446631,0.0,True,Successive iterates of the objective function are closer than ftol_rel or ftol_abs. GEMSEO stopped the driver.,0.0,22,0.33626450179623213,False,21,0.0,-30936312325.216278,,,2.411714024837406,,,,,,,,volume,46774.1166076033,154900000000.0,18797.468415478437,0.0,0.0,0.0,0.0,0.0,0.0,
opt_B5_3_2,B5,5 % biomass,5.0,1.35,3.2,min_surplus_loss,G6,electrofuel_use_growth_constraint,3,2045.0,-3.593844554844481e-05,0.0,3.593844554844481e-05,True,0.0001,0.14705136943431063,1e-10,-3.093631232521628,0.02306733315698189,0.03660266397006495,0.6302091338446631,0.0,True,Successive iterates of the objective function are closer than ftol_rel or ftol_abs. GEMSEO stopped the driver.,0.0,22,0.33626450179623213,False,21,1470513694.3431063,-30936312325.216278,,,3.005434456537094,,,,,,,,rate,323728963403.9282,154900000000.0,130099409804.17642,9.493309840820569,0.0,12805247308.504808,28.53152050218481,0.0,38485331485.459236,
opt_B5_3_2,B5,5 % biomass,5.0,1.35,3.2,min_surplus_loss,G6,electrofuel_use_growth_constraint,4,2050.0,-0.000197899950930729,0.0,0.000197899950930729,False,0.0001,0.0,1e-10,-3.093631232521628,0.02306733315698189,0.03660266397006495,0.6302091338446631,0.0,True,Successive iterates of the objective function are closer than ftol_rel or ftol_abs. GEMSEO stopped the driver.,0.0,22,0.33626450179623213,False,21,0.0,-30936312325.216278,,,3.7453181345368614,,,,,,,,rate,805541254216.1602,154900000000.0,323728963403.4852,0.0,0.0,0.0,0.0,0.0,0.0,
opt_B5_3_4,B5,5 % biomass,5.0,1.35,3.4,min_surplus_loss,G1,aviation_carbon_budget_constraint,0,,3.4203671077183255e-05,0.0,3.4203671077183255e-05,True,0.0001,68.43157647542488,1e-10,-7.48094609739133,0.05803688584433555,0.09119296531001907,0.6364184523119047,0.0,True,Successive iterates of the objective function are closer than ftol_rel or ftol_abs. GEMSEO stopped the driver.,0.0,21,0.5820272614085056,False,20,684315764754.2488,-74809460973.9133,3.480998507224318,196.58605521779128,,,,,,,,,,,,,,,,,,,
opt_B5_3_4,B5,5 % biomass,5.0,1.35,3.4,min_surplus_loss,G2,blend_completeness_constraint,0,2030.0,-0.9171506619348172,0.0,0.9171506619348172,False,0.0001,0.0,1e-10,-7.48094609739133,0.05803688584433555,0.09119296531001907,0.6364184523119047,0.0,True,Successive iterates of the objective function are closer than ftol_rel or ftol_abs. GEMSEO stopped the driver.,0.0,21,0.5820272614085056,False,20,0.0,-74809460973.9133,,,1.552969421732896,,,,,,,,,,,,,,,,,,
opt_B5_3_4,B5,5 % biomass,5.0,1.35,3.4,min_surplus_loss,G2,blend_completeness_constraint,1,2035.0,-0.8336713274750857,0.0,0.8336713274750857,False,0.0001,0.0,1e-10,-7.48094609739133,0.05803688584433555,0.09119296531001907,0.6364184523119047,0.0,True,Successive iterates of the objective function are closer than ftol_rel or ftol_abs. GEMSEO stopped the driver.,0.0,21,0.5820272614085056,False,20,0.0,-74809460973.9133,,,1.9352824430911528,,,,,,,,,,,,,,,,,,
opt_B5_3_4,B5,5 % biomass,5.0,1.35,3.4,min_surplus_loss,G2,blend_completeness_constraint,2,2040.0,-0.7719433579591234,0.0,0.7719433579591234,False,0.0001,0.0,1e-10,-7.48094609739133,0.05803688584433555,0.09119296531001907,0.6364184523119047,0.0,True,Successive iterates of the objective function are closer than ftol_rel or ftol_abs. GEMSEO stopped the driver.,0.0,21,0.5820272614085056,False,20,0.0,-74809460973.9133,,,2.411714024837406,,,,,,,,,,,,,,,,,,
opt_B5_3_4,B5,5 % biomass,5.0,1.35,3.4,min_surplus_loss,G2,blend_completeness_constraint,3,2045.0,-0.7169849776409595,0.0,0.7169849776409595,False,0.0001,0.0,1e-10,-7.48094609739133,0.05803688584433555,0.09119296531001907,0.6364184523119047,0.0,True,Successive iterates of the objective function are closer than ftol_rel or ftol_abs. GEMSEO stopped the driver.,0.0,21,0.5820272614085056,False,20,0.0,-74809460973.9133,,,3.005434456537094,,,,,,,,,,,,,,,,,,
opt_B5_3_4,B5,5 % biomass,5.0,1.35,3.4,min_surplus_loss,G2,blend_completeness_constraint,4,2050.0,-0.5817867625748895,0.0,0.5817867625748895,False,0.0001,0.0,1e-10,-7.48094609739133,0.05803688584433555,0.09119296531001907,0.6364184523119047,0.0,True,Successive iterates of the objective function are closer than ftol_rel or ftol_abs. GEMSEO stopped the driver.,0.0,21,0.5820272614085056,False,20,0.0,-74809460973.9133,,,3.7453181345368614,,,,,,,,,,,,,,,,,,
opt_B5_3_4,B5,5 % biomass,5.0,1.35,3.4,min_surplus_loss,G3,biomass_trajectory_constraint,0,2030.0,-0.42121728115298673,0.0,0.42121728115298673,False,0.0001,0.0,1e-10,-7.48094609739133,0.05803688584433555,0.09119296531001907,0.6364184523119047,0.0,True,Successive iterates of the objective function are closer than ftol_rel or ftol_abs. GEMSEO stopped the driver.,0.0,21,0.5820272614085056,False,20,0.0,-74809460973.9133,,,1.552969421732896,,558414500000.0001,0.5584145000000001,0.0,0.0,0.0,0.0,,,,,,,,,,,
opt_B5_3_4,B5,5 % biomass,5.0,1.35,3.4,min_surplus_loss,G3,biomass_trajectory_constraint,1,2035.0,-1.8474111129762605e-15,0.0,1.8474111129762605e-15,True,0.0001,0.7369400976715681,1e-10,-7.48094609739133,0.05803688584433555,0.09119296531001907,0.6364184523119047,0.0,True,Successive iterates of the objective function are closer than ftol_rel or ftol_abs. GEMSEO stopped the driver.,0.0,21,0.5820272614085056,False,20,7369400976.715681,-74809460973.9133,,,1.9352824430911528,,657937750000.0001,0.6579377500000001,11.200757179103464,11200757179.103464,21.67662871804612,21676628718.04612,,,,,,,,,,,
opt_B5_3_4,B5,5 % biomass,5.0,1.35,3.4,min_surplus_loss,G3,biomass_trajectory_constraint,2,2040.0,5.37412573180518e-07,0.0,5.37412573180518e-07,True,0.0001,1.2724793402982608,1e-10,-7.48094609739133,0.05803688584433555,0.09119296531001907,0.6364184523119047,0.0,True,Successive iterates of the objective function are closer than ftol_rel or ftol_abs. GEMSEO stopped the driver.,0.0,21,0.5820272614085056,False,20,12724793402.982607,-74809460973.9133,,,2.411714024837406,,757461000000.0,0.757461,16.79927204566652,16799272045.66652,40.51503999959292,40515039999.59292,,,,,,,,,,,
opt_B5_3_4,B5,5 % biomass,5.0,1.35,3.4,min_surplus_loss,G3,biomass_trajectory_constraint,3,2045.0,2.6362949382985335e-06,0.0,2.6362949382985335e-06,True,0.0001,1.4704899223520338,1e-10,-7.48094609739133,0.05803688584433555,0.09119296531001907,0.6364184523119047,0.0,True,Successive iterates of the objective function are closer than ftol_rel or ftol_abs. GEMSEO stopped the driver.,0.0,21,0.5820272614085056,False,20,14704899223.520338,-74809460973.9133,,,3.005434456537094,,772951000000.0,0.772951,19.024361471193306,19024361471.193306,57.176471479141085,57176471479.14108,,,,,,,,,,,
opt_B5_3_4,B5,5 % biomass,5.0,1.35,3.4,min_surplus_loss,G3,biomass_trajectory_constraint,4,2050.0,1.1082161740034734e-05,0.0,1.1082161740034734e-05,True,0.0001,0.9683005548706554,1e-10,-7.48094609739133,0.05803688584433555,0.09119296531001907,0.6364184523119047,0.0,True,Successive iterates of the objective function are closer than ftol_rel or ftol_abs. GEMSEO stopped the driver.,0.0,21,0.5820272614085056,False,20,9683005548.706553,-74809460973.9133,,,3.7453181345368614,,788441000000.0001,0.7884410000000002,12.281204996577488,12281204996.577488,45.99701978764638,45997019787.64638,,,,,,,,,,,
opt_B5_3_4,B5,5 % biomass,5.0,1.35,3.4,min_surplus_loss,G4,electricity_trajectory_constraint,0,2030.0,-0.9999999601421701,0.0,0.9999999601421701,False,0.0001,0.0,1e-10,-7.48094609739133,0.05803688584433555,0.09119296531001907,0.6364184523119047,0.0,True,Successive iterates of the objective function are closer than ftol_rel or ftol_abs. GEMSEO stopped the driver.,0.0,21,0.5820272614085056,False,20,0.0,-74809460973.9133,,,1.552969421732896,,1065287574000.0001,1.065287574,0.0,0.0,0.0,0.0,,,,,,,,,,,
opt_B5_3_4,B5,5 % biomass,5.0,1.35,3.4,min_surplus_loss,G4,electricity_trajectory_constraint,1,2035.0,-0.9999999682657772,0.0,0.9999999682657772,False,0.0001,0.0,1e-10,-7.48094609739133,0.05803688584433555,0.09119296531001907,0.6364184523119047,0.0,True,Successive iterates of the objective function are closer than ftol_rel or ftol_abs. GEMSEO stopped the driver.,0.0,21,0.5820272614085056,False,20,0.0,-74809460973.9133,,,1.9352824430911528,,1356710238000.0002,1.3567102380000002,0.0,0.0,0.0,0.0,,,,,,,,,,,
opt_B5_3_4,B5,5 % biomass,5.0,1.35,3.4,min_surplus_loss,G4,electricity_trajectory_constraint,2,2040.0,-0.905120050935717,0.0,0.905120050935717,False,0.0001,0.0,1e-10,-7.48094609739133,0.05803688584433555,0.09119296531001907,0.6364184523119047,0.0,True,Successive iterates of the objective function are closer than ftol_rel or ftol_abs. GEMSEO stopped the driver.,0.0,21,0.5820272614085056,False,20,0.0,-74809460973.9133,,,2.411714024837406,,1648132902000.0002,1.6481329020000002,0.0,0.0,0.0,0.0,,,,,,,,,,,
opt_B5_3_4,B5,5 % biomass,5.0,1.35,3.4,min_surplus_loss,G4,electricity_trajectory_constraint,3,2045.0,-0.7947499747121266,0.0,0.7947499747121266,False,0.0001,0.0,1e-10,-7.48094609739133,0.05803688584433555,0.09119296531001907,0.6364184523119047,0.0,True,Successive iterates of the objective function are closer than ftol_rel or ftol_abs. GEMSEO stopped the driver.,0.0,21,0.5820272614085056,False,20,0.0,-74809460973.9133,,,3.005434456537094,,1895265009000.0002,1.8952650090000003,0.0,0.0,0.0,0.0,,,,,,,,,,,
opt_B5_3_4,B5,5 % biomass,5.0,1.35,3.4,min_surplus_loss,G4,electricity_trajectory_constraint,4,2050.0,-0.5483892036477143,0.0,0.5483892036477143,False,0.0001,0.0,1e-10,-7.48094609739133,0.05803688584433555,0.09119296531001907,0.6364184523119047,0.0,True,Successive iterates of the objective function are closer than ftol_rel or ftol_abs. GEMSEO stopped the driver.,0.0,21,0.5820272614085056,False,20,0.0,-74809460973.9133,,,3.7453181345368614,,2142397116000.0002,2.142397116,0.0,0.0,0.0,0.0,,,,,,,,,,,
opt_B5_3_4,B5,5 % biomass,5.0,1.35,3.4,min_surplus_loss,G5,biofuel_use_growth_constraint,0,2030.0,-0.008479224540374343,0.0,0.008479224540374343,False,0.0001,0.0,1e-10,-7.48094609739133,0.05803688584433555,0.09119296531001907,0.6364184523119047,0.0,True,Successive iterates of the objective function are closer than ftol_rel or ftol_abs. GEMSEO stopped the driver.,0.0,21,0.5820272614085056,False,20,0.0,-74809460973.9133,,,1.552969421732896,,,,,,,,volume,89799803521.1529,154900000000.0,36088527006.63617,0.0,0.0,0.0,0.0,0.0,0.0,
opt_B5_3_4,B5,5 % biomass,5.0,1.35,3.4,min_surplus_loss,G5,biofuel_use_growth_constraint,1,2035.0,-0.44878777437029177,0.0,0.44878777437029177,False,0.0001,0.0,1e-10,-7.48094609739133,0.05803688584433555,0.09119296531001907,0.6364184523119047,0.0,True,Successive iterates of the objective function are closer than ftol_rel or ftol_abs. GEMSEO stopped the driver.,0.0,21,0.5820272614085056,False,20,0.0,-74809460973.9133,,,1.9352824430911528,,,,,,,,rate,384775834085.2048,154900000000.0,154632777972.77072,0.0,0.0,0.0,0.0,0.0,0.0,
opt_B5_3_4,B5,5 % biomass,5.0,1.35,3.4,min_surplus_loss,G5,biofuel_use_growth_constraint,2,2040.0,-2.6987540467533235,0.0,2.6987540467533235,False,0.0001,0.0,1e-10,-7.48094609739133,0.05803688584433555,0.09119296531001907,0.6364184523119047,0.0,True,Successive iterates of the objective function are closer than ftol_rel or ftol_abs. GEMSEO stopped the driver.,0.0,21,0.5820272614085056,False,20,0.0,-74809460973.9133,,,2.411714024837406,,,,,,,,rate,777986443389.6538,154900000000.0,312655302931.15594,0.0,0.0,0.0,0.0,0.0,0.0,
opt_B5_3_4,B5,5 % biomass,5.0,1.35,3.4,min_surplus_loss,G5,biofuel_use_growth_constraint,3,2045.0,-3.4109635418248083,0.0,3.4109635418248083,False,0.0001,0.0,1e-10,-7.48094609739133,0.05803688584433555,0.09119296531001907,0.6364184523119047,0.0,True,Successive iterates of the objective function are closer than ftol_rel or ftol_abs. GEMSEO stopped the driver.,0.0,21,0.5820272614085056,False,20,0.0,-74809460973.9133,,,3.005434456537094,,,,,,,,rate,895668913102.7264,154900000000.0,359949248128.3463,0.0,0.0,0.0,0.0,0.0,0.0,
opt_B5_3_4,B5,5 % biomass,5.0,1.35,3.4,min_surplus_loss,G5,biofuel_use_growth_constraint,4,2050.0,-3.4816811450053304,0.0,3.4816811450053304,False,0.0001,0.0,1e-10,-7.48094609739133,0.05803688584433555,0.09119296531001907,0.6364184523119047,0.0,True,Successive iterates of the objective function are closer than ftol_rel or ftol_abs. GEMSEO stopped the driver.,0.0,21,0.5820272614085056,False,20,0.0,-74809460973.9133,,,3.7453181345368614,,,,,,,,rate,913985251000.0646,154900000000.0,367310173530.76166,0.0,0.0,0.0,0.0,0.0,0.0,
opt_B5_3_4,B5,5 % biomass,5.0,1.35,3.4,min_surplus_loss,G6,electrofuel_use_growth_constraint,0,2030.0,-0.999999880322412,0.0,0.999999880322412,False,0.0001,0.0,1e-10,-7.48094609739133,0.05803688584433555,0.09119296531001907,0.6364184523119047,0.0,True,Successive iterates of the objective function are closer than ftol_rel or ftol_abs. GEMSEO stopped the driver.,0.0,21,0.5820272614085056,False,20,0.0,-74809460973.9133,,,1.552969421732896,,,,,,,,volume,0.0,154900000000.0,0.0,0.0,0.0,0.0,0.0,0.0,0.0,
opt_B5_3_4,B5,5 % biomass,5.0,1.35,3.4,min_surplus_loss,G6,electrofuel_use_growth_constraint,1,2035.0,-0.9999998786479029,0.0,0.9999998786479029,False,0.0001,0.0,1e-10,-7.48094609739133,0.05803688584433555,0.09119296531001907,0.6364184523119047,0.0,True,Successive iterates of the objective function are closer than ftol_rel or ftol_abs. GEMSEO stopped the driver.,0.0,21,0.5820272614085056,False,20,0.0,-74809460973.9133,,,1.9352824430911528,,,,,,,,volume,46123.48440559383,154900000000.0,18535.99392585915,0.0,0.0,0.0,0.0,0.0,0.0,
opt_B5_3_4,B5,5 % biomass,5.0,1.35,3.4,min_surplus_loss,G6,electrofuel_use_growth_constraint,2,2040.0,-0.5592432322880845,0.0,0.5592432322880845,False,0.0001,0.0,1e-10,-7.48094609739133,0.05803688584433555,0.09119296531001907,0.6364184523119047,0.0,True,Successive iterates of the objective function are closer than ftol_rel or ftol_abs. GEMSEO stopped the driver.,0.0,21,0.5820272614085056,False,20,0.0,-74809460973.9133,,,2.411714024837406,,,,,,,,volume,46774.064933874026,154900000000.0,18797.447648965583,0.0,0.0,0.0,0.0,0.0,0.0,
opt_B5_3_4,B5,5 % biomass,5.0,1.35,3.4,min_surplus_loss,G6,electrofuel_use_growth_constraint,3,2045.0,-0.00030233970710808573,0.0,0.00030233970710808573,False,0.0001,0.0,1e-10,-7.48094609739133,0.05803688584433555,0.09119296531001907,0.6364184523119047,0.0,True,Successive iterates of the objective function are closer than ftol_rel or ftol_abs. GEMSEO stopped the driver.,0.0,21,0.5820272614085056,False,20,0.0,-74809460973.9133,,,3.005434456537094,,,,,,,,rate,169602666156.73914,154900000000.0,68159507682.58872,0.0,0.0,0.0,0.0,0.0,0.0,
opt_B5_3_4,B5,5 % biomass,5.0,1.35,3.4,min_surplus_loss,G6,electrofuel_use_growth_constraint,4,2050.0,-0.001225390571631474,0.0,0.001225390571631474,False,0.0001,0.0,1e-10,-7.48094609739133,0.05803688584433555,0.09119296531001907,0.6364184523119047,0.0,True,Successive iterates of the objective function are closer than ftol_rel or ftol_abs. GEMSEO stopped the driver.,0.0,21,0.5820272614085056,False,20,0.0,-74809460973.9133,,,3.7453181345368614,,,,,,,,rate,422025693324.8071,154900000000.0,169602660961.93707,0.0,0.0,0.0,0.0,0.0,0.0,
opt_B5_3_6,B5,5 % biomass,5.0,1.35,3.6,min_surplus_loss,G1,aviation_carbon_budget_constraint,0,,6.841326718198384e-13,0.0,6.841326718198384e-13,True,0.0001,55.4044873378375,1e-10,-11.827738624861869,2.4127004076160016e-16,3.742873426351138e-16,0.6446118083047497,0.0,True,Successive iterates of the objective function are closer than ftol_rel or ftol_abs. GEMSEO stopped the driver.,0.0,29,0.7348267841756133,False,26,554044873378.375,-118277386248.61868,3.7285873434363737,148.59377623369585,,,,,,,,,,,,,,,,,,,
opt_B5_3_6,B5,5 % biomass,5.0,1.35,3.6,min_surplus_loss,G2,blend_completeness_constraint,0,2030.0,-0.9379292044333718,0.0,0.9379292044333718,False,0.0001,0.0,1e-10,-11.827738624861869,2.4127004076160016e-16,3.742873426351138e-16,0.6446118083047497,0.0,True,Successive iterates of the objective function are closer than ftol_rel or ftol_abs. GEMSEO stopped the driver.,0.0,29,0.7348267841756133,False,26,0.0,-118277386248.61868,,,1.552969421732896,,,,,,,,,,,,,,,,,,
opt_B5_3_6,B5,5 % biomass,5.0,1.35,3.6,min_surplus_loss,G2,blend_completeness_constraint,1,2035.0,-0.8474316269550107,0.0,0.8474316269550107,False,0.0001,0.0,1e-10,-11.827738624861869,2.4127004076160016e-16,3.742873426351138e-16,0.6446118083047497,0.0,True,Successive iterates of the objective function are closer than ftol_rel or ftol_abs. GEMSEO stopped the driver.,0.0,29,0.7348267841756133,False,26,0.0,-118277386248.61868,,,1.9352824430911528,,,,,,,,,,,,,,,,,,
opt_B5_3_6,B5,5 % biomass,5.0,1.35,3.6,min_surplus_loss,G2,blend_completeness_constraint,2,2040.0,-0.8113946773741493,0.0,0.8113946773741493,False,0.0001,0.0,1e-10,-11.827738624861869,2.4127004076160016e-16,3.742873426351138e-16,0.6446118083047497,0.0,True,Successive iterates of the objective function are closer than ftol_rel or ftol_abs. GEMSEO stopped the driver.,0.0,29,0.7348267841756133,False,26,0.0,-118277386248.61868,,,2.411714024837406,,,,,,,,,,,,,,,,,,
opt_B5_3_6,B5,5 % biomass,5.0,1.35,3.6,min_surplus_loss,G2,blend_completeness_constraint,3,2045.0,-0.8131447576417284,0.0,0.8131447576417284,False,0.0001,0.0,1e-10,-11.827738624861869,2.4127004076160016e-16,3.742873426351138e-16,0.6446118083047497,0.0,True,Successive iterates of the objective function are closer than ftol_rel or ftol_abs. GEMSEO stopped the driver.,0.0,29,0.7348267841756133,False,26,0.0,-118277386248.61868,,,3.005434456537094,,,,,,,,,,,,,,,,,,
opt_B5_3_6,B5,5 % biomass,5.0,1.35,3.6,min_surplus_loss,G2,blend_completeness_constraint,4,2050.0,-0.7348267841756485,0.0,0.7348267841756485,False,0.0001,0.0,1e-10,-11.827738624861869,2.4127004076160016e-16,3.742873426351138e-16,0.6446118083047497,0.0,True,Successive iterates of the objective function are closer than ftol_rel or ftol_abs. GEMSEO stopped the driver.,0.0,29,0.7348267841756133,False,26,0.0,-118277386248.61868,,,3.7453181345368614,,,,,,,,,,,,,,,,,,
opt_B5_3_6,B5,5 % biomass,5.0,1.35,3.6,min_surplus_loss,G3,biomass_trajectory_constraint,0,2030.0,-0.564612577323968,0.0,0.564612577323968,False,0.0001,0.0,1e-10,-11.827738624861869,2.4127004076160016e-16,3.742873426351138e-16,0.6446118083047497,0.0,True,Successive iterates of the objective function are closer than ftol_rel or ftol_abs. GEMSEO stopped the driver.,0.0,29,0.7348267841756133,False,26,0.0,-118277386248.61868,,,1.552969421732896,,558414500000.0001,0.5584145000000001,0.0,0.0,0.0,0.0,,,,,,,,,,,
opt_B5_3_6,B5,5 % biomass,5.0,1.35,3.6,min_surplus_loss,G3,biomass_trajectory_constraint,1,2035.0,-0.080495220759815,0.0,0.080495220759815,False,0.0001,0.0,1e-10,-11.827738624861869,2.4127004076160016e-16,3.742873426351138e-16,0.6446118083047497,0.0,True,Successive iterates of the objective function are closer than ftol_rel or ftol_abs. GEMSEO stopped the driver.,0.0,29,0.7348267841756133,False,26,0.0,-118277386248.61868,,,1.9352824430911528,,657937750000.0001,0.6579377500000001,0.0,0.0,0.0,0.0,,,,,,,,,,,
opt_B5_3_6,B5,5 % biomass,5.0,1.35,3.6,min_surplus_loss,G3,biomass_trajectory_constraint,2,2040.0,-1.2931877790833824e-14,0.0,1.2931877790833824e-14,True,0.0001,0.50156633772017,1e-10,-11.827738624861869,2.4127004076160016e-16,3.742873426351138e-16,0.6446118083047497,0.0,True,Successive iterates of the objective function are closer than ftol_rel or ftol_abs. GEMSEO stopped the driver.,0.0,29,0.7348267841756133,False,26,5015663377.2017,-118277386248.61868,,,2.411714024837406,,757461000000.0,0.757461,6.621678709797204,6621678709.797204,15.969595412385177,15969595412.385176,,,,,,,,,,,
opt_B5_3_6,B5,5 % biomass,5.0,1.35,3.6,min_surplus_loss,G3,biomass_trajectory_constraint,3,2045.0,-2.2737367544323206e-15,0.0,2.2737367544323206e-15,True,0.0001,0.8149097607462148,1e-10,-11.827738624861869,2.4127004076160016e-16,3.742873426351138e-16,0.6446118083047497,0.0,True,Successive iterates of the objective function are closer than ftol_rel or ftol_abs. GEMSEO stopped the driver.,0.0,29,0.7348267841756133,False,26,8149097607.462148,-118277386248.61868,,,3.005434456537094,,772951000000.0,0.772951,10.54283855957512,10542838559.575119,31.68581027665497,31685810276.65497,,,,,,,,,,,
opt_B5_3_6,B5,5 % biomass,5.0,1.35,3.6,min_surplus_loss,G3,biomass_trajectory_constraint,4,2050.0,2.842170943040401e-16,0.0,2.842170943040401e-16,True,0.0001,0.6061464586752322,1e-10,-11.827738624861869,2.4127004076160016e-16,3.742873426351138e-16,0.6446118083047497,0.0,True,Successive iterates of the objective function are closer than ftol_rel or ftol_abs. GEMSEO stopped the driver.,0.0,29,0.7348267841756133,False,26,6061464586.752322,-118277386248.61868,,,3.7453181345368614,,788441000000.0001,0.7884410000000002,7.687911443915678,7687911443.915678,28.793674147610854,28793674147.610855,,,,,,,,,,,
opt_B5_3_6,B5,5 % biomass,5.0,1.35,3.6,min_surplus_loss,G4,electricity_trajectory_constraint,0,2030.0,-0.9999999599801221,0.0,0.9999999599801221,False,0.0001,0.0,1e-10,-11.827738624861869,2.4127004076160016e-16,3.742873426351138e-16,0.6446118083047497,0.0,True,Successive iterates of the objective function are closer than ftol_rel or ftol_abs. GEMSEO stopped the driver.,0.0,29,0.7348267841756133,False,26,0.0,-118277386248.61868,,,1.552969421732896,,1065287574000.0001,1.065287574,0.0,0.0,0.0,0.0,,,,,,,,,,,
opt_B5_3_6,B5,5 % biomass,5.0,1.35,3.6,min_surplus_loss,G4,electricity_trajectory_constraint,1,2035.0,-0.9999999681884707,0.0,0.9999999681884707,False,0.0001,0.0,1e-10,-11.827738624861869,2.4127004076160016e-16,3.742873426351138e-16,0.6446118083047497,0.0,True,Successive iterates of the objective function are closer than ftol_rel or ftol_abs. GEMSEO stopped the driver.,0.0,29,0.7348267841756133,False,26,0.0,-118277386248.61868,,,1.9352824430911528,,1356710238000.0002,1.3567102380000002,0.0,0.0,0.0,0.0,,,,,,,,,,,
opt_B5_3_6,B5,5 % biomass,5.0,1.35,3.6,min_surplus_loss,G4,electricity_trajectory_constraint,2,2040.0,-0.999999973477684,0.0,0.999999973477684,False,0.0001,0.0,1e-10,-11.827738624861869,2.4127004076160016e-16,3.742873426351138e-16,0.6446118083047497,0.0,True,Successive iterates of the objective function are closer than ftol_rel or ftol_abs. GEMSEO stopped the driver.,0.0,29,0.7348267841756133,False,26,0.0,-118277386248.61868,,,2.411714024837406,,1648132902000.0002,1.6481329020000002,0.0,0.0,0.0,0.0,,,,,,,,,,,
opt_B5_3_6,B5,5 % biomass,5.0,1.35,3.6,min_surplus_loss,G4,electricity_trajectory_constraint,3,2045.0,-0.9999999762439538,0.0,0.9999999762439538,False,0.0001,0.0,1e-10,-11.827738624861869,2.4127004076160016e-16,3.742873426351138e-16,0.6446118083047497,0.0,True,Successive iterates of the objective function are closer than ftol_rel or ftol_abs. GEMSEO stopped the driver.,0.0,29,0.7348267841756133,False,26,0.0,-118277386248.61868,,,3.005434456537094,,1895265009000.0002,1.8952650090000003,0.0,0.0,0.0,0.0,,,,,,,,,,,
opt_B5_3_6,B5,5 % biomass,5.0,1.35,3.6,min_surplus_loss,G4,electricity_trajectory_constraint,4,2050.0,-0.8343971877334911,0.0,0.8343971877334911,False,0.0001,0.0,1e-10,-11.827738624861869,2.4127004076160016e-16,3.742873426351138e-16,0.6446118083047497,0.0,True,Successive iterates of the objective function are closer than ftol_rel or ftol_abs. GEMSEO stopped the driver.,0.0,29,0.7348267841756133,False,26,0.0,-118277386248.61868,,,3.7453181345368614,,2142397116000.0002,2.142397116,0.0,0.0,0.0,0.0,,,,,,,,,,,
opt_B5_3_6,B5,5 % biomass,5.0,1.35,3.6,min_surplus_loss,G5,biofuel_use_growth_constraint,0,2030.0,-0.2541317131636815,0.0,0.2541317131636815,False,0.0001,0.0,1e-10,-11.827738624861869,2.4127004076160016e-16,3.742873426351138e-16,0.6446118083047497,0.0,True,Successive iterates of the objective function are closer than ftol_rel or ftol_abs. GEMSEO stopped the driver.,0.0,29,0.7348267841756133,False,26,0.0,-118277386248.61868,,,1.552969421732896,,,,,,,,volume,89799803521.1529,154900000000.0,36088527006.63617,0.0,0.0,0.0,0.0,0.0,0.0,
opt_B5_3_6,B5,5 % biomass,5.0,1.35,3.6,min_surplus_loss,G5,biofuel_use_growth_constraint,1,2035.0,-3.611003759986281e-11,0.0,3.611003759986281e-11,True,0.0001,0.055673945223753726,1e-10,-11.827738624861869,2.4127004076160016e-16,3.742873426351138e-16,0.6446118083047497,0.0,True,Successive iterates of the objective function are closer than ftol_rel or ftol_abs. GEMSEO stopped the driver.,0.0,29,0.7348267841756133,False,26,556739452.2375373,-118277386248.61868,,,1.9352824430911528,,,,,,,,rate,287488045305.29114,154900000000.0,115534997631.04875,3.5941862636380715,0.0,4305356597.485155,6.955765573218149,0.0,8332081034.359684,
opt_B5_3_6,B5,5 % biomass,5.0,1.35,3.6,min_surplus_loss,G5,biofuel_use_growth_constraint,2,2040.0,-2.2944674291383387,0.0,2.2944674291383387,False,0.0001,0.0,1e-10,-11.827738624861869,2.4127004076160016e-16,3.742873426351138e-16,0.6446118083047497,0.0,True,Successive iterates of the objective function are closer than ftol_rel or ftol_abs. GEMSEO stopped the driver.,0.0,29,0.7348267841756133,False,26,0.0,-118277386248.61868,,,2.411714024837406,,,,,,,,rate,715362252893.4939,154900000000.0,287488045305.06287,0.0,0.0,0.0,0.0,0.0,0.0,
opt_B5_3_6,B5,5 % biomass,5.0,1.35,3.6,min_surplus_loss,G5,biofuel_use_growth_constraint,3,2045.0,-3.410966685741433,0.0,3.410966685741433,False,0.0001,0.0,1e-10,-11.827738624861869,2.4127004076160016e-16,3.742873426351138e-16,0.6446118083047497,0.0,True,Successive iterates of the objective function are closer than ftol_rel or ftol_abs. GEMSEO stopped the driver.,0.0,29,0.7348267841756133,False,26,0.0,-118277386248.61868,,,3.005434456537094,,,,,,,,rate,895668913047.16,154900000000.0,359949248106.0154,0.0,0.0,0.0,0.0,0.0,0.0,
opt_B5_3_6,B5,5 % biomass,5.0,1.35,3.6,min_surplus_loss,G5,biofuel_use_growth_constraint,4,2050.0,-3.481692395060039,0.0,3.481692395060039,False,0.0001,0.0,1e-10,-11.827738624861869,2.4127004076160016e-16,3.742873426351138e-16,0.6446118083047497,0.0,True,Successive iterates of the objective function are closer than ftol_rel or ftol_abs. GEMSEO stopped the driver.,0.0,29,0.7348267841756133,False,26,0.0,-118277386248.61868,,,3.7453181345368614,,,,,,,,rate,913985250738.6713,154900000000.0,367310173425.7135,0.0,0.0,0.0,0.0,0.0,0.0,
opt_B5_3_6,B5,5 % biomass,5.0,1.35,3.6,min_surplus_loss,G6,electrofuel_use_growth_constraint,0,2030.0,-0.9999998798358448,0.0,0.9999998798358448,False,0.0001,0.0,1e-10,-11.827738624861869,2.4127004076160016e-16,3.742873426351138e-16,0.6446118083047497,0.0,True,Successive iterates of the objective function are closer than ftol_rel or ftol_abs. GEMSEO stopped the driver.,0.0,29,0.7348267841756133,False,26,0.0,-118277386248.61868,,,1.552969421732896,,,,,,,,volume,0.0,154900000000.0,0.0,0.0,0.0,0.0,0.0,0.0,0.0,
opt_B5_3_6,B5,5 % biomass,5.0,1.35,3.6,min_surplus_loss,G6,electrofuel_use_growth_constraint,1,2035.0,-0.9999998783522817,0.0,0.9999998783522817,False,0.0001,0.0,1e-10,-11.827738624861869,2.4127004076160016e-16,3.742873426351138e-16,0.6446118083047497,0.0,True,Successive iterates of the objective function are closer than ftol_rel or ftol_abs. GEMSEO stopped the driver.,0.0,29,0.7348267841756133,False,26,0.0,-118277386248.61868,,,1.9352824430911528,,,,,,,,volume,46316.160280658834,154900000000.0,18613.42603871642,0.0,0.0,0.0,0.0,0.0,0.0,
opt_B5_3_6,B5,5 % biomass,5.0,1.35,3.6,min_surplus_loss,G6,electrofuel_use_growth_constraint,2,2040.0,-0.9999998767928271,0.0,0.9999998767928271,False,0.0001,0.0,1e-10,-11.827738624861869,2.4127004076160016e-16,3.742873426351138e-16,0.6446118083047497,0.0,True,Successive iterates of the objective function are closer than ftol_rel or ftol_abs. GEMSEO stopped the driver.,0.0,29,0.7348267841756133,False,26,0.0,-118277386248.61868,,,2.411714024837406,,,,,,,,volume,46887.981138539275,154900000000.0,18843.22801670978,0.0,0.0,0.0,0.0,0.0,0.0,
opt_B5_3_6,B5,5 % biomass,5.0,1.35,3.6,min_surplus_loss,G6,electrofuel_use_growth_constraint,3,2045.0,-0.9999998730956752,0.0,0.9999998730956752,False,0.0001,0.0,1e-10,-11.827738624861869,2.4127004076160016e-16,3.742873426351138e-16,0.6446118083047497,0.0,True,Successive iterates of the objective function are closer than ftol_rel or ftol_abs. GEMSEO stopped the driver.,0.0,29,0.7348267841756133,False,26,0.0,-118277386248.61868,,,3.005434456537094,,,,,,,,volume,47489.060651428685,154900000000.0,19084.788391938615,0.0,0.0,0.0,0.0,0.0,0.0,
opt_B5_3_6,B5,5 % biomass,5.0,1.35,3.6,min_surplus_loss,G6,electrofuel_use_growth_constraint,4,2050.0,-3.4083544322950293e-14,0.0,3.4083544322950293e-14,True,0.0001,0.015939630041396917,1e-10,-11.827738624861869,2.4127004076160016e-16,3.742873426351138e-16,0.6446118083047497,0.0,True,Successive iterates of the objective function are closer than ftol_rel or ftol_abs. GEMSEO stopped the driver.,0.0,29,0.7348267841756133,False,26,159396300.41396916,-118277386248.61868,,,3.7453181345368614,,,,,,,,volume,48914.08387142434,154900000000.0,19657.473263657546,1.0290271169397622,5145135584.698811,0.0,3.854033922004675,19270169610.023373,0.0,
opt_B5_3_8,B5,5 % biomass,5.0,1.35,3.8,min_surplus_loss,G1,aviation_carbon_budget_constraint,0,,1.4795997886821381e-06,0.0,1.4795997886821381e-06,True,0.0001,48.10448925298237,1e-10,-15.219149722670032,1.3808224523606804e-16,2.1085318581928846e-16,0.6548738862993102,0.0,True,Successive iterates of the objective function are closer than ftol_rel or ftol_abs. GEMSEO stopped the driver.,0.0,38,0.8131447576420697,False,36,481044892529.82367,-152191497226.70032,3.9761761796484274,120.98178521162951,,,,,,,,,,,,,,,,,,,
opt_B5_3_8,B5,5 % biomass,5.0,1.35,3.8,min_surplus_loss,G2,blend_completeness_constraint,0,2030.0,-0.97999999,0.0,0.97999999,False,0.0001,0.0,1e-10,-15.219149722670032,1.3808224523606804e-16,2.1085318581928846e-16,0.6548738862993102,0.0,True,Successive iterates of the objective function are closer than ftol_rel or ftol_abs. GEMSEO stopped the driver.,0.0,38,0.8131447576420697,False,36,0.0,-152191497226.70032,,,1.552969421732896,,,,,,,,,,,,,,,,,,
opt_B5_3_8,B5,5 % biomass,5.0,1.35,3.8,min_surplus_loss,G2,blend_completeness_constraint,1,2035.0,-0.9616737724762217,0.0,0.9616737724762217,False,0.0001,0.0,1e-10,-15.219149722670032,1.3808224523606804e-16,2.1085318581928846e-16,0.6548738862993102,0.0,True,Successive iterates of the objective function are closer than ftol_rel or ftol_abs. GEMSEO stopped the driver.,0.0,38,0.8131447576420697,False,36,0.0,-152191497226.70032,,,1.9352824430911528,,,,,,,,,,,,,,,,,,
opt_B5_3_8,B5,5 % biomass,5.0,1.35,3.8,min_surplus_loss,G2,blend_completeness_constraint,2,2040.0,-0.9053472584474183,0.0,0.9053472584474183,False,0.0001,0.0,1e-10,-15.219149722670032,1.3808224523606804e-16,2.1085318581928846e-16,0.6548738862993102,0.0,True,Successive iterates of the objective function are closer than ftol_rel or ftol_abs. GEMSEO stopped the driver.,0.0,38,0.8131447576420697,False,36,0.0,-152191497226.70032,,,2.411714024837406,,,,,,,,,,,,,,,,,,
opt_B5_3_8,B5,5 % biomass,5.0,1.35,3.8,min_surplus_loss,G2,blend_completeness_constraint,3,2045.0,-0.8131523790628279,0.0,0.8131523790628279,False,0.0001,0.0,1e-10,-15.219149722670032,1.3808224523606804e-16,2.1085318581928846e-16,0.6548738862993102,0.0,True,Successive iterates of the objective function are closer than ftol_rel or ftol_abs. GEMSEO stopped the driver.,0.0,38,0.8131447576420697,False,36,0.0,-152191497226.70032,,,3.005434456537094,,,,,,,,,,,,,,,,,,
opt_B5_3_8,B5,5 % biomass,5.0,1.35,3.8,min_surplus_loss,G2,blend_completeness_constraint,4,2050.0,-0.8172689959841576,0.0,0.8172689959841576,False,0.0001,0.0,1e-10,-15.219149722670032,1.3808224523606804e-16,2.1085318581928846e-16,0.6548738862993102,0.0,True,Successive iterates of the objective function are closer than ftol_rel or ftol_abs. GEMSEO stopped the driver.,0.0,38,0.8131447576420697,False,36,0.0,-152191497226.70032,,,3.7453181345368614,,,,,,,,,,,,,,,,,,
opt_B5_3_8,B5,5 % biomass,5.0,1.35,3.8,min_surplus_loss,G3,biomass_trajectory_constraint,0,2030.0,-0.858546312899311,0.0,0.858546312899311,False,0.0001,0.0,1e-10,-15.219149722670032,1.3808224523606804e-16,2.1085318581928846e-16,0.6548738862993102,0.0,True,Successive iterates of the objective function are closer than ftol_rel or ftol_abs. GEMSEO stopped the driver.,0.0,38,0.8131447576420697,False,36,0.0,-152191497226.70032,,,1.552969421732896,,558414500000.0001,0.5584145000000001,0.0,0.0,0.0,0.0,,,,,,,,,,,
opt_B5_3_8,B5,5 % biomass,5.0,1.35,3.8,min_surplus_loss,G3,biomass_trajectory_constraint,1,2035.0,-0.7642316783282064,0.0,0.7642316783282064,False,0.0001,0.0,1e-10,-15.219149722670032,1.3808224523606804e-16,2.1085318581928846e-16,0.6548738862993102,0.0,True,Successive iterates of the objective function are closer than ftol_rel or ftol_abs. GEMSEO stopped the driver.,0.0,38,0.8131447576420697,False,36,0.0,-152191497226.70032,,,1.9352824430911528,,657937750000.0001,0.6579377500000001,0.0,0.0,0.0,0.0,,,,,,,,,,,
opt_B5_3_8,B5,5 % biomass,5.0,1.35,3.8,min_surplus_loss,G3,biomass_trajectory_constraint,2,2040.0,-0.49042780535936537,0.0,0.49042780535936537,False,0.0001,0.0,1e-10,-15.219149722670032,1.3808224523606804e-16,2.1085318581928846e-16,0.6548738862993102,0.0,True,Successive iterates of the objective function are closer than ftol_rel or ftol_abs. GEMSEO stopped the driver.,0.0,38,0.8131447576420697,False,36,0.0,-152191497226.70032,,,2.411714024837406,,757461000000.0,0.757461,0.0,0.0,0.0,0.0,,,,,,,,,,,
opt_B5_3_8,B5,5 % biomass,5.0,1.35,3.8,min_surplus_loss,G3,biomass_trajectory_constraint,3,2045.0,-3.9653553778293826e-05,0.0,3.9653553778293826e-05,True,0.0001,0.41337187322232305,1e-10,-15.219149722670032,1.3808224523606804e-16,2.1085318581928846e-16,0.6548738862993102,0.0,True,Successive iterates of the objective function are closer than ftol_rel or ftol_abs. GEMSEO stopped the driver.,0.0,38,0.8131447576420697,False,36,4133718732.2232304,-152191497226.70032,,,3.005434456537094,,772951000000.0,0.772951,5.34796996474968,5347969964.7496805,16.07297320458416,16072973204.584158,,,,,,,,,,,
opt_B5_3_8,B5,5 % biomass,5.0,1.35,3.8,min_surplus_loss,G3,biomass_trajectory_constraint,4,2050.0,1.8058116779684497e-10,0.0,1.8058116779684497e-10,True,0.0001,0.36539027884836306,1e-10,-15.219149722670032,1.3808224523606804e-16,2.1085318581928846e-16,0.6548738862993102,0.0,True,Successive iterates of the objective function are closer than ftol_rel or ftol_abs. GEMSEO stopped the driver.,0.0,38,0.8131447576420697,False,36,3653902788.4836307,-152191497226.70032,,,3.7453181345368614,,788441000000.0001,0.7884410000000002,4.634338889636169,4634338889.6361685,17.357073484943765,17357073484.943764,,,,,,,,,,,
opt_B5_3_8,B5,5 % biomass,5.0,1.35,3.8,min_surplus_loss,G4,electricity_trajectory_constraint,0,2030.0,-0.9999999596474151,0.0,0.9999999596474151,False,0.0001,0.0,1e-10,-15.219149722670032,1.3808224523606804e-16,2.1085318581928846e-16,0.6548738862993102,0.0,True,Successive iterates of the objective function are closer than ftol_rel or ftol_abs. GEMSEO stopped the driver.,0.0,38,0.8131447576420697,False,36,0.0,-152191497226.70032,,,1.552969421732896,,1065287574000.0001,1.065287574,0.0,0.0,0.0,0.0,,,,,,,,,,,
opt_B5_3_8,B5,5 % biomass,5.0,1.35,3.8,min_surplus_loss,G4,electricity_trajectory_constraint,1,2035.0,-0.9999999675298382,0.0,0.9999999675298382,False,0.0001,0.0,1e-10,-15.219149722670032,1.3808224523606804e-16,2.1085318581928846e-16,0.6548738862993102,0.0,True,Successive iterates of the objective function are closer than ftol_rel or ftol_abs. GEMSEO stopped the driver.,0.0,38,0.8131447576420697,False,36,0.0,-152191497226.70032,,,1.9352824430911528,,1356710238000.0002,1.3567102380000002,0.0,0.0,0.0,0.0,,,,,,,,,,,
opt_B5_3_8,B5,5 % biomass,5.0,1.35,3.8,min_surplus_loss,G4,electricity_trajectory_constraint,2,2040.0,-0.9999999730699055,0.0,0.9999999730699055,False,0.0001,0.0,1e-10,-15.219149722670032,1.3808224523606804e-16,2.1085318581928846e-16,0.6548738862993102,0.0,True,Successive iterates of the objective function are closer than ftol_rel or ftol_abs. GEMSEO stopped the driver.,0.0,38,0.8131447576420697,False,36,0.0,-152191497226.70032,,,2.411714024837406,,1648132902000.0002,1.6481329020000002,0.0,0.0,0.0,0.0,,,,,,,,,,,
opt_B5_3_8,B5,5 % biomass,5.0,1.35,3.8,min_surplus_loss,G4,electricity_trajectory_constraint,3,2045.0,-0.9999999762439349,0.0,0.9999999762439349,False,0.0001,0.0,1e-10,-15.219149722670032,1.3808224523606804e-16,2.1085318581928846e-16,0.6548738862993102,0.0,True,Successive iterates of the objective function are closer than ftol_rel or ftol_abs. GEMSEO stopped the driver.,0.0,38,0.8131447576420697,False,36,0.0,-152191497226.70032,,,3.005434456537094,,1895265009000.0002,1.8952650090000003,0.0,0.0,0.0,0.0,,,,,,,,,,,
opt_B5_3_8,B5,5 % biomass,5.0,1.35,3.8,min_surplus_loss,G4,electricity_trajectory_constraint,4,2050.0,-0.9999999780793076,0.0,0.9999999780793076,False,0.0001,0.0,1e-10,-15.219149722670032,1.3808224523606804e-16,2.1085318581928846e-16,0.6548738862993102,0.0,True,Successive iterates of the objective function are closer than ftol_rel or ftol_abs. GEMSEO stopped the driver.,0.0,38,0.8131447576420697,False,36,0.0,-152191497226.70032,,,3.7453181345368614,,2142397116000.0002,2.142397116,0.0,0.0,0.0,0.0,,,,,,,,,,,
opt_B5_3_8,B5,5 % biomass,5.0,1.35,3.8,min_surplus_loss,G5,biofuel_use_growth_constraint,0,2030.0,-0.7576737090472239,0.0,0.7576737090472239,False,0.0001,0.0,1e-10,-15.219149722670032,1.3808224523606804e-16,2.1085318581928846e-16,0.6548738862993102,0.0,True,Successive iterates of the objective function are closer than ftol_rel or ftol_abs. GEMSEO stopped the driver.,0.0,38,0.8131447576420697,False,36,0.0,-152191497226.70032,,,1.552969421732896,,,,,,,,volume,89799803521.15388,154900000000.0,36088527006.636566,0.0,0.0,0.0,0.0,0.0,0.0,
opt_B5_3_8,B5,5 % biomass,5.0,1.35,3.8,min_surplus_loss,G5,biofuel_use_growth_constraint,1,2035.0,-0.5241173916473105,0.0,0.5241173916473105,False,0.0001,0.0,1e-10,-15.219149722670032,1.3808224523606804e-16,2.1085318581928846e-16,0.6548738862993102,0.0,True,Successive iterates of the objective function are closer than ftol_rel or ftol_abs. GEMSEO stopped the driver.,0.0,38,0.8131447576420697,False,36,0.0,-152191497226.70032,,,1.9352824430911528,,,,,,,,volume,93402431691.42946,154900000000.0,37536342468.58502,0.0,0.0,0.0,0.0,0.0,0.0,
opt_B5_3_8,B5,5 % biomass,5.0,1.35,3.8,min_surplus_loss,G5,biofuel_use_growth_constraint,2,2040.0,-2.8597318241126774e-05,0.0,2.8597318241126774e-05,True,0.0001,0.04515595085366039,1e-10,-15.219149722670032,1.3808224523606804e-16,2.1085318581928846e-16,0.6548738862993102,0.0,True,Successive iterates of the objective function are closer than ftol_rel or ftol_abs. GEMSEO stopped the driver.,0.0,38,0.8131447576420697,False,36,451559508.5366039,-152191497226.70032,,,2.411714024837406,,,,,,,,rate,183421265504.1182,154900000000.0,73712892836.98167,2.9151679053363715,0.0,2227932443.140778,7.03055132205561,0.0,5373135919.51288,
opt_B5_3_8,B5,5 % biomass,5.0,1.35,3.8,min_surplus_loss,G5,biofuel_use_growth_constraint,3,2045.0,-0.5752896411991119,0.0,0.5752896411991119,False,0.0001,0.0,1e-10,-15.219149722670032,1.3808224523606804e-16,2.1085318581928846e-16,0.6548738862993102,0.0,True,Successive iterates of the objective function are closer than ftol_rel or ftol_abs. GEMSEO stopped the driver.,0.0,38,0.8131447576420697,False,36,0.0,-152191497226.70032,,,3.005434456537094,,,,,,,,rate,456410803379.20703,154900000000.0,183421265504.1181,0.0,0.0,0.0,0.0,0.0,0.0,
opt_B5_3_8,B5,5 % biomass,5.0,1.35,3.8,min_surplus_loss,G5,biofuel_use_growth_constraint,4,2050.0,-3.481458419382183,0.0,3.481458419382183,False,0.0001,0.0,1e-10,-15.219149722670032,1.3808224523606804e-16,2.1085318581928846e-16,0.6548738862993102,0.0,True,Successive iterates of the objective function are closer than ftol_rel or ftol_abs. GEMSEO stopped the driver.,0.0,38,0.8131447576420697,False,36,0.0,-152191497226.70032,,,3.7453181345368614,,,,,,,,rate,913985250736.9064,154900000000.0,367310173425.0043,0.0,0.0,0.0,0.0,0.0,0.0,
opt_B5_3_8,B5,5 % biomass,5.0,1.35,3.8,min_surplus_loss,G6,electrofuel_use_growth_constraint,0,2030.0,-0.9999998788368545,0.0,0.9999998788368545,False,0.0001,0.0,1e-10,-15.219149722670032,1.3808224523606804e-16,2.1085318581928846e-16,0.6548738862993102,0.0,True,Successive iterates of the objective function are closer than ftol_rel or ftol_abs. GEMSEO stopped the driver.,0.0,38,0.8131447576420697,False,36,0.0,-152191497226.70032,,,1.552969421732896,,,,,,,,volume,0.0,154900000000.0,0.0,0.0,0.0,0.0,0.0,0.0,0.0,
opt_B5_3_8,B5,5 % biomass,5.0,1.35,3.8,min_surplus_loss,G6,electrofuel_use_growth_constraint,1,2035.0,-0.9999998758336618,0.0,0.9999998758336618,False,0.0001,0.0,1e-10,-15.219149722670032,1.3808224523606804e-16,2.1085318581928846e-16,0.6548738862993102,0.0,True,Successive iterates of the objective function are closer than ftol_rel or ftol_abs. GEMSEO stopped the driver.,0.0,38,0.8131447576420697,False,36,0.0,-152191497226.70032,,,1.9352824430911528,,,,,,,,volume,46701.21584571472,154900000000.0,18768.17123429251,0.0,0.0,0.0,0.0,0.0,0.0,
opt_B5_3_8,B5,5 % biomass,5.0,1.35,3.8,min_surplus_loss,G6,electrofuel_use_growth_constraint,2,2040.0,-0.9999998748985269,0.0,0.9999998748985269,False,0.0001,0.0,1e-10,-15.219149722670032,1.3808224523606804e-16,2.1085318581928846e-16,0.6548738862993102,0.0,True,Successive iterates of the objective function are closer than ftol_rel or ftol_abs. GEMSEO stopped the driver.,0.0,38,0.8131447576420697,False,36,0.0,-152191497226.70032,,,2.411714024837406,,,,,,,,volume,47858.77474834613,154900000000.0,19233.368195548057,0.0,0.0,0.0,0.0,0.0,0.0,
opt_B5_3_8,B5,5 % biomass,5.0,1.35,3.8,min_surplus_loss,G6,electrofuel_use_growth_constraint,3,2045.0,-0.999999873095574,0.0,0.999999873095574,False,0.0001,0.0,1e-10,-15.219149722670032,1.3808224523606804e-16,2.1085318581928846e-16,0.6548738862993102,0.0,True,Successive iterates of the objective function are closer than ftol_rel or ftol_abs. GEMSEO stopped the driver.,0.0,38,0.8131447576420697,False,36,0.0,-152191497226.70032,,,3.005434456537094,,,,,,,,volume,48219.203149146844,154900000000.0,19378.216286147624,0.0,0.0,0.0,0.0,0.0,0.0,
opt_B5_3_8,B5,5 % biomass,5.0,1.35,3.8,min_surplus_loss,G6,electrofuel_use_growth_constraint,4,2050.0,-0.9999998676309173,0.0,0.9999998676309173,False,0.0001,0.0,1e-10,-15.219149722670032,1.3808224523606804e-16,2.1085318581928846e-16,0.6548738862993102,0.0,True,Successive iterates of the objective function are closer than ftol_rel or ftol_abs. GEMSEO stopped the driver.,0.0,38,0.8131447576420697,False,36,0.0,-152191497226.70032,,,3.7453181345368614,,,,,,,,volume,48914.08387141781,154900000000.0,19657.473263654923,0.0,0.0,0.0,0.0,0.0,0.0,
opt_B5_mincarb,B5,5 % biomass,5.0,1.35,,min_co2,G2,blend_completeness_constraint,0,2030.0,-0.8241259972148487,0.0,0.8241259972148487,False,0.0001,0.0,10.0,-0.6107966822338137,2.3013707539344673e-17,2.920714885879246e-16,0.07879477606872495,0.0,True,Successive iterates of the objective function are closer than ftol_rel or ftol_abs. GEMSEO stopped the driver.,0.0,13,0.2452241402951485,False,12,,,,,1.552969421732896,,,,,,,,,,,,,,,,,,0.0
opt_B5_mincarb,B5,5 % biomass,5.0,1.35,,min_co2,G2,blend_completeness_constraint,1,2035.0,-0.5854388819892522,0.0,0.5854388819892522,False,0.0001,0.0,10.0,-0.6107966822338137,2.3013707539344673e-17,2.920714885879246e-16,0.07879477606872495,0.0,True,Successive iterates of the objective function are closer than ftol_rel or ftol_abs. GEMSEO stopped the driver.,0.0,13,0.2452241402951485,False,12,,,,,1.9352824430911528,,,,,,,,,,,,,,,,,,0.0
opt_B5_mincarb,B5,5 % biomass,5.0,1.35,,min_co2,G2,blend_completeness_constraint,2,2040.0,-0.32242513247814997,0.0,0.32242513247814997,False,0.0001,0.0,10.0,-0.6107966822338137,2.3013707539344673e-17,2.920714885879246e-16,0.07879477606872495,0.0,True,Successive iterates of the objective function are closer than ftol_rel or ftol_abs. GEMSEO stopped the driver.,0.0,13,0.2452241402951485,False,12,,,,,2.411714024837406,,,,,,,,,,,,,,,,,,0.0
opt_B5_mincarb,B5,5 % biomass,5.0,1.35,,min_co2,G2,blend_completeness_constraint,3,2045.0,-0.2730206330084883,0.0,0.2730206330084883,False,0.0001,0.0,10.0,-0.6107966822338137,2.3013707539344673e-17,2.920714885879246e-16,0.07879477606872495,0.0,True,Successive iterates of the objective function are closer than ftol_rel or ftol_abs. GEMSEO stopped the driver.,0.0,13,0.2452241402951485,False,12,,,,,3.005434456537094,,,,,,,,,,,,,,,,,,0.0
opt_B5_mincarb,B5,5 % biomass,5.0,1.35,,min_co2,G2,blend_completeness_constraint,4,2050.0,-0.24522414029514863,0.0,0.24522414029514863,False,0.0001,0.0,10.0,-0.6107966822338137,2.3013707539344673e-17,2.920714885879246e-16,0.07879477606872495,0.0,True,Successive iterates of the objective function are closer than ftol_rel or ftol_abs. GEMSEO stopped the driver.,0.0,13,0.2452241402951485,False,12,,,,,3.7453181345368614,,,,,,,,,,,,,,,,,,0.0
opt_B5_mincarb,B5,5 % biomass,5.0,1.35,,min_co2,G3,biomass_trajectory_constraint,0,2030.0,-0.41626768377526924,0.0,0.41626768377526924,False,0.0001,0.0,10.0,-0.6107966822338137,2.3013707539344673e-17,2.920714885879246e-16,0.07879477606872495,0.0,True,Successive iterates of the objective function are closer than ftol_rel or ftol_abs. GEMSEO stopped the driver.,0.0,13,0.2452241402951485,False,12,,,,,1.552969421732896,,558414500000.0001,0.5584145000000001,,,,,,,,,,,,,,,0.0
opt_B5_mincarb,B5,5 % biomass,5.0,1.35,,min_co2,G3,biomass_trajectory_constraint,1,2035.0,1.8067680684907828e-12,0.0,1.8067680684907828e-12,True,0.0001,0.5220295743054796,10.0,-0.6107966822338137,2.3013707539344673e-17,2.920714885879246e-16,0.07879477606872495,0.0,True,Successive iterates of the objective function are closer than ftol_rel or ftol_abs. GEMSEO stopped the driver.,0.0,13,0.2452241402951485,False,12,,,,,1.9352824430911528,,657937750000.0001,0.6579377500000001,,,,,,,,,,,,,,,0.13001893898020375
opt_B5_mincarb,B5,5 % biomass,5.0,1.35,,min_co2,G3,biomass_trajectory_constraint,2,2040.0,-1.4210854715202004e-16,0.0,1.4210854715202004e-16,True,0.0001,0.6004179580967464,10.0,-0.6107966822338137,2.3013707539344673e-17,2.920714885879246e-16,0.07879477606872495,0.0,True,Successive iterates of the objective function are closer than ftol_rel or ftol_abs. GEMSEO stopped the driver.,0.0,13,0.2452241402951485,False,12,,,,,2.411714024837406,,757461000000.0,0.757461,,,,,,,,,,,,,,,0.1495426881901468
opt_B5_mincarb,B5,5 % biomass,5.0,1.35,,min_co2,G3,biomass_trajectory_constraint,3,2045.0,0.0,0.0,0.0,True,0.0001,0.5960047268541088,10.0,-0.6107966822338137,2.3013707539344673e-17,2.920714885879246e-16,0.07879477606872495,0.0,True,Successive iterates of the objective function are closer than ftol_rel or ftol_abs. GEMSEO stopped the driver.,0.0,13,0.2452241402951485,False,12,,,,,3.005434456537094,,772951000000.0,0.772951,,,,,,,,,,,,,,,0.1484435097683008
opt_B5_mincarb,B5,5 % biomass,5.0,1.35,,min_co2,G3,biomass_trajectory_constraint,4,2050.0,-2.842170943040401e-16,0.0,2.842170943040401e-16,True,0.0001,0.3556171844808581,10.0,-0.6107966822338137,2.3013707539344673e-17,2.920714885879246e-16,0.07879477606872495,0.0,True,Successive iterates of the objective function are closer than ftol_rel or ftol_abs. GEMSEO stopped the driver.,0.0,13,0.2452241402951485,False,12,,,,,3.7453181345368614,,788441000000.0001,0.7884410000000002,,,,,,,,,,,,,,,0.08857155089506817
opt_B5_mincarb,B5,5 % biomass,5.0,1.35,,min_co2,G4,electricity_trajectory_constraint,0,2030.0,-0.6669566077203305,0.0,0.6669566077203305,False,0.0001,0.0,10.0,-0.6107966822338137,2.3013707539344673e-17,2.920714885879246e-16,0.07879477606872495,0.0,True,Successive iterates of the objective function are closer than ftol_rel or ftol_abs. GEMSEO stopped the driver.,0.0,13,0.2452241402951485,False,12,,,,,1.552969421732896,,1065287574000.0001,1.065287574,,,,,,,,,,,,,,,0.0
opt_B5_mincarb,B5,5 % biomass,5.0,1.35,,min_co2,G4,electricity_trajectory_constraint,1,2035.0,-0.3492910042815528,0.0,0.3492910042815528,False,0.0001,0.0,10.0,-0.6107966822338137,2.3013707539344673e-17,2.920714885879246e-16,0.07879477606872495,0.0,True,Successive iterates of the objective function are closer than ftol_rel or ftol_abs. GEMSEO stopped the driver.,0.0,13,0.2452241402951485,False,12,,,,,1.9352824430911528,,1356710238000.0002,1.3567102380000002,,,,,,,,,,,,,,,0.0
opt_B5_mincarb,B5,5 % biomass,5.0,1.35,,min_co2,G4,electricity_trajectory_constraint,2,2040.0,-4.263256414560601e-16,0.0,4.263256414560601e-16,True,0.0001,1.5696969345176388,10.0,-0.6107966822338137,2.3013707539344673e-17,2.920714885879246e-16,0.07879477606872495,0.0,True,Successive iterates of the objective function are closer than ftol_rel or ftol_abs. GEMSEO stopped the driver.,0.0,13,0.2452241402951485,False,12,,,,,2.411714024837406,,1648132902000.0002,1.6481329020000002,,,,,,,,,,,,,,,0.39095549369590477
opt_B5_mincarb,B5,5 % biomass,5.0,1.35,,min_co2,G4,electricity_trajectory_constraint,3,2045.0,2.842170943040401e-16,0.0,2.842170943040401e-16,True,0.0001,1.8236569964414295,10.0,-0.6107966822338137,2.3013707539344673e-17,2.920714885879246e-16,0.07879477606872495,0.0,True,Successive iterates of the objective function are closer than ftol_rel or ftol_abs. GEMSEO stopped the driver.,0.0,13,0.2452241402951485,False,12,,,,,3.005434456537094,,1895265009000.0002,1.8952650090000003,,,,,,,,,,,,,,,0.45420788287061425
opt_B5_mincarb,B5,5 % biomass,5.0,1.35,,min_co2,G4,electricity_trajectory_constraint,4,2050.0,0.0,0.0,0.0,True,0.0001,1.2132962430162242,10.0,-0.6107966822338137,2.3013707539344673e-17,2.920714885879246e-16,0.07879477606872495,0.0,True,Successive iterates of the objective function are closer than ftol_rel or ftol_abs. GEMSEO stopped the driver.,0.0,13,0.2452241402951485,False,12,,,,,3.7453181345368614,,2142397116000.0002,2.142397116,,,,,,,,,,,,,,,0.30218879916049435
opt_B5_mincarb,B5,5 % biomass,5.0,1.35,,min_co2,G5,biofuel_use_growth_constraint,0,2030.0,-1.9701470706907683e-16,0.0,1.9701470706907683e-16,True,0.0001,0.26281055627029304,10.0,-0.6107966822338137,2.3013707539344673e-17,2.920714885879246e-16,0.07879477606872495,0.0,True,Successive iterates of the objective function are closer than ftol_rel or ftol_abs. GEMSEO stopped the driver.,0.0,13,0.2452241402951485,False,12,,,,,1.552969421732896,,,,,,,,volume,89799803521.1634,154900000000.0,36088527006.640396,,,0.0,,,0.0,0.06545673149748589
opt_B5_mincarb,B5,5 % biomass,5.0,1.35,,min_co2,G5,biofuel_use_growth_constraint,1,2035.0,-0.4698867983685389,0.0,0.4698867983685389,False,0.0001,0.0,10.0,-0.6107966822338137,2.3013707539344673e-17,2.920714885879246e-16,0.07879477606872495,0.0,True,Successive iterates of the objective function are closer than ftol_rel or ftol_abs. GEMSEO stopped the driver.,0.0,13,0.2452241402951485,False,12,,,,,1.9352824430911528,,,,,,,,rate,385440767999.99994,154900000000.0,154900000000.0,,0.0,,,0.0,,0.0
opt_B5_mincarb,B5,5 % biomass,5.0,1.35,,min_co2,G5,biofuel_use_growth_constraint,2,2040.0,-2.698755295587374,0.0,2.698755295587374,False,0.0001,0.0,10.0,-0.6107966822338137,2.3013707539344673e-17,2.920714885879246e-16,0.07879477606872495,0.0,True,Successive iterates of the objective function are closer than ftol_rel or ftol_abs. GEMSEO stopped the driver.,0.0,13,0.2452241402951485,False,12,,,,,2.411714024837406,,,,,,,,rate,777986443392.1228,154900000000.0,312655302932.1482,,0.0,,,0.0,,0.0
opt_B5_mincarb,B5,5 % biomass,5.0,1.35,,min_co2,G5,biofuel_use_growth_constraint,3,2045.0,-3.410966685756886,0.0,3.410966685756886,False,0.0001,0.0,10.0,-0.6107966822338137,2.3013707539344673e-17,2.920714885879246e-16,0.07879477606872495,0.0,True,Successive iterates of the objective function are closer than ftol_rel or ftol_abs. GEMSEO stopped the driver.,0.0,13,0.2452241402951485,False,12,,,,,3.005434456537094,,,,,,,,rate,895668913049.7205,154900000000.0,359949248107.0444,,0.0,,,0.0,,0.0
opt_B5_mincarb,B5,5 % biomass,5.0,1.35,,min_co2,G5,biofuel_use_growth_constraint,4,2050.0,-3.4816923950563594,0.0,3.4816923950563594,False,0.0001,0.0,10.0,-0.6107966822338137,2.3013707539344673e-17,2.920714885879246e-16,0.07879477606872495,0.0,True,Successive iterates of the objective function are closer than ftol_rel or ftol_abs. GEMSEO stopped the driver.,0.0,13,0.2452241402951485,False,12,,,,,3.7453181345368614,,,,,,,,rate,913985250739.331,154900000000.0,367310173425.9787,,0.0,,,0.0,,0.0
opt_B5_mincarb,B5,5 % biomass,5.0,1.35,,min_co2,G6,electrofuel_use_growth_constraint,0,2030.0,-2.364176484828922e-15,0.0,2.364176484828922e-15,True,0.0001,1.0182743493188973,10.0,-0.6107966822338137,2.3013707539344673e-17,2.920714885879246e-16,0.07879477606872495,0.0,True,Successive iterates of the objective function are closer than ftol_rel or ftol_abs. GEMSEO stopped the driver.,0.0,13,0.2452241402951485,False,12,,,,,1.552969421732896,,,,,,,,volume,0.0,154900000000.0,0.0,,,0.0,,,0.0,0.25361580455540617
opt_B5_mincarb,B5,5 % biomass,5.0,1.35,,min_co2,G6,electrofuel_use_growth_constraint,1,2035.0,-9.825832694480309e-11,0.0,9.825832694480309e-11,True,0.0001,0.31020109358127945,10.0,-0.6107966822338137,2.3013707539344673e-17,2.920714885879246e-16,0.07879477606872495,0.0,True,Successive iterates of the objective function are closer than ftol_rel or ftol_abs. GEMSEO stopped the driver.,0.0,13,0.2452241402951485,False,12,,,,,1.9352824430911528,,,,,,,,rate,385440767999.99963,154900000000.0,154899999999.99988,,0.0,,,0.0,,0.07726002326897956
opt_B5_mincarb,B5,5 % biomass,5.0,1.35,,min_co2,G6,electrofuel_use_growth_constraint,2,2040.0,-1.5463211151321614,0.0,1.5463211151321614,False,0.0001,0.0,10.0,-0.6107966822338137,2.3013707539344673e-17,2.920714885879246e-16,0.07879477606872495,0.0,True,Successive iterates of the objective function are closer than ftol_rel or ftol_abs. GEMSEO stopped the driver.,0.0,13,0.2452241402951485,False,12,,,,,2.411714024837406,,,,,,,,rate,959099971829.7577,154900000000.0,385440767999.99915,,0.0,,,0.0,,0.0
opt_B5_mincarb,B5,5 % biomass,5.0,1.35,,min_co2,G6,electrofuel_use_growth_constraint,3,2045.0,-6.217299765900845,0.0,6.217299765900845,False,0.0001,0.0,10.0,-0.6107966822338137,2.3013707539344673e-17,2.920714885879246e-16,0.07879477606872495,0.0,True,Successive iterates of the objective function are closer than ftol_rel or ftol_abs. GEMSEO stopped the driver.,0.0,13,0.2452241402951485,False,12,,,,,3.005434456537094,,,,,,,,rate,1790532443618.0247,154900000000.0,719574831057.9126,,0.0,,,0.0,,0.0
opt_B5_mincarb,B5,5 % biomass,5.0,1.35,,min_co2,G6,electrofuel_use_growth_constraint,4,2050.0,-7.254011005462546,0.0,7.254011005462546,False,0.0001,0.0,10.0,-0.6107966822338137,2.3013707539344673e-17,2.920714885879246e-16,0.07879477606872495,0.0,True,Successive iterates of the objective function are closer than ftol_rel or ftol_abs. GEMSEO stopped the driver.,0.0,13,0.2452241402951485,False,12,,,,,3.7453181345368614,,,,,,,,rate,2059016893448.5603,154900000000.0,827472709879.9836,,0.0,,,0.0,,0.0
opt_B75_2_0,B75,7.5 % biomass,7.5,1.35,2.0,min_surplus_loss,G1,aviation_carbon_budget_constraint,0,,0.2100090300279291,0.0,0.2100090300279291,False,0.0001,73.54104276597933,1e-10,24.187351474437495,6.057539126199501e-16,1.080881994804443e-15,0.5604255742362932,0.2099090300312275,False,Positive directional derivative for linesearch,0.0,7,0.12460434494118214,False,7,735410427659.7932,241873514744.37494,1.7478766537399129,420.745037177677,,,,,,,,,,,,,,,,,,,
opt_B75_2_0,B75,7.5 % biomass,7.5,1.35,2.0,min_surplus_loss,G2,blend_completeness_constraint,0,2030.0,-0.8241220783212023,0.0,0.8241220783212023,False,0.0001,0.0,1e-10,24.187351474437495,6.057539126199501e-16,1.080881994804443e-15,0.5604255742362932,0.2099090300312275,False,Positive directional derivative for linesearch,0.0,7,0.12460434494118214,False,7,0.0,241873514744.37494,,,1.552969421732896,,,,,,,,,,,,,,,,,,
opt_B75_2_0,B75,7.5 % biomass,7.5,1.35,2.0,min_surplus_loss,G2,blend_completeness_constraint,1,2035.0,-0.538674698162803,0.0,0.538674698162803,False,0.0001,0.0,1e-10,24.187351474437495,6.057539126199501e-16,1.080881994804443e-15,0.5604255742362932,0.2099090300312275,False,Positive directional derivative for linesearch,0.0,7,0.12460434494118214,False,7,0.0,241873514744.37494,,,1.9352824430911528,,,,,,,,,,,,,,,,,,
opt_B75_2_0,B75,7.5 % biomass,7.5,1.35,2.0,min_surplus_loss,G2,blend_completeness_constraint,2,2040.0,-0.19544553190833724,0.0,0.19544553190833724,False,0.0001,0.0,1e-10,24.187351474437495,6.057539126199501e-16,1.080881994804443e-15,0.5604255742362932,0.2099090300312275,False,Positive directional derivative for linesearch,0.0,7,0.12460434494118214,False,7,0.0,241873514744.37494,,,2.411714024837406,,,,,,,,,,,,,,,,,,
opt_B75_2_0,B75,7.5 % biomass,7.5,1.35,2.0,min_surplus_loss,G2,blend_completeness_constraint,3,2045.0,-0.1477060971553621,0.0,0.1477060971553621,False,0.0001,0.0,1e-10,24.187351474437495,6.057539126199501e-16,1.080881994804443e-15,0.5604255742362932,0.2099090300312275,False,Positive directional derivative for linesearch,0.0,7,0.12460434494118214,False,7,0.0,241873514744.37494,,,3.005434456537094,,,,,,,,,,,,,,,,,,
opt_B75_2_0,B75,7.5 % biomass,7.5,1.35,2.0,min_surplus_loss,G2,blend_completeness_constraint,4,2050.0,-0.12460435494118215,0.0,0.12460435494118215,False,0.0001,0.0,1e-10,24.187351474437495,6.057539126199501e-16,1.080881994804443e-15,0.5604255742362932,0.2099090300312275,False,Positive directional derivative for linesearch,0.0,7,0.12460434494118214,False,7,0.0,241873514744.37494,,,3.7453181345368614,,,,,,,,,,,,,,,,,,
opt_B75_2_0,B75,7.5 % biomass,7.5,1.35,2.0,min_surplus_loss,G3,biomass_trajectory_constraint,0,2030.0,-0.6108283546683209,0.0,0.6108283546683209,False,0.0001,0.0,1e-10,24.187351474437495,6.057539126199501e-16,1.080881994804443e-15,0.5604255742362932,0.2099090300312275,False,Positive directional derivative for linesearch,0.0,7,0.12460434494118214,False,7,0.0,241873514744.37494,,,1.552969421732896,,837621750000.0,0.83762175,0.0,0.0,0.0,0.0,,,,,,,,,,,
opt_B75_2_0,B75,7.5 % biomass,7.5,1.35,2.0,min_surplus_loss,G3,biomass_trajectory_constraint,1,2035.0,-0.17794439411027924,0.0,0.17794439411027924,False,0.0001,0.0,1e-10,24.187351474437495,6.057539126199501e-16,1.080881994804443e-15,0.5604255742362932,0.2099090300312275,False,Positive directional derivative for linesearch,0.0,7,0.12460434494118214,False,7,0.0,241873514744.37494,,,1.9352824430911528,,986906625000.0,0.986906625,0.0,0.0,0.0,0.0,,,,,,,,,,,
opt_B75_2_0,B75,7.5 % biomass,7.5,1.35,2.0,min_surplus_loss,G3,biomass_trajectory_constraint,2,2040.0,9.283969756950228e-05,0.0,9.283969756950228e-05,True,0.0001,6.498348695669345,1e-10,24.187351474437495,6.057539126199501e-16,1.080881994804443e-15,0.5604255742362932,0.2099090300312275,False,Positive directional derivative for linesearch,0.0,7,0.12460434494118214,False,7,64983486956.69345,241873514744.37494,,,2.411714024837406,,1136191500000.0,1.1361915,57.194132289049385,57194132289.049385,137.93589097990633,137935890979.9063,,,,,,,,,,,
opt_B75_2_0,B75,7.5 % biomass,7.5,1.35,2.0,min_surplus_loss,G3,biomass_trajectory_constraint,3,2045.0,2.7908697575185213e-12,0.0,2.7908697575185213e-12,True,0.0001,6.980414358109181,1e-10,24.187351474437495,6.057539126199501e-16,1.080881994804443e-15,0.5604255742362932,0.2099090300312275,False,Positive directional derivative for linesearch,0.0,7,0.12460434494118214,False,7,69804143581.09181,241873514744.37494,,,3.005434456537094,,1159426500000.0,1.1594265,60.20575136163596,60205751361.635956,180.9444396239658,180944439623.96576,,,,,,,,,,,
opt_B75_2_0,B75,7.5 % biomass,7.5,1.35,2.0,min_surplus_loss,G3,biomass_trajectory_constraint,4,2050.0,3.656026592580019e-12,0.0,3.656026592580019e-12,True,0.0001,4.373095807010417,1e-10,24.187351474437495,6.057539126199501e-16,1.080881994804443e-15,0.5604255742362932,0.2099090300312275,False,Positive directional derivative for linesearch,0.0,7,0.12460434494118214,False,7,43730958070.104164,241873514744.37494,,,3.7453181345368614,,1182661500000.0,1.1826615,36.97673262392001,36976732623.920006,138.4896272522884,138489627252.2884,,,,,,,,,,,
opt_B75_2_0,B75,7.5 % biomass,7.5,1.35,2.0,min_surplus_loss,G4,electricity_trajectory_constraint,0,2030.0,-0.666956607720154,0.0,0.666956607720154,False,0.0001,0.0,1e-10,24.187351474437495,6.057539126199501e-16,1.080881994804443e-15,0.5604255742362932,0.2099090300312275,False,Positive directional derivative for linesearch,0.0,7,0.12460434494118214,False,7,0.0,241873514744.37494,,,1.552969421732896,,1065287574000.0001,1.065287574,0.0,0.0,0.0,0.0,,,,,,,,,,,
opt_B75_2_0,B75,7.5 % biomass,7.5,1.35,2.0,min_surplus_loss,G4,electricity_trajectory_constraint,1,2035.0,-0.34929100425427323,0.0,0.34929100425427323,False,0.0001,0.0,1e-10,24.187351474437495,6.057539126199501e-16,1.080881994804443e-15,0.5604255742362932,0.2099090300312275,False,Positive directional derivative for linesearch,0.0,7,0.12460434494118214,False,7,0.0,241873514744.37494,,,1.9352824430911528,,1356710238000.0002,1.3567102380000002,0.0,0.0,0.0,0.0,,,,,,,,,,,
opt_B75_2_0,B75,7.5 % biomass,7.5,1.35,2.0,min_surplus_loss,G4,electricity_trajectory_constraint,2,2040.0,-9.663381206337363e-15,0.0,9.663381206337363e-15,True,0.0001,5.722135308506405,1e-10,24.187351474437495,6.057539126199501e-16,1.080881994804443e-15,0.5604255742362932,0.2099090300312275,False,Positive directional derivative for linesearch,0.0,7,0.12460434494118214,False,7,57221353085.06405,241873514744.37494,,,2.411714024837406,,1648132902000.0002,1.6481329020000002,34.71889494811143,34718894948.111435,83.7320458732169,83732045873.2169,,,,,,,,,,,
opt_B75_2_0,B75,7.5 % biomass,7.5,1.35,2.0,min_surplus_loss,G4,electricity_trajectory_constraint,3,2045.0,2.7498003873915877e-12,0.0,2.7498003873915877e-12,True,0.0001,9.734973993132812,1e-10,24.187351474437495,6.057539126199501e-16,1.080881994804443e-15,0.5604255742362932,0.2099090300312275,False,Positive directional derivative for linesearch,0.0,7,0.12460434494118214,False,7,97349739931.32811,241873514744.37494,,,3.005434456537094,,1895265009000.0002,1.8952650090000003,51.364711250957356,51364711250.95736,154.37327304370578,154373273043.70578,,,,,,,,,,,
opt_B75_2_0,B75,7.5 % biomass,7.5,1.35,2.0,min_surplus_loss,G4,electricity_trajectory_constraint,4,2050.0,3.708322537931963e-12,0.0,3.708322537931963e-12,True,0.0001,7.734037115345675,1e-10,24.187351474437495,6.057539126199501e-16,1.080881994804443e-15,0.5604255742362932,0.2099090300312275,False,Positive directional derivative for linesearch,0.0,7,0.12460434494118214,False,7,77340371153.45674,241873514744.37494,,,3.7453181345368614,,2142397116000.0002,2.142397116,36.09992310755926,36099923107.559265,135.205696670128,135205696670.128,,,,,,,,,,,
opt_B75_2_0,B75,7.5 % biomass,7.5,1.35,2.0,min_surplus_loss,G5,biofuel_use_growth_constraint,0,2030.0,4.308785350545904e-05,0.0,4.308785350545904e-05,True,0.0001,5.872058388457037,1e-10,24.187351474437495,6.057539126199501e-16,1.080881994804443e-15,0.5604255742362932,0.2099090300312275,False,Positive directional derivative for linesearch,0.0,7,0.12460434494118214,False,7,58720583884.57037,241873514744.37494,,,1.552969421732896,,,,,,,,volume,89799803521.1634,154900000000.0,36088527006.640396,379.08704896430197,1895435244821.5095,0.0,588.710595216522,2943552976082.61,0.0,
opt_B75_2_0,B75,7.5 % biomass,7.5,1.35,2.0,min_surplus_loss,G5,biofuel_use_growth_constraint,1,2035.0,0.0004692763987843247,0.0,0.0004692763987843247,False,0.0001,1.7214870806894536,1e-10,24.187351474437495,6.057539126199501e-16,1.080881994804443e-15,0.5604255742362932,0.2099090300312275,False,Positive directional derivative for linesearch,0.0,7,0.12460434494118214,False,7,17214870806.894535,241873514744.37494,,,1.9352824430911528,,,,,,,,rate,385457375815.3465,154900000000.0,154906674308.508,111.13538287214033,0.0,178491471008.87094,215.07835527866638,0.0,345431410084.98145,
opt_B75_2_0,B75,7.5 % biomass,7.5,1.35,2.0,min_surplus_loss,G5,biofuel_use_growth_constraint,2,2040.0,-2.7072187031307817,0.0,2.7072187031307817,False,0.0001,0.0,1e-10,24.187351474437495,6.057539126199501e-16,1.080881994804443e-15,0.5604255742362932,0.2099090300312275,False,Positive directional derivative for linesearch,0.0,7,0.12460434494118214,False,7,0.0,241873514744.37494,,,2.411714024837406,,,,,,,,rate,959322175644.3945,154900000000.0,385530066729.5182,0.0,0.0,0.0,0.0,0.0,0.0,
opt_B75_2_0,B75,7.5 % biomass,7.5,1.35,2.0,min_surplus_loss,G5,biofuel_use_growth_constraint,3,2045.0,-5.1172552606857975,0.0,5.1172552606857975,False,0.0001,0.0,1e-10,24.187351474437495,6.057539126199501e-16,1.080881994804443e-15,0.5604255742362932,0.2099090300312275,False,Positive directional derivative for linesearch,0.0,7,0.12460434494118214,False,7,0.0,241873514744.37494,,,3.005434456537094,,,,,,,,rate,1343628100020.767,154900000000.0,539973998529.43646,0.0,0.0,0.0,0.0,0.0,0.0,
opt_B75_2_0,B75,7.5 % biomass,7.5,1.35,2.0,min_surplus_loss,G5,biofuel_use_growth_constraint,4,2050.0,-5.2225385925962335,0.0,5.2225385925962335,False,0.0001,0.0,1e-10,24.187351474437495,6.057539126199501e-16,1.080881994804443e-15,0.5604255742362932,0.2099090300312275,False,Positive directional derivative for linesearch,0.0,7,0.12460434494118214,False,7,0.0,241873514744.37494,,,3.7453181345368614,,,,,,,,rate,1370977876112.901,154900000000.0,550965260140.5371,0.0,0.0,0.0,0.0,0.0,0.0,
opt_B75_2_0,B75,7.5 % biomass,7.5,1.35,2.0,min_surplus_loss,G6,electrofuel_use_growth_constraint,0,2030.0,8.274617696901227e-14,0.0,8.274617696901227e-14,True,0.0001,0.0,1e-10,24.187351474437495,6.057539126199501e-16,1.080881994804443e-15,0.5604255742362932,0.2099090300312275,False,Positive directional derivative for linesearch,0.0,7,0.12460434494118214,False,7,0.0,241873514744.37494,,,1.552969421732896,,,,,,,,volume,0.0,154900000000.0,0.0,0.0,0.0,0.0,0.0,0.0,0.0,
opt_B75_2_0,B75,7.5 % biomass,7.5,1.35,2.0,min_surplus_loss,G6,electrofuel_use_growth_constraint,1,2035.0,4.145977495561653e-12,0.0,4.145977495561653e-12,True,0.0001,0.4308009630524614,1e-10,24.187351474437495,6.057539126199501e-16,1.080881994804443e-15,0.5604255742362932,0.2099090300312275,False,Positive directional derivative for linesearch,0.0,7,0.12460434494118214,False,7,4308009630.524614,241873514744.37494,,,1.9352824430911528,,,,,,,,rate,385440768000.0318,154900000000.0,154900000000.01282,27.81155345722798,0.0,44665443849.28289,53.823211120864364,0.0,86440249294.3909,
opt_B75_2_0,B75,7.5 % biomass,7.5,1.35,2.0,min_surplus_loss,G6,electrofuel_use_growth_constraint,2,2040.0,-1.5463211153886816,0.0,1.5463211153886816,False,0.0001,0.0,1e-10,24.187351474437495,6.057539126199501e-16,1.080881994804443e-15,0.5604255742362932,0.2099090300312275,False,Positive directional derivative for linesearch,0.0,7,0.12460434494118214,False,7,0.0,241873514744.37494,,,2.411714024837406,,,,,,,,rate,959099971831.4369,154900000000.0,385440768000.674,0.0,0.0,0.0,0.0,0.0,0.0,
opt_B75_2_0,B75,7.5 % biomass,7.5,1.35,2.0,min_surplus_loss,G6,electrofuel_use_growth_constraint,3,2045.0,-6.217299765882919,0.0,6.217299765882919,False,0.0001,0.0,1e-10,24.187351474437495,6.057539126199501e-16,1.080881994804443e-15,0.5604255742362932,0.2099090300312275,False,Positive directional derivative for linesearch,0.0,7,0.12460434494118214,False,7,0.0,241873514744.37494,,,3.005434456537094,,,,,,,,rate,1790532443617.5706,154900000000.0,719574831057.7301,0.0,0.0,0.0,0.0,0.0,0.0,
opt_B75_2_0,B75,7.5 % biomass,7.5,1.35,2.0,min_surplus_loss,G6,electrofuel_use_growth_constraint,4,2050.0,-7.254011005477047,0.0,7.254011005477047,False,0.0001,0.0,1e-10,24.187351474437495,6.057539126199501e-16,1.080881994804443e-15,0.5604255742362932,0.2099090300312275,False,Positive directional derivative for linesearch,0.0,7,0.12460434494118214,False,7,0.0,241873514744.37494,,,3.7453181345368614,,,,,,,,rate,2059016893454.3398,154900000000.0,827472709882.3063,0.0,0.0,0.0,0.0,0.0,0.0,
opt_B75_2_2,B75,7.5 % biomass,7.5,1.35,2.2,min_surplus_loss,G1,aviation_carbon_budget_constraint,0,,0.05987685533287377,0.0,0.05987685533287377,False,0.0001,83.95821330053272,1e-10,24.1873345301576,5.103743968679989e-16,9.106906747780791e-16,0.5604256318890813,0.05977685534810904,False,Positive directional derivative for linesearch,0.0,31,0.12460434494116812,False,8,839582133005.3271,241873345301.576,1.9954654899519684,420.7450027239189,,,,,,,,,,,,,,,,,,,
opt_B75_2_2,B75,7.5 % biomass,7.5,1.35,2.2,min_surplus_loss,G2,blend_completeness_constraint,0,2030.0,-0.8241221528538294,0.0,0.8241221528538294,False,0.0001,0.0,1e-10,24.1873345301576,5.103743968679989e-16,9.106906747780791e-16,0.5604256318890813,0.05977685534810904,False,Positive directional derivative for linesearch,0.0,31,0.12460434494116812,False,8,0.0,241873345301.576,,,1.552969421732896,,,,,,,,,,,,,,,,,,
opt_B75_2_2,B75,7.5 % biomass,7.5,1.35,2.2,min_surplus_loss,G2,blend_completeness_constraint,1,2035.0,-0.5386757938018333,0.0,0.5386757938018333,False,0.0001,0.0,1e-10,24.1873345301576,5.103743968679989e-16,9.106906747780791e-16,0.5604256318890813,0.05977685534810904,False,Positive directional derivative for linesearch,0.0,31,0.12460434494116812,False,8,0.0,241873345301.576,,,1.9352824430911528,,,,,,,,,,,,,,,,,,
opt_B75_2_2,B75,7.5 % biomass,7.5,1.35,2.2,min_surplus_loss,G2,blend_completeness_constraint,2,2040.0,-0.19544621588647515,0.0,0.19544621588647515,False,0.0001,0.0,1e-10,24.1873345301576,5.103743968679989e-16,9.106906747780791e-16,0.5604256318890813,0.05977685534810904,False,Positive directional derivative for linesearch,0.0,31,0.12460434494116812,False,8,0.0,241873345301.576,,,2.411714024837406,,,,,,,,,,,,,,,,,,
opt_B75_2_2,B75,7.5 % biomass,7.5,1.35,2.2,min_surplus_loss,G2,blend_completeness_constraint,3,2045.0,-0.14770609715583347,0.0,0.14770609715583347,False,0.0001,0.0,1e-10,24.1873345301576,5.103743968679989e-16,9.106906747780791e-16,0.5604256318890813,0.05977685534810904,False,Positive directional derivative for linesearch,0.0,31,0.12460434494116812,False,8,0.0,241873345301.576,,,3.005434456537094,,,,,,,,,,,,,,,,,,
opt_B75_2_2,B75,7.5 % biomass,7.5,1.35,2.2,min_surplus_loss,G2,blend_completeness_constraint,4,2050.0,-0.1246043549411516,0.0,0.1246043549411516,False,0.0001,0.0,1e-10,24.1873345301576,5.103743968679989e-16,9.106906747780791e-16,0.5604256318890813,0.05977685534810904,False,Positive directional derivative for linesearch,0.0,31,0.12460434494116812,False,8,0.0,241873345301.576,,,3.7453181345368614,,,,,,,,,,,,,,,,,,
opt_B75_2_2,B75,7.5 % biomass,7.5,1.35,2.2,min_surplus_loss,G3,biomass_trajectory_constraint,0,2030.0,-0.6108286735781107,0.0,0.6108286735781107,False,0.0001,0.0,1e-10,24.1873345301576,5.103743968679989e-16,9.106906747780791e-16,0.5604256318890813,0.05977685534810904,False,Positive directional derivative for linesearch,0.0,31,0.12460434494116812,False,8,0.0,241873345301.576,,,1.552969421732896,,837621750000.0,0.83762175,0.0,0.0,0.0,0.0,,,,,,,,,,,
opt_B75_2_2,B75,7.5 % biomass,7.5,1.35,2.2,min_surplus_loss,G3,biomass_trajectory_constraint,1,2035.0,-0.17794800773753053,0.0,0.17794800773753053,False,0.0001,0.0,1e-10,24.1873345301576,5.103743968679989e-16,9.106906747780791e-16,0.5604256318890813,0.05977685534810904,False,Positive directional derivative for linesearch,0.0,31,0.12460434494116812,False,8,0.0,241873345301.576,,,1.9352824430911528,,986906625000.0,0.986906625,0.0,0.0,0.0,0.0,,,,,,,,,,,
opt_B75_2_2,B75,7.5 % biomass,7.5,1.35,2.2,min_surplus_loss,G3,biomass_trajectory_constraint,2,2040.0,9.107396784486355e-05,0.0,9.107396784486355e-05,True,0.0001,6.498346228792648,1e-10,24.1873345301576,5.103743968679989e-16,9.106906747780791e-16,0.5604256318890813,0.05977685534810904,False,Positive directional derivative for linesearch,0.0,31,0.12460434494116812,False,8,64983462287.926476,241873345301.576,,,2.411714024837406,,1136191500000.0,1.1361915,57.194110577245546,57194110577.245544,137.93583861724449,137935838617.2445,,,,,,,,,,,
opt_B75_2_2,B75,7.5 % biomass,7.5,1.35,2.2,min_surplus_loss,G3,biomass_trajectory_constraint,3,2045.0,2.333848669877625e-12,0.0,2.333848669877625e-12,True,0.0001,6.980415844964516,1e-10,24.1873345301576,5.103743968679989e-16,9.106906747780791e-16,0.5604256318890813,0.05977685534810904,False,Positive directional derivative for linesearch,0.0,31,0.12460434494116812,False,8,69804158449.64516,241873345301.576,,,3.005434456537094,,1159426500000.0,1.1594265,60.205764185694534,60205764185.694534,180.9444781658333,180944478165.83328,,,,,,,,,,,
opt_B75_2_2,B75,7.5 % biomass,7.5,1.35,2.2,min_surplus_loss,G3,biomass_trajectory_constraint,4,2050.0,3.790461278185831e-12,0.0,3.790461278185831e-12,True,0.0001,4.373099088899432,1e-10,24.1873345301576,5.103743968679989e-16,9.106906747780791e-16,0.5604256318890813,0.05977685534810904,False,Positive directional derivative for linesearch,0.0,31,0.12460434494116812,False,8,43730990888.994316,241873345301.576,,,3.7453181345368614,,1182661500000.0,1.1826615,36.97676037394835,36976760373.94835,138.48973118497278,138489731184.97278,,,,,,,,,,,
opt_B75_2_2,B75,7.5 % biomass,7.5,1.35,2.2,min_surplus_loss,G4,electricity_trajectory_constraint,0,2030.0,-0.6669566077155179,0.0,0.6669566077155179,False,0.0001,0.0,1e-10,24.1873345301576,5.103743968679989e-16,9.106906747780791e-16,0.5604256318890813,0.05977685534810904,False,Positive directional derivative for linesearch,0.0,31,0.12460434494116812,False,8,0.0,241873345301.576,,,1.552969421732896,,1065287574000.0001,1.065287574,0.0,0.0,0.0,0.0,,,,,,,,,,,
opt_B75_2_2,B75,7.5 % biomass,7.5,1.35,2.2,min_surplus_loss,G4,electricity_trajectory_constraint,1,2035.0,-0.3492910041863439,0.0,0.3492910041863439,False,0.0001,0.0,1e-10,24.1873345301576,5.103743968679989e-16,9.106906747780791e-16,0.5604256318890813,0.05977685534810904,False,Positive directional derivative for linesearch,0.0,31,0.12460434494116812,False,8,0.0,241873345301.576,,,1.9352824430911528,,1356710238000.0002,1.3567102380000002,0.0,0.0,0.0,0.0,,,,,,,,,,,
opt_B75_2_2,B75,7.5 % biomass,7.5,1.35,2.2,min_surplus_loss,G4,electricity_trajectory_constraint,2,2040.0,1.0178524689763435e-11,0.0,1.0178524689763435e-11,True,0.0001,5.722135174397409,1e-10,24.1873345301576,5.103743968679989e-16,9.106906747780791e-16,0.5604256318890813,0.05977685534810904,False,Positive directional derivative for linesearch,0.0,31,0.12460434494116812,False,8,57221351743.97409,241873345301.576,,,2.411714024837406,,1648132902000.0002,1.6481329020000002,34.71889413440888,34718894134.40888,83.73204391079904,83732043910.79904,,,,,,,,,,,
opt_B75_2_2,B75,7.5 % biomass,7.5,1.35,2.2,min_surplus_loss,G4,electricity_trajectory_constraint,3,2045.0,2.3095481083146298e-12,0.0,2.3095481083146298e-12,True,0.0001,9.734977183266531,1e-10,24.1873345301576,5.103743968679989e-16,9.106906747780791e-16,0.5604256318890813,0.05977685534810904,False,Positive directional derivative for linesearch,0.0,31,0.12460434494116812,False,8,97349771832.66531,241873345301.576,,,3.005434456537094,,1895265009000.0002,1.8952650090000003,51.36472808308218,51364728083.08218,154.3733236315537,154373323631.55368,,,,,,,,,,,
opt_B75_2_2,B75,7.5 % biomass,7.5,1.35,2.2,min_surplus_loss,G4,electricity_trajectory_constraint,4,2050.0,3.681890348161687e-12,0.0,3.681890348161687e-12,True,0.0001,7.734039666236519,1e-10,24.1873345301576,5.103743968679989e-16,9.106906747780791e-16,0.5604256318890813,0.05977685534810904,False,Positive directional derivative for linesearch,0.0,31,0.12460434494116812,False,8,77340396662.36519,241873345301.576,,,3.7453181345368614,,2142397116000.0002,2.142397116,36.09993501427267,36099935014.27267,135.20574126455762,135205741264.55763,,,,,,,,,,,
opt_B75_2_2,B75,7.5 % biomass,7.5,1.35,2.2,min_surplus_loss,G5,biofuel_use_growth_constraint,0,2030.0,4.2268360270431844e-05,0.0,4.2268360270431844e-05,True,0.0001,5.87205766021596,1e-10,24.1873345301576,5.103743968679989e-16,9.106906747780791e-16,0.5604256318890813,0.05977685534810904,False,Positive directional derivative for linesearch,0.0,31,0.12460434494116812,False,8,58720576602.1596,241873345301.576,,,1.552969421732896,,,,,,,,volume,89799803521.1634,154900000000.0,36088527006.640396,379.0870019506753,1895435009753.3762,0.0,588.7105222057975,2943552611028.987,0.0,
opt_B75_2_2,B75,7.5 % biomass,7.5,1.35,2.2,min_surplus_loss,G5,biofuel_use_growth_constraint,1,2035.0,0.00046037476235731404,0.0,0.00046037476235731404,False,0.0001,1.721486844917912,1e-10,24.1873345301576,5.103743968679989e-16,9.106906747780791e-16,0.5604256318890813,0.05977685534810904,False,Positive directional derivative for linesearch,0.0,31,0.12460434494116812,False,8,17214868449.17912,241873345301.576,,,1.9352824430911528,,,,,,,,rate,385457059949.5146,154900000000.0,154906547369.11438,111.13536765125319,0.0,178491300296.91858,215.07832582195076,0.0,345431079709.1372,
opt_B75_2_2,B75,7.5 % biomass,7.5,1.35,2.2,min_surplus_loss,G5,biofuel_use_growth_constraint,2,2040.0,-2.7071976336027674,0.0,2.7071976336027674,False,0.0001,0.0,1e-10,24.1873345301576,5.103743968679989e-16,9.106906747780791e-16,0.5604256318890813,0.05977685534810904,False,Positive directional derivative for linesearch,0.0,31,0.12460434494116812,False,8,0.0,241873345301.576,,,2.411714024837406,,,,,,,,rate,959317958614.492,154900000000.0,385528371999.77985,0.0,0.0,0.0,0.0,0.0,0.0,
opt_B75_2_2,B75,7.5 % biomass,7.5,1.35,2.2,min_surplus_loss,G5,biofuel_use_growth_constraint,3,2045.0,-5.117239945878936,0.0,5.117239945878936,False,0.0001,0.0,1e-10,24.1873345301576,5.103743968679989e-16,9.106906747780791e-16,0.5604256318890813,0.05977685534810904,False,Positive directional derivative for linesearch,0.0,31,0.12460434494116812,False,8,0.0,241873345301.576,,,3.005434456537094,,,,,,,,rate,1343625727757.0242,154900000000.0,539973045169.8433,0.0,0.0,0.0,0.0,0.0,0.0,
opt_B75_2_2,B75,7.5 % biomass,7.5,1.35,2.2,min_surplus_loss,G5,biofuel_use_growth_constraint,4,2050.0,-5.222538592591696,0.0,5.222538592591696,False,0.0001,0.0,1e-10,24.1873345301576,5.103743968679989e-16,9.106906747780791e-16,0.5604256318890813,0.05977685534810904,False,Positive directional derivative for linesearch,0.0,31,0.12460434494116812,False,8,0.0,241873345301.576,,,3.7453181345368614,,,,,,,,rate,1370977876112.3154,154900000000.0,550965260140.3018,0.0,0.0,0.0,0.0,0.0,0.0,
opt_B75_2_2,B75,7.5 % biomass,7.5,1.35,2.2,min_surplus_loss,G6,electrofuel_use_growth_constraint,0,2030.0,1.400419940788412e-11,0.0,1.400419940788412e-11,True,0.0001,0.0,1e-10,24.1873345301576,5.103743968679989e-16,9.106906747780791e-16,0.5604256318890813,0.05977685534810904,False,Positive directional derivative for linesearch,0.0,31,0.12460434494116812,False,8,0.0,241873345301.576,,,1.552969421732896,,,,,,,,volume,0.0,154900000000.0,0.0,0.0,0.0,0.0,0.0,0.0,0.0,
opt_B75_2_2,B75,7.5 % biomass,7.5,1.35,2.2,min_surplus_loss,G6,electrofuel_use_growth_constraint,1,2035.0,2.2926680267511297e-10,0.0,2.2926680267511297e-10,True,0.0001,0.43080103719590745,1e-10,24.1873345301576,5.103743968679989e-16,9.106906747780791e-16,0.5604256318890813,0.05977685534810904,False,Positive directional derivative for linesearch,0.0,31,0.12460434494116812,False,8,4308010371.959074,241873345301.576,,,1.9352824430911528,,,,,,,,rate,385440768004.3064,154900000000.0,154900000001.73068,27.811558243764196,0.0,44665451536.970726,53.82322038416387,0.0,86440264172.23819,
opt_B75_2_2,B75,7.5 % biomass,7.5,1.35,2.2,min_surplus_loss,G6,electrofuel_use_growth_constraint,2,2040.0,-1.5463211159877246,0.0,1.5463211159877246,False,0.0001,0.0,1e-10,24.1873345301576,5.103743968679989e-16,9.106906747780791e-16,0.5604256318890813,0.05977685534810904,False,Positive directional derivative for linesearch,0.0,31,0.12460434494116812,False,8,0.0,241873345301.576,,,2.411714024837406,,,,,,,,rate,959099971909.1295,154900000000.0,385440768031.8969,0.0,0.0,0.0,0.0,0.0,0.0,
opt_B75_2_2,B75,7.5 % biomass,7.5,1.35,2.2,min_surplus_loss,G6,electrofuel_use_growth_constraint,3,2045.0,-6.217299766003041,0.0,6.217299766003041,False,0.0001,0.0,1e-10,24.1873345301576,5.103743968679989e-16,9.106906747780791e-16,0.5604256318890813,0.05977685534810904,False,Positive directional derivative for linesearch,0.0,31,0.12460434494116812,False,8,0.0,241873345301.576,,,3.005434456537094,,,,,,,,rate,1790532443632.3733,154900000000.0,719574831063.679,0.0,0.0,0.0,0.0,0.0,0.0,
opt_B75_2_2,B75,7.5 % biomass,7.5,1.35,2.2,min_surplus_loss,G6,electrofuel_use_growth_constraint,4,2050.0,-7.254011005471351,0.0,7.254011005471351,False,0.0001,0.0,1e-10,24.1873345301576,5.103743968679989e-16,9.106906747780791e-16,0.5604256318890813,0.05977685534810904,False,Positive directional derivative for linesearch,0.0,31,0.12460434494116812,False,8,0.0,241873345301.576,,,3.7453181345368614,,,,,,,,rate,2059016893453.5513,154900000000.0,827472709881.9894,0.0,0.0,0.0,0.0,0.0,0.0,
opt_B75_2_4,B75,7.5 % biomass,7.5,1.35,2.4,min_surplus_loss,G1,aviation_carbon_budget_constraint,0,,6.131017224115929e-09,0.0,6.131017224115929e-09,True,0.0001,71.00163991957771,1e-10,19.486993621036024,4.491560549236345e-16,7.803210506408019e-16,0.5756041754285448,0.0,True,Successive iterates of the objective function are closer than ftol_rel or ftol_abs. GEMSEO stopped the driver.,0.0,15,0.12460435494512495,False,12,710016399195.7771,194869936210.36023,2.2430543261640237,316.53999232823617,,,,,,,,,,,,,,,,,,,
opt_B75_2_4,B75,7.5 % biomass,7.5,1.35,2.4,min_surplus_loss,G2,blend_completeness_constraint,0,2030.0,-0.8559591423789158,0.0,0.8559591423789158,False,0.0001,0.0,1e-10,19.486993621036024,4.491560549236345e-16,7.803210506408019e-16,0.5756041754285448,0.0,True,Successive iterates of the objective function are closer than ftol_rel or ftol_abs. GEMSEO stopped the driver.,0.0,15,0.12460435494512495,False,12,0.0,194869936210.36023,,,1.552969421732896,,,,,,,,,,,,,,,,,,
opt_B75_2_4,B75,7.5 % biomass,7.5,1.35,2.4,min_surplus_loss,G2,blend_completeness_constraint,1,2035.0,-0.6299019128076959,0.0,0.6299019128076959,False,0.0001,0.0,1e-10,19.486993621036024,4.491560549236345e-16,7.803210506408019e-16,0.5756041754285448,0.0,True,Successive iterates of the objective function are closer than ftol_rel or ftol_abs. GEMSEO stopped the driver.,0.0,15,0.12460435494512495,False,12,0.0,194869936210.36023,,,1.9352824430911528,,,,,,,,,,,,,,,,,,
opt_B75_2_4,B75,7.5 % biomass,7.5,1.35,2.4,min_surplus_loss,G2,blend_completeness_constraint,2,2040.0,-0.262736955365782,0.0,0.262736955365782,False,0.0001,0.0,1e-10,19.486993621036024,4.491560549236345e-16,7.803210506408019e-16,0.5756041754285448,0.0,True,Successive iterates of the objective function are closer than ftol_rel or ftol_abs. GEMSEO stopped the driver.,0.0,15,0.12460435494512495,False,12,0.0,194869936210.36023,,,2.411714024837406,,,,,,,,,,,,,,,,,,
opt_B75_2_4,B75,7.5 % biomass,7.5,1.35,2.4,min_surplus_loss,G2,blend_completeness_constraint,3,2045.0,-0.14770609715828015,0.0,0.14770609715828015,False,0.0001,0.0,1e-10,19.486993621036024,4.491560549236345e-16,7.803210506408019e-16,0.5756041754285448,0.0,True,Successive iterates of the objective function are closer than ftol_rel or ftol_abs. GEMSEO stopped the driver.,0.0,15,0.12460435494512495,False,12,0.0,194869936210.36023,,,3.005434456537094,,,,,,,,,,,,,,,,,,
opt_B75_2_4,B75,7.5 % biomass,7.5,1.35,2.4,min_surplus_loss,G2,blend_completeness_constraint,4,2050.0,-0.12460435494512552,0.0,0.12460435494512552,False,0.0001,0.0,1e-10,19.486993621036024,4.491560549236345e-16,7.803210506408019e-16,0.5756041754285448,0.0,True,Successive iterates of the objective function are closer than ftol_rel or ftol_abs. GEMSEO stopped the driver.,0.0,15,0.12460435494512495,False,12,0.0,194869936210.36023,,,3.7453181345368614,,,,,,,,,,,,,,,,,,
opt_B75_2_4,B75,7.5 % biomass,7.5,1.35,2.4,min_surplus_loss,G3,biomass_trajectory_constraint,0,2030.0,-0.6108451225039496,0.0,0.6108451225039496,False,0.0001,0.0,1e-10,19.486993621036024,4.491560549236345e-16,7.803210506408019e-16,0.5756041754285448,0.0,True,Successive iterates of the objective function are closer than ftol_rel or ftol_abs. GEMSEO stopped the driver.,0.0,15,0.12460435494512495,False,12,0.0,194869936210.36023,,,1.552969421732896,,837621750000.0,0.83762175,0.0,0.0,0.0,0.0,,,,,,,,,,,
opt_B75_2_4,B75,7.5 % biomass,7.5,1.35,2.4,min_surplus_loss,G3,biomass_trajectory_constraint,1,2035.0,-0.17813480192047265,0.0,0.17813480192047265,False,0.0001,0.0,1e-10,19.486993621036024,4.491560549236345e-16,7.803210506408019e-16,0.5756041754285448,0.0,True,Successive iterates of the objective function are closer than ftol_rel or ftol_abs. GEMSEO stopped the driver.,0.0,15,0.12460435494512495,False,12,0.0,194869936210.36023,,,1.9352824430911528,,986906625000.0,0.986906625,0.0,0.0,0.0,0.0,,,,,,,,,,,
opt_B75_2_4,B75,7.5 % biomass,7.5,1.35,2.4,min_surplus_loss,G3,biomass_trajectory_constraint,2,2040.0,2.165667609688171e-09,0.0,2.165667609688171e-09,True,0.0001,4.195742602574281,1e-10,19.486993621036024,4.491560549236345e-16,7.803210506408019e-16,0.5756041754285448,0.0,True,Successive iterates of the objective function are closer than ftol_rel or ftol_abs. GEMSEO stopped the driver.,0.0,15,0.12460435494512495,False,12,41957426025.74281,194869936210.36023,,,2.411714024837406,,1136191500000.0,1.1361915,36.928128775600605,36928128775.6006,89.06008607911775,89060086079.11775,,,,,,,,,,,
opt_B75_2_4,B75,7.5 % biomass,7.5,1.35,2.4,min_surplus_loss,G3,biomass_trajectory_constraint,3,2045.0,0.0,0.0,0.0,True,0.0001,4.68607023027171,1e-10,19.486993621036024,4.491560549236345e-16,7.803210506408019e-16,0.5756041754285448,0.0,True,Successive iterates of the objective function are closer than ftol_rel or ftol_abs. GEMSEO stopped the driver.,0.0,15,0.12460435494512495,False,12,46860702302.7171,194869936210.36023,,,3.005434456537094,,1159426500000.0,1.1594265,40.41713925179138,40417139251.79138,121.47106294199169,121471062941.99168,,,,,,,,,,,
opt_B75_2_4,B75,7.5 % biomass,7.5,1.35,2.4,min_surplus_loss,G3,biomass_trajectory_constraint,4,2050.0,0.0,0.0,0.0,True,0.0001,2.9911933619801636,1e-10,19.486993621036024,4.491560549236345e-16,7.803210506408019e-16,0.5756041754285448,0.0,True,Successive iterates of the objective function are closer than ftol_rel or ftol_abs. GEMSEO stopped the driver.,0.0,15,0.12460435494512495,False,12,29911933619.801636,194869936210.36023,,,3.7453181345368614,,1182661500000.0,1.1826615,25.292049855179727,25292049855.179726,94.72677298221502,94726772982.21503,,,,,,,,,,,
opt_B75_2_4,B75,7.5 % biomass,7.5,1.35,2.4,min_surplus_loss,G4,electricity_trajectory_constraint,0,2030.0,-0.7780573811484198,0.0,0.7780573811484198,False,0.0001,0.0,1e-10,19.486993621036024,4.491560549236345e-16,7.803210506408019e-16,0.5756041754285448,0.0,True,Successive iterates of the objective function are closer than ftol_rel or ftol_abs. GEMSEO stopped the driver.,0.0,15,0.12460435494512495,False,12,0.0,194869936210.36023,,,1.552969421732896,,1065287574000.0001,1.065287574,0.0,0.0,0.0,0.0,,,,,,,,,,,
opt_B75_2_4,B75,7.5 % biomass,7.5,1.35,2.4,min_surplus_loss,G4,electricity_trajectory_constraint,1,2035.0,-0.5663626617390193,0.0,0.5663626617390193,False,0.0001,0.0,1e-10,19.486993621036024,4.491560549236345e-16,7.803210506408019e-16,0.5756041754285448,0.0,True,Successive iterates of the objective function are closer than ftol_rel or ftol_abs. GEMSEO stopped the driver.,0.0,15,0.12460435494512495,False,12,0.0,194869936210.36023,,,1.9352824430911528,,1356710238000.0002,1.3567102380000002,0.0,0.0,0.0,0.0,,,,,,,,,,,
opt_B75_2_4,B75,7.5 % biomass,7.5,1.35,2.4,min_surplus_loss,G4,electricity_trajectory_constraint,2,2040.0,-0.11176518718465417,0.0,0.11176518718465417,False,0.0001,0.0,1e-10,19.486993621036024,4.491560549236345e-16,7.803210506408019e-16,0.5756041754285448,0.0,True,Successive iterates of the objective function are closer than ftol_rel or ftol_abs. GEMSEO stopped the driver.,0.0,15,0.12460435494512495,False,12,0.0,194869936210.36023,,,2.411714024837406,,1648132902000.0002,1.6481329020000002,0.0,0.0,0.0,0.0,,,,,,,,,,,
opt_B75_2_4,B75,7.5 % biomass,7.5,1.35,2.4,min_surplus_loss,G4,electricity_trajectory_constraint,3,2045.0,2.842170943040401e-16,0.0,2.842170943040401e-16,True,0.0001,5.060095955645543,1e-10,19.486993621036024,4.491560549236345e-16,7.803210506408019e-16,0.5756041754285448,0.0,True,Successive iterates of the objective function are closer than ftol_rel or ftol_abs. GEMSEO stopped the driver.,0.0,15,0.12460435494512495,False,12,50600959556.45542,194869936210.36023,,,3.005434456537094,,1895265009000.0002,1.8952650090000003,26.698619621091424,26698619621.091423,80.2409513512055,80240951351.20549,,,,,,,,,,,
opt_B75_2_4,B75,7.5 % biomass,7.5,1.35,2.4,min_surplus_loss,G4,electricity_trajectory_constraint,4,2050.0,-2.842170943040401e-16,0.0,2.842170943040401e-16,True,0.0001,4.5959092681459115,1e-10,19.486993621036024,4.491560549236345e-16,7.803210506408019e-16,0.5756041754285448,0.0,True,Successive iterates of the objective function are closer than ftol_rel or ftol_abs. GEMSEO stopped the driver.,0.0,15,0.12460435494512495,False,12,45959092681.459114,194869936210.36023,,,3.7453181345368614,,2142397116000.0002,2.142397116,21.452181921934173,21452181921.934174,80.34524597760388,80345245977.60388,,,,,,,,,,,
opt_B75_2_4,B75,7.5 % biomass,7.5,1.35,2.4,min_surplus_loss,G5,biofuel_use_growth_constraint,0,2030.0,4.233924860797289e-11,0.0,4.233924860797289e-11,True,0.0001,3.5903042599045873,1e-10,19.486993621036024,4.491560549236345e-16,7.803210506408019e-16,0.5756041754285448,0.0,True,Successive iterates of the objective function are closer than ftol_rel or ftol_abs. GEMSEO stopped the driver.,0.0,15,0.12460435494512495,False,12,35903042599.045876,194869936210.36023,,,1.552969421732896,,,,,,,,volume,89799803521.1634,154900000000.0,36088527006.640396,231.78206971624192,1158910348581.2095,0.0,359.950466775286,1799752333876.4297,0.0,
opt_B75_2_4,B75,7.5 % biomass,7.5,1.35,2.4,min_surplus_loss,G5,biofuel_use_growth_constraint,1,2035.0,4.49805578006476e-09,0.0,4.49805578006476e-09,True,0.0001,1.0701904870250962,1e-10,19.486993621036024,4.491560549236345e-16,7.803210506408019e-16,0.5756041754285448,0.0,True,Successive iterates of the objective function are closer than ftol_rel or ftol_abs. GEMSEO stopped the driver.,0.0,15,0.12460435494512495,False,12,10701904870.250961,194869936210.36023,,,1.9352824430911528,,,,,,,,rate,385440768000.0,154900000000.0,154900000000.00003,69.08912117657174,0.0,110957349694.76198,133.70696322161646,0.0,214733810796.19833,
opt_B75_2_4,B75,7.5 % biomass,7.5,1.35,2.4,min_surplus_loss,G5,biofuel_use_growth_constraint,2,2040.0,-2.7061078132581535,0.0,2.7061078132581535,False,0.0001,0.0,1e-10,19.486993621036024,4.491560549236345e-16,7.803210506408019e-16,0.5756041754285448,0.0,True,Successive iterates of the objective function are closer than ftol_rel or ftol_abs. GEMSEO stopped the driver.,0.0,15,0.12460435494512495,False,12,0.0,194869936210.36023,,,2.411714024837406,,,,,,,,rate,959099971829.7593,154900000000.0,385440767999.9998,0.0,0.0,0.0,0.0,0.0,0.0,
opt_B75_2_4,B75,7.5 % biomass,7.5,1.35,2.4,min_surplus_loss,G5,biofuel_use_growth_constraint,3,2045.0,-5.116450047427592,0.0,5.116450047427592,False,0.0001,0.0,1e-10,19.486993621036024,4.491560549236345e-16,7.803210506408019e-16,0.5756041754285448,0.0,True,Successive iterates of the objective function are closer than ftol_rel or ftol_abs. GEMSEO stopped the driver.,0.0,15,0.12460435494512495,False,12,0.0,194869936210.36023,,,3.005434456537094,,,,,,,,rate,1343503369575.9512,154900000000.0,539923872161.1174,0.0,0.0,0.0,0.0,0.0,0.0,
opt_B75_2_4,B75,7.5 % biomass,7.5,1.35,2.4,min_surplus_loss,G5,biofuel_use_growth_constraint,4,2050.0,-5.222538592584795,0.0,5.222538592584795,False,0.0001,0.0,1e-10,19.486993621036024,4.491560549236345e-16,7.803210506408019e-16,0.5756041754285448,0.0,True,Successive iterates of the objective function are closer than ftol_rel or ftol_abs. GEMSEO stopped the driver.,0.0,15,0.12460435494512495,False,12,0.0,194869936210.36023,,,3.7453181345368614,,,,,,,,rate,1370977876109.0742,154900000000.0,550965260138.9993,0.0,0.0,0.0,0.0,0.0,0.0,
opt_B75_2_4,B75,7.5 % biomass,7.5,1.35,2.4,min_surplus_loss,G6,electrofuel_use_growth_constraint,0,2030.0,-0.3335924867494513,0.0,0.3335924867494513,False,0.0001,0.0,1e-10,19.486993621036024,4.491560549236345e-16,7.803210506408019e-16,0.5756041754285448,0.0,True,Successive iterates of the objective function are closer than ftol_rel or ftol_abs. GEMSEO stopped the driver.,0.0,15,0.12460435494512495,False,12,0.0,194869936210.36023,,,1.552969421732896,,,,,,,,volume,0.0,154900000000.0,0.0,0.0,0.0,0.0,0.0,0.0,0.0,
opt_B75_2_4,B75,7.5 % biomass,7.5,1.35,2.4,min_surplus_loss,G6,electrofuel_use_growth_constraint,1,2035.0,-9.729018327726558e-08,0.0,9.729018327726558e-08,True,0.0001,0.664062998004828,1e-10,19.486993621036024,4.491560549236345e-16,7.803210506408019e-16,0.5756041754285448,0.0,True,Successive iterates of the objective function are closer than ftol_rel or ftol_abs. GEMSEO stopped the driver.,0.0,15,0.12460435494512495,False,12,6640629980.04828,194869936210.36023,,,1.9352824430911528,,,,,,,,rate,256860624026.0684,154900000000.0,103226523930.22942,42.870432408316844,0.0,45882191752.78189,82.96639516754156,0.0,88795000149.70049,
opt_B75_2_4,B75,7.5 % biomass,7.5,1.35,2.4,min_surplus_loss,G6,electrofuel_use_growth_constraint,2,2040.0,1.6582229289183545e-07,0.0,1.6582229289183545e-07,True,0.0001,0.3867244624299268,1e-10,19.486993621036024,4.491560549236345e-16,7.803210506408019e-16,0.5756041754285448,0.0,True,Successive iterates of the objective function are closer than ftol_rel or ftol_abs. GEMSEO stopped the driver.,0.0,15,0.12460435494512495,False,12,3867244624.299268,194869936210.36023,,,2.411714024837406,,,,,,,,rate,639151427976.5492,154900000000.0,256860624026.06955,24.966072461583394,0.0,66487920269.94595,60.21102710070761,0.0,160349849797.2999,
opt_B75_2_4,B75,7.5 % biomass,7.5,1.35,2.4,min_surplus_loss,G6,electrofuel_use_growth_constraint,3,2045.0,-4.925374693469675,0.0,4.925374693469675,False,0.0001,0.0,1e-10,19.486993621036024,4.491560549236345e-16,7.803210506408019e-16,0.5756041754285448,0.0,True,Successive iterates of the objective function are closer than ftol_rel or ftol_abs. GEMSEO stopped the driver.,0.0,15,0.12460435494512495,False,12,0.0,194869936210.36023,,,3.005434456537094,,,,,,,,rate,1590413281262.5989,154900000000.0,639151427976.5461,0.0,0.0,0.0,0.0,0.0,0.0,
opt_B75_2_4,B75,7.5 % biomass,7.5,1.35,2.4,min_surplus_loss,G6,electrofuel_use_growth_constraint,4,2050.0,-7.2540110054628935,0.0,7.2540110054628935,False,0.0001,0.0,1e-10,19.486993621036024,4.491560549236345e-16,7.803210506408019e-16,0.5756041754285448,0.0,True,Successive iterates of the objective function are closer than ftol_rel or ftol_abs. GEMSEO stopped the driver.,0.0,15,0.12460435494512495,False,12,0.0,194869936210.36023,,,3.7453181345368614,,,,,,,,rate,2059016893448.6777,154900000000.0,827472709880.0308,0.0,0.0,0.0,0.0,0.0,0.0,
opt_B75_2_6,B75,7.5 % biomass,7.5,1.35,2.6,min_surplus_loss,G1,aviation_carbon_budget_constraint,0,,7.922819668481027e-07,0.0,7.922819668481027e-07,True,0.0001,70.52178032327086,1e-10,11.168107022793158,3.5990391192955104e-16,5.986593606729836e-16,0.6011831361410012,0.0,True,Successive iterates of the objective function are closer than ftol_rel or ftol_abs. GEMSEO stopped the driver.,0.0,15,0.12460435494512499,False,14,705217803232.7086,111681070227.93158,2.4906431623760783,283.1468649888527,,,,,,,,,,,,,,,,,,,
opt_B75_2_6,B75,7.5 % biomass,7.5,1.35,2.6,min_surplus_loss,G2,blend_completeness_constraint,0,2030.0,-0.9164304192356082,0.0,0.9164304192356082,False,0.0001,0.0,1e-10,11.168107022793158,3.5990391192955104e-16,5.986593606729836e-16,0.6011831361410012,0.0,True,Successive iterates of the objective function are closer than ftol_rel or ftol_abs. GEMSEO stopped the driver.,0.0,15,0.12460435494512499,False,14,0.0,111681070227.93158,,,1.552969421732896,,,,,,,,,,,,,,,,,,
opt_B75_2_6,B75,7.5 % biomass,7.5,1.35,2.6,min_surplus_loss,G2,blend_completeness_constraint,1,2035.0,-0.7043062571745691,0.0,0.7043062571745691,False,0.0001,0.0,1e-10,11.168107022793158,3.5990391192955104e-16,5.986593606729836e-16,0.6011831361410012,0.0,True,Successive iterates of the objective function are closer than ftol_rel or ftol_abs. GEMSEO stopped the driver.,0.0,15,0.12460435494512499,False,14,0.0,111681070227.93158,,,1.9352824430911528,,,,,,,,,,,,,,,,,,
opt_B75_2_6,B75,7.5 % biomass,7.5,1.35,2.6,min_surplus_loss,G2,blend_completeness_constraint,2,2040.0,-0.47672136596230547,0.0,0.47672136596230547,False,0.0001,0.0,1e-10,11.168107022793158,3.5990391192955104e-16,5.986593606729836e-16,0.6011831361410012,0.0,True,Successive iterates of the objective function are closer than ftol_rel or ftol_abs. GEMSEO stopped the driver.,0.0,15,0.12460435494512499,False,14,0.0,111681070227.93158,,,2.411714024837406,,,,,,,,,,,,,,,,,,
opt_B75_2_6,B75,7.5 % biomass,7.5,1.35,2.6,min_surplus_loss,G2,blend_completeness_constraint,3,2045.0,-0.14770609715729394,0.0,0.14770609715729394,False,0.0001,0.0,1e-10,11.168107022793158,3.5990391192955104e-16,5.986593606729836e-16,0.6011831361410012,0.0,True,Successive iterates of the objective function are closer than ftol_rel or ftol_abs. GEMSEO stopped the driver.,0.0,15,0.12460435494512499,False,14,0.0,111681070227.93158,,,3.005434456537094,,,,,,,,,,,,,,,,,,
opt_B75_2_6,B75,7.5 % biomass,7.5,1.35,2.6,min_surplus_loss,G2,blend_completeness_constraint,4,2050.0,-0.12460435494512509,0.0,0.12460435494512509,False,0.0001,0.0,1e-10,11.168107022793158,3.5990391192955104e-16,5.986593606729836e-16,0.6011831361410012,0.0,True,Successive iterates of the objective function are closer than ftol_rel or ftol_abs. GEMSEO stopped the driver.,0.0,15,0.12460435494512499,False,14,0.0,111681070227.93158,,,3.7453181345368614,,,,,,,,,,,,,,,,,,
opt_B75_2_6,B75,7.5 % biomass,7.5,1.35,2.6,min_surplus_loss,G3,biomass_trajectory_constraint,0,2030.0,-0.6108450477404461,0.0,0.6108450477404461,False,0.0001,0.0,1e-10,11.168107022793158,3.5990391192955104e-16,5.986593606729836e-16,0.6011831361410012,0.0,True,Successive iterates of the objective function are closer than ftol_rel or ftol_abs. GEMSEO stopped the driver.,0.0,15,0.12460435494512499,False,14,0.0,111681070227.93158,,,1.552969421732896,,837621750000.0,0.83762175,0.0,0.0,0.0,0.0,,,,,,,,,,,
opt_B75_2_6,B75,7.5 % biomass,7.5,1.35,2.6,min_surplus_loss,G3,biomass_trajectory_constraint,1,2035.0,-0.1781347947220435,0.0,0.1781347947220435,False,0.0001,0.0,1e-10,11.168107022793158,3.5990391192955104e-16,5.986593606729836e-16,0.6011831361410012,0.0,True,Successive iterates of the objective function are closer than ftol_rel or ftol_abs. GEMSEO stopped the driver.,0.0,15,0.12460435494512499,False,14,0.0,111681070227.93158,,,1.9352824430911528,,986906625000.0,0.986906625,0.0,0.0,0.0,0.0,,,,,,,,,,,
opt_B75_2_6,B75,7.5 % biomass,7.5,1.35,2.6,min_surplus_loss,G3,biomass_trajectory_constraint,2,2040.0,6.276731383536571e-08,0.0,6.276731383536571e-08,True,0.0001,3.4970714274219277,1e-10,11.168107022793158,3.5990391192955104e-16,5.986593606729836e-16,0.6011831361410012,0.0,True,Successive iterates of the objective function are closer than ftol_rel or ftol_abs. GEMSEO stopped the driver.,0.0,15,0.12460435494512499,False,14,34970714274.21928,111681070227.93158,,,2.411714024837406,,1136191500000.0,1.1361915,30.778890947713723,30778890947.713722,74.22988296754225,74229882967.54225,,,,,,,,,,,
opt_B75_2_6,B75,7.5 % biomass,7.5,1.35,2.6,min_surplus_loss,G3,biomass_trajectory_constraint,3,2045.0,-2.842170943040401e-16,0.0,2.842170943040401e-16,True,0.0001,4.006369870151469,1e-10,11.168107022793158,3.5990391192955104e-16,5.986593606729836e-16,0.6011831361410012,0.0,True,Successive iterates of the objective function are closer than ftol_rel or ftol_abs. GEMSEO stopped the driver.,0.0,15,0.12460435494512499,False,14,40063698701.514694,111681070227.93158,,,3.005434456537094,,1159426500000.0,1.1594265,34.55475504614971,34554755046.14971,103.85205145289736,103852051452.89737,,,,,,,,,,,
opt_B75_2_6,B75,7.5 % biomass,7.5,1.35,2.6,min_surplus_loss,G3,biomass_trajectory_constraint,4,2050.0,0.0,0.0,0.0,True,0.0001,2.5483541941323375,1e-10,11.168107022793158,3.5990391192955104e-16,5.986593606729836e-16,0.6011831361410012,0.0,True,Successive iterates of the objective function are closer than ftol_rel or ftol_abs. GEMSEO stopped the driver.,0.0,15,0.12460435494512499,False,14,25483541941.323376,111681070227.93158,,,3.7453181345368614,,1182661500000.0,1.1826615,21.547621142079436,21547621142.079433,80.70269621955998,80702696219.55998,,,,,,,,,,,
opt_B75_2_6,B75,7.5 % biomass,7.5,1.35,2.6,min_surplus_loss,G4,electricity_trajectory_constraint,0,2030.0,-0.9999999601476397,0.0,0.9999999601476397,False,0.0001,0.0,1e-10,11.168107022793158,3.5990391192955104e-16,5.986593606729836e-16,0.6011831361410012,0.0,True,Successive iterates of the objective function are closer than ftol_rel or ftol_abs. GEMSEO stopped the driver.,0.0,15,0.12460435494512499,False,14,0.0,111681070227.93158,,,1.552969421732896,,1065287574000.0001,1.065287574,0.0,0.0,0.0,0.0,,,,,,,,,,,
opt_B75_2_6,B75,7.5 % biomass,7.5,1.35,2.6,min_surplus_loss,G4,electricity_trajectory_constraint,1,2035.0,-0.7559579513523772,0.0,0.7559579513523772,False,0.0001,0.0,1e-10,11.168107022793158,3.5990391192955104e-16,5.986593606729836e-16,0.6011831361410012,0.0,True,Successive iterates of the objective function are closer than ftol_rel or ftol_abs. GEMSEO stopped the driver.,0.0,15,0.12460435494512499,False,14,0.0,111681070227.93158,,,1.9352824430911528,,1356710238000.0002,1.3567102380000002,0.0,0.0,0.0,0.0,,,,,,,,,,,
opt_B75_2_6,B75,7.5 % biomass,7.5,1.35,2.6,min_surplus_loss,G4,electricity_trajectory_constraint,2,2040.0,-0.5001210219207034,0.0,0.5001210219207034,False,0.0001,0.0,1e-10,11.168107022793158,3.5990391192955104e-16,5.986593606729836e-16,0.6011831361410012,0.0,True,Successive iterates of the objective function are closer than ftol_rel or ftol_abs. GEMSEO stopped the driver.,0.0,15,0.12460435494512499,False,14,0.0,111681070227.93158,,,2.411714024837406,,1648132902000.0002,1.6481329020000002,0.0,0.0,0.0,0.0,,,,,,,,,,,
opt_B75_2_6,B75,7.5 % biomass,7.5,1.35,2.6,min_surplus_loss,G4,electricity_trajectory_constraint,3,2045.0,-2.5153212845907546e-13,0.0,2.5153212845907546e-13,True,0.0001,3.668375613009974,1e-10,11.168107022793158,3.5990391192955104e-16,5.986593606729836e-16,0.6011831361410012,0.0,True,Successive iterates of the objective function are closer than ftol_rel or ftol_abs. GEMSEO stopped the driver.,0.0,15,0.12460435494512499,False,14,36683756130.09974,111681070227.93158,,,3.005434456537094,,1895265009000.0002,1.8952650090000003,19.35547586005147,19355475860.05147,58.17161407247063,58171614072.47064,,,,,,,,,,,
opt_B75_2_6,B75,7.5 % biomass,7.5,1.35,2.6,min_surplus_loss,G4,electricity_trajectory_constraint,4,2050.0,0.0,0.0,0.0,True,0.0001,3.5902769058897226,1e-10,11.168107022793158,3.5990391192955104e-16,5.986593606729836e-16,0.6011831361410012,0.0,True,Successive iterates of the objective function are closer than ftol_rel or ftol_abs. GEMSEO stopped the driver.,0.0,15,0.12460435494512499,False,14,35902769058.897224,111681070227.93158,,,3.7453181345368614,,2142397116000.0002,2.142397116,16.758223202769294,16758223202.769293,62.764877263948236,62764877263.948235,,,,,,,,,,,
opt_B75_2_6,B75,7.5 % biomass,7.5,1.35,2.6,min_surplus_loss,G5,biofuel_use_growth_constraint,0,2030.0,1.921480529272918e-07,0.0,1.921480529272918e-07,True,0.0001,2.95258002203744,1e-10,11.168107022793158,3.5990391192955104e-16,5.986593606729836e-16,0.6011831361410012,0.0,True,Successive iterates of the objective function are closer than ftol_rel or ftol_abs. GEMSEO stopped the driver.,0.0,15,0.12460435494512499,False,14,29525800220.3744,111681070227.93158,,,1.552969421732896,,,,,,,,volume,89799803521.1634,154900000000.0,36088527006.640396,190.6120091696217,953060045848.1084,0.0,296.0146216554929,1480073108277.464,0.0,
opt_B75_2_6,B75,7.5 % biomass,7.5,1.35,2.6,min_surplus_loss,G5,biofuel_use_growth_constraint,1,2035.0,-4.517279494047319e-07,0.0,4.517279494047319e-07,True,0.0001,0.8911158578914498,1e-10,11.168107022793158,3.5990391192955104e-16,5.986593606729836e-16,0.6011831361410012,0.0,True,Successive iterates of the objective function are closer than ftol_rel or ftol_abs. GEMSEO stopped the driver.,0.0,15,0.12460435494512499,False,14,8911158578.914497,111681070227.93158,,,1.9352824430911528,,,,,,,,rate,385440767999.98865,154900000000.0,154899999999.99548,57.528460806420256,0.0,92390892146.18282,111.33382017672263,0.0,178802471472.0359,
opt_B75_2_6,B75,7.5 % biomass,7.5,1.35,2.6,min_surplus_loss,G5,biofuel_use_growth_constraint,2,2040.0,-2.7061076562478243,0.0,2.7061076562478243,False,0.0001,0.0,1e-10,11.168107022793158,3.5990391192955104e-16,5.986593606729836e-16,0.6011831361410012,0.0,True,Successive iterates of the objective function are closer than ftol_rel or ftol_abs. GEMSEO stopped the driver.,0.0,15,0.12460435494512499,False,14,0.0,111681070227.93158,,,2.411714024837406,,,,,,,,rate,959099971829.7595,154900000000.0,385440767999.9999,0.0,0.0,0.0,0.0,0.0,0.0,
opt_B75_2_6,B75,7.5 % biomass,7.5,1.35,2.6,min_surplus_loss,G5,biofuel_use_growth_constraint,3,2045.0,-5.116450573061097,0.0,5.116450573061097,False,0.0001,0.0,1e-10,11.168107022793158,3.5990391192955104e-16,5.986593606729836e-16,0.6011831361410012,0.0,True,Successive iterates of the objective function are closer than ftol_rel or ftol_abs. GEMSEO stopped the driver.,0.0,15,0.12460435494512499,False,14,0.0,111681070227.93158,,,3.005434456537094,,,,,,,,rate,1343503369578.7073,154900000000.0,539923872162.225,0.0,0.0,0.0,0.0,0.0,0.0,
opt_B75_2_6,B75,7.5 % biomass,7.5,1.35,2.6,min_surplus_loss,G5,biofuel_use_growth_constraint,4,2050.0,-5.222538592595102,0.0,5.222538592595102,False,0.0001,0.0,1e-10,11.168107022793158,3.5990391192955104e-16,5.986593606729836e-16,0.6011831361410012,0.0,True,Successive iterates of the objective function are closer than ftol_rel or ftol_abs. GEMSEO stopped the driver.,0.0,15,0.12460435494512499,False,14,0.0,111681070227.93158,,,3.7453181345368614,,,,,,,,rate,1370977876110.6724,154900000000.0,550965260139.6415,0.0,0.0,0.0,0.0,0.0,0.0,
opt_B75_2_6,B75,7.5 % biomass,7.5,1.35,2.6,min_surplus_loss,G6,electrofuel_use_growth_constraint,0,2030.0,-0.9999998803388349,0.0,0.9999998803388349,False,0.0001,0.0,1e-10,11.168107022793158,3.5990391192955104e-16,5.986593606729836e-16,0.6011831361410012,0.0,True,Successive iterates of the objective function are closer than ftol_rel or ftol_abs. GEMSEO stopped the driver.,0.0,15,0.12460435494512499,False,14,0.0,111681070227.93158,,,1.552969421732896,,,,,,,,volume,0.0,154900000000.0,0.0,0.0,0.0,0.0,0.0,0.0,0.0,
opt_B75_2_6,B75,7.5 % biomass,7.5,1.35,2.6,min_surplus_loss,G6,electrofuel_use_growth_constraint,1,2035.0,-0.06677990551295793,0.0,0.06677990551295793,False,0.0001,0.0,1e-10,11.168107022793158,3.5990391192955104e-16,5.986593606729836e-16,0.6011831361410012,0.0,True,Successive iterates of the objective function are closer than ftol_rel or ftol_abs. GEMSEO stopped the driver.,0.0,15,0.12460435494512499,False,14,0.0,111681070227.93158,,,1.9352824430911528,,,,,,,,volume,46122.151850425034,154900000000.0,18535.458401823336,0.0,0.0,0.0,0.0,0.0,0.0,
opt_B75_2_6,B75,7.5 % biomass,7.5,1.35,2.6,min_surplus_loss,G6,electrofuel_use_growth_constraint,2,2040.0,-4.769078121690153e-06,0.0,4.769078121690153e-06,True,0.0001,0.1915230958026079,1e-10,11.168107022793158,3.5990391192955104e-16,5.986593606729836e-16,0.6011831361410012,0.0,True,Successive iterates of the objective function are closer than ftol_rel or ftol_abs. GEMSEO stopped the driver.,0.0,15,0.12460435494512499,False,14,1915230958.026079,111681070227.93158,,,2.411714024837406,,,,,,,,rate,359703260348.3746,154900000000.0,144556672915.20972,12.364305732899153,0.0,18531171183.616352,29.81916954341043,0.0,44691885440.190346,
opt_B75_2_6,B75,7.5 % biomass,7.5,1.35,2.6,min_surplus_loss,G6,electrofuel_use_growth_constraint,3,2045.0,-0.4362609312819069,0.0,0.4362609312819069,False,0.0001,0.0,1e-10,11.168107022793158,3.5990391192955104e-16,5.986593606729836e-16,0.6011831361410012,0.0,True,Successive iterates of the objective function are closer than ftol_rel or ftol_abs. GEMSEO stopped the driver.,0.0,15,0.12460435494512499,False,14,0.0,111681070227.93158,,,3.005434456537094,,,,,,,,rate,895056816790.0638,154900000000.0,359703260348.3732,0.0,0.0,0.0,0.0,0.0,0.0,
opt_B75_2_6,B75,7.5 % biomass,7.5,1.35,2.6,min_surplus_loss,G6,electrofuel_use_growth_constraint,4,2050.0,-7.254011005475026,0.0,7.254011005475026,False,0.0001,0.0,1e-10,11.168107022793158,3.5990391192955104e-16,5.986593606729836e-16,0.6011831361410012,0.0,True,Successive iterates of the objective function are closer than ftol_rel or ftol_abs. GEMSEO stopped the driver.,0.0,15,0.12460435494512499,False,14,0.0,111681070227.93158,,,3.7453181345368614,,,,,,,,rate,2059016893451.6277,154900000000.0,827472709881.2163,0.0,0.0,0.0,0.0,0.0,0.0,
opt_B75_2_8,B75,7.5 % biomass,7.5,1.35,2.8,min_surplus_loss,G1,aviation_carbon_budget_constraint,0,,3.11162064293358e-07,0.0,3.11162064293358e-07,True,0.0001,61.699592676003874,1e-10,5.410544234524512,1.5608655866697342e-16,2.549022549818887e-16,0.6123388695720392,0.0,True,Successive iterates of the objective function are closer than ftol_rel or ftol_abs. GEMSEO stopped the driver.,0.0,19,0.12460435494491232,False,18,616995926760.0387,54105442345.24512,2.7382319985881525,225.32638836963602,,,,,,,,,,,,,,,,,,,
opt_B75_2_8,B75,7.5 % biomass,7.5,1.35,2.8,min_surplus_loss,G2,blend_completeness_constraint,0,2030.0,-0.9164304355589884,0.0,0.9164304355589884,False,0.0001,0.0,1e-10,5.410544234524512,1.5608655866697342e-16,2.549022549818887e-16,0.6123388695720392,0.0,True,Successive iterates of the objective function are closer than ftol_rel or ftol_abs. GEMSEO stopped the driver.,0.0,19,0.12460435494491232,False,18,0.0,54105442345.24512,,,1.552969421732896,,,,,,,,,,,,,,,,,,
opt_B75_2_8,B75,7.5 % biomass,7.5,1.35,2.8,min_surplus_loss,G2,blend_completeness_constraint,1,2035.0,-0.7384292960316791,0.0,0.7384292960316791,False,0.0001,0.0,1e-10,5.410544234524512,1.5608655866697342e-16,2.549022549818887e-16,0.6123388695720392,0.0,True,Successive iterates of the objective function are closer than ftol_rel or ftol_abs. GEMSEO stopped the driver.,0.0,19,0.12460435494491232,False,18,0.0,54105442345.24512,,,1.9352824430911528,,,,,,,,,,,,,,,,,,
opt_B75_2_8,B75,7.5 % biomass,7.5,1.35,2.8,min_surplus_loss,G2,blend_completeness_constraint,2,2040.0,-0.5695671573892225,0.0,0.5695671573892225,False,0.0001,0.0,1e-10,5.410544234524512,1.5608655866697342e-16,2.549022549818887e-16,0.6123388695720392,0.0,True,Successive iterates of the objective function are closer than ftol_rel or ftol_abs. GEMSEO stopped the driver.,0.0,19,0.12460435494491232,False,18,0.0,54105442345.24512,,,2.411714024837406,,,,,,,,,,,,,,,,,,
opt_B75_2_8,B75,7.5 % biomass,7.5,1.35,2.8,min_surplus_loss,G2,blend_completeness_constraint,3,2045.0,-0.3527191825391687,0.0,0.3527191825391687,False,0.0001,0.0,1e-10,5.410544234524512,1.5608655866697342e-16,2.549022549818887e-16,0.6123388695720392,0.0,True,Successive iterates of the objective function are closer than ftol_rel or ftol_abs. GEMSEO stopped the driver.,0.0,19,0.12460435494491232,False,18,0.0,54105442345.24512,,,3.005434456537094,,,,,,,,,,,,,,,,,,
opt_B75_2_8,B75,7.5 % biomass,7.5,1.35,2.8,min_surplus_loss,G2,blend_completeness_constraint,4,2050.0,-0.12460651358555908,0.0,0.12460651358555908,False,0.0001,0.0,1e-10,5.410544234524512,1.5608655866697342e-16,2.549022549818887e-16,0.6123388695720392,0.0,True,Successive iterates of the objective function are closer than ftol_rel or ftol_abs. GEMSEO stopped the driver.,0.0,19,0.12460435494491232,False,18,0.0,54105442345.24512,,,3.7453181345368614,,,,,,,,,,,,,,,,,,
opt_B75_2_8,B75,7.5 % biomass,7.5,1.35,2.8,min_surplus_loss,G3,biomass_trajectory_constraint,0,2030.0,-0.610845122514956,0.0,0.610845122514956,False,0.0001,0.0,1e-10,5.410544234524512,1.5608655866697342e-16,2.549022549818887e-16,0.6123388695720392,0.0,True,Successive iterates of the objective function are closer than ftol_rel or ftol_abs. GEMSEO stopped the driver.,0.0,19,0.12460435494491232,False,18,0.0,54105442345.24512,,,1.552969421732896,,837621750000.0,0.83762175,0.0,0.0,0.0,0.0,,,,,,,,,,,
opt_B75_2_8,B75,7.5 % biomass,7.5,1.35,2.8,min_surplus_loss,G3,biomass_trajectory_constraint,1,2035.0,-0.178134802811022,0.0,0.178134802811022,False,0.0001,0.0,1e-10,5.410544234524512,1.5608655866697342e-16,2.549022549818887e-16,0.6123388695720392,0.0,True,Successive iterates of the objective function are closer than ftol_rel or ftol_abs. GEMSEO stopped the driver.,0.0,19,0.12460435494491232,False,18,0.0,54105442345.24512,,,1.9352824430911528,,986906625000.0,0.986906625,0.0,0.0,0.0,0.0,,,,,,,,,,,
opt_B75_2_8,B75,7.5 % biomass,7.5,1.35,2.8,min_surplus_loss,G3,biomass_trajectory_constraint,2,2040.0,3.991096946265315e-09,0.0,3.991096946265315e-09,True,0.0001,2.3031933542063094,1e-10,5.410544234524512,1.5608655866697342e-16,2.549022549818887e-16,0.6123388695720392,0.0,True,Successive iterates of the objective function are closer than ftol_rel or ftol_abs. GEMSEO stopped the driver.,0.0,19,0.12460435494491232,False,18,23031933542.063095,54105442345.24512,,,2.411714024837406,,1136191500000.0,1.1361915,20.2711721941795,20271172194.1795,48.88827028059675,48888270280.59675,,,,,,,,,,,
opt_B75_2_8,B75,7.5 % biomass,7.5,1.35,2.8,min_surplus_loss,G3,biomass_trajectory_constraint,3,2045.0,2.271215791438408e-08,0.0,2.271215791438408e-08,True,0.0001,2.731861860764991,1e-10,5.410544234524512,1.5608655866697342e-16,2.549022549818887e-16,0.6123388695720392,0.0,True,Successive iterates of the objective function are closer than ftol_rel or ftol_abs. GEMSEO stopped the driver.,0.0,19,0.12460435494491232,False,18,27318618607.64991,54105442345.24512,,,3.005434456537094,,1159426500000.0,1.1594265,23.562182344158867,23562182344.158867,70.81459468834501,70814594688.34502,,,,,,,,,,,
opt_B75_2_8,B75,7.5 % biomass,7.5,1.35,2.8,min_surplus_loss,G3,biomass_trajectory_constraint,4,2050.0,1.1907450030435029e-07,0.0,1.1907450030435029e-07,True,0.0001,1.8264454171565332,1e-10,5.410544234524512,1.5608655866697342e-16,2.549022549818887e-16,0.6123388695720392,0.0,True,Successive iterates of the objective function are closer than ftol_rel or ftol_abs. GEMSEO stopped the driver.,0.0,19,0.12460435494491232,False,18,18264454171.56533,54105442345.24512,,,3.7453181345368614,,1182661500000.0,1.1826615,15.443518007109668,15443518007.109669,57.84088805307441,57840888053.07441,,,,,,,,,,,
opt_B75_2_8,B75,7.5 % biomass,7.5,1.35,2.8,min_surplus_loss,G4,electricity_trajectory_constraint,0,2030.0,-0.9999999601477602,0.0,0.9999999601477602,False,0.0001,0.0,1e-10,5.410544234524512,1.5608655866697342e-16,2.549022549818887e-16,0.6123388695720392,0.0,True,Successive iterates of the objective function are closer than ftol_rel or ftol_abs. GEMSEO stopped the driver.,0.0,19,0.12460435494491232,False,18,0.0,54105442345.24512,,,1.552969421732896,,1065287574000.0001,1.065287574,0.0,0.0,0.0,0.0,,,,,,,,,,,
opt_B75_2_8,B75,7.5 % biomass,7.5,1.35,2.8,min_surplus_loss,G4,electricity_trajectory_constraint,1,2035.0,-0.8470424801887892,0.0,0.8470424801887892,False,0.0001,0.0,1e-10,5.410544234524512,1.5608655866697342e-16,2.549022549818887e-16,0.6123388695720392,0.0,True,Successive iterates of the objective function are closer than ftol_rel or ftol_abs. GEMSEO stopped the driver.,0.0,19,0.12460435494491232,False,18,0.0,54105442345.24512,,,1.9352824430911528,,1356710238000.0002,1.3567102380000002,0.0,0.0,0.0,0.0,,,,,,,,,,,
opt_B75_2_8,B75,7.5 % biomass,7.5,1.35,2.8,min_surplus_loss,G4,electricity_trajectory_constraint,2,2040.0,-0.6866917471527694,0.0,0.6866917471527694,False,0.0001,0.0,1e-10,5.410544234524512,1.5608655866697342e-16,2.549022549818887e-16,0.6123388695720392,0.0,True,Successive iterates of the objective function are closer than ftol_rel or ftol_abs. GEMSEO stopped the driver.,0.0,19,0.12460435494491232,False,18,0.0,54105442345.24512,,,2.411714024837406,,1648132902000.0002,1.6481329020000002,0.0,0.0,0.0,0.0,,,,,,,,,,,
opt_B75_2_8,B75,7.5 % biomass,7.5,1.35,2.8,min_surplus_loss,G4,electricity_trajectory_constraint,3,2045.0,-0.32204615715144924,0.0,0.32204615715144924,False,0.0001,0.0,1e-10,5.410544234524512,1.5608655866697342e-16,2.549022549818887e-16,0.6123388695720392,0.0,True,Successive iterates of the objective function are closer than ftol_rel or ftol_abs. GEMSEO stopped the driver.,0.0,19,0.12460435494491232,False,18,0.0,54105442345.24512,,,3.005434456537094,,1895265009000.0002,1.8952650090000003,0.0,0.0,0.0,0.0,,,,,,,,,,,
opt_B75_2_8,B75,7.5 % biomass,7.5,1.35,2.8,min_surplus_loss,G4,electricity_trajectory_constraint,4,2050.0,-3.139851137490268e-06,0.0,3.139851137490268e-06,True,0.0001,1.9512095059978964,1e-10,5.410544234524512,1.5608655866697342e-16,2.549022549818887e-16,0.6123388695720392,0.0,True,Successive iterates of the objective function are closer than ftol_rel or ftol_abs. GEMSEO stopped the driver.,0.0,19,0.12460435494491232,False,18,19512095059.978962,54105442345.24512,,,3.7453181345368614,,2142397116000.0002,2.142397116,9.107599573513877,9107599573.513876,34.110857844781705,34110857844.781704,,,,,,,,,,,
opt_B75_2_8,B75,7.5 % biomass,7.5,1.35,2.8,min_surplus_loss,G5,biofuel_use_growth_constraint,0,2030.0,-1.3988044201904455e-14,0.0,1.3988044201904455e-14,True,0.0001,1.6762183880615902,1e-10,5.410544234524512,1.5608655866697342e-16,2.549022549818887e-16,0.6123388695720392,0.0,True,Successive iterates of the objective function are closer than ftol_rel or ftol_abs. GEMSEO stopped the driver.,0.0,19,0.12460435494491232,False,18,16762183880.615902,54105442345.24512,,,1.552969421732896,,,,,,,,volume,89799803521.1529,154900000000.0,36088527006.63617,108.21293660823694,541064683041.18463,0.0,168.05138158851227,840256907942.5612,0.0,
opt_B75_2_8,B75,7.5 % biomass,7.5,1.35,2.8,min_surplus_loss,G5,biofuel_use_growth_constraint,1,2035.0,1.8936352271122498e-09,0.0,1.8936352271122498e-09,True,0.0001,0.5289501736748243,1e-10,5.410544234524512,1.5608655866697342e-16,2.549022549818887e-16,0.6123388695720392,0.0,True,Successive iterates of the objective function are closer than ftol_rel or ftol_abs. GEMSEO stopped the driver.,0.0,19,0.12460435494491232,False,18,5289501736.748243,54105442345.24512,,,1.9352824430911528,,,,,,,,rate,385440767999.9874,154900000000.0,154899999999.995,34.14784852645735,0.0,54841554006.60402,66.085731722589,0.0,106133896620.81602,
opt_B75_2_8,B75,7.5 % biomass,7.5,1.35,2.8,min_surplus_loss,G5,biofuel_use_growth_constraint,2,2040.0,-2.7061078001589647,0.0,2.7061078001589647,False,0.0001,0.0,1e-10,5.410544234524512,1.5608655866697342e-16,2.549022549818887e-16,0.6123388695720392,0.0,True,Successive iterates of the objective function are closer than ftol_rel or ftol_abs. GEMSEO stopped the driver.,0.0,19,0.12460435494491232,False,18,0.0,54105442345.24512,,,2.411714024837406,,,,,,,,rate,959099971829.7599,154900000000.0,385440768000.00006,0.0,0.0,0.0,0.0,0.0,0.0,
opt_B75_2_8,B75,7.5 % biomass,7.5,1.35,2.8,min_surplus_loss,G5,biofuel_use_growth_constraint,3,2045.0,-5.116449982459365,0.0,5.116449982459365,False,0.0001,0.0,1e-10,5.410544234524512,1.5608655866697342e-16,2.549022549818887e-16,0.6123388695720392,0.0,True,Successive iterates of the objective function are closer than ftol_rel or ftol_abs. GEMSEO stopped the driver.,0.0,19,0.12460435494491232,False,18,0.0,54105442345.24512,,,3.005434456537094,,,,,,,,rate,1343503369573.4646,154900000000.0,539923872160.11804,0.0,0.0,0.0,0.0,0.0,0.0,
opt_B75_2_8,B75,7.5 % biomass,7.5,1.35,2.8,min_surplus_loss,G5,biofuel_use_growth_constraint,4,2050.0,-5.222538361577408,0.0,5.222538361577408,False,0.0001,0.0,1e-10,5.410544234524512,1.5608655866697342e-16,2.549022549818887e-16,0.6123388695720392,0.0,True,Successive iterates of the objective function are closer than ftol_rel or ftol_abs. GEMSEO stopped the driver.,0.0,19,0.12460435494491232,False,18,0.0,54105442345.24512,,,3.7453181345368614,,,,,,,,rate,1370977876108.955,154900000000.0,550965260138.9513,0.0,0.0,0.0,0.0,0.0,0.0,
opt_B75_2_8,B75,7.5 % biomass,7.5,1.35,2.8,min_surplus_loss,G6,electrofuel_use_growth_constraint,0,2030.0,-0.9999998803391968,0.0,0.9999998803391968,False,0.0001,0.0,1e-10,5.410544234524512,1.5608655866697342e-16,2.549022549818887e-16,0.6123388695720392,0.0,True,Successive iterates of the objective function are closer than ftol_rel or ftol_abs. GEMSEO stopped the driver.,0.0,19,0.12460435494491232,False,18,0.0,54105442345.24512,,,1.552969421732896,,,,,,,,volume,0.0,154900000000.0,0.0,0.0,0.0,0.0,0.0,0.0,0.0,
opt_B75_2_8,B75,7.5 % biomass,7.5,1.35,2.8,min_surplus_loss,G6,electrofuel_use_growth_constraint,1,2035.0,-0.4150883756264265,0.0,0.4150883756264265,False,0.0001,0.0,1e-10,5.410544234524512,1.5608655866697342e-16,2.549022549818887e-16,0.6123388695720392,0.0,True,Successive iterates of the objective function are closer than ftol_rel or ftol_abs. GEMSEO stopped the driver.,0.0,19,0.12460435494491232,False,18,0.0,54105442345.24512,,,1.9352824430911528,,,,,,,,volume,46122.15185041604,154900000000.0,18535.458401819724,0.0,0.0,0.0,0.0,0.0,0.0,
opt_B75_2_8,B75,7.5 % biomass,7.5,1.35,2.8,min_surplus_loss,G6,electrofuel_use_growth_constraint,2,2040.0,-3.3956919897287564e-07,0.0,3.3956919897287564e-07,True,0.0001,0.3596961229153569,1e-10,5.410544234524512,1.5608655866697342e-16,2.549022549818887e-16,0.6123388695720392,0.0,True,Successive iterates of the objective function are closer than ftol_rel or ftol_abs. GEMSEO stopped the driver.,0.0,19,0.12460435494491232,False,18,3596961229.1535687,54105442345.24512,,,2.411714024837406,,,,,,,,rate,225448615565.1847,154900000000.0,90602742237.80894,23.221182886724137,0.0,21813264723.324654,56.002852441226956,0.0,52607356460.7331,
opt_B75_2_8,B75,7.5 % biomass,7.5,1.35,2.8,min_surplus_loss,G6,electrofuel_use_growth_constraint,3,2045.0,-1.8596537001568552e-06,0.0,1.8596537001568552e-06,True,0.0001,0.23578042656453044,1e-10,5.410544234524512,1.5608655866697342e-16,2.549022549818887e-16,0.6123388695720392,0.0,True,Successive iterates of the objective function are closer than ftol_rel or ftol_abs. GEMSEO stopped the driver.,0.0,19,0.12460435494491232,False,18,2357804265.645304,54105442345.24512,,,3.005434456537094,,,,,,,,rate,560988299083.5615,154900000000.0,225448615565.34595,15.221460720757289,0.0,35579422330.43697,45.747102528989906,0.0,106931621815.5806,
opt_B75_2_8,B75,7.5 % biomass,7.5,1.35,2.8,min_surplus_loss,G6,electrofuel_use_growth_constraint,4,2050.0,-2.9732134514216186,0.0,2.9732134514216186,False,0.0001,0.0,1e-10,5.410544234524512,1.5608655866697342e-16,2.549022549818887e-16,0.6123388695720392,0.0,True,Successive iterates of the objective function are closer than ftol_rel or ftol_abs. GEMSEO stopped the driver.,0.0,19,0.12460435494491232,False,18,0.0,54105442345.24512,,,3.7453181345368614,,,,,,,,rate,1395918404375.3936,154900000000.0,560988299083.4756,0.0,0.0,0.0,0.0,0.0,0.0,
opt_B75_3_0,B75,7.5 % biomass,7.5,1.35,3.0,min_surplus_loss,G1,aviation_carbon_budget_constraint,0,,4.429679850920451e-05,0.0,4.429679850920451e-05,True,0.0001,59.860217297144565,1e-10,-0.225072931333136,0.022457984271227645,0.03595929430788327,0.6245390712882882,0.0,True,Successive iterates of the objective function are closer than ftol_rel or ftol_abs. GEMSEO stopped the driver.,0.0,21,0.1935839914512525,False,20,598602172971.4457,-2250729313.33136,2.985820834800208,200.4816116207121,,,,,,,,,,,,,,,,,,,
opt_B75_3_0,B75,7.5 % biomass,7.5,1.35,3.0,min_surplus_loss,G2,blend_completeness_constraint,0,2030.0,-0.9164304355589691,0.0,0.9164304355589691,False,0.0001,0.0,1e-10,-0.225072931333136,0.022457984271227645,0.03595929430788327,0.6245390712882882,0.0,True,Successive iterates of the objective function are closer than ftol_rel or ftol_abs. GEMSEO stopped the driver.,0.0,21,0.1935839914512525,False,20,0.0,-2250729313.33136,,,1.552969421732896,,,,,,,,,,,,,,,,,,
opt_B75_3_0,B75,7.5 % biomass,7.5,1.35,3.0,min_surplus_loss,G2,blend_completeness_constraint,1,2035.0,-0.7934955034641454,0.0,0.7934955034641454,False,0.0001,0.0,1e-10,-0.225072931333136,0.022457984271227645,0.03595929430788327,0.6245390712882882,0.0,True,Successive iterates of the objective function are closer than ftol_rel or ftol_abs. GEMSEO stopped the driver.,0.0,21,0.1935839914512525,False,20,0.0,-2250729313.33136,,,1.9352824430911528,,,,,,,,,,,,,,,,,,
opt_B75_3_0,B75,7.5 % biomass,7.5,1.35,3.0,min_surplus_loss,G2,blend_completeness_constraint,2,2040.0,-0.6282081619871467,0.0,0.6282081619871467,False,0.0001,0.0,1e-10,-0.225072931333136,0.022457984271227645,0.03595929430788327,0.6245390712882882,0.0,True,Successive iterates of the objective function are closer than ftol_rel or ftol_abs. GEMSEO stopped the driver.,0.0,21,0.1935839914512525,False,20,0.0,-2250729313.33136,,,2.411714024837406,,,,,,,,,,,,,,,,,,
opt_B75_3_0,B75,7.5 % biomass,7.5,1.35,3.0,min_surplus_loss,G2,blend_completeness_constraint,3,2045.0,-0.5070927725767175,0.0,0.5070927725767175,False,0.0001,0.0,1e-10,-0.225072931333136,0.022457984271227645,0.03595929430788327,0.6245390712882882,0.0,True,Successive iterates of the objective function are closer than ftol_rel or ftol_abs. GEMSEO stopped the driver.,0.0,21,0.1935839914512525,False,20,0.0,-2250729313.33136,,,3.005434456537094,,,,,,,,,,,,,,,,,,
opt_B75_3_0,B75,7.5 % biomass,7.5,1.35,3.0,min_surplus_loss,G2,blend_completeness_constraint,4,2050.0,-0.19375756425425947,0.0,0.19375756425425947,False,0.0001,0.0,1e-10,-0.225072931333136,0.022457984271227645,0.03595929430788327,0.6245390712882882,0.0,True,Successive iterates of the objective function are closer than ftol_rel or ftol_abs. GEMSEO stopped the driver.,0.0,21,0.1935839914512525,False,20,0.0,-2250729313.33136,,,3.7453181345368614,,,,,,,,,,,,,,,,,,
opt_B75_3_0,B75,7.5 % biomass,7.5,1.35,3.0,min_surplus_loss,G3,biomass_trajectory_constraint,0,2030.0,-0.6108451225149506,0.0,0.6108451225149506,False,0.0001,0.0,1e-10,-0.225072931333136,0.022457984271227645,0.03595929430788327,0.6245390712882882,0.0,True,Successive iterates of the objective function are closer than ftol_rel or ftol_abs. GEMSEO stopped the driver.,0.0,21,0.1935839914512525,False,20,0.0,-2250729313.33136,,,1.552969421732896,,837621750000.0,0.83762175,0.0,0.0,0.0,0.0,,,,,,,,,,,
opt_B75_3_0,B75,7.5 % biomass,7.5,1.35,3.0,min_surplus_loss,G3,biomass_trajectory_constraint,1,2035.0,-0.1781268580072603,0.0,0.1781268580072603,False,0.0001,0.0,1e-10,-0.225072931333136,0.022457984271227645,0.03595929430788327,0.6245390712882882,0.0,True,Successive iterates of the objective function are closer than ftol_rel or ftol_abs. GEMSEO stopped the driver.,0.0,21,0.1935839914512525,False,20,0.0,-2250729313.33136,,,1.9352824430911528,,986906625000.0,0.986906625,0.0,0.0,0.0,0.0,,,,,,,,,,,
opt_B75_3_0,B75,7.5 % biomass,7.5,1.35,3.0,min_surplus_loss,G3,biomass_trajectory_constraint,2,2040.0,1.304246740119197e-07,0.0,1.304246740119197e-07,True,0.0001,1.828840966418177,1e-10,-0.225072931333136,0.022457984271227645,0.03595929430788327,0.6245390712882882,0.0,True,Successive iterates of the objective function are closer than ftol_rel or ftol_abs. GEMSEO stopped the driver.,0.0,21,0.1935839914512525,False,20,18288409664.18177,-2250729313.33136,,,2.411714024837406,,1136191500000.0,1.1361915,16.096238762727737,16096238762.727737,38.819524771201976,38819524771.20198,,,,,,,,,,,
opt_B75_3_0,B75,7.5 % biomass,7.5,1.35,3.0,min_surplus_loss,G3,biomass_trajectory_constraint,3,2045.0,6.869290815814111e-07,0.0,6.869290815814111e-07,True,0.0001,2.2583346611468813,1e-10,-0.225072931333136,0.022457984271227645,0.03595929430788327,0.6245390712882882,0.0,True,Successive iterates of the objective function are closer than ftol_rel or ftol_abs. GEMSEO stopped the driver.,0.0,21,0.1935839914512525,False,20,22583346611.46881,-2250729313.33136,,,3.005434456537094,,1159426500000.0,1.1594265,19.47803212318229,19478032123.18229,58.53994888854843,58539948888.54842,,,,,,,,,,,
opt_B75_3_0,B75,7.5 % biomass,7.5,1.35,3.0,min_surplus_loss,G3,biomass_trajectory_constraint,4,2050.0,4.297746393149282e-06,0.0,4.297746393149282e-06,True,0.0001,1.418916891241262,1e-10,-0.225072931333136,0.022457984271227645,0.03595929430788327,0.6245390712882882,0.0,True,Successive iterates of the objective function are closer than ftol_rel or ftol_abs. GEMSEO stopped the driver.,0.0,21,0.1935839914512525,False,20,14189168912.412619,-2250729313.33136,,,3.7453181345368614,,1182661500000.0,1.1826615,11.997658596658992,11997658596.658993,44.93504831404899,44935048314.048996,,,,,,,,,,,
opt_B75_3_0,B75,7.5 % biomass,7.5,1.35,3.0,min_surplus_loss,G4,electricity_trajectory_constraint,0,2030.0,-0.9999999601476917,0.0,0.9999999601476917,False,0.0001,0.0,1e-10,-0.225072931333136,0.022457984271227645,0.03595929430788327,0.6245390712882882,0.0,True,Successive iterates of the objective function are closer than ftol_rel or ftol_abs. GEMSEO stopped the driver.,0.0,21,0.1935839914512525,False,20,0.0,-2250729313.33136,,,1.552969421732896,,1065287574000.0001,1.065287574,0.0,0.0,0.0,0.0,,,,,,,,,,,
opt_B75_3_0,B75,7.5 % biomass,7.5,1.35,3.0,min_surplus_loss,G4,electricity_trajectory_constraint,1,2035.0,-0.9999999684889705,0.0,0.9999999684889705,False,0.0001,0.0,1e-10,-0.225072931333136,0.022457984271227645,0.03595929430788327,0.6245390712882882,0.0,True,Successive iterates of the objective function are closer than ftol_rel or ftol_abs. GEMSEO stopped the driver.,0.0,21,0.1935839914512525,False,20,0.0,-2250729313.33136,,,1.9352824430911528,,1356710238000.0002,1.3567102380000002,0.0,0.0,0.0,0.0,,,,,,,,,,,
opt_B75_3_0,B75,7.5 % biomass,7.5,1.35,3.0,min_surplus_loss,G4,electricity_trajectory_constraint,2,2040.0,-0.8110868054644859,0.0,0.8110868054644859,False,0.0001,0.0,1e-10,-0.225072931333136,0.022457984271227645,0.03595929430788327,0.6245390712882882,0.0,True,Successive iterates of the objective function are closer than ftol_rel or ftol_abs. GEMSEO stopped the driver.,0.0,21,0.1935839914512525,False,20,0.0,-2250729313.33136,,,2.411714024837406,,1648132902000.0002,1.6481329020000002,0.0,0.0,0.0,0.0,,,,,,,,,,,
opt_B75_3_0,B75,7.5 % biomass,7.5,1.35,3.0,min_surplus_loss,G4,electricity_trajectory_constraint,3,2045.0,-0.5912313252197398,0.0,0.5912313252197398,False,0.0001,0.0,1e-10,-0.225072931333136,0.022457984271227645,0.03595929430788327,0.6245390712882882,0.0,True,Successive iterates of the objective function are closer than ftol_rel or ftol_abs. GEMSEO stopped the driver.,0.0,21,0.1935839914512525,False,20,0.0,-2250729313.33136,,,3.005434456537094,,1895265009000.0002,1.8952650090000003,0.0,0.0,0.0,0.0,,,,,,,,,,,
opt_B75_3_0,B75,7.5 % biomass,7.5,1.35,3.0,min_surplus_loss,G4,electricity_trajectory_constraint,4,2050.0,-0.1002492588730074,0.0,0.1002492588730074,False,0.0001,0.0,1e-10,-0.225072931333136,0.022457984271227645,0.03595929430788327,0.6245390712882882,0.0,True,Successive iterates of the objective function are closer than ftol_rel or ftol_abs. GEMSEO stopped the driver.,0.0,21,0.1935839914512525,False,20,0.0,-2250729313.33136,,,3.7453181345368614,,2142397116000.0002,2.142397116,0.0,0.0,0.0,0.0,,,,,,,,,,,
opt_B75_3_0,B75,7.5 % biomass,7.5,1.35,3.0,min_surplus_loss,G5,biofuel_use_growth_constraint,0,2030.0,0.0,0.0,0.0,True,0.0001,1.151386014690876,1e-10,-0.225072931333136,0.022457984271227645,0.03595929430788327,0.6245390712882882,0.0,True,Successive iterates of the objective function are closer than ftol_rel or ftol_abs. GEMSEO stopped the driver.,0.0,21,0.1935839914512525,False,20,11513860146.90876,-2250729313.33136,,,1.552969421732896,,,,,,,,volume,89799803521.1529,154900000000.0,36088527006.63617,74.33092412465307,371654620623.26526,0.0,115.43365225473424,577168261273.6711,0.0,
opt_B75_3_0,B75,7.5 % biomass,7.5,1.35,3.0,min_surplus_loss,G5,biofuel_use_growth_constraint,1,2035.0,2.405597937192972e-05,0.0,2.405597937192972e-05,True,0.0001,0.38248415873970126,1e-10,-0.225072931333136,0.022457984271227645,0.03595929430788327,0.6245390712882882,0.0,True,Successive iterates of the objective function are closer than ftol_rel or ftol_abs. GEMSEO stopped the driver.,0.0,21,0.1935839914512525,False,20,3824841587.3970127,-2250729313.33136,,,1.9352824430911528,,,,,,,,rate,385440767999.99506,154900000000.0,154899999999.99805,24.692327872156312,0.0,39655957578.13172,47.786628610034434,0.0,76745478464.92587,
opt_B75_3_0,B75,7.5 % biomass,7.5,1.35,3.0,min_surplus_loss,G5,biofuel_use_growth_constraint,2,2040.0,-2.7061672137216246,0.0,2.7061672137216246,False,0.0001,0.0,1e-10,-0.225072931333136,0.022457984271227645,0.03595929430788327,0.6245390712882882,0.0,True,Successive iterates of the objective function are closer than ftol_rel or ftol_abs. GEMSEO stopped the driver.,0.0,21,0.1935839914512525,False,20,0.0,-2250729313.33136,,,2.411714024837406,,,,,,,,rate,959099971829.7278,154900000000.0,385440767999.9871,0.0,0.0,0.0,0.0,0.0,0.0,
opt_B75_3_0,B75,7.5 % biomass,7.5,1.35,3.0,min_surplus_loss,G5,biofuel_use_growth_constraint,3,2045.0,-5.116448716504078,0.0,5.116448716504078,False,0.0001,0.0,1e-10,-0.225072931333136,0.022457984271227645,0.03595929430788327,0.6245390712882882,0.0,True,Successive iterates of the objective function are closer than ftol_rel or ftol_abs. GEMSEO stopped the driver.,0.0,21,0.1935839914512525,False,20,0.0,-2250729313.33136,,,3.005434456537094,,,,,,,,rate,1343503369573.294,154900000000.0,539923872160.04944,0.0,0.0,0.0,0.0,0.0,0.0,
opt_B75_3_0,B75,7.5 % biomass,7.5,1.35,3.0,min_surplus_loss,G5,biofuel_use_growth_constraint,4,2050.0,-5.22252907936251,0.0,5.22252907936251,False,0.0001,0.0,1e-10,-0.225072931333136,0.022457984271227645,0.03595929430788327,0.6245390712882882,0.0,True,Successive iterates of the objective function are closer than ftol_rel or ftol_abs. GEMSEO stopped the driver.,0.0,21,0.1935839914512525,False,20,0.0,-2250729313.33136,,,3.7453181345368614,,,,,,,,rate,1370977876108.433,154900000000.0,550965260138.7416,0.0,0.0,0.0,0.0,0.0,0.0,
opt_B75_3_0,B75,7.5 % biomass,7.5,1.35,3.0,min_surplus_loss,G6,electrofuel_use_growth_constraint,0,2030.0,-0.999999880338991,0.0,0.999999880338991,False,0.0001,0.0,1e-10,-0.225072931333136,0.022457984271227645,0.03595929430788327,0.6245390712882882,0.0,True,Successive iterates of the objective function are closer than ftol_rel or ftol_abs. GEMSEO stopped the driver.,0.0,21,0.1935839914512525,False,20,0.0,-2250729313.33136,,,1.552969421732896,,,,,,,,volume,0.0,154900000000.0,0.0,0.0,0.0,0.0,0.0,0.0,0.0,
opt_B75_3_0,B75,7.5 % biomass,7.5,1.35,3.0,min_surplus_loss,G6,electrofuel_use_growth_constraint,1,2035.0,-0.9999998795013973,0.0,0.9999998795013973,False,0.0001,0.0,1e-10,-0.225072931333136,0.022457984271227645,0.03595929430788327,0.6245390712882882,0.0,True,Successive iterates of the objective function are closer than ftol_rel or ftol_abs. GEMSEO stopped the driver.,0.0,21,0.1935839914512525,False,20,0.0,-2250729313.33136,,,1.9352824430911528,,,,,,,,volume,46122.15185041602,154900000000.0,18535.458401819713,0.0,0.0,0.0,0.0,0.0,0.0,
opt_B75_3_0,B75,7.5 % biomass,7.5,1.35,3.0,min_surplus_loss,G6,electrofuel_use_growth_constraint,2,2040.0,-0.1224197544068886,0.0,0.1224197544068886,False,0.0001,0.0,1e-10,-0.225072931333136,0.022457984271227645,0.03595929430788327,0.6245390712882882,0.0,True,Successive iterates of the objective function are closer than ftol_rel or ftol_abs. GEMSEO stopped the driver.,0.0,21,0.1935839914512525,False,20,0.0,-2250729313.33136,,,2.411714024837406,,,,,,,,volume,46444.97597206098,154900000000.0,18665.19417601474,0.0,0.0,0.0,0.0,0.0,0.0,
opt_B75_3_0,B75,7.5 % biomass,7.5,1.35,3.0,min_surplus_loss,G6,electrofuel_use_growth_constraint,3,2045.0,-6.637061785427657e-05,0.0,6.637061785427657e-05,True,0.0001,0.14726417622578253,1e-10,-0.225072931333136,0.022457984271227645,0.03595929430788327,0.6245390712882882,0.0,True,Successive iterates of the objective function are closer than ftol_rel or ftol_abs. GEMSEO stopped the driver.,0.0,21,0.1935839914512525,False,20,1472641762.2578251,-2250729313.33136,,,3.005434456537094,,,,,,,,rate,338317346485.6127,154900000000.0,135962153776.6898,9.50704817467931,0.0,13401663797.368303,28.572810164139284,0.0,40277822151.53645,
opt_B75_3_0,B75,7.5 % biomass,7.5,1.35,3.0,min_surplus_loss,G6,electrofuel_use_growth_constraint,4,2050.0,-0.0003952645017545342,0.0,0.0003952645017545342,False,0.0001,0.0,1e-10,-0.225072931333136,0.022457984271227645,0.03595929430788327,0.6245390712882882,0.0,True,Successive iterates of the objective function are closer than ftol_rel or ftol_abs. GEMSEO stopped the driver.,0.0,21,0.1935839914512525,False,20,0.0,-2250729313.33136,,,3.7453181345368614,,,,,,,,rate,841841819607.2241,154900000000.0,338317346485.6708,0.0,0.0,0.0,0.0,0.0,0.0,
opt_B75_3_2,B75,7.5 % biomass,7.5,1.35,3.2,min_surplus_loss,G1,aviation_carbon_budget_constraint,0,,8.945373454454197e-05,0.0,8.945373454454197e-05,True,0.0001,66.64030574092152,1e-10,-4.675200895466992,0.05204902293854544,0.08254208759689377,0.6305755579230607,0.0,True,Successive iterates of the objective function are closer than ftol_rel or ftol_abs. GEMSEO stopped the driver.,0.0,20,0.45417812887544196,False,19,666403057409.2152,-46752008954.66992,3.2334096710122635,206.09917245673003,,,,,,,,,,,,,,,,,,,
opt_B75_3_2,B75,7.5 % biomass,7.5,1.35,3.2,min_surplus_loss,G2,blend_completeness_constraint,0,2030.0,-0.9164304355589834,0.0,0.9164304355589834,False,0.0001,0.0,1e-10,-4.675200895466992,0.05204902293854544,0.08254208759689377,0.6305755579230607,0.0,True,Successive iterates of the objective function are closer than ftol_rel or ftol_abs. GEMSEO stopped the driver.,0.0,20,0.45417812887544196,False,19,0.0,-46752008954.66992,,,1.552969421732896,,,,,,,,,,,,,,,,,,
opt_B75_3_2,B75,7.5 % biomass,7.5,1.35,3.2,min_surplus_loss,G2,blend_completeness_constraint,1,2035.0,-0.7934975746673284,0.0,0.7934975746673284,False,0.0001,0.0,1e-10,-4.675200895466992,0.05204902293854544,0.08254208759689377,0.6305755579230607,0.0,True,Successive iterates of the objective function are closer than ftol_rel or ftol_abs. GEMSEO stopped the driver.,0.0,20,0.45417812887544196,False,19,0.0,-46752008954.66992,,,1.9352824430911528,,,,,,,,,,,,,,,,,,
opt_B75_3_2,B75,7.5 % biomass,7.5,1.35,3.2,min_surplus_loss,G2,blend_completeness_constraint,2,2040.0,-0.6673973122122199,0.0,0.6673973122122199,False,0.0001,0.0,1e-10,-4.675200895466992,0.05204902293854544,0.08254208759689377,0.6305755579230607,0.0,True,Successive iterates of the objective function are closer than ftol_rel or ftol_abs. GEMSEO stopped the driver.,0.0,20,0.45417812887544196,False,19,0.0,-46752008954.66992,,,2.411714024837406,,,,,,,,,,,,,,,,,,
opt_B75_3_2,B75,7.5 % biomass,7.5,1.35,3.2,min_surplus_loss,G2,blend_completeness_constraint,3,2045.0,-0.6059628745937419,0.0,0.6059628745937419,False,0.0001,0.0,1e-10,-4.675200895466992,0.05204902293854544,0.08254208759689377,0.6305755579230607,0.0,True,Successive iterates of the objective function are closer than ftol_rel or ftol_abs. GEMSEO stopped the driver.,0.0,20,0.45417812887544196,False,19,0.0,-46752008954.66992,,,3.005434456537094,,,,,,,,,,,,,,,,,,
opt_B75_3_2,B75,7.5 % biomass,7.5,1.35,3.2,min_surplus_loss,G2,blend_completeness_constraint,4,2050.0,-0.4546159401155803,0.0,0.4546159401155803,False,0.0001,0.0,1e-10,-4.675200895466992,0.05204902293854544,0.08254208759689377,0.6305755579230607,0.0,True,Successive iterates of the objective function are closer than ftol_rel or ftol_abs. GEMSEO stopped the driver.,0.0,20,0.45417812887544196,False,19,0.0,-46752008954.66992,,,3.7453181345368614,,,,,,,,,,,,,,,,,,
opt_B75_3_2,B75,7.5 % biomass,7.5,1.35,3.2,min_surplus_loss,G3,biomass_trajectory_constraint,0,2030.0,-0.6108451225147619,0.0,0.6108451225147619,False,0.0001,0.0,1e-10,-4.675200895466992,0.05204902293854544,0.08254208759689377,0.6305755579230607,0.0,True,Successive iterates of the objective function are closer than ftol_rel or ftol_abs. GEMSEO stopped the driver.,0.0,20,0.45417812887544196,False,19,0.0,-46752008954.66992,,,1.552969421732896,,837621750000.0,0.83762175,0.0,0.0,0.0,0.0,,,,,,,,,,,
opt_B75_3_2,B75,7.5 % biomass,7.5,1.35,3.2,min_surplus_loss,G3,biomass_trajectory_constraint,1,2035.0,-0.17813480343637267,0.0,0.17813480343637267,False,0.0001,0.0,1e-10,-4.675200895466992,0.05204902293854544,0.08254208759689377,0.6305755579230607,0.0,True,Successive iterates of the objective function are closer than ftol_rel or ftol_abs. GEMSEO stopped the driver.,0.0,20,0.45417812887544196,False,19,0.0,-46752008954.66992,,,1.9352824430911528,,986906625000.0,0.986906625,0.0,0.0,0.0,0.0,,,,,,,,,,,
opt_B75_3_2,B75,7.5 % biomass,7.5,1.35,3.2,min_surplus_loss,G3,biomass_trajectory_constraint,2,2040.0,1.4593700750253902e-06,0.0,1.4593700750253902e-06,True,0.0001,2.128141600516053,1e-10,-4.675200895466992,0.05204902293854544,0.08254208759689377,0.6305755579230607,0.0,True,Successive iterates of the objective function are closer than ftol_rel or ftol_abs. GEMSEO stopped the driver.,0.0,20,0.45417812887544196,False,19,21281416005.16053,-46752008954.66992,,,2.411714024837406,,1136191500000.0,1.1361915,18.73048337816339,18730483378.16339,45.172569455100565,45172569455.10056,,,,,,,,,,,
opt_B75_3_2,B75,7.5 % biomass,7.5,1.35,3.2,min_surplus_loss,G3,biomass_trajectory_constraint,3,2045.0,7.205901629845357e-06,0.0,7.205901629845357e-06,True,0.0001,2.3458599218264347,1e-10,-4.675200895466992,0.05204902293854544,0.08254208759689377,0.6305755579230607,0.0,True,Successive iterates of the objective function are closer than ftol_rel or ftol_abs. GEMSEO stopped the driver.,0.0,20,0.45417812887544196,False,19,23458599218.264347,-46752008954.66992,,,3.005434456537094,,1159426500000.0,1.1594265,20.232933453103193,20232933453.10319,60.808755356778384,60808755356.77838,,,,,,,,,,,
opt_B75_3_2,B75,7.5 % biomass,7.5,1.35,3.2,min_surplus_loss,G3,biomass_trajectory_constraint,4,2050.0,2.829516949873323e-05,0.0,2.829516949873323e-05,True,0.0001,1.5207275878656028,1e-10,-4.675200895466992,0.05204902293854544,0.08254208759689377,0.6305755579230607,0.0,True,Successive iterates of the objective function are closer than ftol_rel or ftol_abs. GEMSEO stopped the driver.,0.0,20,0.45417812887544196,False,19,15207275878.656027,-46752008954.66992,,,3.7453181345368614,,1182661500000.0,1.1826615,12.858519431516141,12858519431.516142,48.15924601015202,48159246010.152016,,,,,,,,,,,
opt_B75_3_2,B75,7.5 % biomass,7.5,1.35,3.2,min_surplus_loss,G4,electricity_trajectory_constraint,0,2030.0,-0.9999999601477595,0.0,0.9999999601477595,False,0.0001,0.0,1e-10,-4.675200895466992,0.05204902293854544,0.08254208759689377,0.6305755579230607,0.0,True,Successive iterates of the objective function are closer than ftol_rel or ftol_abs. GEMSEO stopped the driver.,0.0,20,0.45417812887544196,False,19,0.0,-46752008954.66992,,,1.552969421732896,,1065287574000.0001,1.065287574,0.0,0.0,0.0,0.0,,,,,,,,,,,
opt_B75_3_2,B75,7.5 % biomass,7.5,1.35,3.2,min_surplus_loss,G4,electricity_trajectory_constraint,1,2035.0,-0.9999999684890364,0.0,0.9999999684890364,False,0.0001,0.0,1e-10,-4.675200895466992,0.05204902293854544,0.08254208759689377,0.6305755579230607,0.0,True,Successive iterates of the objective function are closer than ftol_rel or ftol_abs. GEMSEO stopped the driver.,0.0,20,0.45417812887544196,False,19,0.0,-46752008954.66992,,,1.9352824430911528,,1356710238000.0002,1.3567102380000002,0.0,0.0,0.0,0.0,,,,,,,,,,,
opt_B75_3_2,B75,7.5 % biomass,7.5,1.35,3.2,min_surplus_loss,G4,electricity_trajectory_constraint,2,2040.0,-0.8972936822641921,0.0,0.8972936822641921,False,0.0001,0.0,1e-10,-4.675200895466992,0.05204902293854544,0.08254208759689377,0.6305755579230607,0.0,True,Successive iterates of the objective function are closer than ftol_rel or ftol_abs. GEMSEO stopped the driver.,0.0,20,0.45417812887544196,False,19,0.0,-46752008954.66992,,,2.411714024837406,,1648132902000.0002,1.6481329020000002,0.0,0.0,0.0,0.0,,,,,,,,,,,
opt_B75_3_2,B75,7.5 % biomass,7.5,1.35,3.2,min_surplus_loss,G4,electricity_trajectory_constraint,3,2045.0,-0.7779018048680318,0.0,0.7779018048680318,False,0.0001,0.0,1e-10,-4.675200895466992,0.05204902293854544,0.08254208759689377,0.6305755579230607,0.0,True,Successive iterates of the objective function are closer than ftol_rel or ftol_abs. GEMSEO stopped the driver.,0.0,20,0.45417812887544196,False,19,0.0,-46752008954.66992,,,3.005434456537094,,1895265009000.0002,1.8952650090000003,0.0,0.0,0.0,0.0,,,,,,,,,,,
opt_B75_3_2,B75,7.5 % biomass,7.5,1.35,3.2,min_surplus_loss,G4,electricity_trajectory_constraint,4,2050.0,-0.5115595302031322,0.0,0.5115595302031322,False,0.0001,0.0,1e-10,-4.675200895466992,0.05204902293854544,0.08254208759689377,0.6305755579230607,0.0,True,Successive iterates of the objective function are closer than ftol_rel or ftol_abs. GEMSEO stopped the driver.,0.0,20,0.45417812887544196,False,19,0.0,-46752008954.66992,,,3.7453181345368614,,2142397116000.0002,2.142397116,0.0,0.0,0.0,0.0,,,,,,,,,,,
opt_B75_3_2,B75,7.5 % biomass,7.5,1.35,3.2,min_surplus_loss,G5,biofuel_use_growth_constraint,0,2030.0,-1.9701470706907683e-16,0.0,1.9701470706907683e-16,True,0.0001,1.2844184222415893,1e-10,-4.675200895466992,0.05204902293854544,0.08254208759689377,0.6305755579230607,0.0,True,Successive iterates of the objective function are closer than ftol_rel or ftol_abs. GEMSEO stopped the driver.,0.0,20,0.45417812887544196,False,19,12844184222.415894,-46752008954.66992,,,1.552969421732896,,,,,,,,volume,89799803521.1529,154900000000.0,36088527006.63617,82.91920091940538,414596004597.02686,0.0,128.77098350236278,643854917511.8138,0.0,
opt_B75_3_2,B75,7.5 % biomass,7.5,1.35,3.2,min_surplus_loss,G5,biofuel_use_growth_constraint,1,2035.0,-3.9402941413815366e-16,0.0,3.9402941413815366e-16,True,0.0001,0.42107292649235945,1e-10,-4.675200895466992,0.05204902293854544,0.08254208759689377,0.6305755579230607,0.0,True,Successive iterates of the objective function are closer than ftol_rel or ftol_abs. GEMSEO stopped the driver.,0.0,20,0.45417812887544196,False,19,4210729264.9235945,-46752008954.66992,,,1.9352824430911528,,,,,,,,rate,385440767999.9993,154900000000.0,154899999999.99976,27.18353302081081,0.0,43656841018.72775,52.60781419636377,0.0,84488317944.3655,
opt_B75_3_2,B75,7.5 % biomass,7.5,1.35,3.2,min_surplus_loss,G5,biofuel_use_growth_constraint,2,2040.0,-2.706102722538636,0.0,2.706102722538636,False,0.0001,0.0,1e-10,-4.675200895466992,0.05204902293854544,0.08254208759689377,0.6305755579230607,0.0,True,Successive iterates of the objective function are closer than ftol_rel or ftol_abs. GEMSEO stopped the driver.,0.0,20,0.45417812887544196,False,19,0.0,-46752008954.66992,,,2.411714024837406,,,,,,,,rate,959099971829.7721,154900000000.0,385440768000.00494,0.0,0.0,0.0,0.0,0.0,0.0,
opt_B75_3_2,B75,7.5 % biomass,7.5,1.35,3.2,min_surplus_loss,G5,biofuel_use_growth_constraint,3,2045.0,-5.11643705552757,0.0,5.11643705552757,False,0.0001,0.0,1e-10,-4.675200895466992,0.05204902293854544,0.08254208759689377,0.6305755579230607,0.0,True,Successive iterates of the objective function are closer than ftol_rel or ftol_abs. GEMSEO stopped the driver.,0.0,20,0.45417812887544196,False,19,0.0,-46752008954.66992,,,3.005434456537094,,,,,,,,rate,1343503369572.6309,154900000000.0,539923872159.783,0.0,0.0,0.0,0.0,0.0,0.0,
opt_B75_3_2,B75,7.5 % biomass,7.5,1.35,3.2,min_surplus_loss,G5,biofuel_use_growth_constraint,4,2050.0,-5.222499709806113,0.0,5.222499709806113,False,0.0001,0.0,1e-10,-4.675200895466992,0.05204902293854544,0.08254208759689377,0.6305755579230607,0.0,True,Successive iterates of the objective function are closer than ftol_rel or ftol_abs. GEMSEO stopped the driver.,0.0,20,0.45417812887544196,False,19,0.0,-46752008954.66992,,,3.7453181345368614,,,,,,,,rate,1370977876107.9753,154900000000.0,550965260138.5576,0.0,0.0,0.0,0.0,0.0,0.0,
opt_B75_3_2,B75,7.5 % biomass,7.5,1.35,3.2,min_surplus_loss,G6,electrofuel_use_growth_constraint,0,2030.0,-0.9999998803391947,0.0,0.9999998803391947,False,0.0001,0.0,1e-10,-4.675200895466992,0.05204902293854544,0.08254208759689377,0.6305755579230607,0.0,True,Successive iterates of the objective function are closer than ftol_rel or ftol_abs. GEMSEO stopped the driver.,0.0,20,0.45417812887544196,False,19,0.0,-46752008954.66992,,,1.552969421732896,,,,,,,,volume,0.0,154900000000.0,0.0,0.0,0.0,0.0,0.0,0.0,0.0,
opt_B75_3_2,B75,7.5 % biomass,7.5,1.35,3.2,min_surplus_loss,G6,electrofuel_use_growth_constraint,1,2035.0,-0.9999998795016487,0.0,0.9999998795016487,False,0.0001,0.0,1e-10,-4.675200895466992,0.05204902293854544,0.08254208759689377,0.6305755579230607,0.0,True,Successive iterates of the objective function are closer than ftol_rel or ftol_abs. GEMSEO stopped the driver.,0.0,20,0.45417812887544196,False,19,0.0,-46752008954.66992,,,1.9352824430911528,,,,,,,,volume,46122.151850414,154900000000.0,18535.4584018189,0.0,0.0,0.0,0.0,0.0,0.0,
opt_B75_3_2,B75,7.5 % biomass,7.5,1.35,3.2,min_surplus_loss,G6,electrofuel_use_growth_constraint,2,2040.0,-0.5228864994627695,0.0,0.5228864994627695,False,0.0001,0.0,1e-10,-4.675200895466992,0.05204902293854544,0.08254208759689377,0.6305755579230607,0.0,True,Successive iterates of the objective function are closer than ftol_rel or ftol_abs. GEMSEO stopped the driver.,0.0,20,0.45417812887544196,False,19,0.0,-46752008954.66992,,,2.411714024837406,,,,,,,,volume,46444.998329269394,154900000000.0,18665.20316087537,0.0,0.0,0.0,0.0,0.0,0.0,
opt_B75_3_2,B75,7.5 % biomass,7.5,1.35,3.2,min_surplus_loss,G6,electrofuel_use_growth_constraint,3,2045.0,-0.0007669379281635912,0.0,0.0007669379281635912,False,0.0001,0.0,1e-10,-4.675200895466992,0.05204902293854544,0.08254208759689377,0.6305755579230607,0.0,True,Successive iterates of the objective function are closer than ftol_rel or ftol_abs. GEMSEO stopped the driver.,0.0,20,0.45417812887544196,False,19,0.0,-46752008954.66992,,,3.005434456537094,,,,,,,,rate,183890582444.91846,154900000000.0,73901500789.65668,0.0,0.0,0.0,0.0,0.0,0.0,
opt_B75_3_2,B75,7.5 % biomass,7.5,1.35,3.2,min_surplus_loss,G6,electrofuel_use_growth_constraint,4,2050.0,-0.0027829954879415968,0.0,0.0027829954879415968,False,0.0001,0.0,1e-10,-4.675200895466992,0.05204902293854544,0.08254208759689377,0.6305755579230607,0.0,True,Successive iterates of the objective function are closer than ftol_rel or ftol_abs. GEMSEO stopped the driver.,0.0,20,0.45417812887544196,False,19,0.0,-46752008954.66992,,,3.7453181345368614,,,,,,,,rate,457578614109.3691,154900000000.0,183890582444.9304,0.0,0.0,0.0,0.0,0.0,0.0,
opt_B75_3_4,B75,7.5 % biomass,7.5,1.35,3.4,min_surplus_loss,G1,aviation_carbon_budget_constraint,0,,7.883416859662588e-09,0.0,7.883416859662588e-09,True,0.0001,54.031809723150786,1e-10,-8.936096003809796,0.00962358727461648,0.015032269888766924,0.6401952164129145,0.0,True,Successive iterates of the objective function are closer than ftol_rel or ftol_abs. GEMSEO stopped the driver.,0.0,20,0.5970928600935409,False,19,540318097231.5079,-89360960038.09796,3.480998507224318,155.21928438353376,,,,,,,,,,,,,,,,,,,
opt_B75_3_4,B75,7.5 % biomass,7.5,1.35,3.4,min_surplus_loss,G2,blend_completeness_constraint,0,2030.0,-0.9449558529456684,0.0,0.9449558529456684,False,0.0001,0.0,1e-10,-8.936096003809796,0.00962358727461648,0.015032269888766924,0.6401952164129145,0.0,True,Successive iterates of the objective function are closer than ftol_rel or ftol_abs. GEMSEO stopped the driver.,0.0,20,0.5970928600935409,False,19,0.0,-89360960038.09796,,,1.552969421732896,,,,,,,,,,,,,,,,,,
opt_B75_3_4,B75,7.5 % biomass,7.5,1.35,3.4,min_surplus_loss,G2,blend_completeness_constraint,1,2035.0,-0.8649366912635011,0.0,0.8649366912635011,False,0.0001,0.0,1e-10,-8.936096003809796,0.00962358727461648,0.015032269888766924,0.6401952164129145,0.0,True,Successive iterates of the objective function are closer than ftol_rel or ftol_abs. GEMSEO stopped the driver.,0.0,20,0.5970928600935409,False,19,0.0,-89360960038.09796,,,1.9352824430911528,,,,,,,,,,,,,,,,,,
opt_B75_3_4,B75,7.5 % biomass,7.5,1.35,3.4,min_surplus_loss,G2,blend_completeness_constraint,2,2040.0,-0.7126059608481756,0.0,0.7126059608481756,False,0.0001,0.0,1e-10,-8.936096003809796,0.00962358727461648,0.015032269888766924,0.6401952164129145,0.0,True,Successive iterates of the objective function are closer than ftol_rel or ftol_abs. GEMSEO stopped the driver.,0.0,20,0.5970928600935409,False,19,0.0,-89360960038.09796,,,2.411714024837406,,,,,,,,,,,,,,,,,,
opt_B75_3_4,B75,7.5 % biomass,7.5,1.35,3.4,min_surplus_loss,G2,blend_completeness_constraint,3,2045.0,-0.6632503124159208,0.0,0.6632503124159208,False,0.0001,0.0,1e-10,-8.936096003809796,0.00962358727461648,0.015032269888766924,0.6401952164129145,0.0,True,Successive iterates of the objective function are closer than ftol_rel or ftol_abs. GEMSEO stopped the driver.,0.0,20,0.5970928600935409,False,19,0.0,-89360960038.09796,,,3.005434456537094,,,,,,,,,,,,,,,,,,
opt_B75_3_4,B75,7.5 % biomass,7.5,1.35,3.4,min_surplus_loss,G2,blend_completeness_constraint,4,2050.0,-0.5969916810738006,0.0,0.5969916810738006,False,0.0001,0.0,1e-10,-8.936096003809796,0.00962358727461648,0.015032269888766924,0.6401952164129145,0.0,True,Successive iterates of the objective function are closer than ftol_rel or ftol_abs. GEMSEO stopped the driver.,0.0,20,0.5970928600935409,False,19,0.0,-89360960038.09796,,,3.7453181345368614,,,,,,,,,,,,,,,,,,
opt_B75_3_4,B75,7.5 % biomass,7.5,1.35,3.4,min_surplus_loss,G3,biomass_trajectory_constraint,0,2030.0,-0.7422454274297644,0.0,0.7422454274297644,False,0.0001,0.0,1e-10,-8.936096003809796,0.00962358727461648,0.015032269888766924,0.6401952164129145,0.0,True,Successive iterates of the objective function are closer than ftol_rel or ftol_abs. GEMSEO stopped the driver.,0.0,20,0.5970928600935409,False,19,0.0,-89360960038.09796,,,1.552969421732896,,837621750000.0,0.83762175,0.0,0.0,0.0,0.0,,,,,,,,,,,
opt_B75_3_4,B75,7.5 % biomass,7.5,1.35,3.4,min_surplus_loss,G3,biomass_trajectory_constraint,1,2035.0,-0.4556421675512947,0.0,0.4556421675512947,False,0.0001,0.0,1e-10,-8.936096003809796,0.00962358727461648,0.015032269888766924,0.6401952164129145,0.0,True,Successive iterates of the objective function are closer than ftol_rel or ftol_abs. GEMSEO stopped the driver.,0.0,20,0.5970928600935409,False,19,0.0,-89360960038.09796,,,1.9352824430911528,,986906625000.0,0.986906625,0.0,0.0,0.0,0.0,,,,,,,,,,,
opt_B75_3_4,B75,7.5 % biomass,7.5,1.35,3.4,min_surplus_loss,G3,biomass_trajectory_constraint,2,2040.0,-2.5579538487363606e-15,0.0,2.5579538487363606e-15,True,0.0001,0.8747418447296851,1e-10,-8.936096003809796,0.00962358727461648,0.015032269888766924,0.6401952164129145,0.0,True,Successive iterates of the objective function are closer than ftol_rel or ftol_abs. GEMSEO stopped the driver.,0.0,20,0.5970928600935409,False,19,8747418447.29685,-89360960038.09796,,,2.411714024837406,,1136191500000.0,1.1361915,7.698894462154355,7698894462.154355,18.567531750120693,18567531750.120693,,,,,,,,,,,
opt_B75_3_4,B75,7.5 % biomass,7.5,1.35,3.4,min_surplus_loss,G3,biomass_trajectory_constraint,3,2045.0,1.7668646989932313e-09,0.0,1.7668646989932313e-09,True,0.0001,1.338447599150547,1e-10,-8.936096003809796,0.00962358727461648,0.015032269888766924,0.6401952164129145,0.0,True,Successive iterates of the objective function are closer than ftol_rel or ftol_abs. GEMSEO stopped the driver.,0.0,20,0.5970928600935409,False,19,13384475991.505468,-89360960038.09796,,,3.005434456537094,,1159426500000.0,1.1594265,11.544048709862563,11544048709.862564,34.69488176056353,34694881760.56354,,,,,,,,,,,
opt_B75_3_4,B75,7.5 % biomass,7.5,1.35,3.4,min_surplus_loss,G3,biomass_trajectory_constraint,4,2050.0,1.7522111761536508e-10,0.0,1.7522111761536508e-10,True,0.0001,0.9961597761102742,1e-10,-8.936096003809796,0.00962358727461648,0.015032269888766924,0.6401952164129145,0.0,True,Successive iterates of the objective function are closer than ftol_rel or ftol_abs. GEMSEO stopped the driver.,0.0,20,0.5970928600935409,False,19,9961597761.102741,-89360960038.09796,,,3.7453181345368614,,1182661500000.0,1.1826615,8.423033776869156,8423033776.869156,31.54694115232456,31546941152.324562,,,,,,,,,,,
opt_B75_3_4,B75,7.5 % biomass,7.5,1.35,3.4,min_surplus_loss,G4,electricity_trajectory_constraint,0,2030.0,-0.9999999599249874,0.0,0.9999999599249874,False,0.0001,0.0,1e-10,-8.936096003809796,0.00962358727461648,0.015032269888766924,0.6401952164129145,0.0,True,Successive iterates of the objective function are closer than ftol_rel or ftol_abs. GEMSEO stopped the driver.,0.0,20,0.5970928600935409,False,19,0.0,-89360960038.09796,,,1.552969421732896,,1065287574000.0001,1.065287574,0.0,0.0,0.0,0.0,,,,,,,,,,,
opt_B75_3_4,B75,7.5 % biomass,7.5,1.35,3.4,min_surplus_loss,G4,electricity_trajectory_constraint,1,2035.0,-0.999999968089518,0.0,0.999999968089518,False,0.0001,0.0,1e-10,-8.936096003809796,0.00962358727461648,0.015032269888766924,0.6401952164129145,0.0,True,Successive iterates of the objective function are closer than ftol_rel or ftol_abs. GEMSEO stopped the driver.,0.0,20,0.5970928600935409,False,19,0.0,-89360960038.09796,,,1.9352824430911528,,1356710238000.0002,1.3567102380000002,0.0,0.0,0.0,0.0,,,,,,,,,,,
opt_B75_3_4,B75,7.5 % biomass,7.5,1.35,3.4,min_surplus_loss,G4,electricity_trajectory_constraint,2,2040.0,-0.9999999738916846,0.0,0.9999999738916846,False,0.0001,0.0,1e-10,-8.936096003809796,0.00962358727461648,0.015032269888766924,0.6401952164129145,0.0,True,Successive iterates of the objective function are closer than ftol_rel or ftol_abs. GEMSEO stopped the driver.,0.0,20,0.5970928600935409,False,19,0.0,-89360960038.09796,,,2.411714024837406,,1648132902000.0002,1.6481329020000002,0.0,0.0,0.0,0.0,,,,,,,,,,,
opt_B75_3_4,B75,7.5 % biomass,7.5,1.35,3.4,min_surplus_loss,G4,electricity_trajectory_constraint,3,2045.0,-0.8917966644559,0.0,0.8917966644559,False,0.0001,0.0,1e-10,-8.936096003809796,0.00962358727461648,0.015032269888766924,0.6401952164129145,0.0,True,Successive iterates of the objective function are closer than ftol_rel or ftol_abs. GEMSEO stopped the driver.,0.0,20,0.5970928600935409,False,19,0.0,-89360960038.09796,,,3.005434456537094,,1895265009000.0002,1.8952650090000003,0.0,0.0,0.0,0.0,,,,,,,,,,,
opt_B75_3_4,B75,7.5 % biomass,7.5,1.35,3.4,min_surplus_loss,G4,electricity_trajectory_constraint,4,2050.0,-0.7618135101155685,0.0,0.7618135101155685,False,0.0001,0.0,1e-10,-8.936096003809796,0.00962358727461648,0.015032269888766924,0.6401952164129145,0.0,True,Successive iterates of the objective function are closer than ftol_rel or ftol_abs. GEMSEO stopped the driver.,0.0,20,0.5970928600935409,False,19,0.0,-89360960038.09796,,,3.7453181345368614,,2142397116000.0002,2.142397116,0.0,0.0,0.0,0.0,,,,,,,,,,,
opt_B75_3_4,B75,7.5 % biomass,7.5,1.35,3.4,min_surplus_loss,G5,biofuel_use_growth_constraint,0,2030.0,-0.3376555518568858,0.0,0.3376555518568858,False,0.0001,0.0,1e-10,-8.936096003809796,0.00962358727461648,0.015032269888766924,0.6401952164129145,0.0,True,Successive iterates of the objective function are closer than ftol_rel or ftol_abs. GEMSEO stopped the driver.,0.0,20,0.5970928600935409,False,19,0.0,-89360960038.09796,,,1.552969421732896,,,,,,,,volume,89799803521.1529,154900000000.0,36088527006.63617,0.0,0.0,0.0,0.0,0.0,0.0,
opt_B75_3_4,B75,7.5 % biomass,7.5,1.35,3.4,min_surplus_loss,G5,biofuel_use_growth_constraint,1,2035.0,-5.333958408461608e-08,0.0,5.333958408461608e-08,True,0.0001,0.045992647473169126,1e-10,-8.936096003809796,0.00962358727461648,0.015032269888766924,0.6401952164129145,0.0,True,Successive iterates of the objective function are closer than ftol_rel or ftol_abs. GEMSEO stopped the driver.,0.0,20,0.5970928600935409,False,19,459926474.73169124,-89360960038.09796,,,1.9352824430911528,,,,,,,,rate,255457929621.11896,154900000000.0,102662812508.48726,2.969183180966373,0.0,3160422450.314659,5.746208080445763,0.0,6116310080.845081,
opt_B75_3_4,B75,7.5 % biomass,7.5,1.35,3.4,min_surplus_loss,G5,biofuel_use_growth_constraint,2,2040.0,-0.6154334979793581,0.0,0.6154334979793581,False,0.0001,0.0,1e-10,-8.936096003809796,0.00962358727461648,0.015032269888766924,0.6401952164129145,0.0,True,Successive iterates of the objective function are closer than ftol_rel or ftol_abs. GEMSEO stopped the driver.,0.0,20,0.5970928600935409,False,19,0.0,-89360960038.09796,,,2.411714024837406,,,,,,,,rate,635661071889.717,154900000000.0,255457928196.42053,0.0,0.0,0.0,0.0,0.0,0.0,
opt_B75_3_4,B75,7.5 % biomass,7.5,1.35,3.4,min_surplus_loss,G5,biofuel_use_growth_constraint,3,2045.0,-5.116450022337187,0.0,5.116450022337187,False,0.0001,0.0,1e-10,-8.936096003809796,0.00962358727461648,0.015032269888766924,0.6401952164129145,0.0,True,Successive iterates of the objective function are closer than ftol_rel or ftol_abs. GEMSEO stopped the driver.,0.0,20,0.5970928600935409,False,19,0.0,-89360960038.09796,,,3.005434456537094,,,,,,,,rate,1343503369571.709,154900000000.0,539923872159.41254,0.0,0.0,0.0,0.0,0.0,0.0,
opt_B75_3_4,B75,7.5 % biomass,7.5,1.35,3.4,min_surplus_loss,G5,biofuel_use_growth_constraint,4,2050.0,-5.2225386075779765,0.0,5.2225386075779765,False,0.0001,0.0,1e-10,-8.936096003809796,0.00962358727461648,0.015032269888766924,0.6401952164129145,0.0,True,Successive iterates of the objective function are closer than ftol_rel or ftol_abs. GEMSEO stopped the driver.,0.0,20,0.5970928600935409,False,19,0.0,-89360960038.09796,,,3.7453181345368614,,,,,,,,rate,1370977876148.105,154900000000.0,550965260154.6848,0.0,0.0,0.0,0.0,0.0,0.0,
opt_B75_3_4,B75,7.5 % biomass,7.5,1.35,3.4,min_surplus_loss,G6,electrofuel_use_growth_constraint,0,2030.0,-0.9999998796702965,0.0,0.9999998796702965,False,0.0001,0.0,1e-10,-8.936096003809796,0.00962358727461648,0.015032269888766924,0.6401952164129145,0.0,True,Successive iterates of the objective function are closer than ftol_rel or ftol_abs. GEMSEO stopped the driver.,0.0,20,0.5970928600935409,False,19,0.0,-89360960038.09796,,,1.552969421732896,,,,,,,,volume,0.0,154900000000.0,0.0,0.0,0.0,0.0,0.0,0.0,0.0,
opt_B75_3_4,B75,7.5 % biomass,7.5,1.35,3.4,min_surplus_loss,G6,electrofuel_use_growth_constraint,1,2035.0,-0.999999877973885,0.0,0.999999877973885,False,0.0001,0.0,1e-10,-8.936096003809796,0.00962358727461648,0.015032269888766924,0.6401952164129145,0.0,True,Successive iterates of the objective function are closer than ftol_rel or ftol_abs. GEMSEO stopped the driver.,0.0,20,0.5970928600935409,False,19,0.0,-89360960038.09796,,,1.9352824430911528,,,,,,,,volume,46379.64796852279,154900000000.0,18638.940316568125,0.0,0.0,0.0,0.0,0.0,0.0,
opt_B75_3_4,B75,7.5 % biomass,7.5,1.35,3.4,min_surplus_loss,G6,electrofuel_use_growth_constraint,2,2040.0,-0.9999998787160315,0.0,0.9999998787160315,False,0.0001,0.0,1e-10,-8.936096003809796,0.00962358727461648,0.015032269888766924,0.6401952164129145,0.0,True,Successive iterates of the objective function are closer than ftol_rel or ftol_abs. GEMSEO stopped the driver.,0.0,20,0.5970928600935409,False,19,0.0,-89360960038.09796,,,2.411714024837406,,,,,,,,volume,47033.096699592366,154900000000.0,18901.546706047604,0.0,0.0,0.0,0.0,0.0,0.0,
opt_B75_3_4,B75,7.5 % biomass,7.5,1.35,3.4,min_surplus_loss,G6,electrofuel_use_growth_constraint,3,2045.0,-0.4219799400864969,0.0,0.4219799400864969,False,0.0001,0.0,1e-10,-8.936096003809796,0.00962358727461648,0.015032269888766924,0.6401952164129145,0.0,True,Successive iterates of the objective function are closer than ftol_rel or ftol_abs. GEMSEO stopped the driver.,0.0,20,0.5970928600935409,False,19,0.0,-89360960038.09796,,,3.005434456537094,,,,,,,,volume,46747.78294930925,154900000000.0,18786.885508820917,0.0,0.0,0.0,0.0,0.0,0.0,
opt_B75_3_4,B75,7.5 % biomass,7.5,1.35,3.4,min_surplus_loss,G6,electrofuel_use_growth_constraint,4,2050.0,9.131792324354296e-07,0.0,9.131792324354296e-07,True,0.0001,0.08839846688891273,1e-10,-8.936096003809796,0.00962358727461648,0.015032269888766924,0.6401952164129145,0.0,True,Successive iterates of the objective function are closer than ftol_rel or ftol_abs. GEMSEO stopped the driver.,0.0,20,0.5970928600935409,False,19,883984668.8891273,-89360960038.09796,,,3.7453181345368614,,,,,,,,rate,222619372691.04083,154900000000.0,89465732980.90314,5.706808708128646,0.0,5293525727.797369,21.373814144887096,0.0,19825937903.956924,
opt_B75_3_6,B75,7.5 % biomass,7.5,1.35,3.6,min_surplus_loss,G1,aviation_carbon_budget_constraint,0,,1.0451224699797713e-09,0.0,1.0451224699797713e-09,True,0.0001,48.11378075653173,1e-10,-12.518948908274742,0.013255854336683822,0.020412538402010457,0.6493976435276779,0.0,True,Successive iterates of the objective function are closer than ftol_rel or ftol_abs. GEMSEO stopped the driver.,0.0,25,0.6656580430219038,False,24,481137807565.3173,-125189489082.74742,3.7285873434363737,129.040240511541,,,,,,,,,,,,,,,,,,,
opt_B75_3_6,B75,7.5 % biomass,7.5,1.35,3.6,min_surplus_loss,G2,blend_completeness_constraint,0,2030.0,-0.979999989999994,0.0,0.979999989999994,False,0.0001,0.0,1e-10,-12.518948908274742,0.013255854336683822,0.020412538402010457,0.6493976435276779,0.0,True,Successive iterates of the objective function are closer than ftol_rel or ftol_abs. GEMSEO stopped the driver.,0.0,25,0.6656580430219038,False,24,0.0,-125189489082.74742,,,1.552969421732896,,,,,,,,,,,,,,,,,,
opt_B75_3_6,B75,7.5 % biomass,7.5,1.35,3.6,min_surplus_loss,G2,blend_completeness_constraint,1,2035.0,-0.9278186268748938,0.0,0.9278186268748938,False,0.0001,0.0,1e-10,-12.518948908274742,0.013255854336683822,0.020412538402010457,0.6493976435276779,0.0,True,Successive iterates of the objective function are closer than ftol_rel or ftol_abs. GEMSEO stopped the driver.,0.0,25,0.6656580430219038,False,24,0.0,-125189489082.74742,,,1.9352824430911528,,,,,,,,,,,,,,,,,,
opt_B75_3_6,B75,7.5 % biomass,7.5,1.35,3.6,min_surplus_loss,G2,blend_completeness_constraint,2,2040.0,-0.8203566484952265,0.0,0.8203566484952265,False,0.0001,0.0,1e-10,-12.518948908274742,0.013255854336683822,0.020412538402010457,0.6493976435276779,0.0,True,Successive iterates of the objective function are closer than ftol_rel or ftol_abs. GEMSEO stopped the driver.,0.0,25,0.6656580430219038,False,24,0.0,-125189489082.74742,,,2.411714024837406,,,,,,,,,,,,,,,,,,
opt_B75_3_6,B75,7.5 % biomass,7.5,1.35,3.6,min_surplus_loss,G2,blend_completeness_constraint,3,2045.0,-0.7156579435536963,0.0,0.7156579435536963,False,0.0001,0.0,1e-10,-12.518948908274742,0.013255854336683822,0.020412538402010457,0.6493976435276779,0.0,True,Successive iterates of the objective function are closer than ftol_rel or ftol_abs. GEMSEO stopped the driver.,0.0,25,0.6656580430219038,False,24,0.0,-125189489082.74742,,,3.005434456537094,,,,,,,,,,,,,,,,,,
opt_B75_3_6,B75,7.5 % biomass,7.5,1.35,3.6,min_surplus_loss,G2,blend_completeness_constraint,4,2050.0,-0.6649225395663751,0.0,0.6649225395663751,False,0.0001,0.0,1e-10,-12.518948908274742,0.013255854336683822,0.020412538402010457,0.6493976435276779,0.0,True,Successive iterates of the objective function are closer than ftol_rel or ftol_abs. GEMSEO stopped the driver.,0.0,25,0.6656580430219038,False,24,0.0,-125189489082.74742,,,3.7453181345368614,,,,,,,,,,,,,,,,,,
opt_B75_3_6,B75,7.5 % biomass,7.5,1.35,3.6,min_surplus_loss,G3,biomass_trajectory_constraint,0,2030.0,-0.9056975419328249,0.0,0.9056975419328249,False,0.0001,0.0,1e-10,-12.518948908274742,0.013255854336683822,0.020412538402010457,0.6493976435276779,0.0,True,Successive iterates of the objective function are closer than ftol_rel or ftol_abs. GEMSEO stopped the driver.,0.0,25,0.6656580430219038,False,24,0.0,-125189489082.74742,,,1.552969421732896,,837621750000.0,0.83762175,0.0,0.0,0.0,0.0,,,,,,,,,,,
opt_B75_3_6,B75,7.5 % biomass,7.5,1.35,3.6,min_surplus_loss,G3,biomass_trajectory_constraint,1,2035.0,-0.705787026657833,0.0,0.705787026657833,False,0.0001,0.0,1e-10,-12.518948908274742,0.013255854336683822,0.020412538402010457,0.6493976435276779,0.0,True,Successive iterates of the objective function are closer than ftol_rel or ftol_abs. GEMSEO stopped the driver.,0.0,25,0.6656580430219038,False,24,0.0,-125189489082.74742,,,1.9352824430911528,,986906625000.0,0.986906625,0.0,0.0,0.0,0.0,,,,,,,,,,,
opt_B75_3_6,B75,7.5 % biomass,7.5,1.35,3.6,min_surplus_loss,G3,biomass_trajectory_constraint,2,2040.0,-0.3640945079187491,0.0,0.3640945079187491,False,0.0001,0.0,1e-10,-12.518948908274742,0.013255854336683822,0.020412538402010457,0.6493976435276779,0.0,True,Successive iterates of the objective function are closer than ftol_rel or ftol_abs. GEMSEO stopped the driver.,0.0,25,0.6656580430219038,False,24,0.0,-125189489082.74742,,,2.411714024837406,,1136191500000.0,1.1361915,0.0,0.0,0.0,0.0,,,,,,,,,,,
opt_B75_3_6,B75,7.5 % biomass,7.5,1.35,3.6,min_surplus_loss,G3,biomass_trajectory_constraint,3,2045.0,-1.1937117960769683e-14,0.0,1.1937117960769683e-14,True,0.0001,0.7750431257672736,1e-10,-12.518948908274742,0.013255854336683822,0.020412538402010457,0.6493976435276779,0.0,True,Successive iterates of the objective function are closer than ftol_rel or ftol_abs. GEMSEO stopped the driver.,0.0,25,0.6656580430219038,False,24,7750431257.672736,-125189489082.74742,,,3.005434456537094,,1159426500000.0,1.1594265,6.684711154758612,6684711154.758613,20.0904612365094,20090461236.509403,,,,,,,,,,,
opt_B75_3_6,B75,7.5 % biomass,7.5,1.35,3.6,min_surplus_loss,G3,biomass_trajectory_constraint,4,2050.0,2.6424402221891797e-10,0.0,2.6424402221891797e-10,True,0.0001,0.6702435489786293,1e-10,-12.518948908274742,0.013255854336683822,0.020412538402010457,0.6493976435276779,0.0,True,Successive iterates of the objective function are closer than ftol_rel or ftol_abs. GEMSEO stopped the driver.,0.0,25,0.6656580430219038,False,24,6702435489.786292,-125189489082.74742,,,3.7453181345368614,,1182661500000.0,1.1826615,5.6672475512108,5667247551.2108,21.22564502645943,21225645026.45943,,,,,,,,,,,
opt_B75_3_6,B75,7.5 % biomass,7.5,1.35,3.6,min_surplus_loss,G4,electricity_trajectory_constraint,0,2030.0,-0.9999999596474115,0.0,0.9999999596474115,False,0.0001,0.0,1e-10,-12.518948908274742,0.013255854336683822,0.020412538402010457,0.6493976435276779,0.0,True,Successive iterates of the objective function are closer than ftol_rel or ftol_abs. GEMSEO stopped the driver.,0.0,25,0.6656580430219038,False,24,0.0,-125189489082.74742,,,1.552969421732896,,1065287574000.0001,1.065287574,0.0,0.0,0.0,0.0,,,,,,,,,,,
opt_B75_3_6,B75,7.5 % biomass,7.5,1.35,3.6,min_surplus_loss,G4,electricity_trajectory_constraint,1,2035.0,-0.9999999677282126,0.0,0.9999999677282126,False,0.0001,0.0,1e-10,-12.518948908274742,0.013255854336683822,0.020412538402010457,0.6493976435276779,0.0,True,Successive iterates of the objective function are closer than ftol_rel or ftol_abs. GEMSEO stopped the driver.,0.0,25,0.6656580430219038,False,24,0.0,-125189489082.74742,,,1.9352824430911528,,1356710238000.0002,1.3567102380000002,0.0,0.0,0.0,0.0,,,,,,,,,,,
opt_B75_3_6,B75,7.5 % biomass,7.5,1.35,3.6,min_surplus_loss,G4,electricity_trajectory_constraint,2,2040.0,-0.9999999734393888,0.0,0.9999999734393888,False,0.0001,0.0,1e-10,-12.518948908274742,0.013255854336683822,0.020412538402010457,0.6493976435276779,0.0,True,Successive iterates of the objective function are closer than ftol_rel or ftol_abs. GEMSEO stopped the driver.,0.0,25,0.6656580430219038,False,24,0.0,-125189489082.74742,,,2.411714024837406,,1648132902000.0002,1.6481329020000002,0.0,0.0,0.0,0.0,,,,,,,,,,,
opt_B75_3_6,B75,7.5 % biomass,7.5,1.35,3.6,min_surplus_loss,G4,electricity_trajectory_constraint,3,2045.0,-0.9999999765830916,0.0,0.9999999765830916,False,0.0001,0.0,1e-10,-12.518948908274742,0.013255854336683822,0.020412538402010457,0.6493976435276779,0.0,True,Successive iterates of the objective function are closer than ftol_rel or ftol_abs. GEMSEO stopped the driver.,0.0,25,0.6656580430219038,False,24,0.0,-125189489082.74742,,,3.005434456537094,,1895265009000.0002,1.8952650090000003,0.0,0.0,0.0,0.0,,,,,,,,,,,
opt_B75_3_6,B75,7.5 % biomass,7.5,1.35,3.6,min_surplus_loss,G4,electricity_trajectory_constraint,4,2050.0,-0.8887181173868836,0.0,0.8887181173868836,False,0.0001,0.0,1e-10,-12.518948908274742,0.013255854336683822,0.020412538402010457,0.6493976435276779,0.0,True,Successive iterates of the objective function are closer than ftol_rel or ftol_abs. GEMSEO stopped the driver.,0.0,25,0.6656580430219038,False,24,0.0,-125189489082.74742,,,3.7453181345368614,,2142397116000.0002,2.142397116,0.0,0.0,0.0,0.0,,,,,,,,,,,
opt_B75_3_6,B75,7.5 % biomass,7.5,1.35,3.6,min_surplus_loss,G5,biofuel_use_growth_constraint,0,2030.0,-0.757673709047169,0.0,0.757673709047169,False,0.0001,0.0,1e-10,-12.518948908274742,0.013255854336683822,0.020412538402010457,0.6493976435276779,0.0,True,Successive iterates of the objective function are closer than ftol_rel or ftol_abs. GEMSEO stopped the driver.,0.0,25,0.6656580430219038,False,24,0.0,-125189489082.74742,,,1.552969421732896,,,,,,,,volume,89799803521.1529,154900000000.0,36088527006.63617,0.0,0.0,0.0,0.0,0.0,0.0,
opt_B75_3_6,B75,7.5 % biomass,7.5,1.35,3.6,min_surplus_loss,G5,biofuel_use_growth_constraint,1,2035.0,-0.10922614938896776,0.0,0.10922614938896776,False,0.0001,0.0,1e-10,-12.518948908274742,0.013255854336683822,0.020412538402010457,0.6493976435276779,0.0,True,Successive iterates of the objective function are closer than ftol_rel or ftol_abs. GEMSEO stopped the driver.,0.0,25,0.6656580430219038,False,24,0.0,-125189489082.74742,,,1.9352824430911528,,,,,,,,volume,93402431691.44266,154900000000.0,37536342468.590324,0.0,0.0,0.0,0.0,0.0,0.0,
opt_B75_3_6,B75,7.5 % biomass,7.5,1.35,3.6,min_surplus_loss,G5,biofuel_use_growth_constraint,2,2040.0,-9.569602458995724e-09,0.0,9.569602458995724e-09,True,0.0001,0.03456009969629214,1e-10,-12.518948908274742,0.013255854336683822,0.020412538402010457,0.6493976435276779,0.0,True,Successive iterates of the objective function are closer than ftol_rel or ftol_abs. GEMSEO stopped the driver.,0.0,25,0.6656580430219038,False,24,345600996.9629214,-125189489082.74742,,,2.411714024837406,,,,,,,,rate,344089557632.1768,154900000000.0,138281875977.43735,2.2311232857515906,0.0,3198775935.071307,5.380831319388426,0.0,7714532784.923859,
opt_B75_3_6,B75,7.5 % biomass,7.5,1.35,3.6,min_surplus_loss,G5,biofuel_use_growth_constraint,3,2045.0,-1.9585275093709817,0.0,1.9585275093709817,False,0.0001,0.0,1e-10,-12.518948908274742,0.013255854336683822,0.020412538402010457,0.6493976435276779,0.0,True,Successive iterates of the objective function are closer than ftol_rel or ftol_abs. GEMSEO stopped the driver.,0.0,25,0.6656580430219038,False,24,0.0,-125189489082.74742,,,3.005434456537094,,,,,,,,rate,856204860837.8184,154900000000.0,344089530622.19434,0.0,0.0,0.0,0.0,0.0,0.0,
opt_B75_3_6,B75,7.5 % biomass,7.5,1.35,3.6,min_surplus_loss,G5,biofuel_use_growth_constraint,4,2050.0,-5.2225385916114515,0.0,5.2225385916114515,False,0.0001,0.0,1e-10,-12.518948908274742,0.013255854336683822,0.020412538402010457,0.6493976435276779,0.0,True,Successive iterates of the objective function are closer than ftol_rel or ftol_abs. GEMSEO stopped the driver.,0.0,25,0.6656580430219038,False,24,0.0,-125189489082.74742,,,3.7453181345368614,,,,,,,,rate,1370977876105.7168,154900000000.0,550965260137.6499,0.0,0.0,0.0,0.0,0.0,0.0,
opt_B75_3_6,B75,7.5 % biomass,7.5,1.35,3.6,min_surplus_loss,G6,electrofuel_use_growth_constraint,0,2030.0,-0.9999998788368439,0.0,0.9999998788368439,False,0.0001,0.0,1e-10,-12.518948908274742,0.013255854336683822,0.020412538402010457,0.6493976435276779,0.0,True,Successive iterates of the objective function are closer than ftol_rel or ftol_abs. GEMSEO stopped the driver.,0.0,25,0.6656580430219038,False,24,0.0,-125189489082.74742,,,1.552969421732896,,,,,,,,volume,0.0,154900000000.0,0.0,0.0,0.0,0.0,0.0,0.0,0.0,
opt_B75_3_6,B75,7.5 % biomass,7.5,1.35,3.6,min_surplus_loss,G6,electrofuel_use_growth_constraint,1,2035.0,-0.9999998765922484,0.0,0.9999998765922484,False,0.0001,0.0,1e-10,-12.518948908274742,0.013255854336683822,0.020412538402010457,0.6493976435276779,0.0,True,Successive iterates of the objective function are closer than ftol_rel or ftol_abs. GEMSEO stopped the driver.,0.0,25,0.6656580430219038,False,24,0.0,-125189489082.74742,,,1.9352824430911528,,,,,,,,volume,46701.21866061889,154900000000.0,18768.17236553936,0.0,0.0,0.0,0.0,0.0,0.0,
opt_B75_3_6,B75,7.5 % biomass,7.5,1.35,3.6,min_surplus_loss,G6,electrofuel_use_growth_constraint,2,2040.0,-0.9999998766149305,0.0,0.9999998766149305,False,0.0001,0.0,1e-10,-12.518948908274742,0.013255854336683822,0.020412538402010457,0.6493976435276779,0.0,True,Successive iterates of the objective function are closer than ftol_rel or ftol_abs. GEMSEO stopped the driver.,0.0,25,0.6656580430219038,False,24,0.0,-125189489082.74742,,,2.411714024837406,,,,,,,,volume,47565.00883132958,154900000000.0,19115.310262076255,0.0,0.0,0.0,0.0,0.0,0.0,
opt_B75_3_6,B75,7.5 % biomass,7.5,1.35,3.6,min_surplus_loss,G6,electrofuel_use_growth_constraint,3,2045.0,-0.999999874907342,0.0,0.999999874907342,False,0.0001,0.0,1e-10,-12.518948908274742,0.013255854336683822,0.020412538402010457,0.6493976435276779,0.0,True,Successive iterates of the objective function are closer than ftol_rel or ftol_abs. GEMSEO stopped the driver.,0.0,25,0.6656580430219038,False,24,0.0,-125189489082.74742,,,3.005434456537094,,,,,,,,volume,47554.541649987565,154900000000.0,19111.103736652673,0.0,0.0,0.0,0.0,0.0,0.0,
opt_B75_3_6,B75,7.5 % biomass,7.5,1.35,3.6,min_surplus_loss,G6,electrofuel_use_growth_constraint,4,2050.0,-0.32801936700098777,0.0,0.32801936700098777,False,0.0001,0.0,1e-10,-12.518948908274742,0.013255854336683822,0.020412538402010457,0.6493976435276779,0.0,True,Successive iterates of the objective function are closer than ftol_rel or ftol_abs. GEMSEO stopped the driver.,0.0,25,0.6656580430219038,False,24,0.0,-125189489082.74742,,,3.7453181345368614,,,,,,,,volume,48215.80502174858,154900000000.0,19376.850654959406,0.0,0.0,0.0,0.0,0.0,0.0,
opt_B75_3_8,B75,7.5 % biomass,7.5,1.35,3.8,min_surplus_loss,G1,aviation_carbon_budget_constraint,0,,1.707023142061147e-07,0.0,1.707023142061147e-07,True,0.0001,39.50987231861977,1e-10,-15.382369736957306,1.6478959984131287e-16,2.511822749208595e-16,0.6560558458722195,0.0,True,Successive iterates of the objective function are closer than ftol_rel or ftol_abs. GEMSEO stopped the driver.,0.0,39,0.7222782716227566,False,38,395098723186.1977,-153823697369.57306,3.9761761796484274,99.36650322701048,,,,,,,,,,,,,,,,,,,
opt_B75_3_8,B75,7.5 % biomass,7.5,1.35,3.8,min_surplus_loss,G2,blend_completeness_constraint,0,2030.0,-0.9799999899999646,0.0,0.9799999899999646,False,0.0001,0.0,1e-10,-15.382369736957306,1.6478959984131287e-16,2.511822749208595e-16,0.6560558458722195,0.0,True,Successive iterates of the objective function are closer than ftol_rel or ftol_abs. GEMSEO stopped the driver.,0.0,39,0.7222782716227566,False,38,0.0,-153823697369.57306,,,1.552969421732896,,,,,,,,,,,,,,,,,,
opt_B75_3_8,B75,7.5 % biomass,7.5,1.35,3.8,min_surplus_loss,G2,blend_completeness_constraint,1,2035.0,-0.979999989999499,0.0,0.979999989999499,False,0.0001,0.0,1e-10,-15.382369736957306,1.6478959984131287e-16,2.511822749208595e-16,0.6560558458722195,0.0,True,Successive iterates of the objective function are closer than ftol_rel or ftol_abs. GEMSEO stopped the driver.,0.0,39,0.7222782716227566,False,38,0.0,-153823697369.57306,,,1.9352824430911528,,,,,,,,,,,,,,,,,,
opt_B75_3_8,B75,7.5 % biomass,7.5,1.35,3.8,min_surplus_loss,G2,blend_completeness_constraint,2,2040.0,-0.9297043237405258,0.0,0.9297043237405258,False,0.0001,0.0,1e-10,-15.382369736957306,1.6478959984131287e-16,2.511822749208595e-16,0.6560558458722195,0.0,True,Successive iterates of the objective function are closer than ftol_rel or ftol_abs. GEMSEO stopped the driver.,0.0,39,0.7222782716227566,False,38,0.0,-153823697369.57306,,,2.411714024837406,,,,,,,,,,,,,,,,,,
opt_B75_3_8,B75,7.5 % biomass,7.5,1.35,3.8,min_surplus_loss,G2,blend_completeness_constraint,3,2045.0,-0.8272384686655792,0.0,0.8272384686655792,False,0.0001,0.0,1e-10,-15.382369736957306,1.6478959984131287e-16,2.511822749208595e-16,0.6560558458722195,0.0,True,Successive iterates of the objective function are closer than ftol_rel or ftol_abs. GEMSEO stopped the driver.,0.0,39,0.7222782716227566,False,38,0.0,-153823697369.57306,,,3.005434456537094,,,,,,,,,,,,,,,,,,
opt_B75_3_8,B75,7.5 % biomass,7.5,1.35,3.8,min_surplus_loss,G2,blend_completeness_constraint,4,2050.0,-0.7222782715310003,0.0,0.7222782715310003,False,0.0001,0.0,1e-10,-15.382369736957306,1.6478959984131287e-16,2.511822749208595e-16,0.6560558458722195,0.0,True,Successive iterates of the objective function are closer than ftol_rel or ftol_abs. GEMSEO stopped the driver.,0.0,39,0.7222782716227566,False,38,0.0,-153823697369.57306,,,3.7453181345368614,,,,,,,,,,,,,,,,,,
opt_B75_3_8,B75,7.5 % biomass,7.5,1.35,3.8,min_surplus_loss,G3,biomass_trajectory_constraint,0,2030.0,-0.9056975419327081,0.0,0.9056975419327081,False,0.0001,0.0,1e-10,-15.382369736957306,1.6478959984131287e-16,2.511822749208595e-16,0.6560558458722195,0.0,True,Successive iterates of the objective function are closer than ftol_rel or ftol_abs. GEMSEO stopped the driver.,0.0,39,0.7222782716227566,False,38,0.0,-153823697369.57306,,,1.552969421732896,,837621750000.0,0.83762175,0.0,0.0,0.0,0.0,,,,,,,,,,,
opt_B75_3_8,B75,7.5 % biomass,7.5,1.35,3.8,min_surplus_loss,G3,biomass_trajectory_constraint,1,2035.0,-0.9177042344716715,0.0,0.9177042344716715,False,0.0001,0.0,1e-10,-15.382369736957306,1.6478959984131287e-16,2.511822749208595e-16,0.6560558458722195,0.0,True,Successive iterates of the objective function are closer than ftol_rel or ftol_abs. GEMSEO stopped the driver.,0.0,39,0.7222782716227566,False,38,0.0,-153823697369.57306,,,1.9352824430911528,,986906625000.0,0.986906625,0.0,0.0,0.0,0.0,,,,,,,,,,,
opt_B75_3_8,B75,7.5 % biomass,7.5,1.35,3.8,min_surplus_loss,G3,biomass_trajectory_constraint,2,2040.0,-0.7466921571663414,0.0,0.7466921571663414,False,0.0001,0.0,1e-10,-15.382369736957306,1.6478959984131287e-16,2.511822749208595e-16,0.6560558458722195,0.0,True,Successive iterates of the objective function are closer than ftol_rel or ftol_abs. GEMSEO stopped the driver.,0.0,39,0.7222782716227566,False,38,0.0,-153823697369.57306,,,2.411714024837406,,1136191500000.0,1.1361915,0.0,0.0,0.0,0.0,,,,,,,,,,,
opt_B75_3_8,B75,7.5 % biomass,7.5,1.35,3.8,min_surplus_loss,G3,biomass_trajectory_constraint,3,2045.0,-0.38232121817231246,0.0,0.38232121817231246,False,0.0001,0.0,1e-10,-15.382369736957306,1.6478959984131287e-16,2.511822749208595e-16,0.6560558458722195,0.0,True,Successive iterates of the objective function are closer than ftol_rel or ftol_abs. GEMSEO stopped the driver.,0.0,39,0.7222782716227566,False,38,0.0,-153823697369.57306,,,3.005434456537094,,1159426500000.0,1.1594265,0.0,0.0,0.0,0.0,,,,,,,,,,,
opt_B75_3_8,B75,7.5 % biomass,7.5,1.35,3.8,min_surplus_loss,G3,biomass_trajectory_constraint,4,2050.0,-1.4902639122738038e-11,0.0,1.4902639122738038e-11,True,0.0001,0.2519152070281916,1e-10,-15.382369736957306,1.6478959984131287e-16,2.511822749208595e-16,0.6560558458722195,0.0,True,Successive iterates of the objective function are closer than ftol_rel or ftol_abs. GEMSEO stopped the driver.,0.0,39,0.7222782716227566,False,38,2519152070.2819157,-153823697369.57306,,,3.7453181345368614,,1182661500000.0,1.1826615,2.1300702443445703,2130070244.3445702,7.977790713981082,7977790713.981082,,,,,,,,,,,
opt_B75_3_8,B75,7.5 % biomass,7.5,1.35,3.8,min_surplus_loss,G4,electricity_trajectory_constraint,0,2030.0,-0.9999999596474147,0.0,0.9999999596474147,False,0.0001,0.0,1e-10,-15.382369736957306,1.6478959984131287e-16,2.511822749208595e-16,0.6560558458722195,0.0,True,Successive iterates of the objective function are closer than ftol_rel or ftol_abs. GEMSEO stopped the driver.,0.0,39,0.7222782716227566,False,38,0.0,-153823697369.57306,,,1.552969421732896,,1065287574000.0001,1.065287574,0.0,0.0,0.0,0.0,,,,,,,,,,,
opt_B75_3_8,B75,7.5 % biomass,7.5,1.35,3.8,min_surplus_loss,G4,electricity_trajectory_constraint,1,2035.0,-0.9999999674211821,0.0,0.9999999674211821,False,0.0001,0.0,1e-10,-15.382369736957306,1.6478959984131287e-16,2.511822749208595e-16,0.6560558458722195,0.0,True,Successive iterates of the objective function are closer than ftol_rel or ftol_abs. GEMSEO stopped the driver.,0.0,39,0.7222782716227566,False,38,0.0,-153823697369.57306,,,1.9352824430911528,,1356710238000.0002,1.3567102380000002,0.0,0.0,0.0,0.0,,,,,,,,,,,
opt_B75_3_8,B75,7.5 % biomass,7.5,1.35,3.8,min_surplus_loss,G4,electricity_trajectory_constraint,2,2040.0,-0.999999972961628,0.0,0.999999972961628,False,0.0001,0.0,1e-10,-15.382369736957306,1.6478959984131287e-16,2.511822749208595e-16,0.6560558458722195,0.0,True,Successive iterates of the objective function are closer than ftol_rel or ftol_abs. GEMSEO stopped the driver.,0.0,39,0.7222782716227566,False,38,0.0,-153823697369.57306,,,2.411714024837406,,1648132902000.0002,1.6481329020000002,0.0,0.0,0.0,0.0,,,,,,,,,,,
opt_B75_3_8,B75,7.5 % biomass,7.5,1.35,3.8,min_surplus_loss,G4,electricity_trajectory_constraint,3,2045.0,-0.9999999761933926,0.0,0.9999999761933926,False,0.0001,0.0,1e-10,-15.382369736957306,1.6478959984131287e-16,2.511822749208595e-16,0.6560558458722195,0.0,True,Successive iterates of the objective function are closer than ftol_rel or ftol_abs. GEMSEO stopped the driver.,0.0,39,0.7222782716227566,False,38,0.0,-153823697369.57306,,,3.005434456537094,,1895265009000.0002,1.8952650090000003,0.0,0.0,0.0,0.0,,,,,,,,,,,
opt_B75_3_8,B75,7.5 % biomass,7.5,1.35,3.8,min_surplus_loss,G4,electricity_trajectory_constraint,4,2050.0,-0.9999999783645197,0.0,0.9999999783645197,False,0.0001,0.0,1e-10,-15.382369736957306,1.6478959984131287e-16,2.511822749208595e-16,0.6560558458722195,0.0,True,Successive iterates of the objective function are closer than ftol_rel or ftol_abs. GEMSEO stopped the driver.,0.0,39,0.7222782716227566,False,38,0.0,-153823697369.57306,,,3.7453181345368614,,2142397116000.0002,2.142397116,0.0,0.0,0.0,0.0,,,,,,,,,,,
opt_B75_3_8,B75,7.5 % biomass,7.5,1.35,3.8,min_surplus_loss,G5,biofuel_use_growth_constraint,0,2030.0,-0.7576737090467978,0.0,0.7576737090467978,False,0.0001,0.0,1e-10,-15.382369736957306,1.6478959984131287e-16,2.511822749208595e-16,0.6560558458722195,0.0,True,Successive iterates of the objective function are closer than ftol_rel or ftol_abs. GEMSEO stopped the driver.,0.0,39,0.7222782716227566,False,38,0.0,-153823697369.57306,,,1.552969421732896,,,,,,,,volume,89799803521.15388,154900000000.0,36088527006.636566,0.0,0.0,0.0,0.0,0.0,0.0,
opt_B75_3_8,B75,7.5 % biomass,7.5,1.35,3.8,min_surplus_loss,G5,biofuel_use_growth_constraint,1,2035.0,-0.7508372417573049,0.0,0.7508372417573049,False,0.0001,0.0,1e-10,-15.382369736957306,1.6478959984131287e-16,2.511822749208595e-16,0.6560558458722195,0.0,True,Successive iterates of the objective function are closer than ftol_rel or ftol_abs. GEMSEO stopped the driver.,0.0,39,0.7222782716227566,False,38,0.0,-153823697369.57306,,,1.9352824430911528,,,,,,,,volume,93402431693.16502,154900000000.0,37536342469.28251,0.0,0.0,0.0,0.0,0.0,0.0,
opt_B75_3_8,B75,7.5 % biomass,7.5,1.35,3.8,min_surplus_loss,G5,biofuel_use_growth_constraint,2,2040.0,-0.11706293511287967,0.0,0.11706293511287967,False,0.0001,0.0,1e-10,-15.382369736957306,1.6478959984131287e-16,2.511822749208595e-16,0.6560558458722195,0.0,True,Successive iterates of the objective function are closer than ftol_rel or ftol_abs. GEMSEO stopped the driver.,0.0,39,0.7222782716227566,False,38,0.0,-153823697369.57306,,,2.411714024837406,,,,,,,,volume,96037484941.59114,154900000000.0,38595311270.89408,0.0,0.0,0.0,0.0,0.0,0.0,
opt_B75_3_8,B75,7.5 % biomass,7.5,1.35,3.8,min_surplus_loss,G5,biofuel_use_growth_constraint,3,2045.0,-2.5156534371028182e-06,0.0,2.5156534371028182e-06,True,0.0001,0.03669055902252441,1e-10,-15.382369736957306,1.6478959984131287e-16,2.511822749208595e-16,0.6560558458722195,0.0,True,Successive iterates of the objective function are closer than ftol_rel or ftol_abs. GEMSEO stopped the driver.,0.0,39,0.7222782716227566,False,38,366905590.2252441,-153823697369.57306,,,3.005434456537094,,,,,,,,rate,340320846179.95465,154900000000.0,136767315369.38768,2.3686610085554816,0.0,3358769661.4377766,7.118855410968549,0.0,10094562072.056524,
opt_B75_3_8,B75,7.5 % biomass,7.5,1.35,3.8,min_surplus_loss,G5,biofuel_use_growth_constraint,4,2050.0,-1.8387172131528406,0.0,1.8387172131528406,False,0.0001,0.0,1e-10,-15.382369736957306,1.6478959984131287e-16,2.511822749208595e-16,0.6560558458722195,0.0,True,Successive iterates of the objective function are closer than ftol_rel or ftol_abs. GEMSEO stopped the driver.,0.0,39,0.7222782716227566,False,38,0.0,-153823697369.57306,,,3.7453181345368614,,,,,,,,rate,846827167818.3934,154900000000.0,340320846120.4321,0.0,0.0,0.0,0.0,0.0,0.0,
opt_B75_3_8,B75,7.5 % biomass,7.5,1.35,3.8,min_surplus_loss,G6,electrofuel_use_growth_constraint,0,2030.0,-0.9999998788368537,0.0,0.9999998788368537,False,0.0001,0.0,1e-10,-15.382369736957306,1.6478959984131287e-16,2.511822749208595e-16,0.6560558458722195,0.0,True,Successive iterates of the objective function are closer than ftol_rel or ftol_abs. GEMSEO stopped the driver.,0.0,39,0.7222782716227566,False,38,0.0,-153823697369.57306,,,1.552969421732896,,,,,,,,volume,0.0,154900000000.0,0.0,0.0,0.0,0.0,0.0,0.0,0.0,
opt_B75_3_8,B75,7.5 % biomass,7.5,1.35,3.8,min_surplus_loss,G6,electrofuel_use_growth_constraint,1,2035.0,-0.9999998754181599,0.0,0.9999998754181599,False,0.0001,0.0,1e-10,-15.382369736957306,1.6478959984131287e-16,2.511822749208595e-16,0.6560558458722195,0.0,True,Successive iterates of the objective function are closer than ftol_rel or ftol_abs. GEMSEO stopped the driver.,0.0,39,0.7222782716227566,False,38,0.0,-153823697369.57306,,,1.9352824430911528,,,,,,,,volume,46701.21584571127,154900000000.0,18768.17123429112,0.0,0.0,0.0,0.0,0.0,0.0,
opt_B75_3_8,B75,7.5 % biomass,7.5,1.35,3.8,min_surplus_loss,G6,electrofuel_use_growth_constraint,2,2040.0,-0.9999998743955328,0.0,0.9999998743955328,False,0.0001,0.0,1e-10,-15.382369736957306,1.6478959984131287e-16,2.511822749208595e-16,0.6560558458722195,0.0,True,Successive iterates of the objective function are closer than ftol_rel or ftol_abs. GEMSEO stopped the driver.,0.0,39,0.7222782716227566,False,38,0.0,-153823697369.57306,,,2.411714024837406,,,,,,,,volume,48019.496854311605,154900000000.0,19297.958805262835,0.0,0.0,0.0,0.0,0.0,0.0,
opt_B75_3_8,B75,7.5 % biomass,7.5,1.35,3.8,min_surplus_loss,G6,electrofuel_use_growth_constraint,3,2045.0,-0.9999998728255788,0.0,0.9999998728255788,False,0.0001,0.0,1e-10,-15.382369736957306,1.6478959984131287e-16,2.511822749208595e-16,0.6560558458722195,0.0,True,Successive iterates of the objective function are closer than ftol_rel or ftol_abs. GEMSEO stopped the driver.,0.0,39,0.7222782716227566,False,38,0.0,-153823697369.57306,,,3.005434456537094,,,,,,,,volume,48412.64730526027,154900000000.0,19455.95715392726,0.0,0.0,0.0,0.0,0.0,0.0,
opt_B75_3_8,B75,7.5 % biomass,7.5,1.35,3.8,min_surplus_loss,G6,electrofuel_use_growth_constraint,4,2050.0,-0.999999869353183,0.0,0.999999869353183,False,0.0001,0.0,1e-10,-15.382369736957306,1.6478959984131287e-16,2.511822749208595e-16,0.6560558458722195,0.0,True,Successive iterates of the objective function are closer than ftol_rel or ftol_abs. GEMSEO stopped the driver.,0.0,39,0.7222782716227566,False,38,0.0,-153823697369.57306,,,3.7453181345368614,,,,,,,,volume,49016.925330707476,154900000000.0,19698.802939616886,0.0,0.0,0.0,0.0,0.0,0.0,
opt_B75_mincarb,B75,7.5 % biomass,7.5,1.35,,min_co2,G2,blend_completeness_constraint,0,2030.0,-0.8241259972148418,0.0,0.8241259972148418,False,0.0001,0.0,10.0,-1.508188220576364,4.869600850199926e-17,6.353976736029291e-16,0.07663863203318907,0.0,True,Successive iterates of the objective function are closer than ftol_rel or ftol_abs. GEMSEO stopped the driver.,0.0,13,0.12460435494512538,False,12,,,,,1.552969421732896,,,,,,,,,,,,,,,,,,0.0
opt_B75_mincarb,B75,7.5 % biomass,7.5,1.35,,min_co2,G2,blend_completeness_constraint,1,2035.0,-0.5387324342866497,0.0,0.5387324342866497,False,0.0001,0.0,10.0,-1.508188220576364,4.869600850199926e-17,6.353976736029291e-16,0.07663863203318907,0.0,True,Successive iterates of the objective function are closer than ftol_rel or ftol_abs. GEMSEO stopped the driver.,0.0,13,0.12460435494512538,False,12,,,,,1.9352824430911528,,,,,,,,,,,,,,,,,,0.0
opt_B75_mincarb,B75,7.5 % biomass,7.5,1.35,,min_co2,G2,blend_completeness_constraint,2,2040.0,-0.19548149472136572,0.0,0.19548149472136572,False,0.0001,0.0,10.0,-1.508188220576364,4.869600850199926e-17,6.353976736029291e-16,0.07663863203318907,0.0,True,Successive iterates of the objective function are closer than ftol_rel or ftol_abs. GEMSEO stopped the driver.,0.0,13,0.12460435494512538,False,12,,,,,2.411714024837406,,,,,,,,,,,,,,,,,,0.0
opt_B75_mincarb,B75,7.5 % biomass,7.5,1.35,,min_co2,G2,blend_completeness_constraint,3,2045.0,-0.14770609715828031,0.0,0.14770609715828031,False,0.0001,0.0,10.0,-1.508188220576364,4.869600850199926e-17,6.353976736029291e-16,0.07663863203318907,0.0,True,Successive iterates of the objective function are closer than ftol_rel or ftol_abs. GEMSEO stopped the driver.,0.0,13,0.12460435494512538,False,12,,,,,3.005434456537094,,,,,,,,,,,,,,,,,,0.0
opt_B75_mincarb,B75,7.5 % biomass,7.5,1.35,,min_co2,G2,blend_completeness_constraint,4,2050.0,-0.12460435494512552,0.0,0.12460435494512552,False,0.0001,0.0,10.0,-1.508188220576364,4.869600850199926e-17,6.353976736029291e-16,0.07663863203318907,0.0,True,Successive iterates of the objective function are closer than ftol_rel or ftol_abs. GEMSEO stopped the driver.,0.0,13,0.12460435494512538,False,12,,,,,3.7453181345368614,,,,,,,,,,,,,,,,,,0.0
opt_B75_mincarb,B75,7.5 % biomass,7.5,1.35,,min_co2,G3,biomass_trajectory_constraint,0,2030.0,-0.6108451225166727,0.0,0.6108451225166727,False,0.0001,0.0,10.0,-1.508188220576364,4.869600850199926e-17,6.353976736029291e-16,0.07663863203318907,0.0,True,Successive iterates of the objective function are closer than ftol_rel or ftol_abs. GEMSEO stopped the driver.,0.0,13,0.12460435494512538,False,12,,,,,1.552969421732896,,837621750000.0,0.83762175,,,,,,,,,,,,,,,0.0
opt_B75_mincarb,B75,7.5 % biomass,7.5,1.35,,min_co2,G3,biomass_trajectory_constraint,1,2035.0,-0.1781348029546767,0.0,0.1781348029546767,False,0.0001,0.0,10.0,-1.508188220576364,4.869600850199926e-17,6.353976736029291e-16,0.07663863203318907,0.0,True,Successive iterates of the objective function are closer than ftol_rel or ftol_abs. GEMSEO stopped the driver.,0.0,13,0.12460435494512538,False,12,,,,,1.9352824430911528,,986906625000.0,0.986906625,,,,,,,,,,,,,,,0.0
opt_B75_mincarb,B75,7.5 % biomass,7.5,1.35,,min_co2,G3,biomass_trajectory_constraint,2,2040.0,0.0,0.0,0.0,True,0.0001,0.9023207758616527,10.0,-1.508188220576364,4.869600850199926e-17,6.353976736029291e-16,0.07663863203318907,0.0,True,Successive iterates of the objective function are closer than ftol_rel or ftol_abs. GEMSEO stopped the driver.,0.0,13,0.12460435494512538,False,12,,,,,2.411714024837406,,1136191500000.0,1.1361915,,,,,,,,,,,,,,,0.22473590706697033
opt_B75_mincarb,B75,7.5 % biomass,7.5,1.35,,min_co2,G3,biomass_trajectory_constraint,3,2045.0,0.0,0.0,0.0,True,0.0001,0.8928732039942565,10.0,-1.508188220576364,4.869600850199926e-17,6.353976736029291e-16,0.07663863203318907,0.0,True,Successive iterates of the objective function are closer than ftol_rel or ftol_abs. GEMSEO stopped the driver.,0.0,13,0.12460435494512538,False,12,,,,,3.005434456537094,,1159426500000.0,1.1594265,,,,,,,,,,,,,,,0.2223828540397116
opt_B75_mincarb,B75,7.5 % biomass,7.5,1.35,,min_co2,G3,biomass_trajectory_constraint,4,2050.0,0.0,0.0,0.0,True,0.0001,0.5324483172809233,10.0,-1.508188220576364,4.869600850199926e-17,6.353976736029291e-16,0.07663863203318907,0.0,True,Successive iterates of the objective function are closer than ftol_rel or ftol_abs. GEMSEO stopped the driver.,0.0,13,0.12460435494512538,False,12,,,,,3.7453181345368614,,1182661500000.0,1.1826615,,,,,,,,,,,,,,,0.13261387607543804
opt_B75_mincarb,B75,7.5 % biomass,7.5,1.35,,min_co2,G4,electricity_trajectory_constraint,0,2030.0,-0.6669566077201816,0.0,0.6669566077201816,False,0.0001,0.0,10.0,-1.508188220576364,4.869600850199926e-17,6.353976736029291e-16,0.07663863203318907,0.0,True,Successive iterates of the objective function are closer than ftol_rel or ftol_abs. GEMSEO stopped the driver.,0.0,13,0.12460435494512538,False,12,,,,,1.552969421732896,,1065287574000.0001,1.065287574,,,,,,,,,,,,,,,0.0
opt_B75_mincarb,B75,7.5 % biomass,7.5,1.35,,min_co2,G4,electricity_trajectory_constraint,1,2035.0,-0.34929101296736903,0.0,0.34929101296736903,False,0.0001,0.0,10.0,-1.508188220576364,4.869600850199926e-17,6.353976736029291e-16,0.07663863203318907,0.0,True,Successive iterates of the objective function are closer than ftol_rel or ftol_abs. GEMSEO stopped the driver.,0.0,13,0.12460435494512538,False,12,,,,,1.9352824430911528,,1356710238000.0002,1.3567102380000002,,,,,,,,,,,,,,,0.0
opt_B75_mincarb,B75,7.5 % biomass,7.5,1.35,,min_co2,G4,electricity_trajectory_constraint,2,2040.0,0.0,0.0,0.0,True,0.0001,1.5728402351901358,10.0,-1.508188220576364,4.869600850199926e-17,6.353976736029291e-16,0.07663863203318907,0.0,True,Successive iterates of the objective function are closer than ftol_rel or ftol_abs. GEMSEO stopped the driver.,0.0,13,0.12460435494512538,False,12,,,,,2.411714024837406,,1648132902000.0002,1.6481329020000002,,,,,,,,,,,,,,,0.39173837772862946
opt_B75_mincarb,B75,7.5 % biomass,7.5,1.35,,min_co2,G4,electricity_trajectory_constraint,3,2045.0,-1.4210854715202004e-16,0.0,1.4210854715202004e-16,True,0.0001,1.8193411938484398,10.0,-1.508188220576364,4.869600850199926e-17,6.353976736029291e-16,0.07663863203318907,0.0,True,Successive iterates of the objective function are closer than ftol_rel or ftol_abs. GEMSEO stopped the driver.,0.0,13,0.12460435494512538,False,12,,,,,3.005434456537094,,1895265009000.0002,1.8952650090000003,,,,,,,,,,,,,,,0.4531329704487748
opt_B75_mincarb,B75,7.5 % biomass,7.5,1.35,,min_co2,G4,electricity_trajectory_constraint,4,2050.0,-2.842170943040401e-16,0.0,2.842170943040401e-16,True,0.0001,1.209123072429737,10.0,-1.508188220576364,4.869600850199926e-17,6.353976736029291e-16,0.07663863203318907,0.0,True,Successive iterates of the objective function are closer than ftol_rel or ftol_abs. GEMSEO stopped the driver.,0.0,13,0.12460435494512538,False,12,,,,,3.7453181345368614,,2142397116000.0002,2.142397116,,,,,,,,,,,,,,,0.30114941128182804
opt_B75_mincarb,B75,7.5 % biomass,7.5,1.35,,min_co2,G5,biofuel_use_growth_constraint,0,2030.0,0.0,0.0,0.0,True,0.0001,0.904737622108761,10.0,-1.508188220576364,4.869600850199926e-17,6.353976736029291e-16,0.07663863203318907,0.0,True,Successive iterates of the objective function are closer than ftol_rel or ftol_abs. GEMSEO stopped the driver.,0.0,13,0.12460435494512538,False,12,,,,,1.552969421732896,,,,,,,,volume,89799803521.1634,154900000000.0,36088527006.640396,,,0.0,,,0.0,0.22533785722495778
opt_B75_mincarb,B75,7.5 % biomass,7.5,1.35,,min_co2,G5,biofuel_use_growth_constraint,1,2035.0,1.4662953543616849e-09,0.0,1.4662953543616849e-09,True,0.0001,0.2582459456797322,10.0,-1.508188220576364,4.869600850199926e-17,6.353976736029291e-16,0.07663863203318907,0.0,True,Successive iterates of the objective function are closer than ftol_rel or ftol_abs. GEMSEO stopped the driver.,0.0,13,0.12460435494512538,False,12,,,,,1.9352824430911528,,,,,,,,rate,385440767999.99994,154900000000.0,154900000000.0,,0.0,,,0.0,,0.06431984988185692
opt_B75_mincarb,B75,7.5 % biomass,7.5,1.35,,min_co2,G5,biofuel_use_growth_constraint,2,2040.0,-2.706107813005134,0.0,2.706107813005134,False,0.0001,0.0,10.0,-1.508188220576364,4.869600850199926e-17,6.353976736029291e-16,0.07663863203318907,0.0,True,Successive iterates of the objective function are closer than ftol_rel or ftol_abs. GEMSEO stopped the driver.,0.0,13,0.12460435494512538,False,12,,,,,2.411714024837406,,,,,,,,rate,959099971829.7599,154900000000.0,385440768000.00006,,0.0,,,0.0,,0.0
opt_B75_mincarb,B75,7.5 % biomass,7.5,1.35,,min_co2,G5,biofuel_use_growth_constraint,3,2045.0,-5.116450028633005,0.0,5.116450028633005,False,0.0001,0.0,10.0,-1.508188220576364,4.869600850199926e-17,6.353976736029291e-16,0.07663863203318907,0.0,True,Successive iterates of the objective function are closer than ftol_rel or ftol_abs. GEMSEO stopped the driver.,0.0,13,0.12460435494512538,False,12,,,,,3.005434456537094,,,,,,,,rate,1343503369574.2517,154900000000.0,539923872160.4344,,0.0,,,0.0,,0.0
opt_B75_mincarb,B75,7.5 % biomass,7.5,1.35,,min_co2,G5,biofuel_use_growth_constraint,4,2050.0,-5.222538592584796,0.0,5.222538592584796,False,0.0001,0.0,10.0,-1.508188220576364,4.869600850199926e-17,6.353976736029291e-16,0.07663863203318907,0.0,True,Successive iterates of the objective function are closer than ftol_rel or ftol_abs. GEMSEO stopped the driver.,0.0,13,0.12460435494512538,False,12,,,,,3.7453181345368614,,,,,,,,rate,1370977876109.0742,154900000000.0,550965260138.9993,,0.0,,,0.0,,0.0
opt_B75_mincarb,B75,7.5 % biomass,7.5,1.35,,min_co2,G6,electrofuel_use_growth_constraint,0,2030.0,1.9701470706907683e-16,0.0,1.9701470706907683e-16,True,0.0001,1.0147101811821546,10.0,-1.508188220576364,4.869600850199926e-17,6.353976736029291e-16,0.07663863203318907,0.0,True,Successive iterates of the objective function are closer than ftol_rel or ftol_abs. GEMSEO stopped the driver.,0.0,13,0.12460435494512538,False,12,,,,,1.552969421732896,,,,,,,,volume,0.0,154900000000.0,0.0,,,0.0,,,0.0,0.2527280974554725
opt_B75_mincarb,B75,7.5 % biomass,7.5,1.35,,min_co2,G6,electrofuel_use_growth_constraint,1,2035.0,-3.331464517493645e-08,0.0,3.331464517493645e-08,True,0.0001,0.3093100896701244,10.0,-1.508188220576364,4.869600850199926e-17,6.353976736029291e-16,0.07663863203318907,0.0,True,Successive iterates of the objective function are closer than ftol_rel or ftol_abs. GEMSEO stopped the driver.,0.0,13,0.12460435494512538,False,12,,,,,1.9352824430911528,,,,,,,,rate,385440768000.00037,154900000000.0,154900000000.00018,,0.0,,,0.0,,0.0770381059890827
opt_B75_mincarb,B75,7.5 % biomass,7.5,1.35,,min_co2,G6,electrofuel_use_growth_constraint,2,2040.0,-1.5463210324803127,0.0,1.5463210324803127,False,0.0001,0.0,10.0,-1.508188220576364,4.869600850199926e-17,6.353976736029291e-16,0.07663863203318907,0.0,True,Successive iterates of the objective function are closer than ftol_rel or ftol_abs. GEMSEO stopped the driver.,0.0,13,0.12460435494512538,False,12,,,,,2.411714024837406,,,,,,,,rate,959099971829.7625,154900000000.0,385440768000.0011,,0.0,,,0.0,,0.0
opt_B75_mincarb,B75,7.5 % biomass,7.5,1.35,,min_co2,G6,electrofuel_use_growth_constraint,3,2045.0,-6.21729976589772,0.0,6.21729976589772,False,0.0001,0.0,10.0,-1.508188220576364,4.869600850199926e-17,6.353976736029291e-16,0.07663863203318907,0.0,True,Successive iterates of the objective function are closer than ftol_rel or ftol_abs. GEMSEO stopped the driver.,0.0,13,0.12460435494512538,False,12,,,,,3.005434456537094,,,,,,,,rate,1790532443617.5889,154900000000.0,719574831057.7374,,0.0,,,0.0,,0.0
opt_B75_mincarb,B75,7.5 % biomass,7.5,1.35,,min_co2,G6,electrofuel_use_growth_constraint,4,2050.0,-7.254011005462892,0.0,7.254011005462892,False,0.0001,0.0,10.0,-1.508188220576364,4.869600850199926e-17,6.353976736029291e-16,0.07663863203318907,0.0,True,Successive iterates of the objective function are closer than ftol_rel or ftol_abs. GEMSEO stopped the driver.,0.0,13,0.12460435494512538,False,12,,,,,3.7453181345368614,,,,,,,,rate,2059016893448.6782,154900000000.0,827472709880.031,,0.0,,,0.0,,0.0
opt_main_2_0,main,9.9 % biomass,9.9,1.35,2.0,min_surplus_loss,G1,aviation_carbon_budget_constraint,0,,0.10385827331567365,0.0,0.10385827331567365,False,0.0001,73.9077501088387,1e-10,26.290821341466376,4.540073262603192e-16,8.143009455615834e-16,0.5575424279376375,0.10375827331770549,False,Positive directional derivative for linesearch,0.0,40,0.005526302639550533,False,9,739077501088.387,262908213414.66376,1.7478766537399129,422.8430533167148,,,,,,,,,,,,,,,,,,,
opt_main_2_0,main,9.9 % biomass,9.9,1.35,2.0,min_surplus_loss,G2,blend_completeness_constraint,0,2030.0,-0.8241236724575037,0.0,0.8241236724575037,False,0.0001,0.0,1e-10,26.290821341466376,4.540073262603192e-16,8.143009455615834e-16,0.5575424279376375,0.10375827331770549,False,Positive directional derivative for linesearch,0.0,40,0.005526302639550533,False,9,0.0,262908213414.66376,,,1.552969421732896,,,,,,,,,,,,,,,,,,
opt_main_2_0,main,9.9 % biomass,9.9,1.35,2.0,min_surplus_loss,G2,blend_completeness_constraint,1,2035.0,-0.5386975219777801,0.0,0.5386975219777801,False,0.0001,0.0,1e-10,26.290821341466376,4.540073262603192e-16,8.143009455615834e-16,0.5575424279376375,0.10375827331770549,False,Positive directional derivative for linesearch,0.0,40,0.005526302639550533,False,9,0.0,262908213414.66376,,,1.9352824430911528,,,,,,,,,,,,,,,,,,
opt_main_2_0,main,9.9 % biomass,9.9,1.35,2.0,min_surplus_loss,G2,blend_completeness_constraint,2,2040.0,-0.06947066056899814,0.0,0.06947066056899814,False,0.0001,0.0,1e-10,26.290821341466376,4.540073262603192e-16,8.143009455615834e-16,0.5575424279376375,0.10375827331770549,False,Positive directional derivative for linesearch,0.0,40,0.005526302639550533,False,9,0.0,262908213414.66376,,,2.411714024837406,,,,,,,,,,,,,,,,,,
opt_main_2_0,main,9.9 % biomass,9.9,1.35,2.0,min_surplus_loss,G2,blend_completeness_constraint,3,2045.0,-0.02365921101432065,0.0,0.02365921101432065,False,0.0001,0.0,1e-10,26.290821341466376,4.540073262603192e-16,8.143009455615834e-16,0.5575424279376375,0.10375827331770549,False,Positive directional derivative for linesearch,0.0,40,0.005526302639550533,False,9,0.0,262908213414.66376,,,3.005434456537094,,,,,,,,,,,,,,,,,,
opt_main_2_0,main,9.9 % biomass,9.9,1.35,2.0,min_surplus_loss,G2,blend_completeness_constraint,4,2050.0,-0.005526312639550497,0.0,0.005526312639550497,False,0.0001,0.0,1e-10,26.290821341466376,4.540073262603192e-16,8.143009455615834e-16,0.5575424279376375,0.10375827331770549,False,Positive directional derivative for linesearch,0.0,40,0.005526302639550533,False,9,0.0,262908213414.66376,,,3.7453181345368614,,,,,,,,,,,,,,,,,,
opt_main_2_0,main,9.9 % biomass,9.9,1.35,2.0,min_surplus_loss,G3,biomass_trajectory_constraint,0,2030.0,-0.7051781632785654,0.0,0.7051781632785654,False,0.0001,0.0,1e-10,26.290821341466376,4.540073262603192e-16,8.143009455615834e-16,0.5575424279376375,0.10375827331770549,False,Positive directional derivative for linesearch,0.0,40,0.005526302639550533,False,9,0.0,262908213414.66376,,,1.552969421732896,,1105660710000.0002,1.1056607100000002,0.0,0.0,0.0,0.0,,,,,,,,,,,
opt_main_2_0,main,9.9 % biomass,9.9,1.35,2.0,min_surplus_loss,G3,biomass_trajectory_constraint,1,2035.0,-0.37728762851999664,0.0,0.37728762851999664,False,0.0001,0.0,1e-10,26.290821341466376,4.540073262603192e-16,8.143009455615834e-16,0.5575424279376375,0.10375827331770549,False,Positive directional derivative for linesearch,0.0,40,0.005526302639550533,False,9,0.0,262908213414.66376,,,1.9352824430911528,,1302716745000.0002,1.3027167450000003,0.0,0.0,0.0,0.0,,,,,,,,,,,
opt_main_2_0,main,9.9 % biomass,9.9,1.35,2.0,min_surplus_loss,G3,biomass_trajectory_constraint,2,2040.0,3.1515148577909715e-07,0.0,3.1515148577909715e-07,True,0.0001,8.63754173411908,1e-10,26.290821341466376,4.540073262603192e-16,8.143009455615834e-16,0.5575424279376375,0.10375827331770549,False,Positive directional derivative for linesearch,0.0,40,0.005526302639550533,False,9,86375417341.19081,262908213414.66376,,,2.411714024837406,,1499772780000.0,1.49977278,57.5923356477978,57592335647.797806,138.89624360493724,138896243604.93726,,,,,,,,,,,
opt_main_2_0,main,9.9 % biomass,9.9,1.35,2.0,min_surplus_loss,G3,biomass_trajectory_constraint,3,2045.0,2.042526148215984e-12,0.0,2.042526148215984e-12,True,0.0001,9.232516927590385,1e-10,26.290821341466376,4.540073262603192e-16,8.143009455615834e-16,0.5575424279376375,0.10375827331770549,False,Positive directional derivative for linesearch,0.0,40,0.005526302639550533,False,9,92325169275.90385,262908213414.66376,,,3.005434456537094,,1530442980000.0,1.53044298,60.325781804627475,60325781804.62748,181.3051832531659,181305183253.1659,,,,,,,,,,,
opt_main_2_0,main,9.9 % biomass,9.9,1.35,2.0,min_surplus_loss,G3,biomass_trajectory_constraint,4,2050.0,3.0107116799626967e-12,0.0,3.0107116799626967e-12,True,0.0001,5.783706114599683,1e-10,26.290821341466376,4.540073262603192e-16,8.143009455615834e-16,0.5575424279376375,0.10375827331770549,False,Positive directional derivative for linesearch,0.0,40,0.005526302639550533,False,9,57837061145.996826,262908213414.66376,,,3.7453181345368614,,1561113180000.0,1.56111318,37.048602168612035,37048602168.61204,138.75880156134434,138758801561.34436,,,,,,,,,,,
opt_main_2_0,main,9.9 % biomass,9.9,1.35,2.0,min_surplus_loss,G4,electricity_trajectory_constraint,0,2030.0,-0.6669566077198235,0.0,0.6669566077198235,False,0.0001,0.0,1e-10,26.290821341466376,4.540073262603192e-16,8.143009455615834e-16,0.5575424279376375,0.10375827331770549,False,Positive directional derivative for linesearch,0.0,40,0.005526302639550533,False,9,0.0,262908213414.66376,,,1.552969421732896,,1065287574000.0001,1.065287574,0.0,0.0,0.0,0.0,,,,,,,,,,,
opt_main_2_0,main,9.9 % biomass,9.9,1.35,2.0,min_surplus_loss,G4,electricity_trajectory_constraint,1,2035.0,-0.3492910042548823,0.0,0.3492910042548823,False,0.0001,0.0,1e-10,26.290821341466376,4.540073262603192e-16,8.143009455615834e-16,0.5575424279376375,0.10375827331770549,False,Positive directional derivative for linesearch,0.0,40,0.005526302639550533,False,9,0.0,262908213414.66376,,,1.9352824430911528,,1356710238000.0002,1.3567102380000002,0.0,0.0,0.0,0.0,,,,,,,,,,,
opt_main_2_0,main,9.9 % biomass,9.9,1.35,2.0,min_surplus_loss,G4,electricity_trajectory_constraint,2,2040.0,2.0577317627612502e-13,0.0,2.0577317627612502e-13,True,0.0001,5.747173300915897,1e-10,26.290821341466376,4.540073262603192e-16,8.143009455615834e-16,0.5575424279376375,0.10375827331770549,False,Positive directional derivative for linesearch,0.0,40,0.005526302639550533,False,9,57471733009.158966,262908213414.66376,,,2.411714024837406,,1648132902000.0002,1.6481329020000002,34.8708122624197,34870812262.4197,84.09842699074977,84098426990.74979,,,,,,,,,,,
opt_main_2_0,main,9.9 % biomass,9.9,1.35,2.0,min_surplus_loss,G4,electricity_trajectory_constraint,3,2045.0,2.0312995729909744e-12,0.0,2.0312995729909744e-12,True,0.0001,9.702738661320218,1e-10,26.290821341466376,4.540073262603192e-16,8.143009455615834e-16,0.5575424279376375,0.10375827331770549,False,Positive directional derivative for linesearch,0.0,40,0.005526302639550533,False,9,97027386613.20218,262908213414.66376,,,3.005434456537094,,1895265009000.0002,1.8952650090000003,51.19462774464284,51194627744.64284,153.8620982133395,153862098213.33948,,,,,,,,,,,
opt_main_2_0,main,9.9 % biomass,9.9,1.35,2.0,min_surplus_loss,G4,electricity_trajectory_constraint,4,2050.0,3.0027536013221835e-12,0.0,3.0027536013221835e-12,True,0.0001,7.717721856074899,1e-10,26.290821341466376,4.540073262603192e-16,8.143009455615834e-16,0.5575424279376375,0.10375827331770549,False,Positive directional derivative for linesearch,0.0,40,0.005526302639550533,False,9,77177218560.749,262908213414.66376,,,3.7453181345368614,,2142397116000.0002,2.142397116,36.02376888223415,36023768882.23415,134.92047486899625,134920474868.99626,,,,,,,,,,,
opt_main_2_0,main,9.9 % biomass,9.9,1.35,2.0,min_surplus_loss,G5,biofuel_use_growth_constraint,0,2030.0,2.55604878606236e-05,0.0,2.55604878606236e-05,True,0.0001,5.8896720620629655,1e-10,26.290821341466376,4.540073262603192e-16,8.143009455615834e-16,0.5575424279376375,0.10375827331770549,False,Positive directional derivative for linesearch,0.0,40,0.005526302639550533,False,9,58896720620.629654,262908213414.66376,,,1.552969421732896,,,,,,,,volume,89799803521.1634,154900000000.0,36088527006.640396,380.2241486160727,1901120743080.363,0.0,590.4764762051851,2952382381025.925,0.0,
opt_main_2_0,main,9.9 % biomass,9.9,1.35,2.0,min_surplus_loss,G5,biofuel_use_growth_constraint,1,2035.0,0.0002849821297719326,0.0,0.0002849821297719326,False,0.0001,1.7230598331568017,1e-10,26.290821341466376,4.540073262603192e-16,8.143009455615834e-16,0.5575424279376375,0.10375827331770549,False,Positive directional derivative for linesearch,0.0,40,0.005526302639550533,False,9,17230598331.568016,262908213414.66376,,,1.9352824430911528,,,,,,,,rate,385450620054.07135,154900000000.0,154903959319.5696,111.23691627868313,0.0,178651409802.17188,215.2748510977359,0.0,345740936823.6259,
opt_main_2_0,main,9.9 % biomass,9.9,1.35,2.0,min_surplus_loss,G5,biofuel_use_growth_constraint,2,2040.0,-1.5915725936991165,0.0,1.5915725936991165,False,0.0001,0.0,1e-10,26.290821341466376,4.540073262603192e-16,8.143009455615834e-16,0.5575424279376375,0.10375827331770549,False,Positive directional derivative for linesearch,0.0,40,0.005526302639550533,False,9,0.0,262908213414.66376,,,2.411714024837406,,,,,,,,rate,959234330623.9121,154900000000.0,385494763785.973,0.0,0.0,0.0,0.0,0.0,0.0,
opt_main_2_0,main,9.9 % biomass,9.9,1.35,2.0,min_surplus_loss,G5,biofuel_use_growth_constraint,3,2045.0,-6.7537176459003065,0.0,6.7537176459003065,False,0.0001,0.0,1e-10,26.290821341466376,4.540073262603192e-16,8.143009455615834e-16,0.5575424279376375,0.10375827331770549,False,Positive directional derivative for linesearch,0.0,40,0.005526302639550533,False,9,0.0,262908213414.66376,,,3.005434456537094,,,,,,,,rate,1773425006734.9531,154900000000.0,712699735859.919,0.0,0.0,0.0,0.0,0.0,0.0,
opt_main_2_0,main,9.9 % biomass,9.9,1.35,2.0,min_surplus_loss,G5,biofuel_use_growth_constraint,4,2050.0,-6.89375094222161,0.0,6.89375094222161,False,0.0001,0.0,1e-10,26.290821341466376,4.540073262603192e-16,8.143009455615834e-16,0.5575424279376375,0.10375827331770549,False,Positive directional derivative for linesearch,0.0,40,0.005526302639550533,False,9,0.0,262908213414.66376,,,3.7453181345368614,,,,,,,,rate,1809690796467.752,154900000000.0,727274143384.9956,0.0,0.0,0.0,0.0,0.0,0.0,
opt_main_2_0,main,9.9 % biomass,9.9,1.35,2.0,min_surplus_loss,G6,electrofuel_use_growth_constraint,0,2030.0,-6.737902981762428e-14,0.0,6.737902981762428e-14,True,0.0001,0.0,1e-10,26.290821341466376,4.540073262603192e-16,8.143009455615834e-16,0.5575424279376375,0.10375827331770549,False,Positive directional derivative for linesearch,0.0,40,0.005526302639550533,False,9,0.0,262908213414.66376,,,1.552969421732896,,,,,,,,volume,0.0,154900000000.0,0.0,0.0,0.0,0.0,0.0,0.0,0.0,
opt_main_2_0,main,9.9 % biomass,9.9,1.35,2.0,min_surplus_loss,G6,electrofuel_use_growth_constraint,1,2035.0,7.474737986200775e-13,0.0,7.474737986200775e-13,True,0.0001,0.4256531206503297,1e-10,26.290821341466376,4.540073262603192e-16,8.143009455615834e-16,0.5575424279376375,0.10375827331770549,False,Positive directional derivative for linesearch,0.0,40,0.005526302639550533,False,9,4256531206.5032964,262908213414.66376,,,1.9352824430911528,,,,,,,,rate,385440767999.9737,154900000000.0,154899999999.98947,27.479220184010952,0.0,44131715549.02318,53.180052371952435,0.0,85407334285.5174,
opt_main_2_0,main,9.9 % biomass,9.9,1.35,2.0,min_surplus_loss,G6,electrofuel_use_growth_constraint,2,2040.0,-1.5463211153793668,0.0,1.5463211153793668,False,0.0001,0.0,1e-10,26.290821341466376,4.540073262603192e-16,8.143009455615834e-16,0.5575424279376375,0.10375827331770549,False,Positive directional derivative for linesearch,0.0,40,0.005526302639550533,False,9,0.0,262908213414.66376,,,2.411714024837406,,,,,,,,rate,959099971829.9828,154900000000.0,385440768000.0896,0.0,0.0,0.0,0.0,0.0,0.0,
opt_main_2_0,main,9.9 % biomass,9.9,1.35,2.0,min_surplus_loss,G6,electrofuel_use_growth_constraint,3,2045.0,-6.217299765886353,0.0,6.217299765886353,False,0.0001,0.0,1e-10,26.290821341466376,4.540073262603192e-16,8.143009455615834e-16,0.5575424279376375,0.10375827331770549,False,Positive directional derivative for linesearch,0.0,40,0.005526302639550533,False,9,0.0,262908213414.66376,,,3.005434456537094,,,,,,,,rate,1790532443617.5432,154900000000.0,719574831057.7191,0.0,0.0,0.0,0.0,0.0,0.0,
opt_main_2_0,main,9.9 % biomass,9.9,1.35,2.0,min_surplus_loss,G6,electrofuel_use_growth_constraint,4,2050.0,-7.254011005471996,0.0,7.254011005471996,False,0.0001,0.0,1e-10,26.290821341466376,4.540073262603192e-16,8.143009455615834e-16,0.5575424279376375,0.10375827331770549,False,Positive directional derivative for linesearch,0.0,40,0.005526302639550533,False,9,0.0,262908213414.66376,,,3.7453181345368614,,,,,,,,rate,2059016893452.9485,154900000000.0,827472709881.7471,0.0,0.0,0.0,0.0,0.0,0.0,
opt_main_2_2,main,9.9 % biomass,9.9,1.35,2.2,min_surplus_loss,G1,aviation_carbon_budget_constraint,0,,1.3136123399142267e-08,0.0,1.3136123399142267e-08,True,0.0001,64.07629027245198,1e-10,23.553426754608253,1.7197401463156138e-16,3.0303978265915055e-16,0.5674964954188614,0.0,True,Successive iterates of the objective function are closer than ftol_rel or ftol_abs. GEMSEO stopped the driver.,0.0,11,0.005526312643245928,False,10,640762902724.5198,235534267546.08252,1.9954654899519684,321.1094884632373,,,,,,,,,,,,,,,,,,,
opt_main_2_2,main,9.9 % biomass,9.9,1.35,2.2,min_surplus_loss,G2,blend_completeness_constraint,0,2030.0,-0.8484896394444778,0.0,0.8484896394444778,False,0.0001,0.0,1e-10,23.553426754608253,1.7197401463156138e-16,3.0303978265915055e-16,0.5674964954188614,0.0,True,Successive iterates of the objective function are closer than ftol_rel or ftol_abs. GEMSEO stopped the driver.,0.0,11,0.005526312643245928,False,10,0.0,235534267546.08252,,,1.552969421732896,,,,,,,,,,,,,,,,,,
opt_main_2_2,main,9.9 % biomass,9.9,1.35,2.2,min_surplus_loss,G2,blend_completeness_constraint,1,2035.0,-0.6088273583995125,0.0,0.6088273583995125,False,0.0001,0.0,1e-10,23.553426754608253,1.7197401463156138e-16,3.0303978265915055e-16,0.5674964954188614,0.0,True,Successive iterates of the objective function are closer than ftol_rel or ftol_abs. GEMSEO stopped the driver.,0.0,11,0.005526312643245928,False,10,0.0,235534267546.08252,,,1.9352824430911528,,,,,,,,,,,,,,,,,,
opt_main_2_2,main,9.9 % biomass,9.9,1.35,2.2,min_surplus_loss,G2,blend_completeness_constraint,2,2040.0,-0.073396619792141,0.0,0.073396619792141,False,0.0001,0.0,1e-10,23.553426754608253,1.7197401463156138e-16,3.0303978265915055e-16,0.5674964954188614,0.0,True,Successive iterates of the objective function are closer than ftol_rel or ftol_abs. GEMSEO stopped the driver.,0.0,11,0.005526312643245928,False,10,0.0,235534267546.08252,,,2.411714024837406,,,,,,,,,,,,,,,,,,
opt_main_2_2,main,9.9 % biomass,9.9,1.35,2.2,min_surplus_loss,G2,blend_completeness_constraint,3,2045.0,-0.02365921101681664,0.0,0.02365921101681664,False,0.0001,0.0,1e-10,23.553426754608253,1.7197401463156138e-16,3.0303978265915055e-16,0.5674964954188614,0.0,True,Successive iterates of the objective function are closer than ftol_rel or ftol_abs. GEMSEO stopped the driver.,0.0,11,0.005526312643245928,False,10,0.0,235534267546.08252,,,3.005434456537094,,,,,,,,,,,,,,,,,,
opt_main_2_2,main,9.9 % biomass,9.9,1.35,2.2,min_surplus_loss,G2,blend_completeness_constraint,4,2050.0,-0.005526312643245887,0.0,0.005526312643245887,False,0.0001,0.0,1e-10,23.553426754608253,1.7197401463156138e-16,3.0303978265915055e-16,0.5674964954188614,0.0,True,Successive iterates of the objective function are closer than ftol_rel or ftol_abs. GEMSEO stopped the driver.,0.0,11,0.005526312643245928,False,10,0.0,235534267546.08252,,,3.7453181345368614,,,,,,,,,,,,,,,,,,
opt_main_2_2,main,9.9 % biomass,9.9,1.35,2.2,min_surplus_loss,G3,biomass_trajectory_constraint,0,2030.0,-0.7051856988511226,0.0,0.7051856988511226,False,0.0001,0.0,1e-10,23.553426754608253,1.7197401463156138e-16,3.0303978265915055e-16,0.5674964954188614,0.0,True,Successive iterates of the objective function are closer than ftol_rel or ftol_abs. GEMSEO stopped the driver.,0.0,11,0.005526312643245928,False,10,0.0,235534267546.08252,,,1.552969421732896,,1105660710000.0002,1.1056607100000002,0.0,0.0,0.0,0.0,,,,,,,,,,,
opt_main_2_2,main,9.9 % biomass,9.9,1.35,2.2,min_surplus_loss,G3,biomass_trajectory_constraint,1,2035.0,-0.37737484873114446,0.0,0.37737484873114446,False,0.0001,0.0,1e-10,23.553426754608253,1.7197401463156138e-16,3.0303978265915055e-16,0.5674964954188614,0.0,True,Successive iterates of the objective function are closer than ftol_rel or ftol_abs. GEMSEO stopped the driver.,0.0,11,0.005526312643245928,False,10,0.0,235534267546.08252,,,1.9352824430911528,,1302716745000.0002,1.3027167450000003,0.0,0.0,0.0,0.0,,,,,,,,,,,
opt_main_2_2,main,9.9 % biomass,9.9,1.35,2.2,min_surplus_loss,G3,biomass_trajectory_constraint,2,2040.0,4.378456708309386e-09,0.0,4.378456708309386e-09,True,0.0001,5.643864124806963,1e-10,23.553426754608253,1.7197401463156138e-16,3.0303978265915055e-16,0.5674964954188614,0.0,True,Successive iterates of the objective function are closer than ftol_rel or ftol_abs. GEMSEO stopped the driver.,0.0,11,0.005526312643245928,False,10,56438641248.069626,235534267546.08252,,,2.411714024837406,,1499772780000.0,1.49977278,37.63146124579593,37631461245.79593,90.75632286161137,90756322861.61136,,,,,,,,,,,
opt_main_2_2,main,9.9 % biomass,9.9,1.35,2.2,min_surplus_loss,G3,biomass_trajectory_constraint,3,2045.0,-2.842170943040401e-16,0.0,2.842170943040401e-16,True,0.0001,6.2516777211821415,1e-10,23.553426754608253,1.7197401463156138e-16,3.0303978265915055e-16,0.5674964954188614,0.0,True,Successive iterates of the objective function are closer than ftol_rel or ftol_abs. GEMSEO stopped the driver.,0.0,11,0.005526312643245928,False,10,62516777211.82141,235534267546.08252,,,3.005434456537094,,1530442980000.0,1.53044298,40.848811768094365,40848811768.09437,122.76842639642874,122768426396.42876,,,,,,,,,,,
opt_main_2_2,main,9.9 % biomass,9.9,1.35,2.2,min_surplus_loss,G3,biomass_trajectory_constraint,4,2050.0,-2.842170943040401e-16,0.0,2.842170943040401e-16,True,0.0001,4.006080769512234,1e-10,23.553426754608253,1.7197401463156138e-16,3.0303978265915055e-16,0.5674964954188614,0.0,True,Successive iterates of the objective function are closer than ftol_rel or ftol_abs. GEMSEO stopped the driver.,0.0,11,0.005526312643245928,False,10,40060807695.12234,235534267546.08252,,,3.7453181345368614,,1561113180000.0,1.56111318,25.661693340595804,25661693340.595806,96.11120543145728,96111205431.45728,,,,,,,,,,,
opt_main_2_2,main,9.9 % biomass,9.9,1.35,2.2,min_surplus_loss,G4,electricity_trajectory_constraint,0,2030.0,-0.751648087647786,0.0,0.751648087647786,False,0.0001,0.0,1e-10,23.553426754608253,1.7197401463156138e-16,3.0303978265915055e-16,0.5674964954188614,0.0,True,Successive iterates of the objective function are closer than ftol_rel or ftol_abs. GEMSEO stopped the driver.,0.0,11,0.005526312643245928,False,10,0.0,235534267546.08252,,,1.552969421732896,,1065287574000.0001,1.065287574,0.0,0.0,0.0,0.0,,,,,,,,,,,
opt_main_2_2,main,9.9 % biomass,9.9,1.35,2.2,min_surplus_loss,G4,electricity_trajectory_constraint,1,2035.0,-0.5147635103566273,0.0,0.5147635103566273,False,0.0001,0.0,1e-10,23.553426754608253,1.7197401463156138e-16,3.0303978265915055e-16,0.5674964954188614,0.0,True,Successive iterates of the objective function are closer than ftol_rel or ftol_abs. GEMSEO stopped the driver.,0.0,11,0.005526312643245928,False,10,0.0,235534267546.08252,,,1.9352824430911528,,1356710238000.0002,1.3567102380000002,0.0,0.0,0.0,0.0,,,,,,,,,,,
opt_main_2_2,main,9.9 % biomass,9.9,1.35,2.2,min_surplus_loss,G4,electricity_trajectory_constraint,2,2040.0,-0.006072772046040456,0.0,0.006072772046040456,False,0.0001,0.0,1e-10,23.553426754608253,1.7197401463156138e-16,3.0303978265915055e-16,0.5674964954188614,0.0,True,Successive iterates of the objective function are closer than ftol_rel or ftol_abs. GEMSEO stopped the driver.,0.0,11,0.005526312643245928,False,10,0.0,235534267546.08252,,,2.411714024837406,,1648132902000.0002,1.6481329020000002,0.0,0.0,0.0,0.0,,,,,,,,,,,
opt_main_2_2,main,9.9 % biomass,9.9,1.35,2.2,min_surplus_loss,G4,electricity_trajectory_constraint,3,2045.0,-2.842170943040401e-16,0.0,2.842170943040401e-16,True,0.0001,5.106466508136638,1e-10,23.553426754608253,1.7197401463156138e-16,3.0303978265915055e-16,0.5674964954188614,0.0,True,Successive iterates of the objective function are closer than ftol_rel or ftol_abs. GEMSEO stopped the driver.,0.0,11,0.005526312643245928,False,10,51064665081.36638,235534267546.08252,,,3.005434456537094,,1895265009000.0002,1.8952650090000003,26.94328489096607,26943284890.96607,80.9762767836047,80976276783.6047,,,,,,,,,,,
opt_main_2_2,main,9.9 % biomass,9.9,1.35,2.2,min_surplus_loss,G4,electricity_trajectory_constraint,4,2050.0,0.0,0.0,0.0,True,0.0001,4.664402234245569,1e-10,23.553426754608253,1.7197401463156138e-16,3.0303978265915055e-16,0.5674964954188614,0.0,True,Successive iterates of the objective function are closer than ftol_rel or ftol_abs. GEMSEO stopped the driver.,0.0,11,0.005526312643245928,False,10,46644022342.45569,235534267546.08252,,,3.7453181345368614,,2142397116000.0002,2.142397116,21.7718843972042,21771884397.2042,81.54263345588903,81542633455.88904,,,,,,,,,,,
opt_main_2_2,main,9.9 % biomass,9.9,1.35,2.2,min_surplus_loss,G5,biofuel_use_growth_constraint,0,2030.0,8.685866196437218e-11,0.0,8.685866196437218e-11,True,0.0001,3.6451377476845335,1e-10,23.553426754608253,1.7197401463156138e-16,3.0303978265915055e-16,0.5674964954188614,0.0,True,Successive iterates of the objective function are closer than ftol_rel or ftol_abs. GEMSEO stopped the driver.,0.0,11,0.005526312643245928,False,10,36451377476.84534,235534267546.08252,,,1.552969421732896,,,,,,,,volume,89799803521.1634,154900000000.0,36088527006.640396,235.32199791378528,1176609989568.9263,0.0,365.44786702120086,1827239335106.0042,0.0,
opt_main_2_2,main,9.9 % biomass,9.9,1.35,2.2,min_surplus_loss,G5,biofuel_use_growth_constraint,1,2035.0,9.21630189524996e-09,0.0,9.21630189524996e-09,True,0.0001,1.082027304830581,1e-10,23.553426754608253,1.7197401463156138e-16,3.0303978265915055e-16,0.5674964954188614,0.0,True,Successive iterates of the objective function are closer than ftol_rel or ftol_abs. GEMSEO stopped the driver.,0.0,11,0.005526312643245928,False,10,10820273048.30581,235534267546.08252,,,1.9352824430911528,,,,,,,,rate,385440768000.0,154900000000.0,154900000000.00003,69.85327984703557,0.0,112184590964.83466,135.18582608030098,0.0,217108869279.60687,
opt_main_2_2,main,9.9 % biomass,9.9,1.35,2.2,min_surplus_loss,G5,biofuel_use_growth_constraint,2,2040.0,-1.590706656505804,0.0,1.590706656505804,False,0.0001,0.0,1e-10,23.553426754608253,1.7197401463156138e-16,3.0303978265915055e-16,0.5674964954188614,0.0,True,Successive iterates of the objective function are closer than ftol_rel or ftol_abs. GEMSEO stopped the driver.,0.0,11,0.005526312643245928,False,10,0.0,235534267546.08252,,,2.411714024837406,,,,,,,,rate,959099971829.7609,154900000000.0,385440768000.0004,0.0,0.0,0.0,0.0,0.0,0.0,
opt_main_2_2,main,9.9 % biomass,9.9,1.35,2.2,min_surplus_loss,G5,biofuel_use_growth_constraint,3,2045.0,-6.75371408792934,0.0,6.75371408792934,False,0.0001,0.0,1e-10,23.553426754608253,1.7197401463156138e-16,3.0303978265915055e-16,0.5674964954188614,0.0,True,Successive iterates of the objective function are closer than ftol_rel or ftol_abs. GEMSEO stopped the driver.,0.0,11,0.005526312643245928,False,10,0.0,235534267546.08252,,,3.005434456537094,,,,,,,,rate,1773424447838.9048,154900000000.0,712699511252.1321,0.0,0.0,0.0,0.0,0.0,0.0,
opt_main_2_2,main,9.9 % biomass,9.9,1.35,2.2,min_surplus_loss,G5,biofuel_use_growth_constraint,4,2050.0,-6.893750942212165,0.0,6.893750942212165,False,0.0001,0.0,1e-10,23.553426754608253,1.7197401463156138e-16,3.0303978265915055e-16,0.5674964954188614,0.0,True,Successive iterates of the objective function are closer than ftol_rel or ftol_abs. GEMSEO stopped the driver.,0.0,11,0.005526312643245928,False,10,0.0,235534267546.08252,,,3.7453181345368614,,,,,,,,rate,1809690796464.0554,154900000000.0,727274143383.5101,0.0,0.0,0.0,0.0,0.0,0.0,
opt_main_2_2,main,9.9 % biomass,9.9,1.35,2.2,min_surplus_loss,G6,electrofuel_use_growth_constraint,0,2030.0,-0.25429563201199396,0.0,0.25429563201199396,False,0.0001,0.0,1e-10,23.553426754608253,1.7197401463156138e-16,3.0303978265915055e-16,0.5674964954188614,0.0,True,Successive iterates of the objective function are closer than ftol_rel or ftol_abs. GEMSEO stopped the driver.,0.0,11,0.005526312643245928,False,10,0.0,235534267546.08252,,,1.552969421732896,,,,,,,,volume,0.0,154900000000.0,0.0,0.0,0.0,0.0,0.0,0.0,0.0,
opt_main_2_2,main,9.9 % biomass,9.9,1.35,2.2,min_surplus_loss,G6,electrofuel_use_growth_constraint,1,2035.0,-1.9415102974070972e-07,0.0,1.9415102974070972e-07,True,0.0001,0.6580527025896399,1e-10,23.553426754608253,1.7197401463156138e-16,3.0303978265915055e-16,0.5674964954188614,0.0,True,Successive iterates of the objective function are closer than ftol_rel or ftol_abs. GEMSEO stopped the driver.,0.0,11,0.005526312643245928,False,10,6580527025.896399,235534267546.08252,,,1.9352824430911528,,,,,,,,rate,287424865169.6331,154900000000.0,115509606951.53084,42.48242108390186,0.0,50877100633.83366,82.2154836636807,0.0,98461559612.04004,
opt_main_2_2,main,9.9 % biomass,9.9,1.35,2.2,min_surplus_loss,G6,electrofuel_use_growth_constraint,2,2040.0,3.4630155480854583e-07,0.0,3.4630155480854583e-07,True,0.0001,0.38477135841037213,1e-10,23.553426754608253,1.7197401463156138e-16,3.0303978265915055e-16,0.5674964954188614,0.0,True,Successive iterates of the objective function are closer than ftol_rel or ftol_abs. GEMSEO stopped the driver.,0.0,11,0.005526312643245928,False,10,3847713584.103721,235534267546.08252,,,2.411714024837406,,,,,,,,rate,715205040498.8732,154900000000.0,287424865169.6218,24.839984403510144,0.0,74023675213.76607,59.90693876268784,0.0,178523935683.04868,
opt_main_2_2,main,9.9 % biomass,9.9,1.35,2.2,min_surplus_loss,G6,electrofuel_use_growth_constraint,3,2045.0,-6.14710289455962,0.0,6.14710289455962,False,0.0001,0.0,1e-10,23.553426754608253,1.7197401463156138e-16,3.0303978265915055e-16,0.5674964954188614,0.0,True,Successive iterates of the objective function are closer than ftol_rel or ftol_abs. GEMSEO stopped the driver.,0.0,11,0.005526312643245928,False,10,0.0,235534267546.08252,,,3.005434456537094,,,,,,,,rate,1779659006374.1384,154900000000.0,715205040498.8662,0.0,0.0,0.0,0.0,0.0,0.0,
opt_main_2_2,main,9.9 % biomass,9.9,1.35,2.2,min_surplus_loss,G6,electrofuel_use_growth_constraint,4,2050.0,-7.25401100546312,0.0,7.25401100546312,False,0.0001,0.0,1e-10,23.553426754608253,1.7197401463156138e-16,3.0303978265915055e-16,0.5674964954188614,0.0,True,Successive iterates of the objective function are closer than ftol_rel or ftol_abs. GEMSEO stopped the driver.,0.0,11,0.005526312643245928,False,10,0.0,235534267546.08252,,,3.7453181345368614,,,,,,,,rate,2059016893448.766,154900000000.0,827472709880.0663,0.0,0.0,0.0,0.0,0.0,0.0,
opt_main_2_4,main,9.9 % biomass,9.9,1.35,2.4,min_surplus_loss,G1,aviation_carbon_budget_constraint,0,,1.4127357188112904e-11,0.0,1.4127357188112904e-11,True,0.0001,69.55194607589776,1e-10,15.741350047855835,3.428263042070008e-16,5.823214806919114e-16,0.5887234381250308,0.0,True,Successive iterates of the objective function are closer than ftol_rel or ftol_abs. GEMSEO stopped the driver.,0.0,12,0.005526312643245567,False,11,695519460758.9775,157413500478.55835,2.2430543261640237,310.0769574085285,,,,,,,,,,,,,,,,,,,
opt_main_2_4,main,9.9 % biomass,9.9,1.35,2.4,min_surplus_loss,G2,blend_completeness_constraint,0,2030.0,-0.8782710265330681,0.0,0.8782710265330681,False,0.0001,0.0,1e-10,15.741350047855835,3.428263042070008e-16,5.823214806919114e-16,0.5887234381250308,0.0,True,Successive iterates of the objective function are closer than ftol_rel or ftol_abs. GEMSEO stopped the driver.,0.0,12,0.005526312643245567,False,11,0.0,157413500478.55835,,,1.552969421732896,,,,,,,,,,,,,,,,,,
opt_main_2_4,main,9.9 % biomass,9.9,1.35,2.4,min_surplus_loss,G2,blend_completeness_constraint,1,2035.0,-0.6917061076857952,0.0,0.6917061076857952,False,0.0001,0.0,1e-10,15.741350047855835,3.428263042070008e-16,5.823214806919114e-16,0.5887234381250308,0.0,True,Successive iterates of the objective function are closer than ftol_rel or ftol_abs. GEMSEO stopped the driver.,0.0,12,0.005526312643245567,False,11,0.0,157413500478.55835,,,1.9352824430911528,,,,,,,,,,,,,,,,,,
opt_main_2_4,main,9.9 % biomass,9.9,1.35,2.4,min_surplus_loss,G2,blend_completeness_constraint,2,2040.0,-0.32901873642417256,0.0,0.32901873642417256,False,0.0001,0.0,1e-10,15.741350047855835,3.428263042070008e-16,5.823214806919114e-16,0.5887234381250308,0.0,True,Successive iterates of the objective function are closer than ftol_rel or ftol_abs. GEMSEO stopped the driver.,0.0,12,0.005526312643245567,False,11,0.0,157413500478.55835,,,2.411714024837406,,,,,,,,,,,,,,,,,,
opt_main_2_4,main,9.9 % biomass,9.9,1.35,2.4,min_surplus_loss,G2,blend_completeness_constraint,3,2045.0,-0.023659211016137646,0.0,0.023659211016137646,False,0.0001,0.0,1e-10,15.741350047855835,3.428263042070008e-16,5.823214806919114e-16,0.5887234381250308,0.0,True,Successive iterates of the objective function are closer than ftol_rel or ftol_abs. GEMSEO stopped the driver.,0.0,12,0.005526312643245567,False,11,0.0,157413500478.55835,,,3.005434456537094,,,,,,,,,,,,,,,,,,
opt_main_2_4,main,9.9 % biomass,9.9,1.35,2.4,min_surplus_loss,G2,blend_completeness_constraint,4,2050.0,-0.0055263126432454615,0.0,0.0055263126432454615,False,0.0001,0.0,1e-10,15.741350047855835,3.428263042070008e-16,5.823214806919114e-16,0.5887234381250308,0.0,True,Successive iterates of the objective function are closer than ftol_rel or ftol_abs. GEMSEO stopped the driver.,0.0,12,0.005526312643245567,False,11,0.0,157413500478.55835,,,3.7453181345368614,,,,,,,,,,,,,,,,,,
opt_main_2_4,main,9.9 % biomass,9.9,1.35,2.4,min_surplus_loss,G3,biomass_trajectory_constraint,0,2030.0,-0.7051856988784518,0.0,0.7051856988784518,False,0.0001,0.0,1e-10,15.741350047855835,3.428263042070008e-16,5.823214806919114e-16,0.5887234381250308,0.0,True,Successive iterates of the objective function are closer than ftol_rel or ftol_abs. GEMSEO stopped the driver.,0.0,12,0.005526312643245567,False,11,0.0,157413500478.55835,,,1.552969421732896,,1105660710000.0002,1.1056607100000002,0.0,0.0,0.0,0.0,,,,,,,,,,,
opt_main_2_4,main,9.9 % biomass,9.9,1.35,2.4,min_surplus_loss,G3,biomass_trajectory_constraint,1,2035.0,-0.37737485109067825,0.0,0.37737485109067825,False,0.0001,0.0,1e-10,15.741350047855835,3.428263042070008e-16,5.823214806919114e-16,0.5887234381250308,0.0,True,Successive iterates of the objective function are closer than ftol_rel or ftol_abs. GEMSEO stopped the driver.,0.0,12,0.005526312643245567,False,11,0.0,157413500478.55835,,,1.9352824430911528,,1302716745000.0002,1.3027167450000003,0.0,0.0,0.0,0.0,,,,,,,,,,,
opt_main_2_4,main,9.9 % biomass,9.9,1.35,2.4,min_surplus_loss,G3,biomass_trajectory_constraint,2,2040.0,3.022648797923466e-12,0.0,3.022648797923466e-12,True,0.0001,5.378430817987653,1e-10,15.741350047855835,3.428263042070008e-16,5.823214806919114e-16,0.5887234381250308,0.0,True,Successive iterates of the objective function are closer than ftol_rel or ftol_abs. GEMSEO stopped the driver.,0.0,12,0.005526312643245567,False,11,53784308179.87653,157413500478.55835,,,2.411714024837406,,1499772780000.0,1.49977278,35.86163777414105,35861637774.14105,86.48801477353486,86488014773.53487,,,,,,,,,,,
opt_main_2_4,main,9.9 % biomass,9.9,1.35,2.4,min_surplus_loss,G3,biomass_trajectory_constraint,3,2045.0,2.842170943040401e-16,0.0,2.842170943040401e-16,True,0.0001,6.038960981025023,1e-10,15.741350047855835,3.428263042070008e-16,5.823214806919114e-16,0.5887234381250308,0.0,True,Successive iterates of the objective function are closer than ftol_rel or ftol_abs. GEMSEO stopped the driver.,0.0,12,0.005526312643245567,False,11,60389609810.25023,157413500478.55835,,,3.005434456537094,,1530442980000.0,1.53044298,39.45890869469063,39458908694.69063,118.59116380837435,118591163808.37434,,,,,,,,,,,
opt_main_2_4,main,9.9 % biomass,9.9,1.35,2.4,min_surplus_loss,G3,biomass_trajectory_constraint,4,2050.0,2.842170943040401e-16,0.0,2.842170943040401e-16,True,0.0001,3.8133034522601887,1e-10,15.741350047855835,3.428263042070008e-16,5.823214806919114e-16,0.5887234381250308,0.0,True,Successive iterates of the objective function are closer than ftol_rel or ftol_abs. GEMSEO stopped the driver.,0.0,12,0.005526312643245567,False,11,38133034522.60188,157413500478.55835,,,3.7453181345368614,,1561113180000.0,1.56111318,24.426822482276325,24426822482.276325,91.48622121198223,91486221211.98224,,,,,,,,,,,
opt_main_2_4,main,9.9 % biomass,9.9,1.35,2.4,min_surplus_loss,G4,electricity_trajectory_constraint,0,2030.0,-0.8582280536179049,0.0,0.8582280536179049,False,0.0001,0.0,1e-10,15.741350047855835,3.428263042070008e-16,5.823214806919114e-16,0.5887234381250308,0.0,True,Successive iterates of the objective function are closer than ftol_rel or ftol_abs. GEMSEO stopped the driver.,0.0,12,0.005526312643245567,False,11,0.0,157413500478.55835,,,1.552969421732896,,1065287574000.0001,1.065287574,0.0,0.0,0.0,0.0,,,,,,,,,,,
opt_main_2_4,main,9.9 % biomass,9.9,1.35,2.4,min_surplus_loss,G4,electricity_trajectory_constraint,1,2035.0,-0.7230022183780906,0.0,0.7230022183780906,False,0.0001,0.0,1e-10,15.741350047855835,3.428263042070008e-16,5.823214806919114e-16,0.5887234381250308,0.0,True,Successive iterates of the objective function are closer than ftol_rel or ftol_abs. GEMSEO stopped the driver.,0.0,12,0.005526312643245567,False,11,0.0,157413500478.55835,,,1.9352824430911528,,1356710238000.0002,1.3567102380000002,0.0,0.0,0.0,0.0,,,,,,,,,,,
opt_main_2_4,main,9.9 % biomass,9.9,1.35,2.4,min_surplus_loss,G4,electricity_trajectory_constraint,2,2040.0,-0.4326155957229536,0.0,0.4326155957229536,False,0.0001,0.0,1e-10,15.741350047855835,3.428263042070008e-16,5.823214806919114e-16,0.5887234381250308,0.0,True,Successive iterates of the objective function are closer than ftol_rel or ftol_abs. GEMSEO stopped the driver.,0.0,12,0.005526312643245567,False,11,0.0,157413500478.55835,,,2.411714024837406,,1648132902000.0002,1.6481329020000002,0.0,0.0,0.0,0.0,,,,,,,,,,,
opt_main_2_4,main,9.9 % biomass,9.9,1.35,2.4,min_surplus_loss,G4,electricity_trajectory_constraint,3,2045.0,7.105427357601002e-16,0.0,7.105427357601002e-16,True,0.0001,4.777547864844375,1e-10,15.741350047855835,3.428263042070008e-16,5.823214806919114e-16,0.5887234381250308,0.0,True,Successive iterates of the objective function are closer than ftol_rel or ftol_abs. GEMSEO stopped the driver.,0.0,12,0.005526312643245567,False,11,47775478648.44375,157413500478.55835,,,3.005434456537094,,1895265009000.0002,1.8952650090000003,25.20780915680576,25207809156.805756,75.7604182136753,75760418213.6753,,,,,,,,,,,
opt_main_2_4,main,9.9 % biomass,9.9,1.35,2.4,min_surplus_loss,G4,electricity_trajectory_constraint,4,2050.0,0.0,0.0,0.0,True,0.0001,4.333283970215863,1e-10,15.741350047855835,3.428263042070008e-16,5.823214806919114e-16,0.5887234381250308,0.0,True,Successive iterates of the objective function are closer than ftol_rel or ftol_abs. GEMSEO stopped the driver.,0.0,12,0.005526312643245567,False,11,43332839702.15863,157413500478.55835,,,3.7453181345368614,,2142397116000.0002,2.142397116,20.226334034216755,20226334034.216755,75.75405565355213,75754055653.55212,,,,,,,,,,,
opt_main_2_4,main,9.9 % biomass,9.9,1.35,2.4,min_surplus_loss,G5,biofuel_use_growth_constraint,0,2030.0,4.162920760369593e-13,0.0,4.162920760369593e-13,True,0.0001,3.5062060656827345,1e-10,15.741350047855835,3.428263042070008e-16,5.823214806919114e-16,0.5887234381250308,0.0,True,Successive iterates of the objective function are closer than ftol_rel or ftol_abs. GEMSEO stopped the driver.,0.0,12,0.005526312643245567,False,11,35062060656.82735,157413500478.55835,,,1.552969421732896,,,,,,,,volume,89799803521.1634,154900000000.0,36088527006.640396,226.35287706150643,1131764385307.532,0.0,351.51909659778494,1757595482988.9243,0.0,
opt_main_2_4,main,9.9 % biomass,9.9,1.35,2.4,min_surplus_loss,G5,biofuel_use_growth_constraint,1,2035.0,2.8255849287846996e-12,0.0,2.8255849287846996e-12,True,0.0001,1.04798595575872,1e-10,15.741350047855835,3.428263042070008e-16,5.823214806919114e-16,0.5887234381250308,0.0,True,Successive iterates of the objective function are closer than ftol_rel or ftol_abs. GEMSEO stopped the driver.,0.0,12,0.005526312643245567,False,11,10479859557.587198,157413500478.55835,,,1.9352824430911528,,,,,,,,rate,385440768000.0,154900000000.0,154900000000.00003,67.65564594956228,0.0,108655183893.06409,130.93278378217894,0.0,210278469739.08755,
opt_main_2_4,main,9.9 % biomass,9.9,1.35,2.4,min_surplus_loss,G5,biofuel_use_growth_constraint,2,2040.0,-1.5907066531697933,0.0,1.5907066531697933,False,0.0001,0.0,1e-10,15.741350047855835,3.428263042070008e-16,5.823214806919114e-16,0.5887234381250308,0.0,True,Successive iterates of the objective function are closer than ftol_rel or ftol_abs. GEMSEO stopped the driver.,0.0,12,0.005526312643245567,False,11,0.0,157413500478.55835,,,2.411714024837406,,,,,,,,rate,959099971829.7593,154900000000.0,385440767999.9998,0.0,0.0,0.0,0.0,0.0,0.0,
opt_main_2_4,main,9.9 % biomass,9.9,1.35,2.4,min_surplus_loss,G5,biofuel_use_growth_constraint,3,2045.0,-6.753714037848406,0.0,6.753714037848406,False,0.0001,0.0,1e-10,15.741350047855835,3.428263042070008e-16,5.823214806919114e-16,0.5887234381250308,0.0,True,Successive iterates of the objective function are closer than ftol_rel or ftol_abs. GEMSEO stopped the driver.,0.0,12,0.005526312643245567,False,11,0.0,157413500478.55835,,,3.005434456537094,,,,,,,,rate,1773424447841.2947,154900000000.0,712699511253.0925,0.0,0.0,0.0,0.0,0.0,0.0,
opt_main_2_4,main,9.9 % biomass,9.9,1.35,2.4,min_surplus_loss,G5,biofuel_use_growth_constraint,4,2050.0,-6.8937509422190235,0.0,6.8937509422190235,False,0.0001,0.0,1e-10,15.741350047855835,3.428263042070008e-16,5.823214806919114e-16,0.5887234381250308,0.0,True,Successive iterates of the objective function are closer than ftol_rel or ftol_abs. GEMSEO stopped the driver.,0.0,12,0.005526312643245567,False,11,0.0,157413500478.55835,,,3.7453181345368614,,,,,,,,rate,1809690796465.1177,154900000000.0,727274143383.937,0.0,0.0,0.0,0.0,0.0,0.0,
opt_main_2_4,main,9.9 % biomass,9.9,1.35,2.4,min_surplus_loss,G6,electrofuel_use_growth_constraint,0,2030.0,-0.5743138892121006,0.0,0.5743138892121006,False,0.0001,0.0,1e-10,15.741350047855835,3.428263042070008e-16,5.823214806919114e-16,0.5887234381250308,0.0,True,Successive iterates of the objective function are closer than ftol_rel or ftol_abs. GEMSEO stopped the driver.,0.0,12,0.005526312643245567,False,11,0.0,157413500478.55835,,,1.552969421732896,,,,,,,,volume,0.0,154900000000.0,0.0,0.0,0.0,0.0,0.0,0.0,0.0,
opt_main_2_4,main,9.9 % biomass,9.9,1.35,2.4,min_surplus_loss,G6,electrofuel_use_growth_constraint,1,2035.0,-1.1714120154383877e-10,0.0,1.1714120154383877e-10,True,0.0001,0.6642906880497416,1e-10,15.741350047855835,3.428263042070008e-16,5.823214806919114e-16,0.5887234381250308,0.0,True,Successive iterates of the objective function are closer than ftol_rel or ftol_abs. GEMSEO stopped the driver.,0.0,12,0.005526312643245567,False,11,6642906880.497416,157413500478.55835,,,1.9352824430911528,,,,,,,,rate,164076781477.81525,154900000000.0,65938778564.579834,42.88513157196524,0.0,29318559839.91957,82.99484220087842,0.0,56739694114.913704,
opt_main_2_4,main,9.9 % biomass,9.9,1.35,2.4,min_surplus_loss,G6,electrofuel_use_growth_constraint,2,2040.0,2.153816001502986e-10,0.0,2.153816001502986e-10,True,0.0001,0.3855421812422479,1e-10,15.741350047855835,3.428263042070008e-16,5.823214806919114e-16,0.5887234381250308,0.0,True,Successive iterates of the objective function are closer than ftol_rel or ftol_abs. GEMSEO stopped the driver.,0.0,12,0.005526312643245567,False,11,3855421812.422479,157413500478.55835,,,2.411714024837406,,,,,,,,rate,408275536886.85187,154900000000.0,164076781477.80508,24.889747013702255,0.0,42341145104.15504,60.026951947600665,0.0,102114733475.36636,
opt_main_2_4,main,9.9 % biomass,9.9,1.35,2.4,min_surplus_loss,G6,electrofuel_use_growth_constraint,3,2045.0,-1.216575041846459,0.0,1.216575041846459,False,0.0001,0.0,1e-10,15.741350047855835,3.428263042070008e-16,5.823214806919114e-16,0.5887234381250308,0.0,True,Successive iterates of the objective function are closer than ftol_rel or ftol_abs. GEMSEO stopped the driver.,0.0,12,0.005526312643245567,False,11,0.0,157413500478.55835,,,3.005434456537094,,,,,,,,rate,1015920183946.2911,154900000000.0,408275536886.8519,0.0,0.0,0.0,0.0,0.0,0.0,
opt_main_2_4,main,9.9 % biomass,9.9,1.35,2.4,min_surplus_loss,G6,electrofuel_use_growth_constraint,4,2050.0,-7.254011005470936,0.0,7.254011005470936,False,0.0001,0.0,1e-10,15.741350047855835,3.428263042070008e-16,5.823214806919114e-16,0.5887234381250308,0.0,True,Successive iterates of the objective function are closer than ftol_rel or ftol_abs. GEMSEO stopped the driver.,0.0,12,0.005526312643245567,False,11,0.0,157413500478.55835,,,3.7453181345368614,,,,,,,,rate,2059016893449.975,154900000000.0,827472709880.5521,0.0,0.0,0.0,0.0,0.0,0.0,
opt_main_2_6,main,9.9 % biomass,9.9,1.35,2.6,min_surplus_loss,G1,aviation_carbon_budget_constraint,0,,1.8696965741074775e-09,0.0,1.8696965741074775e-09,True,0.0001,57.02566386882483,1e-10,8.820338330731007,5.140872850193228e-16,8.475505448026934e-16,0.6065564917299421,0.0,True,Successive iterates of the objective function are closer than ftol_rel or ftol_abs. GEMSEO stopped the driver.,0.0,22,0.005526312643245928,False,18,570256638688.2483,88203383307.31006,2.4906431623760783,228.9595905598225,,,,,,,,,,,,,,,,,,,
opt_main_2_6,main,9.9 % biomass,9.9,1.35,2.6,min_surplus_loss,G2,blend_completeness_constraint,0,2030.0,-0.916430435559007,0.0,0.916430435559007,False,0.0001,0.0,1e-10,8.820338330731007,5.140872850193228e-16,8.475505448026934e-16,0.6065564917299421,0.0,True,Successive iterates of the objective function are closer than ftol_rel or ftol_abs. GEMSEO stopped the driver.,0.0,22,0.005526312643245928,False,18,0.0,88203383307.31006,,,1.552969421732896,,,,,,,,,,,,,,,,,,
opt_main_2_6,main,9.9 % biomass,9.9,1.35,2.6,min_surplus_loss,G2,blend_completeness_constraint,1,2035.0,-0.7310810697692276,0.0,0.7310810697692276,False,0.0001,0.0,1e-10,8.820338330731007,5.140872850193228e-16,8.475505448026934e-16,0.6065564917299421,0.0,True,Successive iterates of the objective function are closer than ftol_rel or ftol_abs. GEMSEO stopped the driver.,0.0,22,0.005526312643245928,False,18,0.0,88203383307.31006,,,1.9352824430911528,,,,,,,,,,,,,,,,,,
opt_main_2_6,main,9.9 % biomass,9.9,1.35,2.6,min_surplus_loss,G2,blend_completeness_constraint,2,2040.0,-0.4431818549912096,0.0,0.4431818549912096,False,0.0001,0.0,1e-10,8.820338330731007,5.140872850193228e-16,8.475505448026934e-16,0.6065564917299421,0.0,True,Successive iterates of the objective function are closer than ftol_rel or ftol_abs. GEMSEO stopped the driver.,0.0,22,0.005526312643245928,False,18,0.0,88203383307.31006,,,2.411714024837406,,,,,,,,,,,,,,,,,,
opt_main_2_6,main,9.9 % biomass,9.9,1.35,2.6,min_surplus_loss,G2,blend_completeness_constraint,3,2045.0,-0.18238312622771702,0.0,0.18238312622771702,False,0.0001,0.0,1e-10,8.820338330731007,5.140872850193228e-16,8.475505448026934e-16,0.6065564917299421,0.0,True,Successive iterates of the objective function are closer than ftol_rel or ftol_abs. GEMSEO stopped the driver.,0.0,22,0.005526312643245928,False,18,0.0,88203383307.31006,,,3.005434456537094,,,,,,,,,,,,,,,,,,
opt_main_2_6,main,9.9 % biomass,9.9,1.35,2.6,min_surplus_loss,G2,blend_completeness_constraint,4,2050.0,-0.005526312643245604,0.0,0.005526312643245604,False,0.0001,0.0,1e-10,8.820338330731007,5.140872850193228e-16,8.475505448026934e-16,0.6065564917299421,0.0,True,Successive iterates of the objective function are closer than ftol_rel or ftol_abs. GEMSEO stopped the driver.,0.0,22,0.005526312643245928,False,18,0.0,88203383307.31006,,,3.7453181345368614,,,,,,,,,,,,,,,,,,
opt_main_2_6,main,9.9 % biomass,9.9,1.35,2.6,min_surplus_loss,G3,biomass_trajectory_constraint,0,2030.0,-0.7051856988756167,0.0,0.7051856988756167,False,0.0001,0.0,1e-10,8.820338330731007,5.140872850193228e-16,8.475505448026934e-16,0.6065564917299421,0.0,True,Successive iterates of the objective function are closer than ftol_rel or ftol_abs. GEMSEO stopped the driver.,0.0,22,0.005526312643245928,False,18,0.0,88203383307.31006,,,1.552969421732896,,1105660710000.0002,1.1056607100000002,0.0,0.0,0.0,0.0,,,,,,,,,,,
opt_main_2_6,main,9.9 % biomass,9.9,1.35,2.6,min_surplus_loss,G3,biomass_trajectory_constraint,1,2035.0,-0.3773748510917758,0.0,0.3773748510917758,False,0.0001,0.0,1e-10,8.820338330731007,5.140872850193228e-16,8.475505448026934e-16,0.6065564917299421,0.0,True,Successive iterates of the objective function are closer than ftol_rel or ftol_abs. GEMSEO stopped the driver.,0.0,22,0.005526312643245928,False,18,0.0,88203383307.31006,,,1.9352824430911528,,1302716745000.0002,1.3027167450000003,0.0,0.0,0.0,0.0,,,,,,,,,,,
opt_main_2_6,main,9.9 % biomass,9.9,1.35,2.6,min_surplus_loss,G3,biomass_trajectory_constraint,2,2040.0,4.330993874646083e-10,0.0,4.330993874646083e-10,True,0.0001,3.1004577786383547,1e-10,8.820338330731007,5.140872850193228e-16,8.475505448026934e-16,0.6065564917299421,0.0,True,Successive iterates of the objective function are closer than ftol_rel or ftol_abs. GEMSEO stopped the driver.,0.0,22,0.005526312643245928,False,18,31004577786.383545,88203383307.31006,,,2.411714024837406,,1499772780000.0,1.49977278,20.672850047580905,20672850047.580906,49.8570023931115,49857002393.1115,,,,,,,,,,,
opt_main_2_6,main,9.9 % biomass,9.9,1.35,2.6,min_surplus_loss,G3,biomass_trajectory_constraint,3,2045.0,7.303580673578835e-10,0.0,7.303580673578835e-10,True,0.0001,3.667049395832398,1e-10,8.820338330731007,5.140872850193228e-16,8.475505448026934e-16,0.6065564917299421,0.0,True,Successive iterates of the objective function are closer than ftol_rel or ftol_abs. GEMSEO stopped the driver.,0.0,22,0.005526312643245928,False,18,36670493958.323975,88203383307.31006,,,3.005434456537094,,1530442980000.0,1.53044298,23.96070578096544,23960705780.96544,72.01233075706108,72012330757.06107,,,,,,,,,,,
opt_main_2_6,main,9.9 % biomass,9.9,1.35,2.6,min_surplus_loss,G3,biomass_trajectory_constraint,4,2050.0,-1.4210854715202004e-16,0.0,1.4210854715202004e-16,True,0.0001,2.439959731570948,1e-10,8.820338330731007,5.140872850193228e-16,8.475505448026934e-16,0.6065564917299421,0.0,True,Successive iterates of the objective function are closer than ftol_rel or ftol_abs. GEMSEO stopped the driver.,0.0,22,0.005526312643245928,False,18,24399597315.709476,88203383307.31006,,,3.7453181345368614,,1561113180000.0,1.56111318,15.629614577790878,15629614577.790878,58.53787891402187,58537878914.021866,,,,,,,,,,,
opt_main_2_6,main,9.9 % biomass,9.9,1.35,2.6,min_surplus_loss,G4,electricity_trajectory_constraint,0,2030.0,-0.9999999601477602,0.0,0.9999999601477602,False,0.0001,0.0,1e-10,8.820338330731007,5.140872850193228e-16,8.475505448026934e-16,0.6065564917299421,0.0,True,Successive iterates of the objective function are closer than ftol_rel or ftol_abs. GEMSEO stopped the driver.,0.0,22,0.005526312643245928,False,18,0.0,88203383307.31006,,,1.552969421732896,,1065287574000.0001,1.065287574,0.0,0.0,0.0,0.0,,,,,,,,,,,
opt_main_2_6,main,9.9 % biomass,9.9,1.35,2.6,min_surplus_loss,G4,electricity_trajectory_constraint,1,2035.0,-0.8271967135616413,0.0,0.8271967135616413,False,0.0001,0.0,1e-10,8.820338330731007,5.140872850193228e-16,8.475505448026934e-16,0.6065564917299421,0.0,True,Successive iterates of the objective function are closer than ftol_rel or ftol_abs. GEMSEO stopped the driver.,0.0,22,0.005526312643245928,False,18,0.0,88203383307.31006,,,1.9352824430911528,,1356710238000.0002,1.3567102380000002,0.0,0.0,0.0,0.0,,,,,,,,,,,
opt_main_2_6,main,9.9 % biomass,9.9,1.35,2.6,min_surplus_loss,G4,electricity_trajectory_constraint,2,2040.0,-0.6460408902106439,0.0,0.6460408902106439,False,0.0001,0.0,1e-10,8.820338330731007,5.140872850193228e-16,8.475505448026934e-16,0.6065564917299421,0.0,True,Successive iterates of the objective function are closer than ftol_rel or ftol_abs. GEMSEO stopped the driver.,0.0,22,0.005526312643245928,False,18,0.0,88203383307.31006,,,2.411714024837406,,1648132902000.0002,1.6481329020000002,0.0,0.0,0.0,0.0,,,,,,,,,,,
opt_main_2_6,main,9.9 % biomass,9.9,1.35,2.6,min_surplus_loss,G4,electricity_trajectory_constraint,3,2045.0,-0.23408317077217702,0.0,0.23408317077217702,False,0.0001,0.0,1e-10,8.820338330731007,5.140872850193228e-16,8.475505448026934e-16,0.6065564917299421,0.0,True,Successive iterates of the objective function are closer than ftol_rel or ftol_abs. GEMSEO stopped the driver.,0.0,22,0.005526312643245928,False,18,0.0,88203383307.31006,,,3.005434456537094,,1895265009000.0002,1.8952650090000003,0.0,0.0,0.0,0.0,,,,,,,,,,,
opt_main_2_6,main,9.9 % biomass,9.9,1.35,2.6,min_surplus_loss,G4,electricity_trajectory_constraint,4,2050.0,0.0,0.0,0.0,True,0.0001,1.9741564653769108,1e-10,8.820338330731007,5.140872850193228e-16,8.475505448026934e-16,0.6065564917299421,0.0,True,Successive iterates of the objective function are closer than ftol_rel or ftol_abs. GEMSEO stopped the driver.,0.0,22,0.005526312643245928,False,18,19741564653.769108,88203383307.31006,,,3.7453181345368614,,2142397116000.0002,2.142397116,9.214708377981735,9214708377.981735,34.51201439252374,34512014392.52374,,,,,,,,,,,
opt_main_2_6,main,9.9 % biomass,9.9,1.35,2.6,min_surplus_loss,G5,biofuel_use_growth_constraint,0,2030.0,-4.038801494916075e-14,0.0,4.038801494916075e-14,True,0.0001,1.7393377959644125,1e-10,8.820338330731007,5.140872850193228e-16,8.475505448026934e-16,0.6065564917299421,0.0,True,Successive iterates of the objective function are closer than ftol_rel or ftol_abs. GEMSEO stopped the driver.,0.0,22,0.005526312643245928,False,18,17393377959.644123,88203383307.31006,,,1.552969421732896,,,,,,,,volume,89799803521.1634,154900000000.0,36088527006.640396,112.28778540764444,561438927038.222,0.0,174.37949717217708,871897485860.8853,0.0,
opt_main_2_6,main,9.9 % biomass,9.9,1.35,2.6,min_surplus_loss,G5,biofuel_use_growth_constraint,1,2035.0,1.8604098788532924e-11,0.0,1.8604098788532924e-11,True,0.0001,0.5449374098821602,1e-10,8.820338330731007,5.140872850193228e-16,8.475505448026934e-16,0.6065564917299421,0.0,True,Successive iterates of the objective function are closer than ftol_rel or ftol_abs. GEMSEO stopped the driver.,0.0,22,0.005526312643245928,False,18,5449374098.821602,88203383307.31006,,,1.9352824430911528,,,,,,,,rate,385440767999.99994,154900000000.0,154900000000.0,35.17994899174695,0.0,56499110656.58237,68.08313763257017,0.0,109341736903.9481,
opt_main_2_6,main,9.9 % biomass,9.9,1.35,2.6,min_surplus_loss,G5,biofuel_use_growth_constraint,2,2040.0,-1.5907066512214092,0.0,1.5907066512214092,False,0.0001,0.0,1e-10,8.820338330731007,5.140872850193228e-16,8.475505448026934e-16,0.6065564917299421,0.0,True,Successive iterates of the objective function are closer than ftol_rel or ftol_abs. GEMSEO stopped the driver.,0.0,22,0.005526312643245928,False,18,0.0,88203383307.31006,,,2.411714024837406,,,,,,,,rate,959099971829.7595,154900000000.0,385440767999.9999,0.0,0.0,0.0,0.0,0.0,0.0,
opt_main_2_6,main,9.9 % biomass,9.9,1.35,2.6,min_surplus_loss,G5,biofuel_use_growth_constraint,3,2045.0,-6.753714039351395,0.0,6.753714039351395,False,0.0001,0.0,1e-10,8.820338330731007,5.140872850193228e-16,8.475505448026934e-16,0.6065564917299421,0.0,True,Successive iterates of the objective function are closer than ftol_rel or ftol_abs. GEMSEO stopped the driver.,0.0,22,0.005526312643245928,False,18,0.0,88203383307.31006,,,3.005434456537094,,,,,,,,rate,1773424447843.6167,154900000000.0,712699511254.0256,0.0,0.0,0.0,0.0,0.0,0.0,
opt_main_2_6,main,9.9 % biomass,9.9,1.35,2.6,min_surplus_loss,G5,biofuel_use_growth_constraint,4,2050.0,-6.89375095076858,0.0,6.89375095076858,False,0.0001,0.0,1e-10,8.820338330731007,5.140872850193228e-16,8.475505448026934e-16,0.6065564917299421,0.0,True,Successive iterates of the objective function are closer than ftol_rel or ftol_abs. GEMSEO stopped the driver.,0.0,22,0.005526312643245928,False,18,0.0,88203383307.31006,,,3.7453181345368614,,,,,,,,rate,1809690796467.723,154900000000.0,727274143384.984,0.0,0.0,0.0,0.0,0.0,0.0,
opt_main_2_6,main,9.9 % biomass,9.9,1.35,2.6,min_surplus_loss,G6,electrofuel_use_growth_constraint,0,2030.0,-0.9999998803391968,0.0,0.9999998803391968,False,0.0001,0.0,1e-10,8.820338330731007,5.140872850193228e-16,8.475505448026934e-16,0.6065564917299421,0.0,True,Successive iterates of the objective function are closer than ftol_rel or ftol_abs. GEMSEO stopped the driver.,0.0,22,0.005526312643245928,False,18,0.0,88203383307.31006,,,1.552969421732896,,,,,,,,volume,0.0,154900000000.0,0.0,0.0,0.0,0.0,0.0,0.0,0.0,
opt_main_2_6,main,9.9 % biomass,9.9,1.35,2.6,min_surplus_loss,G6,electrofuel_use_growth_constraint,1,2035.0,-0.3391978956390463,0.0,0.3391978956390463,False,0.0001,0.0,1e-10,8.820338330731007,5.140872850193228e-16,8.475505448026934e-16,0.6065564917299421,0.0,True,Successive iterates of the objective function are closer than ftol_rel or ftol_abs. GEMSEO stopped the driver.,0.0,22,0.005526312643245928,False,18,0.0,88203383307.31006,,,1.9352824430911528,,,,,,,,volume,46122.15185298531,154900000000.0,18535.458402852255,0.0,0.0,0.0,0.0,0.0,0.0,
opt_main_2_6,main,9.9 % biomass,9.9,1.35,2.6,min_surplus_loss,G6,electrofuel_use_growth_constraint,2,2040.0,-2.5642830225019165e-08,0.0,2.5642830225019165e-08,True,0.0001,0.354268240193919,1e-10,8.820338330731007,5.140872850193228e-16,8.475505448026934e-16,0.6065564917299421,0.0,True,Successive iterates of the objective function are closer than ftol_rel or ftol_abs. GEMSEO stopped the driver.,0.0,22,0.005526312643245928,False,18,3542682401.93919,88203383307.31006,,,2.411714024837406,,,,,,,,rate,254700070526.36584,154900000000.0,102358245935.55728,22.870770832402773,0.0,24271612266.68891,55.157758775348036,0.0,58536187708.989265,
opt_main_2_6,main,9.9 % biomass,9.9,1.35,2.6,min_surplus_loss,G6,electrofuel_use_growth_constraint,3,2045.0,2.8607711250201745e-08,0.0,2.8607711250201745e-08,True,0.0001,0.2337892014523528,1e-10,8.820338330731007,5.140872850193228e-16,8.475505448026934e-16,0.6065564917299421,0.0,True,Successive iterates of the objective function are closer than ftol_rel or ftol_abs. GEMSEO stopped the driver.,0.0,22,0.005526312643245928,False,18,2337892014.523528,88203383307.31006,,,3.005434456537094,,,,,,,,rate,633775279492.1665,154900000000.0,254700070526.36584,15.09291164960315,0.0,39856309579.4909,45.36075672118742,0.0,119785526120.6114,
opt_main_2_6,main,9.9 % biomass,9.9,1.35,2.6,min_surplus_loss,G6,electrofuel_use_growth_constraint,4,2050.0,-4.142447396110189,0.0,4.142447396110189,False,0.0001,0.0,1e-10,8.820338330731007,5.140872850193228e-16,8.475505448026934e-16,0.6065564917299421,0.0,True,Successive iterates of the objective function are closer than ftol_rel or ftol_abs. GEMSEO stopped the driver.,0.0,22,0.005526312643245928,False,18,0.0,88203383307.31006,,,3.7453181345368614,,,,,,,,rate,1577035703465.947,154900000000.0,633775279492.1664,0.0,0.0,0.0,0.0,0.0,0.0,
opt_main_2_8,main,9.9 % biomass,9.9,1.35,2.8,min_surplus_loss,G1,aviation_carbon_budget_constraint,0,,2.686671757407403e-07,0.0,2.686671757407403e-07,True,0.0001,57.84448209222502,1e-10,2.8795859095508365,1.2123222710197603e-16,1.9559576100144914e-16,0.6198100944584266,0.0,True,Successive iterates of the objective function are closer than ftol_rel or ftol_abs. GEMSEO stopped the driver.,0.0,20,0.005526312641185994,False,19,578444820922.2502,28795859095.508366,2.738231998588134,211.24755726341067,,,,,,,,,,,,,,,,,,,
opt_main_2_8,main,9.9 % biomass,9.9,1.35,2.8,min_surplus_loss,G2,blend_completeness_constraint,0,2030.0,-0.9164304355590042,0.0,0.9164304355590042,False,0.0001,0.0,1e-10,2.8795859095508365,1.2123222710197603e-16,1.9559576100144914e-16,0.6198100944584266,0.0,True,Successive iterates of the objective function are closer than ftol_rel or ftol_abs. GEMSEO stopped the driver.,0.0,20,0.005526312641185994,False,19,0.0,28795859095.508366,,,1.552969421732896,,,,,,,,,,,,,,,,,,
opt_main_2_8,main,9.9 % biomass,9.9,1.35,2.8,min_surplus_loss,G2,blend_completeness_constraint,1,2035.0,-0.7934975672054766,0.0,0.7934975672054766,False,0.0001,0.0,1e-10,2.8795859095508365,1.2123222710197603e-16,1.9559576100144914e-16,0.6198100944584266,0.0,True,Successive iterates of the objective function are closer than ftol_rel or ftol_abs. GEMSEO stopped the driver.,0.0,20,0.005526312641185994,False,19,0.0,28795859095.508366,,,1.9352824430911528,,,,,,,,,,,,,,,,,,
opt_main_2_8,main,9.9 % biomass,9.9,1.35,2.8,min_surplus_loss,G2,blend_completeness_constraint,2,2040.0,-0.5150952475266535,0.0,0.5150952475266535,False,0.0001,0.0,1e-10,2.8795859095508365,1.2123222710197603e-16,1.9559576100144914e-16,0.6198100944584266,0.0,True,Successive iterates of the objective function are closer than ftol_rel or ftol_abs. GEMSEO stopped the driver.,0.0,20,0.005526312641185994,False,19,0.0,28795859095.508366,,,2.411714024837406,,,,,,,,,,,,,,,,,,
opt_main_2_8,main,9.9 % biomass,9.9,1.35,2.8,min_surplus_loss,G2,blend_completeness_constraint,3,2045.0,-0.3731678499103501,0.0,0.3731678499103501,False,0.0001,0.0,1e-10,2.8795859095508365,1.2123222710197603e-16,1.9559576100144914e-16,0.6198100944584266,0.0,True,Successive iterates of the objective function are closer than ftol_rel or ftol_abs. GEMSEO stopped the driver.,0.0,20,0.005526312641185994,False,19,0.0,28795859095.508366,,,3.005434456537094,,,,,,,,,,,,,,,,,,
opt_main_2_8,main,9.9 % biomass,9.9,1.35,2.8,min_surplus_loss,G2,blend_completeness_constraint,4,2050.0,-0.005526319489002134,0.0,0.005526319489002134,False,0.0001,0.0,1e-10,2.8795859095508365,1.2123222710197603e-16,1.9559576100144914e-16,0.6198100944584266,0.0,True,Successive iterates of the objective function are closer than ftol_rel or ftol_abs. GEMSEO stopped the driver.,0.0,20,0.005526312641185994,False,19,0.0,28795859095.508366,,,3.7453181345368614,,,,,,,,,,,,,,,,,,
opt_main_2_8,main,9.9 % biomass,9.9,1.35,2.8,min_surplus_loss,G3,biomass_trajectory_constraint,0,2030.0,-0.7051856988756073,0.0,0.7051856988756073,False,0.0001,0.0,1e-10,2.8795859095508365,1.2123222710197603e-16,1.9559576100144914e-16,0.6198100944584266,0.0,True,Successive iterates of the objective function are closer than ftol_rel or ftol_abs. GEMSEO stopped the driver.,0.0,20,0.005526312641185994,False,19,0.0,28795859095.508366,,,1.552969421732896,,1105660710000.0002,1.1056607100000002,0.0,0.0,0.0,0.0,,,,,,,,,,,
opt_main_2_8,main,9.9 % biomass,9.9,1.35,2.8,min_surplus_loss,G3,biomass_trajectory_constraint,1,2035.0,-0.37737482940428324,0.0,0.37737482940428324,False,0.0001,0.0,1e-10,2.8795859095508365,1.2123222710197603e-16,1.9559576100144914e-16,0.6198100944584266,0.0,True,Successive iterates of the objective function are closer than ftol_rel or ftol_abs. GEMSEO stopped the driver.,0.0,20,0.005526312641185994,False,19,0.0,28795859095.508366,,,1.9352824430911528,,1302716745000.0002,1.3027167450000003,0.0,0.0,0.0,0.0,,,,,,,,,,,
opt_main_2_8,main,9.9 % biomass,9.9,1.35,2.8,min_surplus_loss,G3,biomass_trajectory_constraint,2,2040.0,4.6171433609742965e-09,0.0,4.6171433609742965e-09,True,0.0001,2.679724269122069,1e-10,2.8795859095508365,1.2123222710197603e-16,1.9559576100144914e-16,0.6198100944584266,0.0,True,Successive iterates of the objective function are closer than ftol_rel or ftol_abs. GEMSEO stopped the driver.,0.0,20,0.005526312641185994,False,19,26797242691.220688,28795859095.508366,,,2.411714024837406,,1499772780000.0,1.49977278,17.867535035020897,17867535035.020897,43.091384833233604,43091384833.233604,,,,,,,,,,,
opt_main_2_8,main,9.9 % biomass,9.9,1.35,2.8,min_surplus_loss,G3,biomass_trajectory_constraint,3,2045.0,2.5239185248437934e-08,0.0,2.5239185248437934e-08,True,0.0001,3.1902545590011906,1e-10,2.8795859095508365,1.2123222710197603e-16,1.9559576100144914e-16,0.6198100944584266,0.0,True,Successive iterates of the objective function are closer than ftol_rel or ftol_abs. GEMSEO stopped the driver.,0.0,20,0.005526312641185994,False,19,31902545590.011906,28795859095.508366,,,3.005434456537094,,1530442980000.0,1.53044298,20.8453016590085,20845301659.008495,62.64918786289399,62649187862.89398,,,,,,,,,,,
opt_main_2_8,main,9.9 % biomass,9.9,1.35,2.8,min_surplus_loss,G3,biomass_trajectory_constraint,4,2050.0,7.716130312473979e-10,0.0,7.716130312473979e-10,True,0.0001,2.175757252592665,1e-10,2.8795859095508365,1.2123222710197603e-16,1.9559576100144914e-16,0.6198100944584266,0.0,True,Successive iterates of the objective function are closer than ftol_rel or ftol_abs. GEMSEO stopped the driver.,0.0,20,0.005526312641185994,False,19,21757572525.926647,28795859095.508366,,,3.7453181345368614,,1561113180000.0,1.56111318,13.937216599456708,13937216599.456707,52.19931007491338,52199310074.913376,,,,,,,,,,,
opt_main_2_8,main,9.9 % biomass,9.9,1.35,2.8,min_surplus_loss,G4,electricity_trajectory_constraint,0,2030.0,-0.9999999601477602,0.0,0.9999999601477602,False,0.0001,0.0,1e-10,2.8795859095508365,1.2123222710197603e-16,1.9559576100144914e-16,0.6198100944584266,0.0,True,Successive iterates of the objective function are closer than ftol_rel or ftol_abs. GEMSEO stopped the driver.,0.0,20,0.005526312641185994,False,19,0.0,28795859095.508366,,,1.552969421732896,,1065287574000.0001,1.065287574,0.0,0.0,0.0,0.0,,,,,,,,,,,
opt_main_2_8,main,9.9 % biomass,9.9,1.35,2.8,min_surplus_loss,G4,electricity_trajectory_constraint,1,2035.0,-0.999999968489037,0.0,0.999999968489037,False,0.0001,0.0,1e-10,2.8795859095508365,1.2123222710197603e-16,1.9559576100144914e-16,0.6198100944584266,0.0,True,Successive iterates of the objective function are closer than ftol_rel or ftol_abs. GEMSEO stopped the driver.,0.0,20,0.005526312641185994,False,19,0.0,28795859095.508366,,,1.9352824430911528,,1356710238000.0002,1.3567102380000002,0.0,0.0,0.0,0.0,,,,,,,,,,,
opt_main_2_8,main,9.9 % biomass,9.9,1.35,2.8,min_surplus_loss,G4,electricity_trajectory_constraint,2,2040.0,-0.7891331437221709,0.0,0.7891331437221709,False,0.0001,0.0,1e-10,2.8795859095508365,1.2123222710197603e-16,1.9559576100144914e-16,0.6198100944584266,0.0,True,Successive iterates of the objective function are closer than ftol_rel or ftol_abs. GEMSEO stopped the driver.,0.0,20,0.005526312641185994,False,19,0.0,28795859095.508366,,,2.411714024837406,,1648132902000.0002,1.6481329020000002,0.0,0.0,0.0,0.0,,,,,,,,,,,
opt_main_2_8,main,9.9 % biomass,9.9,1.35,2.8,min_surplus_loss,G4,electricity_trajectory_constraint,3,2045.0,-0.5437147406738976,0.0,0.5437147406738976,False,0.0001,0.0,1e-10,2.8795859095508365,1.2123222710197603e-16,1.9559576100144914e-16,0.6198100944584266,0.0,True,Successive iterates of the objective function are closer than ftol_rel or ftol_abs. GEMSEO stopped the driver.,0.0,20,0.005526312641185994,False,19,0.0,28795859095.508366,,,3.005434456537094,,1895265009000.0002,1.8952650090000003,0.0,0.0,0.0,0.0,,,,,,,,,,,
opt_main_2_8,main,9.9 % biomass,9.9,1.35,2.8,min_surplus_loss,G4,electricity_trajectory_constraint,4,2050.0,-9.887462226743083e-09,0.0,9.887462226743083e-09,True,0.0001,1.5158953747029056,1e-10,2.8795859095508365,1.2123222710197603e-16,1.9559576100144914e-16,0.6198100944584266,0.0,True,Successive iterates of the objective function are closer than ftol_rel or ftol_abs. GEMSEO stopped the driver.,0.0,20,0.005526312641185994,False,19,15158953747.029055,28795859095.508366,,,3.7453181345368614,,2142397116000.0002,2.142397116,7.075697420341866,7075697420.3418665,26.50073786290208,26500737862.90208,,,,,,,,,,,
opt_main_2_8,main,9.9 % biomass,9.9,1.35,2.8,min_surplus_loss,G5,biofuel_use_growth_constraint,0,2030.0,-8.471632403970304e-15,0.0,8.471632403970304e-15,True,0.0001,1.3832033316733199,1e-10,2.8795859095508365,1.2123222710197603e-16,1.9559576100144914e-16,0.6198100944584266,0.0,True,Successive iterates of the objective function are closer than ftol_rel or ftol_abs. GEMSEO stopped the driver.,0.0,20,0.005526312641185994,False,19,13832033316.733198,28795859095.508366,,,1.552969421732896,,,,,,,,volume,89799803521.1634,154900000000.0,36088527006.640396,89.29653529201548,446482676460.07733,0.0,138.6747887751924,693373943875.962,0.0,
opt_main_2_8,main,9.9 % biomass,9.9,1.35,2.8,min_surplus_loss,G5,biofuel_use_growth_constraint,1,2035.0,8.66662818312722e-08,0.0,8.66662818312722e-08,True,0.0001,0.4471408055804247,1e-10,2.8795859095508365,1.2123222710197603e-16,1.9559576100144914e-16,0.6198100944584266,0.0,True,Successive iterates of the objective function are closer than ftol_rel or ftol_abs. GEMSEO stopped the driver.,0.0,20,0.005526312641185994,False,19,4471408055.804247,28795859095.508366,,,1.9352824430911528,,,,,,,,rate,385440767999.9995,154900000000.0,154899999999.99985,28.866417403513537,0.0,46359558722.578384,55.86467079596065,0.0,89718840065.25926,
opt_main_2_8,main,9.9 % biomass,9.9,1.35,2.8,min_surplus_loss,G5,biofuel_use_growth_constraint,2,2040.0,-1.5907068475761998,0.0,1.5907068475761998,False,0.0001,0.0,1e-10,2.8795859095508365,1.2123222710197603e-16,1.9559576100144914e-16,0.6198100944584266,0.0,True,Successive iterates of the objective function are closer than ftol_rel or ftol_abs. GEMSEO stopped the driver.,0.0,20,0.005526312641185994,False,19,0.0,28795859095.508366,,,2.411714024837406,,,,,,,,rate,959099971829.7557,154900000000.0,385440767999.99835,0.0,0.0,0.0,0.0,0.0,0.0,
opt_main_2_8,main,9.9 % biomass,9.9,1.35,2.8,min_surplus_loss,G5,biofuel_use_growth_constraint,3,2045.0,-6.753713972174776,0.0,6.753713972174776,False,0.0001,0.0,1e-10,2.8795859095508365,1.2123222710197603e-16,1.9559576100144914e-16,0.6198100944584266,0.0,True,Successive iterates of the objective function are closer than ftol_rel or ftol_abs. GEMSEO stopped the driver.,0.0,20,0.005526312641185994,False,19,0.0,28795859095.508366,,,3.005434456537094,,,,,,,,rate,1773424447844.2517,154900000000.0,712699511254.2809,0.0,0.0,0.0,0.0,0.0,0.0,
opt_main_2_8,main,9.9 % biomass,9.9,1.35,2.8,min_surplus_loss,G5,biofuel_use_growth_constraint,4,2050.0,-6.893751233428693,0.0,6.893751233428693,False,0.0001,0.0,1e-10,2.8795859095508365,1.2123222710197603e-16,1.9559576100144914e-16,0.6198100944584266,0.0,True,Successive iterates of the objective function are closer than ftol_rel or ftol_abs. GEMSEO stopped the driver.,0.0,20,0.005526312641185994,False,19,0.0,28795859095.508366,,,3.7453181345368614,,,,,,,,rate,1809690796472.0583,154900000000.0,727274143386.7263,0.0,0.0,0.0,0.0,0.0,0.0,
opt_main_2_8,main,9.9 % biomass,9.9,1.35,2.8,min_surplus_loss,G6,electrofuel_use_growth_constraint,0,2030.0,-0.9999998803391968,0.0,0.9999998803391968,False,0.0001,0.0,1e-10,2.8795859095508365,1.2123222710197603e-16,1.9559576100144914e-16,0.6198100944584266,0.0,True,Successive iterates of the objective function are closer than ftol_rel or ftol_abs. GEMSEO stopped the driver.,0.0,20,0.005526312641185994,False,19,0.0,28795859095.508366,,,1.552969421732896,,,,,,,,volume,0.0,154900000000.0,0.0,0.0,0.0,0.0,0.0,0.0,0.0,
opt_main_2_8,main,9.9 % biomass,9.9,1.35,2.8,min_surplus_loss,G6,electrofuel_use_growth_constraint,1,2035.0,-0.9999998795016517,0.0,0.9999998795016517,False,0.0001,0.0,1e-10,2.8795859095508365,1.2123222710197603e-16,1.9559576100144914e-16,0.6198100944584266,0.0,True,Successive iterates of the objective function are closer than ftol_rel or ftol_abs. GEMSEO stopped the driver.,0.0,20,0.005526312641185994,False,19,0.0,28795859095.508366,,,1.9352824430911528,,,,,,,,volume,46122.15185042501,154900000000.0,18535.45840182333,0.0,0.0,0.0,0.0,0.0,0.0,
opt_main_2_8,main,9.9 % biomass,9.9,1.35,2.8,min_surplus_loss,G6,electrofuel_use_growth_constraint,2,2040.0,-0.020435878099878853,0.0,0.020435878099878853,False,0.0001,0.0,1e-10,2.8795859095508365,1.2123222710197603e-16,1.9559576100144914e-16,0.6198100944584266,0.0,True,Successive iterates of the objective function are closer than ftol_rel or ftol_abs. GEMSEO stopped the driver.,0.0,20,0.005526312641185994,False,19,0.0,28795859095.508366,,,2.411714024837406,,,,,,,,volume,46444.97597206805,154900000000.0,18665.19417601758,0.0,0.0,0.0,0.0,0.0,0.0,
opt_main_2_8,main,9.9 % biomass,9.9,1.35,2.8,min_surplus_loss,G6,electrofuel_use_growth_constraint,3,2045.0,-2.2429687543343234e-06,0.0,2.2429687543343234e-06,True,0.0001,0.13191060325910203,1e-10,2.8795859095508365,1.2123222710197603e-16,1.9559576100144914e-16,0.6198100944584266,0.0,True,Successive iterates of the objective function are closer than ftol_rel or ftol_abs. GEMSEO stopped the driver.,0.0,20,0.005526312641185994,False,19,1319106032.5910203,28795859095.508366,,,3.005434456537094,,,,,,,,rate,377564680371.0158,154900000000.0,151734777026.675,8.515855600974954,0.0,13397026241.94931,25.59384585006453,0.0,40263884282.68611,
opt_main_2_8,main,9.9 % biomass,9.9,1.35,2.8,min_surplus_loss,G6,electrofuel_use_growth_constraint,4,2050.0,-0.026652535394265042,0.0,0.026652535394265042,False,0.0001,0.0,1e-10,2.8795859095508365,1.2123222710197603e-16,1.9559576100144914e-16,0.6198100944584266,0.0,True,Successive iterates of the objective function are closer than ftol_rel or ftol_abs. GEMSEO stopped the driver.,0.0,20,0.005526312641185994,False,19,0.0,28795859095.508366,,,3.7453181345368614,,,,,,,,rate,939501745460.8203,154900000000.0,377564680371.0216,0.0,0.0,0.0,0.0,0.0,0.0,
opt_main_3_0,main,9.9 % biomass,9.9,1.35,3.0,min_surplus_loss,G1,aviation_carbon_budget_constraint,0,,3.5961409503698255e-05,0.0,3.5961409503698255e-05,True,0.0001,62.64590440109336,1e-10,-1.656826818974878,0.04971686903270555,0.0794614869080434,0.6256725234734188,0.0,True,Successive iterates of the objective function are closer than ftol_rel or ftol_abs. GEMSEO stopped the driver.,0.0,21,0.2853591093206735,False,20,626459044010.9336,-16568268189.74878,2.985820834800208,209.81133117883553,,,,,,,,,,,,,,,,,,,
opt_main_3_0,main,9.9 % biomass,9.9,1.35,3.0,min_surplus_loss,G2,blend_completeness_constraint,0,2030.0,-0.9164304355589812,0.0,0.9164304355589812,False,0.0001,0.0,1e-10,-1.656826818974878,0.04971686903270555,0.0794614869080434,0.6256725234734188,0.0,True,Successive iterates of the objective function are closer than ftol_rel or ftol_abs. GEMSEO stopped the driver.,0.0,21,0.2853591093206735,False,20,0.0,-16568268189.74878,,,1.552969421732896,,,,,,,,,,,,,,,,,,
opt_main_3_0,main,9.9 % biomass,9.9,1.35,3.0,min_surplus_loss,G2,blend_completeness_constraint,1,2035.0,-0.7934975746673374,0.0,0.7934975746673374,False,0.0001,0.0,1e-10,-1.656826818974878,0.04971686903270555,0.0794614869080434,0.6256725234734188,0.0,True,Successive iterates of the objective function are closer than ftol_rel or ftol_abs. GEMSEO stopped the driver.,0.0,21,0.2853591093206735,False,20,0.0,-16568268189.74878,,,1.9352824430911528,,,,,,,,,,,,,,,,,,
opt_main_3_0,main,9.9 % biomass,9.9,1.35,3.0,min_surplus_loss,G2,blend_completeness_constraint,2,2040.0,-0.5570249031230009,0.0,0.5570249031230009,False,0.0001,0.0,1e-10,-1.656826818974878,0.04971686903270555,0.0794614869080434,0.6256725234734188,0.0,True,Successive iterates of the objective function are closer than ftol_rel or ftol_abs. GEMSEO stopped the driver.,0.0,21,0.2853591093206735,False,20,0.0,-16568268189.74878,,,2.411714024837406,,,,,,,,,,,,,,,,,,
opt_main_3_0,main,9.9 % biomass,9.9,1.35,3.0,min_surplus_loss,G2,blend_completeness_constraint,3,2045.0,-0.47928226874926527,0.0,0.47928226874926527,False,0.0001,0.0,1e-10,-1.656826818974878,0.04971686903270555,0.0794614869080434,0.6256725234734188,0.0,True,Successive iterates of the objective function are closer than ftol_rel or ftol_abs. GEMSEO stopped the driver.,0.0,21,0.2853591093206735,False,20,0.0,-16568268189.74878,,,3.005434456537094,,,,,,,,,,,,,,,,,,
opt_main_3_0,main,9.9 % biomass,9.9,1.35,3.0,min_surplus_loss,G2,blend_completeness_constraint,4,2050.0,-0.2855364344094389,0.0,0.2855364344094389,False,0.0001,0.0,1e-10,-1.656826818974878,0.04971686903270555,0.0794614869080434,0.6256725234734188,0.0,True,Successive iterates of the objective function are closer than ftol_rel or ftol_abs. GEMSEO stopped the driver.,0.0,21,0.2853591093206735,False,20,0.0,-16568268189.74878,,,3.7453181345368614,,,,,,,,,,,,,,,,,,
opt_main_3_0,main,9.9 % biomass,9.9,1.35,3.0,min_surplus_loss,G3,biomass_trajectory_constraint,0,2030.0,-0.7051856988749491,0.0,0.7051856988749491,False,0.0001,0.0,1e-10,-1.656826818974878,0.04971686903270555,0.0794614869080434,0.6256725234734188,0.0,True,Successive iterates of the objective function are closer than ftol_rel or ftol_abs. GEMSEO stopped the driver.,0.0,21,0.2853591093206735,False,20,0.0,-16568268189.74878,,,1.552969421732896,,1105660710000.0002,1.1056607100000002,0.0,0.0,0.0,0.0,,,,,,,,,,,
opt_main_3_0,main,9.9 % biomass,9.9,1.35,3.0,min_surplus_loss,G3,biomass_trajectory_constraint,1,2035.0,-0.3773748510887248,0.0,0.3773748510887248,False,0.0001,0.0,1e-10,-1.656826818974878,0.04971686903270555,0.0794614869080434,0.6256725234734188,0.0,True,Successive iterates of the objective function are closer than ftol_rel or ftol_abs. GEMSEO stopped the driver.,0.0,21,0.2853591093206735,False,20,0.0,-16568268189.74878,,,1.9352824430911528,,1302716745000.0002,1.3027167450000003,0.0,0.0,0.0,0.0,,,,,,,,,,,
opt_main_3_0,main,9.9 % biomass,9.9,1.35,3.0,min_surplus_loss,G3,biomass_trajectory_constraint,2,2040.0,5.64411413677135e-07,0.0,5.64411413677135e-07,True,0.0001,2.945711715847167,1e-10,-1.656826818974878,0.04971686903270555,0.0794614869080434,0.6256725234734188,0.0,True,Successive iterates of the objective function are closer than ftol_rel or ftol_abs. GEMSEO stopped the driver.,0.0,21,0.2853591093206735,False,20,29457117158.47167,-16568268189.74878,,,2.411714024837406,,1499772780000.0,1.49977278,19.641053332406575,19641053332.406574,47.3686037843444,47368603784.3444,,,,,,,,,,,
opt_main_3_0,main,9.9 % biomass,9.9,1.35,3.0,min_surplus_loss,G3,biomass_trajectory_constraint,3,2045.0,2.746620834273017e-06,0.0,2.746620834273017e-06,True,0.0001,3.1177597569592117,1e-10,-1.656826818974878,0.04971686903270555,0.0794614869080434,0.6256725234734188,0.0,True,Successive iterates of the objective function are closer than ftol_rel or ftol_abs. GEMSEO stopped the driver.,0.0,21,0.2853591093206735,False,20,31177597569.592117,-16568268189.74878,,,3.005434456537094,,1530442980000.0,1.53044298,20.37161656920542,20371616569.205418,61.22555837245195,61225558372.45194,,,,,,,,,,,
opt_main_3_0,main,9.9 % biomass,9.9,1.35,3.0,min_surplus_loss,G3,biomass_trajectory_constraint,4,2050.0,1.2205178795596793e-05,0.0,1.2205178795596793e-05,True,0.0001,1.9980007258338959,1e-10,-1.656826818974878,0.04971686903270555,0.0794614869080434,0.6256725234734188,0.0,True,Successive iterates of the objective function are closer than ftol_rel or ftol_abs. GEMSEO stopped the driver.,0.0,21,0.2853591093206735,False,20,19980007258.33896,-16568268189.74878,,,3.7453181345368614,,1561113180000.0,1.56111318,12.798564200411759,12798564200.411758,47.934694595836426,47934694595.836426,,,,,,,,,,,
opt_main_3_0,main,9.9 % biomass,9.9,1.35,3.0,min_surplus_loss,G4,electricity_trajectory_constraint,0,2030.0,-0.9999999601477385,0.0,0.9999999601477385,False,0.0001,0.0,1e-10,-1.656826818974878,0.04971686903270555,0.0794614869080434,0.6256725234734188,0.0,True,Successive iterates of the objective function are closer than ftol_rel or ftol_abs. GEMSEO stopped the driver.,0.0,21,0.2853591093206735,False,20,0.0,-16568268189.74878,,,1.552969421732896,,1065287574000.0001,1.065287574,0.0,0.0,0.0,0.0,,,,,,,,,,,
opt_main_3_0,main,9.9 % biomass,9.9,1.35,3.0,min_surplus_loss,G4,electricity_trajectory_constraint,1,2035.0,-0.9999999684890138,0.0,0.9999999684890138,False,0.0001,0.0,1e-10,-1.656826818974878,0.04971686903270555,0.0794614869080434,0.6256725234734188,0.0,True,Successive iterates of the objective function are closer than ftol_rel or ftol_abs. GEMSEO stopped the driver.,0.0,21,0.2853591093206735,False,20,0.0,-16568268189.74878,,,1.9352824430911528,,1356710238000.0002,1.3567102380000002,0.0,0.0,0.0,0.0,,,,,,,,,,,
opt_main_3_0,main,9.9 % biomass,9.9,1.35,3.0,min_surplus_loss,G4,electricity_trajectory_constraint,2,2040.0,-0.8759567491029976,0.0,0.8759567491029976,False,0.0001,0.0,1e-10,-1.656826818974878,0.04971686903270555,0.0794614869080434,0.6256725234734188,0.0,True,Successive iterates of the objective function are closer than ftol_rel or ftol_abs. GEMSEO stopped the driver.,0.0,21,0.2853591093206735,False,20,0.0,-16568268189.74878,,,2.411714024837406,,1648132902000.0002,1.6481329020000002,0.0,0.0,0.0,0.0,,,,,,,,,,,
opt_main_3_0,main,9.9 % biomass,9.9,1.35,3.0,min_surplus_loss,G4,electricity_trajectory_constraint,3,2045.0,-0.7316389906316492,0.0,0.7316389906316492,False,0.0001,0.0,1e-10,-1.656826818974878,0.04971686903270555,0.0794614869080434,0.6256725234734188,0.0,True,Successive iterates of the objective function are closer than ftol_rel or ftol_abs. GEMSEO stopped the driver.,0.0,21,0.2853591093206735,False,20,0.0,-16568268189.74878,,,3.005434456537094,,1895265009000.0002,1.8952650090000003,0.0,0.0,0.0,0.0,,,,,,,,,,,
opt_main_3_0,main,9.9 % biomass,9.9,1.35,3.0,min_surplus_loss,G4,electricity_trajectory_constraint,4,2050.0,-0.40944253711710665,0.0,0.40944253711710665,False,0.0001,0.0,1e-10,-1.656826818974878,0.04971686903270555,0.0794614869080434,0.6256725234734188,0.0,True,Successive iterates of the objective function are closer than ftol_rel or ftol_abs. GEMSEO stopped the driver.,0.0,21,0.2853591093206735,False,20,0.0,-16568268189.74878,,,3.7453181345368614,,2142397116000.0002,2.142397116,0.0,0.0,0.0,0.0,,,,,,,,,,,
opt_main_3_0,main,9.9 % biomass,9.9,1.35,3.0,min_surplus_loss,G5,biofuel_use_growth_constraint,0,2030.0,0.0,0.0,0.0,True,0.0001,1.3567742165130947,1e-10,-1.656826818974878,0.04971686903270555,0.0794614869080434,0.6256725234734188,0.0,True,Successive iterates of the objective function are closer than ftol_rel or ftol_abs. GEMSEO stopped the driver.,0.0,21,0.2853591093206735,False,20,13567742165.130947,-16568268189.74878,,,1.552969421732896,,,,,,,,volume,89799803521.1529,154900000000.0,36088527006.63617,87.5903303107227,437951651553.61346,0.0,136.0251046120364,680125523060.1819,0.0,
opt_main_3_0,main,9.9 % biomass,9.9,1.35,3.0,min_surplus_loss,G5,biofuel_use_growth_constraint,1,2035.0,-7.880588282763073e-16,0.0,7.880588282763073e-16,True,0.0001,0.4403223151252557,1e-10,-1.656826818974878,0.04971686903270555,0.0794614869080434,0.6256725234734188,0.0,True,Successive iterates of the objective function are closer than ftol_rel or ftol_abs. GEMSEO stopped the driver.,0.0,21,0.2853591093206735,False,20,4403223151.252557,-16568268189.74878,,,1.9352824430911528,,,,,,,,rate,385440768000.0,154900000000.0,154900000000.00003,28.42623080214691,0.0,45652617632.186516,55.01278539465186,0.0,88350709384.72417,
opt_main_3_0,main,9.9 % biomass,9.9,1.35,3.0,min_surplus_loss,G5,biofuel_use_growth_constraint,2,2040.0,-1.590704056312935,0.0,1.590704056312935,False,0.0001,0.0,1e-10,-1.656826818974878,0.04971686903270555,0.0794614869080434,0.6256725234734188,0.0,True,Successive iterates of the objective function are closer than ftol_rel or ftol_abs. GEMSEO stopped the driver.,0.0,21,0.2853591093206735,False,20,0.0,-16568268189.74878,,,2.411714024837406,,,,,,,,rate,959099971829.7596,154900000000.0,385440767999.99994,0.0,0.0,0.0,0.0,0.0,0.0,
opt_main_3_0,main,9.9 % biomass,9.9,1.35,3.0,min_surplus_loss,G5,biofuel_use_growth_constraint,3,2045.0,-6.753707603925702,0.0,6.753707603925702,False,0.0001,0.0,1e-10,-1.656826818974878,0.04971686903270555,0.0794614869080434,0.6256725234734188,0.0,True,Successive iterates of the objective function are closer than ftol_rel or ftol_abs. GEMSEO stopped the driver.,0.0,21,0.2853591093206735,False,20,0.0,-16568268189.74878,,,3.005434456537094,,,,,,,,rate,1773424447836.4536,154900000000.0,712699511251.147,0.0,0.0,0.0,0.0,0.0,0.0,
opt_main_3_0,main,9.9 % biomass,9.9,1.35,3.0,min_surplus_loss,G5,biofuel_use_growth_constraint,4,2050.0,-6.893724577697174,0.0,6.893724577697174,False,0.0001,0.0,1e-10,-1.656826818974878,0.04971686903270555,0.0794614869080434,0.6256725234734188,0.0,True,Successive iterates of the objective function are closer than ftol_rel or ftol_abs. GEMSEO stopped the driver.,0.0,21,0.2853591093206735,False,20,0.0,-16568268189.74878,,,3.7453181345368614,,,,,,,,rate,1809690796462.904,154900000000.0,727274143383.0474,0.0,0.0,0.0,0.0,0.0,0.0,
opt_main_3_0,main,9.9 % biomass,9.9,1.35,3.0,min_surplus_loss,G6,electrofuel_use_growth_constraint,0,2030.0,-0.999999880339132,0.0,0.999999880339132,False,0.0001,0.0,1e-10,-1.656826818974878,0.04971686903270555,0.0794614869080434,0.6256725234734188,0.0,True,Successive iterates of the objective function are closer than ftol_rel or ftol_abs. GEMSEO stopped the driver.,0.0,21,0.2853591093206735,False,20,0.0,-16568268189.74878,,,1.552969421732896,,,,,,,,volume,0.0,154900000000.0,0.0,0.0,0.0,0.0,0.0,0.0,0.0,
opt_main_3_0,main,9.9 % biomass,9.9,1.35,3.0,min_surplus_loss,G6,electrofuel_use_growth_constraint,1,2035.0,-0.999999879501563,0.0,0.999999879501563,False,0.0001,0.0,1e-10,-1.656826818974878,0.04971686903270555,0.0794614869080434,0.6256725234734188,0.0,True,Successive iterates of the objective function are closer than ftol_rel or ftol_abs. GEMSEO stopped the driver.,0.0,21,0.2853591093206735,False,20,0.0,-16568268189.74878,,,1.9352824430911528,,,,,,,,volume,46122.151852976116,154900000000.0,18535.45840284856,0.0,0.0,0.0,0.0,0.0,0.0,
opt_main_3_0,main,9.9 % biomass,9.9,1.35,3.0,min_surplus_loss,G6,electrofuel_use_growth_constraint,2,2040.0,-0.4237675835507783,0.0,0.4237675835507783,False,0.0001,0.0,1e-10,-1.656826818974878,0.04971686903270555,0.0794614869080434,0.6256725234734188,0.0,True,Successive iterates of the objective function are closer than ftol_rel or ftol_abs. GEMSEO stopped the driver.,0.0,21,0.2853591093206735,False,20,0.0,-16568268189.74878,,,2.411714024837406,,,,,,,,volume,46444.97597206052,154900000000.0,18665.194176014553,0.0,0.0,0.0,0.0,0.0,0.0,
opt_main_3_0,main,9.9 % biomass,9.9,1.35,3.0,min_surplus_loss,G6,electrofuel_use_growth_constraint,3,2045.0,-0.00027148802224619145,0.0,0.00027148802224619145,False,0.0001,0.0,1e-10,-1.656826818974878,0.04971686903270555,0.0794614869080434,0.6256725234734188,0.0,True,Successive iterates of the objective function are closer than ftol_rel or ftol_abs. GEMSEO stopped the driver.,0.0,21,0.2853591093206735,False,20,0.0,-16568268189.74878,,,3.005434456537094,,,,,,,,rate,222100781191.14072,154900000000.0,89257322688.0549,0.0,0.0,0.0,0.0,0.0,0.0,
opt_main_3_0,main,9.9 % biomass,9.9,1.35,3.0,min_surplus_loss,G6,electrofuel_use_growth_constraint,4,2050.0,-0.001095998145963153,0.0,0.001095998145963153,False,0.0001,0.0,1e-10,-1.656826818974878,0.04971686903270555,0.0794614869080434,0.6256725234734188,0.0,True,Successive iterates of the objective function are closer than ftol_rel or ftol_abs. GEMSEO stopped the driver.,0.0,21,0.2853591093206735,False,20,0.0,-16568268189.74878,,,3.7453181345368614,,,,,,,,rate,552657815853.539,154900000000.0,222100781191.14062,0.0,0.0,0.0,0.0,0.0,0.0,
opt_main_3_2,main,9.9 % biomass,9.9,1.35,3.2,min_surplus_loss,G1,aviation_carbon_budget_constraint,0,,5.62967161209712e-10,0.0,5.62967161209712e-10,True,0.0001,50.59683442928843,1e-10,-6.150310095821698,0.009766162438935052,0.015435818664915226,0.632694815282652,0.0,True,Successive iterates of the objective function are closer than ftol_rel or ftol_abs. GEMSEO stopped the driver.,0.0,21,0.5076903517248497,False,19,505968344292.8843,-61503100958.21698,3.2334096710122635,156.48136047495768,,,,,,,,,,,,,,,,,,,
opt_main_3_2,main,9.9 % biomass,9.9,1.35,3.2,min_surplus_loss,G2,blend_completeness_constraint,0,2030.0,-0.9191710015243686,0.0,0.9191710015243686,False,0.0001,0.0,1e-10,-6.150310095821698,0.009766162438935052,0.015435818664915226,0.632694815282652,0.0,True,Successive iterates of the objective function are closer than ftol_rel or ftol_abs. GEMSEO stopped the driver.,0.0,21,0.5076903517248497,False,19,0.0,-61503100958.21698,,,1.552969421732896,,,,,,,,,,,,,,,,,,
opt_main_3_2,main,9.9 % biomass,9.9,1.35,3.2,min_surplus_loss,G2,blend_completeness_constraint,1,2035.0,-0.8004044439054584,0.0,0.8004044439054584,False,0.0001,0.0,1e-10,-6.150310095821698,0.009766162438935052,0.015435818664915226,0.632694815282652,0.0,True,Successive iterates of the objective function are closer than ftol_rel or ftol_abs. GEMSEO stopped the driver.,0.0,21,0.5076903517248497,False,19,0.0,-61503100958.21698,,,1.9352824430911528,,,,,,,,,,,,,,,,,,
opt_main_3_2,main,9.9 % biomass,9.9,1.35,3.2,min_surplus_loss,G2,blend_completeness_constraint,2,2040.0,-0.6148024510584044,0.0,0.6148024510584044,False,0.0001,0.0,1e-10,-6.150310095821698,0.009766162438935052,0.015435818664915226,0.632694815282652,0.0,True,Successive iterates of the objective function are closer than ftol_rel or ftol_abs. GEMSEO stopped the driver.,0.0,21,0.5076903517248497,False,19,0.0,-61503100958.21698,,,2.411714024837406,,,,,,,,,,,,,,,,,,
opt_main_3_2,main,9.9 % biomass,9.9,1.35,3.2,min_surplus_loss,G2,blend_completeness_constraint,3,2045.0,-0.5682233303473196,0.0,0.5682233303473196,False,0.0001,0.0,1e-10,-6.150310095821698,0.009766162438935052,0.015435818664915226,0.632694815282652,0.0,True,Successive iterates of the objective function are closer than ftol_rel or ftol_abs. GEMSEO stopped the driver.,0.0,21,0.5076903517248497,False,19,0.0,-61503100958.21698,,,3.005434456537094,,,,,,,,,,,,,,,,,,
opt_main_3_2,main,9.9 % biomass,9.9,1.35,3.2,min_surplus_loss,G2,blend_completeness_constraint,4,2050.0,-0.507264355646912,0.0,0.507264355646912,False,0.0001,0.0,1e-10,-6.150310095821698,0.009766162438935052,0.015435818664915226,0.632694815282652,0.0,True,Successive iterates of the objective function are closer than ftol_rel or ftol_abs. GEMSEO stopped the driver.,0.0,21,0.5076903517248497,False,19,0.0,-61503100958.21698,,,3.7453181345368614,,,,,,,,,,,,,,,,,,
opt_main_3_2,main,9.9 % biomass,9.9,1.35,3.2,min_surplus_loss,G3,biomass_trajectory_constraint,0,2030.0,-0.7147015244339059,0.0,0.7147015244339059,False,0.0001,0.0,1e-10,-6.150310095821698,0.009766162438935052,0.015435818664915226,0.632694815282652,0.0,True,Successive iterates of the objective function are closer than ftol_rel or ftol_abs. GEMSEO stopped the driver.,0.0,21,0.5076903517248497,False,19,0.0,-61503100958.21698,,,1.552969421732896,,1105660710000.0002,1.1056607100000002,0.0,0.0,0.0,0.0,,,,,,,,,,,
opt_main_3_2,main,9.9 % biomass,9.9,1.35,3.2,min_surplus_loss,G3,biomass_trajectory_constraint,1,2035.0,-0.39747154498589926,0.0,0.39747154498589926,False,0.0001,0.0,1e-10,-6.150310095821698,0.009766162438935052,0.015435818664915226,0.632694815282652,0.0,True,Successive iterates of the objective function are closer than ftol_rel or ftol_abs. GEMSEO stopped the driver.,0.0,21,0.5076903517248497,False,19,0.0,-61503100958.21698,,,1.9352824430911528,,1302716745000.0002,1.3027167450000003,0.0,0.0,0.0,0.0,,,,,,,,,,,
opt_main_3_2,main,9.9 % biomass,9.9,1.35,3.2,min_surplus_loss,G3,biomass_trajectory_constraint,2,2040.0,-1.9895196601282807e-15,0.0,1.9895196601282807e-15,True,0.0001,1.1584011886834888,1e-10,-6.150310095821698,0.009766162438935052,0.015435818664915226,0.632694815282652,0.0,True,Successive iterates of the objective function are closer than ftol_rel or ftol_abs. GEMSEO stopped the driver.,0.0,21,0.5076903517248497,False,19,11584011886.834888,-61503100958.21698,,,2.411714024837406,,1499772780000.0,1.49977278,7.723844599203146,7723844599.203146,18.62770434556288,18627704345.562878,,,,,,,,,,,
opt_main_3_2,main,9.9 % biomass,9.9,1.35,3.2,min_surplus_loss,G3,biomass_trajectory_constraint,3,2045.0,3.603872755775228e-13,0.0,3.603872755775228e-13,True,0.0001,1.7825837064752657,1e-10,-6.150310095821698,0.009766162438935052,0.015435818664915226,0.632694815282652,0.0,True,Successive iterates of the objective function are closer than ftol_rel or ftol_abs. GEMSEO stopped the driver.,0.0,21,0.5076903517248497,False,19,17825837064.752655,-61503100958.21698,,,3.005434456537094,,1530442980000.0,1.53044298,11.647501604243143,11647501604.243143,35.00580265396342,35005802653.963425,,,,,,,,,,,
opt_main_3_2,main,9.9 % biomass,9.9,1.35,3.2,min_surplus_loss,G3,biomass_trajectory_constraint,4,2050.0,9.147242963081226e-11,0.0,9.147242963081226e-11,True,0.0001,1.3331115975953263,1e-10,-6.150310095821698,0.009766162438935052,0.015435818664915226,0.632694815282652,0.0,True,Successive iterates of the objective function are closer than ftol_rel or ftol_abs. GEMSEO stopped the driver.,0.0,21,0.5076903517248497,False,19,13331115975.953262,-61503100958.21698,,,3.7453181345368614,,1561113180000.0,1.56111318,8.539493578520208,8539493578.520207,31.98312015939281,31983120159.39281,,,,,,,,,,,
opt_main_3_2,main,9.9 % biomass,9.9,1.35,3.2,min_surplus_loss,G4,electricity_trajectory_constraint,0,2030.0,-0.999999960126478,0.0,0.999999960126478,False,0.0001,0.0,1e-10,-6.150310095821698,0.009766162438935052,0.015435818664915226,0.632694815282652,0.0,True,Successive iterates of the objective function are closer than ftol_rel or ftol_abs. GEMSEO stopped the driver.,0.0,21,0.5076903517248497,False,19,0.0,-61503100958.21698,,,1.552969421732896,,1065287574000.0001,1.065287574,0.0,0.0,0.0,0.0,,,,,,,,,,,
opt_main_3_2,main,9.9 % biomass,9.9,1.35,3.2,min_surplus_loss,G4,electricity_trajectory_constraint,1,2035.0,-0.9999999684509058,0.0,0.9999999684509058,False,0.0001,0.0,1e-10,-6.150310095821698,0.009766162438935052,0.015435818664915226,0.632694815282652,0.0,True,Successive iterates of the objective function are closer than ftol_rel or ftol_abs. GEMSEO stopped the driver.,0.0,21,0.5076903517248497,False,19,0.0,-61503100958.21698,,,1.9352824430911528,,1356710238000.0002,1.3567102380000002,0.0,0.0,0.0,0.0,,,,,,,,,,,
opt_main_3_2,main,9.9 % biomass,9.9,1.35,3.2,min_surplus_loss,G4,electricity_trajectory_constraint,2,2040.0,-0.9999999742873397,0.0,0.9999999742873397,False,0.0001,0.0,1e-10,-6.150310095821698,0.009766162438935052,0.015435818664915226,0.632694815282652,0.0,True,Successive iterates of the objective function are closer than ftol_rel or ftol_abs. GEMSEO stopped the driver.,0.0,21,0.5076903517248497,False,19,0.0,-61503100958.21698,,,2.411714024837406,,1648132902000.0002,1.6481329020000002,0.0,0.0,0.0,0.0,,,,,,,,,,,
opt_main_3_2,main,9.9 % biomass,9.9,1.35,3.2,min_surplus_loss,G4,electricity_trajectory_constraint,3,2045.0,-0.8991134887030211,0.0,0.8991134887030211,False,0.0001,0.0,1e-10,-6.150310095821698,0.009766162438935052,0.015435818664915226,0.632694815282652,0.0,True,Successive iterates of the objective function are closer than ftol_rel or ftol_abs. GEMSEO stopped the driver.,0.0,21,0.5076903517248497,False,19,0.0,-61503100958.21698,,,3.005434456537094,,1895265009000.0002,1.8952650090000003,0.0,0.0,0.0,0.0,,,,,,,,,,,
opt_main_3_2,main,9.9 % biomass,9.9,1.35,3.2,min_surplus_loss,G4,electricity_trajectory_constraint,4,2050.0,-0.7779200771915242,0.0,0.7779200771915242,False,0.0001,0.0,1e-10,-6.150310095821698,0.009766162438935052,0.015435818664915226,0.632694815282652,0.0,True,Successive iterates of the objective function are closer than ftol_rel or ftol_abs. GEMSEO stopped the driver.,0.0,21,0.5076903517248497,False,19,0.0,-61503100958.21698,,,3.7453181345368614,,2142397116000.0002,2.142397116,0.0,0.0,0.0,0.0,,,,,,,,,,,
opt_main_3_2,main,9.9 % biomass,9.9,1.35,3.2,min_surplus_loss,G5,biofuel_use_growth_constraint,0,2030.0,-0.03227735399130558,0.0,0.03227735399130558,False,0.0001,0.0,1e-10,-6.150310095821698,0.009766162438935052,0.015435818664915226,0.632694815282652,0.0,True,Successive iterates of the objective function are closer than ftol_rel or ftol_abs. GEMSEO stopped the driver.,0.0,21,0.5076903517248497,False,19,0.0,-61503100958.21698,,,1.552969421732896,,,,,,,,volume,89799803521.1529,154900000000.0,36088527006.63617,0.0,0.0,0.0,0.0,0.0,0.0,
opt_main_3_2,main,9.9 % biomass,9.9,1.35,3.2,min_surplus_loss,G5,biofuel_use_growth_constraint,1,2035.0,-6.244796447556892e-09,0.0,6.244796447556892e-09,True,0.0001,0.04458930018066541,1e-10,-6.150310095821698,0.009766162438935052,0.015435818664915226,0.632694815282652,0.0,True,Successive iterates of the objective function are closer than ftol_rel or ftol_abs. GEMSEO stopped the driver.,0.0,21,0.5076903517248497,False,19,445893001.8066541,-61503100958.21698,,,1.9352824430911528,,,,,,,,rate,373661762193.38916,154900000000.0,150166281745.67148,2.878586196298606,0.0,4481739961.393761,5.570877326621235,0.0,8673432661.785366,
opt_main_3_2,main,9.9 % biomass,9.9,1.35,3.2,min_surplus_loss,G5,biofuel_use_growth_constraint,2,2040.0,-1.3908537693220684,0.0,1.3908537693220684,False,0.0001,0.0,1e-10,-6.150310095821698,0.009766162438935052,0.015435818664915226,0.632694815282652,0.0,True,Successive iterates of the objective function are closer than ftol_rel or ftol_abs. GEMSEO stopped the driver.,0.0,21,0.5076903517248497,False,19,0.0,-61503100958.21698,,,2.411714024837406,,,,,,,,rate,929789977367.2655,154900000000.0,373661738589.59686,0.0,0.0,0.0,0.0,0.0,0.0,
opt_main_3_2,main,9.9 % biomass,9.9,1.35,3.2,min_surplus_loss,G5,biofuel_use_growth_constraint,3,2045.0,-6.753714037785182,0.0,6.753714037785182,False,0.0001,0.0,1e-10,-6.150310095821698,0.009766162438935052,0.015435818664915226,0.632694815282652,0.0,True,Successive iterates of the objective function are closer than ftol_rel or ftol_abs. GEMSEO stopped the driver.,0.0,21,0.5076903517248497,False,19,0.0,-61503100958.21698,,,3.005434456537094,,,,,,,,rate,1773424447836.0186,154900000000.0,712699511250.9722,0.0,0.0,0.0,0.0,0.0,0.0,
opt_main_3_2,main,9.9 % biomass,9.9,1.35,3.2,min_surplus_loss,G5,biofuel_use_growth_constraint,4,2050.0,-6.893750941771223,0.0,6.893750941771223,False,0.0001,0.0,1e-10,-6.150310095821698,0.009766162438935052,0.015435818664915226,0.632694815282652,0.0,True,Successive iterates of the objective function are closer than ftol_rel or ftol_abs. GEMSEO stopped the driver.,0.0,21,0.5076903517248497,False,19,0.0,-61503100958.21698,,,3.7453181345368614,,,,,,,,rate,1809690797416.946,154900000000.0,727274143766.4554,0.0,0.0,0.0,0.0,0.0,0.0,
opt_main_3_2,main,9.9 % biomass,9.9,1.35,3.2,min_surplus_loss,G6,electrofuel_use_growth_constraint,0,2030.0,-0.9999998802752947,0.0,0.9999998802752947,False,0.0001,0.0,1e-10,-6.150310095821698,0.009766162438935052,0.015435818664915226,0.632694815282652,0.0,True,Successive iterates of the objective function are closer than ftol_rel or ftol_abs. GEMSEO stopped the driver.,0.0,21,0.5076903517248497,False,19,0.0,-61503100958.21698,,,1.552969421732896,,,,,,,,volume,0.0,154900000000.0,0.0,0.0,0.0,0.0,0.0,0.0,0.0,
opt_main_3_2,main,9.9 % biomass,9.9,1.35,3.2,min_surplus_loss,G6,electrofuel_use_growth_constraint,1,2035.0,-0.999999879355837,0.0,0.999999879355837,False,0.0001,0.0,1e-10,-6.150310095821698,0.009766162438935052,0.015435818664915226,0.632694815282652,0.0,True,Successive iterates of the objective function are closer than ftol_rel or ftol_abs. GEMSEO stopped the driver.,0.0,21,0.5076903517248497,False,19,0.0,-61503100958.21698,,,1.9352824430911528,,,,,,,,volume,46145.471187569885,154900000000.0,18544.82992041614,0.0,0.0,0.0,0.0,0.0,0.0,
opt_main_3_2,main,9.9 % biomass,9.9,1.35,3.2,min_surplus_loss,G6,electrofuel_use_growth_constraint,2,2040.0,-0.999999880554014,0.0,0.999999880554014,False,0.0001,0.0,1e-10,-6.150310095821698,0.009766162438935052,0.015435818664915226,0.632694815282652,0.0,True,Successive iterates of the objective function are closer than ftol_rel or ftol_abs. GEMSEO stopped the driver.,0.0,21,0.5076903517248497,False,19,0.0,-61503100958.21698,,,2.411714024837406,,,,,,,,volume,46498.186882222115,154900000000.0,18686.57844739508,0.0,0.0,0.0,0.0,0.0,0.0,
opt_main_3_2,main,9.9 % biomass,9.9,1.35,3.2,min_surplus_loss,G6,electrofuel_use_growth_constraint,3,2045.0,-0.4610662692499739,0.0,0.4610662692499739,False,0.0001,0.0,1e-10,-6.150310095821698,0.009766162438935052,0.015435818664915226,0.632694815282652,0.0,True,Successive iterates of the objective function are closer than ftol_rel or ftol_abs. GEMSEO stopped the driver.,0.0,21,0.5076903517248497,False,19,0.0,-61503100958.21698,,,3.005434456537094,,,,,,,,volume,46039.35137816543,154900000000.0,18502.18274906983,0.0,0.0,0.0,0.0,0.0,0.0,
opt_main_3_2,main,9.9 % biomass,9.9,1.35,3.2,min_surplus_loss,G6,electrofuel_use_growth_constraint,4,2050.0,-1.9013467964778183e-08,0.0,1.9013467964778183e-08,True,0.0001,0.08953563037407813,1e-10,-6.150310095821698,0.009766162438935052,0.015435818664915226,0.632694815282652,0.0,True,Successive iterates of the objective function are closer than ftol_rel or ftol_abs. GEMSEO stopped the driver.,0.0,21,0.5076903517248497,False,19,895356303.7407813,-61503100958.21698,,,3.7453181345368614,,,,,,,,rate,207023608053.01172,154900000000.0,83198144954.43181,5.780221457332352,0.0,4986009589.343255,21.64876824578594,0.0,18674192133.941982,
opt_main_3_4,main,9.9 % biomass,9.9,1.35,3.4,min_surplus_loss,G1,aviation_carbon_budget_constraint,0,,1.7821918849201208e-05,0.0,1.7821918849201208e-05,True,0.0001,49.998990248537424,1e-10,-9.77158853541254,0.028925637855151086,0.04504519876066856,0.6421469690662716,0.0,True,Successive iterates of the objective function are closer than ftol_rel or ftol_abs. GEMSEO stopped the driver.,0.0,24,0.5781558313651165,False,23,499989902485.3742,-97715885354.1254,3.480998507224318,143.6340467965488,,,,,,,,,,,,,,,,,,,
opt_main_3_4,main,9.9 % biomass,9.9,1.35,3.4,min_surplus_loss,G2,blend_completeness_constraint,0,2030.0,-0.9530783506823421,0.0,0.9530783506823421,False,0.0001,0.0,1e-10,-9.77158853541254,0.028925637855151086,0.04504519876066856,0.6421469690662716,0.0,True,Successive iterates of the objective function are closer than ftol_rel or ftol_abs. GEMSEO stopped the driver.,0.0,24,0.5781558313651165,False,23,0.0,-97715885354.1254,,,1.552969421732896,,,,,,,,,,,,,,,,,,
opt_main_3_4,main,9.9 % biomass,9.9,1.35,3.4,min_surplus_loss,G2,blend_completeness_constraint,1,2035.0,-0.8851105912725191,0.0,0.8851105912725191,False,0.0001,0.0,1e-10,-9.77158853541254,0.028925637855151086,0.04504519876066856,0.6421469690662716,0.0,True,Successive iterates of the objective function are closer than ftol_rel or ftol_abs. GEMSEO stopped the driver.,0.0,24,0.5781558313651165,False,23,0.0,-97715885354.1254,,,1.9352824430911528,,,,,,,,,,,,,,,,,,
opt_main_3_4,main,9.9 % biomass,9.9,1.35,3.4,min_surplus_loss,G2,blend_completeness_constraint,2,2040.0,-0.7112970774446721,0.0,0.7112970774446721,False,0.0001,0.0,1e-10,-9.77158853541254,0.028925637855151086,0.04504519876066856,0.6421469690662716,0.0,True,Successive iterates of the objective function are closer than ftol_rel or ftol_abs. GEMSEO stopped the driver.,0.0,24,0.5781558313651165,False,23,0.0,-97715885354.1254,,,2.411714024837406,,,,,,,,,,,,,,,,,,
opt_main_3_4,main,9.9 % biomass,9.9,1.35,3.4,min_surplus_loss,G2,blend_completeness_constraint,3,2045.0,-0.6193976417019729,0.0,0.6193976417019729,False,0.0001,0.0,1e-10,-9.77158853541254,0.028925637855151086,0.04504519876066856,0.6421469690662716,0.0,True,Successive iterates of the objective function are closer than ftol_rel or ftol_abs. GEMSEO stopped the driver.,0.0,24,0.5781558313651165,False,23,0.0,-97715885354.1254,,,3.005434456537094,,,,,,,,,,,,,,,,,,
opt_main_3_4,main,9.9 % biomass,9.9,1.35,3.4,min_surplus_loss,G2,blend_completeness_constraint,4,2050.0,-0.577308883810945,0.0,0.577308883810945,False,0.0001,0.0,1e-10,-9.77158853541254,0.028925637855151086,0.04504519876066856,0.6421469690662716,0.0,True,Successive iterates of the objective function are closer than ftol_rel or ftol_abs. GEMSEO stopped the driver.,0.0,24,0.5781558313651165,False,23,0.0,-97715885354.1254,,,3.7453181345368614,,,,,,,,,,,,,,,,,,
opt_main_3_4,main,9.9 % biomass,9.9,1.35,3.4,min_surplus_loss,G3,biomass_trajectory_constraint,0,2030.0,-0.8332802538344505,0.0,0.8332802538344505,False,0.0001,0.0,1e-10,-9.77158853541254,0.028925637855151086,0.04504519876066856,0.6421469690662716,0.0,True,Successive iterates of the objective function are closer than ftol_rel or ftol_abs. GEMSEO stopped the driver.,0.0,24,0.5781558313651165,False,23,0.0,-97715885354.1254,,,1.552969421732896,,1105660710000.0002,1.1056607100000002,0.0,0.0,0.0,0.0,,,,,,,,,,,
opt_main_3_4,main,9.9 % biomass,9.9,1.35,3.4,min_surplus_loss,G3,biomass_trajectory_constraint,1,2035.0,-0.6479419428912004,0.0,0.6479419428912004,False,0.0001,0.0,1e-10,-9.77158853541254,0.028925637855151086,0.04504519876066856,0.6421469690662716,0.0,True,Successive iterates of the objective function are closer than ftol_rel or ftol_abs. GEMSEO stopped the driver.,0.0,24,0.5781558313651165,False,23,0.0,-97715885354.1254,,,1.9352824430911528,,1302716745000.0002,1.3027167450000003,0.0,0.0,0.0,0.0,,,,,,,,,,,
opt_main_3_4,main,9.9 % biomass,9.9,1.35,3.4,min_surplus_loss,G3,biomass_trajectory_constraint,2,2040.0,-0.23913102101415235,0.0,0.23913102101415235,False,0.0001,0.0,1e-10,-9.77158853541254,0.028925637855151086,0.04504519876066856,0.6421469690662716,0.0,True,Successive iterates of the objective function are closer than ftol_rel or ftol_abs. GEMSEO stopped the driver.,0.0,24,0.5781558313651165,False,23,0.0,-97715885354.1254,,,2.411714024837406,,1499772780000.0,1.49977278,0.0,0.0,0.0,0.0,,,,,,,,,,,
opt_main_3_4,main,9.9 % biomass,9.9,1.35,3.4,min_surplus_loss,G3,biomass_trajectory_constraint,3,2045.0,2.842170943040401e-16,0.0,2.842170943040401e-16,True,0.0001,1.427705649801291,1e-10,-9.77158853541254,0.028925637855151086,0.04504519876066856,0.6421469690662716,0.0,True,Successive iterates of the objective function are closer than ftol_rel or ftol_abs. GEMSEO stopped the driver.,0.0,24,0.5781558313651165,False,23,14277056498.012909,-97715885354.1254,,,3.005434456537094,,1530442980000.0,1.53044298,9.328708540329226,9328708540.329226,28.036822082097313,28036822082.097313,,,,,,,,,,,
opt_main_3_4,main,9.9 % biomass,9.9,1.35,3.4,min_surplus_loss,G3,biomass_trajectory_constraint,4,2050.0,9.013647131439483e-07,0.0,9.013647131439483e-07,True,0.0001,1.1010847131267156,1e-10,-9.77158853541254,0.028925637855151086,0.04504519876066856,0.6421469690662716,0.0,True,Successive iterates of the objective function are closer than ftol_rel or ftol_abs. GEMSEO stopped the driver.,0.0,24,0.5781558313651165,False,23,11010847131.267157,-97715885354.1254,,,3.7453181345368614,,1561113180000.0,1.56111318,7.053202338133585,7053202338.133585,26.416486623569508,26416486623.569508,,,,,,,,,,,
opt_main_3_4,main,9.9 % biomass,9.9,1.35,3.4,min_surplus_loss,G4,electricity_trajectory_constraint,0,2030.0,-0.9999999598610368,0.0,0.9999999598610368,False,0.0001,0.0,1e-10,-9.77158853541254,0.028925637855151086,0.04504519876066856,0.6421469690662716,0.0,True,Successive iterates of the objective function are closer than ftol_rel or ftol_abs. GEMSEO stopped the driver.,0.0,24,0.5781558313651165,False,23,0.0,-97715885354.1254,,,1.552969421732896,,1065287574000.0001,1.065287574,0.0,0.0,0.0,0.0,,,,,,,,,,,
opt_main_3_4,main,9.9 % biomass,9.9,1.35,3.4,min_surplus_loss,G4,electricity_trajectory_constraint,1,2035.0,-0.9999999679746044,0.0,0.9999999679746044,False,0.0001,0.0,1e-10,-9.77158853541254,0.028925637855151086,0.04504519876066856,0.6421469690662716,0.0,True,Successive iterates of the objective function are closer than ftol_rel or ftol_abs. GEMSEO stopped the driver.,0.0,24,0.5781558313651165,False,23,0.0,-97715885354.1254,,,1.9352824430911528,,1356710238000.0002,1.3567102380000002,0.0,0.0,0.0,0.0,,,,,,,,,,,
opt_main_3_4,main,9.9 % biomass,9.9,1.35,3.4,min_surplus_loss,G4,electricity_trajectory_constraint,2,2040.0,-0.9999999738970716,0.0,0.9999999738970716,False,0.0001,0.0,1e-10,-9.77158853541254,0.028925637855151086,0.04504519876066856,0.6421469690662716,0.0,True,Successive iterates of the objective function are closer than ftol_rel or ftol_abs. GEMSEO stopped the driver.,0.0,24,0.5781558313651165,False,23,0.0,-97715885354.1254,,,2.411714024837406,,1648132902000.0002,1.6481329020000002,0.0,0.0,0.0,0.0,,,,,,,,,,,
opt_main_3_4,main,9.9 % biomass,9.9,1.35,3.4,min_surplus_loss,G4,electricity_trajectory_constraint,3,2045.0,-0.9999999769073904,0.0,0.9999999769073904,False,0.0001,0.0,1e-10,-9.77158853541254,0.028925637855151086,0.04504519876066856,0.6421469690662716,0.0,True,Successive iterates of the objective function are closer than ftol_rel or ftol_abs. GEMSEO stopped the driver.,0.0,24,0.5781558313651165,False,23,0.0,-97715885354.1254,,,3.005434456537094,,1895265009000.0002,1.8952650090000003,0.0,0.0,0.0,0.0,,,,,,,,,,,
opt_main_3_4,main,9.9 % biomass,9.9,1.35,3.4,min_surplus_loss,G4,electricity_trajectory_constraint,4,2050.0,-0.90408206531095,0.0,0.90408206531095,False,0.0001,0.0,1e-10,-9.77158853541254,0.028925637855151086,0.04504519876066856,0.6421469690662716,0.0,True,Successive iterates of the objective function are closer than ftol_rel or ftol_abs. GEMSEO stopped the driver.,0.0,24,0.5781558313651165,False,23,0.0,-97715885354.1254,,,3.7453181345368614,,2142397116000.0002,2.142397116,0.0,0.0,0.0,0.0,,,,,,,,,,,
opt_main_3_4,main,9.9 % biomass,9.9,1.35,3.4,min_surplus_loss,G5,biofuel_use_growth_constraint,0,2030.0,-0.4344923379591088,0.0,0.4344923379591088,False,0.0001,0.0,1e-10,-9.77158853541254,0.028925637855151086,0.04504519876066856,0.6421469690662716,0.0,True,Successive iterates of the objective function are closer than ftol_rel or ftol_abs. GEMSEO stopped the driver.,0.0,24,0.5781558313651165,False,23,0.0,-97715885354.1254,,,1.552969421732896,,,,,,,,volume,89799803521.1529,154900000000.0,36088527006.63617,0.0,0.0,0.0,0.0,0.0,0.0,
opt_main_3_4,main,9.9 % biomass,9.9,1.35,3.4,min_surplus_loss,G5,biofuel_use_growth_constraint,1,2035.0,-0.00016479630521159852,0.0,0.00016479630521159852,False,0.0001,0.0,1e-10,-9.77158853541254,0.028925637855151086,0.04504519876066856,0.6421469690662716,0.0,True,Successive iterates of the objective function are closer than ftol_rel or ftol_abs. GEMSEO stopped the driver.,0.0,24,0.5781558313651165,False,23,0.0,-97715885354.1254,,,1.9352824430911528,,,,,,,,rate,218271314590.57355,154900000000.0,87718345948.50084,0.0,0.0,0.0,0.0,0.0,0.0,
opt_main_3_4,main,9.9 % biomass,9.9,1.35,3.4,min_surplus_loss,G5,biofuel_use_growth_constraint,2,2040.0,-0.0002834994837229601,0.0,0.0002834994837229601,False,0.0001,0.0,1e-10,-9.77158853541254,0.028925637855151086,0.04504519876066856,0.6421469690662716,0.0,True,Successive iterates of the objective function are closer than ftol_rel or ftol_abs. GEMSEO stopped the driver.,0.0,24,0.5781558313651165,False,23,0.0,-97715885354.1254,,,2.411714024837406,,,,,,,,rate,543128869278.0586,154900000000.0,218271311277.51202,0.0,0.0,0.0,0.0,0.0,0.0,
opt_main_3_4,main,9.9 % biomass,9.9,1.35,3.4,min_surplus_loss,G5,biofuel_use_growth_constraint,3,2045.0,-4.015942579396743,0.0,4.015942579396743,False,0.0001,0.0,1e-10,-9.77158853541254,0.028925637855151086,0.04504519876066856,0.6421469690662716,0.0,True,Successive iterates of the objective function are closer than ftol_rel or ftol_abs. GEMSEO stopped the driver.,0.0,24,0.5781558313651165,False,23,0.0,-97715885354.1254,,,3.005434456537094,,,,,,,,rate,1351478381168.81,154900000000.0,543128850456.8586,0.0,0.0,0.0,0.0,0.0,0.0,
opt_main_3_4,main,9.9 % biomass,9.9,1.35,3.4,min_surplus_loss,G5,biofuel_use_growth_constraint,4,2050.0,-6.893746625384625,0.0,6.893746625384625,False,0.0001,0.0,1e-10,-9.77158853541254,0.028925637855151086,0.04504519876066856,0.6421469690662716,0.0,True,Successive iterates of the objective function are closer than ftol_rel or ftol_abs. GEMSEO stopped the driver.,0.0,24,0.5781558313651165,False,23,0.0,-97715885354.1254,,,3.7453181345368614,,,,,,,,rate,1809690796462.8728,154900000000.0,727274143383.0348,0.0,0.0,0.0,0.0,0.0,0.0,
opt_main_3_4,main,9.9 % biomass,9.9,1.35,3.4,min_surplus_loss,G6,electrofuel_use_growth_constraint,0,2030.0,-0.9999998794782776,0.0,0.9999998794782776,False,0.0001,0.0,1e-10,-9.77158853541254,0.028925637855151086,0.04504519876066856,0.6421469690662716,0.0,True,Successive iterates of the objective function are closer than ftol_rel or ftol_abs. GEMSEO stopped the driver.,0.0,24,0.5781558313651165,False,23,0.0,-97715885354.1254,,,1.552969421732896,,,,,,,,volume,0.0,154900000000.0,0.0,0.0,0.0,0.0,0.0,0.0,0.0,
opt_main_3_4,main,9.9 % biomass,9.9,1.35,3.4,min_surplus_loss,G6,electrofuel_use_growth_constraint,1,2035.0,-0.999999877534454,0.0,0.999999877534454,False,0.0001,0.0,1e-10,-9.77158853541254,0.028925637855151086,0.04504519876066856,0.6421469690662716,0.0,True,Successive iterates of the objective function are closer than ftol_rel or ftol_abs. GEMSEO stopped the driver.,0.0,24,0.5781558313651165,False,23,0.0,-97715885354.1254,,,1.9352824430911528,,,,,,,,volume,46453.38567542848,154900000000.0,18668.573847185446,0.0,0.0,0.0,0.0,0.0,0.0,
opt_main_3_4,main,9.9 % biomass,9.9,1.35,3.4,min_surplus_loss,G6,electrofuel_use_growth_constraint,2,2040.0,-0.9999998787410573,0.0,0.9999998787410573,False,0.0001,0.0,1e-10,-9.77158853541254,0.028925637855151086,0.04504519876066856,0.6421469690662716,0.0,True,Successive iterates of the objective function are closer than ftol_rel or ftol_abs. GEMSEO stopped the driver.,0.0,24,0.5781558313651165,False,23,0.0,-97715885354.1254,,,2.411714024837406,,,,,,,,volume,47201.72774633068,154900000000.0,18969.315741677394,0.0,0.0,0.0,0.0,0.0,0.0,
opt_main_3_4,main,9.9 % biomass,9.9,1.35,3.4,min_surplus_loss,G6,electrofuel_use_growth_constraint,3,2045.0,-0.9999998766397398,0.0,0.9999998766397398,False,0.0001,0.0,1e-10,-9.77158853541254,0.028925637855151086,0.04504519876066856,0.6421469690662716,0.0,True,Successive iterates of the objective function are closer than ftol_rel or ftol_abs. GEMSEO stopped the driver.,0.0,24,0.5781558313651165,False,23,0.0,-97715885354.1254,,,3.005434456537094,,,,,,,,volume,46734.61236124806,154900000000.0,18781.592544868854,0.0,0.0,0.0,0.0,0.0,0.0,
opt_main_3_4,main,9.9 % biomass,9.9,1.35,3.4,min_surplus_loss,G6,electrofuel_use_growth_constraint,4,2050.0,-0.4207952547636062,0.0,0.4207952547636062,False,0.0001,0.0,1e-10,-9.77158853541254,0.028925637855151086,0.04504519876066856,0.6421469690662716,0.0,True,Successive iterates of the objective function are closer than ftol_rel or ftol_abs. GEMSEO stopped the driver.,0.0,24,0.5781558313651165,False,23,0.0,-97715885354.1254,,,3.7453181345368614,,,,,,,,volume,47548.07227426276,154900000000.0,19108.503839643927,0.0,0.0,0.0,0.0,0.0,0.0,
opt_main_3_6,main,9.9 % biomass,9.9,1.35,3.6,min_surplus_loss,G1,aviation_carbon_budget_constraint,0,,1.2523534501481958e-11,0.0,1.2523534501481958e-11,True,0.0001,38.984260265478454,1e-10,-12.882552832076767,7.343435057440258e-17,1.1285696008317802e-16,0.6506851728088359,0.0,True,Successive iterates of the objective function are closer than ftol_rel or ftol_abs. GEMSEO stopped the driver.,0.0,33,0.628709298572448,False,31,389842602654.78455,-128825528320.76767,3.7285873434363737,104.55504102406097,,,,,,,,,,,,,,,,,,,
opt_main_3_6,main,9.9 % biomass,9.9,1.35,3.6,min_surplus_loss,G2,blend_completeness_constraint,0,2030.0,-0.97999999,0.0,0.97999999,False,0.0001,0.0,1e-10,-12.882552832076767,7.343435057440258e-17,1.1285696008317802e-16,0.6506851728088359,0.0,True,Successive iterates of the objective function are closer than ftol_rel or ftol_abs. GEMSEO stopped the driver.,0.0,33,0.628709298572448,False,31,0.0,-128825528320.76767,,,1.552969421732896,,,,,,,,,,,,,,,,,,
opt_main_3_6,main,9.9 % biomass,9.9,1.35,3.6,min_surplus_loss,G2,blend_completeness_constraint,1,2035.0,-0.9454549424491953,0.0,0.9454549424491953,False,0.0001,0.0,1e-10,-12.882552832076767,7.343435057440258e-17,1.1285696008317802e-16,0.6506851728088359,0.0,True,Successive iterates of the objective function are closer than ftol_rel or ftol_abs. GEMSEO stopped the driver.,0.0,33,0.628709298572448,False,31,0.0,-128825528320.76767,,,1.9352824430911528,,,,,,,,,,,,,,,,,,
opt_main_3_6,main,9.9 % biomass,9.9,1.35,3.6,min_surplus_loss,G2,blend_completeness_constraint,2,2040.0,-0.8647923121962587,0.0,0.8647923121962587,False,0.0001,0.0,1e-10,-12.882552832076767,7.343435057440258e-17,1.1285696008317802e-16,0.6506851728088359,0.0,True,Successive iterates of the objective function are closer than ftol_rel or ftol_abs. GEMSEO stopped the driver.,0.0,33,0.628709298572448,False,31,0.0,-128825528320.76767,,,2.411714024837406,,,,,,,,,,,,,,,,,,
opt_main_3_6,main,9.9 % biomass,9.9,1.35,3.6,min_surplus_loss,G2,blend_completeness_constraint,3,2045.0,-0.6631966319013785,0.0,0.6631966319013785,False,0.0001,0.0,1e-10,-12.882552832076767,7.343435057440258e-17,1.1285696008317802e-16,0.6506851728088359,0.0,True,Successive iterates of the objective function are closer than ftol_rel or ftol_abs. GEMSEO stopped the driver.,0.0,33,0.628709298572448,False,31,0.0,-128825528320.76767,,,3.005434456537094,,,,,,,,,,,,,,,,,,
opt_main_3_6,main,9.9 % biomass,9.9,1.35,3.6,min_surplus_loss,G2,blend_completeness_constraint,4,2050.0,-0.6287092985724501,0.0,0.6287092985724501,False,0.0001,0.0,1e-10,-12.882552832076767,7.343435057440258e-17,1.1285696008317802e-16,0.6506851728088359,0.0,True,Successive iterates of the objective function are closer than ftol_rel or ftol_abs. GEMSEO stopped the driver.,0.0,33,0.628709298572448,False,31,0.0,-128825528320.76767,,,3.7453181345368614,,,,,,,,,,,,,,,,,,
opt_main_3_6,main,9.9 % biomass,9.9,1.35,3.6,min_surplus_loss,G3,biomass_trajectory_constraint,0,2030.0,-0.9285587438885219,0.0,0.9285587438885219,False,0.0001,0.0,1e-10,-12.882552832076767,7.343435057440258e-17,1.1285696008317802e-16,0.6506851728088359,0.0,True,Successive iterates of the objective function are closer than ftol_rel or ftol_abs. GEMSEO stopped the driver.,0.0,33,0.628709298572448,False,31,0.0,-128825528320.76767,,,1.552969421732896,,1105660710000.0002,1.1056607100000002,0.0,0.0,0.0,0.0,,,,,,,,,,,
opt_main_3_6,main,9.9 % biomass,9.9,1.35,3.6,min_surplus_loss,G3,biomass_trajectory_constraint,1,2035.0,-0.8310329407420924,0.0,0.8310329407420924,False,0.0001,0.0,1e-10,-12.882552832076767,7.343435057440258e-17,1.1285696008317802e-16,0.6506851728088359,0.0,True,Successive iterates of the objective function are closer than ftol_rel or ftol_abs. GEMSEO stopped the driver.,0.0,33,0.628709298572448,False,31,0.0,-128825528320.76767,,,1.9352824430911528,,1302716745000.0002,1.3027167450000003,0.0,0.0,0.0,0.0,,,,,,,,,,,
opt_main_3_6,main,9.9 % biomass,9.9,1.35,3.6,min_surplus_loss,G3,biomass_trajectory_constraint,2,2040.0,-0.6347982884997765,0.0,0.6347982884997765,False,0.0001,0.0,1e-10,-12.882552832076767,7.343435057440258e-17,1.1285696008317802e-16,0.6506851728088359,0.0,True,Successive iterates of the objective function are closer than ftol_rel or ftol_abs. GEMSEO stopped the driver.,0.0,33,0.628709298572448,False,31,0.0,-128825528320.76767,,,2.411714024837406,,1499772780000.0,1.49977278,0.0,0.0,0.0,0.0,,,,,,,,,,,
opt_main_3_6,main,9.9 % biomass,9.9,1.35,3.6,min_surplus_loss,G3,biomass_trajectory_constraint,3,2045.0,-0.10947247406487719,0.0,0.10947247406487719,False,0.0001,0.0,1e-10,-12.882552832076767,7.343435057440258e-17,1.1285696008317802e-16,0.6506851728088359,0.0,True,Successive iterates of the objective function are closer than ftol_rel or ftol_abs. GEMSEO stopped the driver.,0.0,33,0.628709298572448,False,31,0.0,-128825528320.76767,,,3.005434456537094,,1530442980000.0,1.53044298,0.0,0.0,0.0,0.0,,,,,,,,,,,
opt_main_3_6,main,9.9 % biomass,9.9,1.35,3.6,min_surplus_loss,G3,biomass_trajectory_constraint,4,2050.0,8.526512829121202e-16,0.0,8.526512829121202e-16,True,0.0001,0.4073134192987091,1e-10,-12.882552832076767,7.343435057440258e-17,1.1285696008317802e-16,0.6506851728088359,0.0,True,Successive iterates of the objective function are closer than ftol_rel or ftol_abs. GEMSEO stopped the driver.,0.0,33,0.628709298572448,False,31,4073134192.987091,-128825528320.76767,,,3.7453181345368614,,1561113180000.0,1.56111318,2.6091216480454613,2609121648.045461,9.771990623637368,9771990623.637367,,,,,,,,,,,
opt_main_3_6,main,9.9 % biomass,9.9,1.35,3.6,min_surplus_loss,G4,electricity_trajectory_constraint,0,2030.0,-0.9999999596474151,0.0,0.9999999596474151,False,0.0001,0.0,1e-10,-12.882552832076767,7.343435057440258e-17,1.1285696008317802e-16,0.6506851728088359,0.0,True,Successive iterates of the objective function are closer than ftol_rel or ftol_abs. GEMSEO stopped the driver.,0.0,33,0.628709298572448,False,31,0.0,-128825528320.76767,,,1.552969421732896,,1065287574000.0001,1.065287574,0.0,0.0,0.0,0.0,,,,,,,,,,,
opt_main_3_6,main,9.9 % biomass,9.9,1.35,3.6,min_surplus_loss,G4,electricity_trajectory_constraint,1,2035.0,-0.9999999676252165,0.0,0.9999999676252165,False,0.0001,0.0,1e-10,-12.882552832076767,7.343435057440258e-17,1.1285696008317802e-16,0.6506851728088359,0.0,True,Successive iterates of the objective function are closer than ftol_rel or ftol_abs. GEMSEO stopped the driver.,0.0,33,0.628709298572448,False,31,0.0,-128825528320.76767,,,1.9352824430911528,,1356710238000.0002,1.3567102380000002,0.0,0.0,0.0,0.0,,,,,,,,,,,
opt_main_3_6,main,9.9 % biomass,9.9,1.35,3.6,min_surplus_loss,G4,electricity_trajectory_constraint,2,2040.0,-0.9999999732476494,0.0,0.9999999732476494,False,0.0001,0.0,1e-10,-12.882552832076767,7.343435057440258e-17,1.1285696008317802e-16,0.6506851728088359,0.0,True,Successive iterates of the objective function are closer than ftol_rel or ftol_abs. GEMSEO stopped the driver.,0.0,33,0.628709298572448,False,31,0.0,-128825528320.76767,,,2.411714024837406,,1648132902000.0002,1.6481329020000002,0.0,0.0,0.0,0.0,,,,,,,,,,,
opt_main_3_6,main,9.9 % biomass,9.9,1.35,3.6,min_surplus_loss,G4,electricity_trajectory_constraint,3,2045.0,-0.9999999767611087,0.0,0.9999999767611087,False,0.0001,0.0,1e-10,-12.882552832076767,7.343435057440258e-17,1.1285696008317802e-16,0.6506851728088359,0.0,True,Successive iterates of the objective function are closer than ftol_rel or ftol_abs. GEMSEO stopped the driver.,0.0,33,0.628709298572448,False,31,0.0,-128825528320.76767,,,3.005434456537094,,1895265009000.0002,1.8952650090000003,0.0,0.0,0.0,0.0,,,,,,,,,,,
opt_main_3_6,main,9.9 % biomass,9.9,1.35,3.6,min_surplus_loss,G4,electricity_trajectory_constraint,4,2050.0,-0.9999999786391952,0.0,0.9999999786391952,False,0.0001,0.0,1e-10,-12.882552832076767,7.343435057440258e-17,1.1285696008317802e-16,0.6506851728088359,0.0,True,Successive iterates of the objective function are closer than ftol_rel or ftol_abs. GEMSEO stopped the driver.,0.0,33,0.628709298572448,False,31,0.0,-128825528320.76767,,,3.7453181345368614,,2142397116000.0002,2.142397116,0.0,0.0,0.0,0.0,,,,,,,,,,,
opt_main_3_6,main,9.9 % biomass,9.9,1.35,3.6,min_surplus_loss,G5,biofuel_use_growth_constraint,0,2030.0,-0.7576737090472304,0.0,0.7576737090472304,False,0.0001,0.0,1e-10,-12.882552832076767,7.343435057440258e-17,1.1285696008317802e-16,0.6506851728088359,0.0,True,Successive iterates of the objective function are closer than ftol_rel or ftol_abs. GEMSEO stopped the driver.,0.0,33,0.628709298572448,False,31,0.0,-128825528320.76767,,,1.552969421732896,,,,,,,,volume,89799803521.1529,154900000000.0,36088527006.63617,0.0,0.0,0.0,0.0,0.0,0.0,
opt_main_3_6,main,9.9 % biomass,9.9,1.35,3.6,min_surplus_loss,G5,biofuel_use_growth_constraint,1,2035.0,-0.3247235296755675,0.0,0.3247235296755675,False,0.0001,0.0,1e-10,-12.882552832076767,7.343435057440258e-17,1.1285696008317802e-16,0.6506851728088359,0.0,True,Successive iterates of the objective function are closer than ftol_rel or ftol_abs. GEMSEO stopped the driver.,0.0,33,0.628709298572448,False,31,0.0,-128825528320.76767,,,1.9352824430911528,,,,,,,,volume,93402431691.46367,154900000000.0,37536342468.59877,0.0,0.0,0.0,0.0,0.0,0.0,
opt_main_3_6,main,9.9 % biomass,9.9,1.35,3.6,min_surplus_loss,G5,biofuel_use_growth_constraint,2,2040.0,-2.610470480577187e-10,0.0,2.610470480577187e-10,True,0.0001,0.08881938493928146,1e-10,-12.882552832076767,7.343435057440258e-17,1.1285696008317802e-16,0.6506851728088359,0.0,True,Successive iterates of the objective function are closer than ftol_rel or ftol_abs. GEMSEO stopped the driver.,0.0,33,0.628709298572448,False,31,888193849.3928145,-128825528320.76767,,,2.411714024837406,,,,,,,,rate,260279081331.50262,154900000000.0,104600325252.17926,5.733982242690861,0.0,6218481793.744695,13.828725392866192,0.0,14997199755.170149,
opt_main_3_6,main,9.9 % biomass,9.9,1.35,3.6,min_surplus_loss,G5,biofuel_use_growth_constraint,3,2045.0,1.0964498895456747e-10,0.0,1.0964498895456747e-10,True,0.0001,0.06156168879846029,1e-10,-12.882552832076767,7.343435057440258e-17,1.1285696008317802e-16,0.6506851728088359,0.0,True,Successive iterates of the objective function are closer than ftol_rel or ftol_abs. GEMSEO stopped the driver.,0.0,33,0.628709298572448,False,31,615616887.9846028,-128825528320.76767,,,3.005434456537094,,,,,,,,rate,647657643658.7672,154900000000.0,260279081331.48767,3.9742859133931745,0.0,10724902707.893566,11.944455824241844,0.0,32232992141.31131,
opt_main_3_6,main,9.9 % biomass,9.9,1.35,3.6,min_surplus_loss,G5,biofuel_use_growth_constraint,4,2050.0,-5.614788199888178,0.0,5.614788199888178,False,0.0001,0.0,1e-10,-12.882552832076767,7.343435057440258e-17,1.1285696008317802e-16,0.6506851728088359,0.0,True,Successive iterates of the objective function are closer than ftol_rel or ftol_abs. GEMSEO stopped the driver.,0.0,33,0.628709298572448,False,31,0.0,-128825528320.76767,,,3.7453181345368614,,,,,,,,rate,1611579467868.9827,154900000000.0,647657643658.767,0.0,0.0,0.0,0.0,0.0,0.0,
opt_main_3_6,main,9.9 % biomass,9.9,1.35,3.6,min_surplus_loss,G6,electrofuel_use_growth_constraint,0,2030.0,-0.9999998788368545,0.0,0.9999998788368545,False,0.0001,0.0,1e-10,-12.882552832076767,7.343435057440258e-17,1.1285696008317802e-16,0.6506851728088359,0.0,True,Successive iterates of the objective function are closer than ftol_rel or ftol_abs. GEMSEO stopped the driver.,0.0,33,0.628709298572448,False,31,0.0,-128825528320.76767,,,1.552969421732896,,,,,,,,volume,0.0,154900000000.0,0.0,0.0,0.0,0.0,0.0,0.0,0.0,
opt_main_3_6,main,9.9 % biomass,9.9,1.35,3.6,min_surplus_loss,G6,electrofuel_use_growth_constraint,1,2035.0,-0.99999987619839,0.0,0.99999987619839,False,0.0001,0.0,1e-10,-12.882552832076767,7.343435057440258e-17,1.1285696008317802e-16,0.6506851728088359,0.0,True,Successive iterates of the objective function are closer than ftol_rel or ftol_abs. GEMSEO stopped the driver.,0.0,33,0.628709298572448,False,31,0.0,-128825528320.76767,,,1.9352824430911528,,,,,,,,volume,46701.22352065273,154900000000.0,18768.17431867796,0.0,0.0,0.0,0.0,0.0,0.0,
opt_main_3_6,main,9.9 % biomass,9.9,1.35,3.6,min_surplus_loss,G6,electrofuel_use_growth_constraint,2,2040.0,-0.9999998757242211,0.0,0.9999998757242211,False,0.0001,0.0,1e-10,-12.882552832076767,7.343435057440258e-17,1.1285696008317802e-16,0.6506851728088359,0.0,True,Successive iterates of the objective function are closer than ftol_rel or ftol_abs. GEMSEO stopped the driver.,0.0,33,0.628709298572448,False,31,0.0,-128825528320.76767,,,2.411714024837406,,,,,,,,volume,47718.19964818643,154900000000.0,19176.874215609907,0.0,0.0,0.0,0.0,0.0,0.0,
opt_main_3_6,main,9.9 % biomass,9.9,1.35,3.6,min_surplus_loss,G6,electrofuel_use_growth_constraint,3,2045.0,-0.9999998758583067,0.0,0.9999998758583067,False,0.0001,0.0,1e-10,-12.882552832076767,7.343435057440258e-17,1.1285696008317802e-16,0.6506851728088359,0.0,True,Successive iterates of the objective function are closer than ftol_rel or ftol_abs. GEMSEO stopped the driver.,0.0,33,0.628709298572448,False,31,0.0,-128825528320.76767,,,3.005434456537094,,,,,,,,volume,47900.960973870184,154900000000.0,19250.321893434204,0.0,0.0,0.0,0.0,0.0,0.0,
opt_main_3_6,main,9.9 % biomass,9.9,1.35,3.6,min_surplus_loss,G6,electrofuel_use_growth_constraint,4,2050.0,-0.9999998710118229,0.0,0.9999998710118229,False,0.0001,0.0,1e-10,-12.882552832076767,7.343435057440258e-17,1.1285696008317802e-16,0.6506851728088359,0.0,True,Successive iterates of the objective function are closer than ftol_rel or ftol_abs. GEMSEO stopped the driver.,0.0,33,0.628709298572448,False,31,0.0,-128825528320.76767,,,3.7453181345368614,,,,,,,,volume,47849.29178471807,154900000000.0,19229.557205149693,0.0,0.0,0.0,0.0,0.0,0.0,
opt_main_3_8,main,9.9 % biomass,9.9,1.35,3.8,min_surplus_loss,G1,aviation_carbon_budget_constraint,0,,3.560218025338651e-11,0.0,3.560218025338651e-11,True,0.0001,38.24800343531911,1e-10,-15.435758045845612,0.007696932960711481,0.011725801762112012,0.6564099510518363,0.0,True,Successive iterates of the objective function are closer than ftol_rel or ftol_abs. GEMSEO stopped the driver.,0.0,26,0.6597161678115807,False,24,382480034353.1911,-154357580458.45612,3.9761761796484274,96.19292935531088,,,,,,,,,,,,,,,,,,,
opt_main_3_8,main,9.9 % biomass,9.9,1.35,3.8,min_surplus_loss,G2,blend_completeness_constraint,0,2030.0,-0.9799999899985843,0.0,0.9799999899985843,False,0.0001,0.0,1e-10,-15.435758045845612,0.007696932960711481,0.011725801762112012,0.6564099510518363,0.0,True,Successive iterates of the objective function are closer than ftol_rel or ftol_abs. GEMSEO stopped the driver.,0.0,26,0.6597161678115807,False,24,0.0,-154357580458.45612,,,1.552969421732896,,,,,,,,,,,,,,,,,,
opt_main_3_8,main,9.9 % biomass,9.9,1.35,3.8,min_surplus_loss,G2,blend_completeness_constraint,1,2035.0,-0.979999989989017,0.0,0.979999989989017,False,0.0001,0.0,1e-10,-15.435758045845612,0.007696932960711481,0.011725801762112012,0.6564099510518363,0.0,True,Successive iterates of the objective function are closer than ftol_rel or ftol_abs. GEMSEO stopped the driver.,0.0,26,0.6597161678115807,False,24,0.0,-154357580458.45612,,,1.9352824430911528,,,,,,,,,,,,,,,,,,
opt_main_3_8,main,9.9 % biomass,9.9,1.35,3.8,min_surplus_loss,G2,blend_completeness_constraint,2,2040.0,-0.9402781509303546,0.0,0.9402781509303546,False,0.0001,0.0,1e-10,-15.435758045845612,0.007696932960711481,0.011725801762112012,0.6564099510518363,0.0,True,Successive iterates of the objective function are closer than ftol_rel or ftol_abs. GEMSEO stopped the driver.,0.0,26,0.6597161678115807,False,24,0.0,-154357580458.45612,,,2.411714024837406,,,,,,,,,,,,,,,,,,
opt_main_3_8,main,9.9 % biomass,9.9,1.35,3.8,min_surplus_loss,G2,blend_completeness_constraint,3,2045.0,-0.8535462291988967,0.0,0.8535462291988967,False,0.0001,0.0,1e-10,-15.435758045845612,0.007696932960711481,0.011725801762112012,0.6564099510518363,0.0,True,Successive iterates of the objective function are closer than ftol_rel or ftol_abs. GEMSEO stopped the driver.,0.0,26,0.6597161678115807,False,24,0.0,-154357580458.45612,,,3.005434456537094,,,,,,,,,,,,,,,,,,
opt_main_3_8,main,9.9 % biomass,9.9,1.35,3.8,min_surplus_loss,G2,blend_completeness_constraint,4,2050.0,-0.6600918331673883,0.0,0.6600918331673883,False,0.0001,0.0,1e-10,-15.435758045845612,0.007696932960711481,0.011725801762112012,0.6564099510518363,0.0,True,Successive iterates of the objective function are closer than ftol_rel or ftol_abs. GEMSEO stopped the driver.,0.0,26,0.6597161678115807,False,24,0.0,-154357580458.45612,,,3.7453181345368614,,,,,,,,,,,,,,,,,,
opt_main_3_8,main,9.9 % biomass,9.9,1.35,3.8,min_surplus_loss,G3,biomass_trajectory_constraint,0,2030.0,-0.9285587438835041,0.0,0.9285587438835041,False,0.0001,0.0,1e-10,-15.435758045845612,0.007696932960711481,0.011725801762112012,0.6564099510518363,0.0,True,Successive iterates of the objective function are closer than ftol_rel or ftol_abs. GEMSEO stopped the driver.,0.0,26,0.6597161678115807,False,24,0.0,-154357580458.45612,,,1.552969421732896,,1105660710000.0002,1.1056607100000002,0.0,0.0,0.0,0.0,,,,,,,,,,,
opt_main_3_8,main,9.9 % biomass,9.9,1.35,3.8,min_surplus_loss,G3,biomass_trajectory_constraint,1,2035.0,-0.9376547230558822,0.0,0.9376547230558822,False,0.0001,0.0,1e-10,-15.435758045845612,0.007696932960711481,0.011725801762112012,0.6564099510518363,0.0,True,Successive iterates of the objective function are closer than ftol_rel or ftol_abs. GEMSEO stopped the driver.,0.0,26,0.6597161678115807,False,24,0.0,-154357580458.45612,,,1.9352824430911528,,1302716745000.0002,1.3027167450000003,0.0,0.0,0.0,0.0,,,,,,,,,,,
opt_main_3_8,main,9.9 % biomass,9.9,1.35,3.8,min_surplus_loss,G3,biomass_trajectory_constraint,2,2040.0,-0.8366809421063237,0.0,0.8366809421063237,False,0.0001,0.0,1e-10,-15.435758045845612,0.007696932960711481,0.011725801762112012,0.6564099510518363,0.0,True,Successive iterates of the objective function are closer than ftol_rel or ftol_abs. GEMSEO stopped the driver.,0.0,26,0.6597161678115807,False,24,0.0,-154357580458.45612,,,2.411714024837406,,1499772780000.0,1.49977278,0.0,0.0,0.0,0.0,,,,,,,,,,,
opt_main_3_8,main,9.9 % biomass,9.9,1.35,3.8,min_surplus_loss,G3,biomass_trajectory_constraint,3,2045.0,-0.6017540118132635,0.0,0.6017540118132635,False,0.0001,0.0,1e-10,-15.435758045845612,0.007696932960711481,0.011725801762112012,0.6564099510518363,0.0,True,Successive iterates of the objective function are closer than ftol_rel or ftol_abs. GEMSEO stopped the driver.,0.0,26,0.6597161678115807,False,24,0.0,-154357580458.45612,,,3.005434456537094,,1530442980000.0,1.53044298,0.0,0.0,0.0,0.0,,,,,,,,,,,
opt_main_3_8,main,9.9 % biomass,9.9,1.35,3.8,min_surplus_loss,G3,biomass_trajectory_constraint,4,2050.0,-0.0806255048043309,0.0,0.0806255048043309,False,0.0001,0.0,1e-10,-15.435758045845612,0.007696932960711481,0.011725801762112012,0.6564099510518363,0.0,True,Successive iterates of the objective function are closer than ftol_rel or ftol_abs. GEMSEO stopped the driver.,0.0,26,0.6597161678115807,False,24,0.0,-154357580458.45612,,,3.7453181345368614,,1561113180000.0,1.56111318,0.0,0.0,0.0,0.0,,,,,,,,,,,
opt_main_3_8,main,9.9 % biomass,9.9,1.35,3.8,min_surplus_loss,G4,electricity_trajectory_constraint,0,2030.0,-0.9999999596474151,0.0,0.9999999596474151,False,0.0001,0.0,1e-10,-15.435758045845612,0.007696932960711481,0.011725801762112012,0.6564099510518363,0.0,True,Successive iterates of the objective function are closer than ftol_rel or ftol_abs. GEMSEO stopped the driver.,0.0,26,0.6597161678115807,False,24,0.0,-154357580458.45612,,,1.552969421732896,,1065287574000.0001,1.065287574,0.0,0.0,0.0,0.0,,,,,,,,,,,
opt_main_3_8,main,9.9 % biomass,9.9,1.35,3.8,min_surplus_loss,G4,electricity_trajectory_constraint,1,2035.0,-0.9999999674171973,0.0,0.9999999674171973,False,0.0001,0.0,1e-10,-15.435758045845612,0.007696932960711481,0.011725801762112012,0.6564099510518363,0.0,True,Successive iterates of the objective function are closer than ftol_rel or ftol_abs. GEMSEO stopped the driver.,0.0,26,0.6597161678115807,False,24,0.0,-154357580458.45612,,,1.9352824430911528,,1356710238000.0002,1.3567102380000002,0.0,0.0,0.0,0.0,,,,,,,,,,,
opt_main_3_8,main,9.9 % biomass,9.9,1.35,3.8,min_surplus_loss,G4,electricity_trajectory_constraint,2,2040.0,-0.9999999728796827,0.0,0.9999999728796827,False,0.0001,0.0,1e-10,-15.435758045845612,0.007696932960711481,0.011725801762112012,0.6564099510518363,0.0,True,Successive iterates of the objective function are closer than ftol_rel or ftol_abs. GEMSEO stopped the driver.,0.0,26,0.6597161678115807,False,24,0.0,-154357580458.45612,,,2.411714024837406,,1648132902000.0002,1.6481329020000002,0.0,0.0,0.0,0.0,,,,,,,,,,,
opt_main_3_8,main,9.9 % biomass,9.9,1.35,3.8,min_surplus_loss,G4,electricity_trajectory_constraint,3,2045.0,-0.9999999760262475,0.0,0.9999999760262475,False,0.0001,0.0,1e-10,-15.435758045845612,0.007696932960711481,0.011725801762112012,0.6564099510518363,0.0,True,Successive iterates of the objective function are closer than ftol_rel or ftol_abs. GEMSEO stopped the driver.,0.0,26,0.6597161678115807,False,24,0.0,-154357580458.45612,,,3.005434456537094,,1895265009000.0002,1.8952650090000003,0.0,0.0,0.0,0.0,,,,,,,,,,,
opt_main_3_8,main,9.9 % biomass,9.9,1.35,3.8,min_surplus_loss,G4,electricity_trajectory_constraint,4,2050.0,-0.9999999784081021,0.0,0.9999999784081021,False,0.0001,0.0,1e-10,-15.435758045845612,0.007696932960711481,0.011725801762112012,0.6564099510518363,0.0,True,Successive iterates of the objective function are closer than ftol_rel or ftol_abs. GEMSEO stopped the driver.,0.0,26,0.6597161678115807,False,24,0.0,-154357580458.45612,,,3.7453181345368614,,2142397116000.0002,2.142397116,0.0,0.0,0.0,0.0,,,,,,,,,,,
opt_main_3_8,main,9.9 % biomass,9.9,1.35,3.8,min_surplus_loss,G5,biofuel_use_growth_constraint,0,2030.0,-0.7576737090301393,0.0,0.7576737090301393,False,0.0001,0.0,1e-10,-15.435758045845612,0.007696932960711481,0.011725801762112012,0.6564099510518363,0.0,True,Successive iterates of the objective function are closer than ftol_rel or ftol_abs. GEMSEO stopped the driver.,0.0,26,0.6597161678115807,False,24,0.0,-154357580458.45612,,,1.552969421732896,,,,,,,,volume,89799803521.15388,154900000000.0,36088527006.636566,0.0,0.0,0.0,0.0,0.0,0.0,
opt_main_3_8,main,9.9 % biomass,9.9,1.35,3.8,min_surplus_loss,G5,biofuel_use_growth_constraint,1,2035.0,-0.7508372416425356,0.0,0.7508372416425356,False,0.0001,0.0,1e-10,-15.435758045845612,0.007696932960711481,0.011725801762112012,0.6564099510518363,0.0,True,Successive iterates of the objective function are closer than ftol_rel or ftol_abs. GEMSEO stopped the driver.,0.0,26,0.6597161678115807,False,24,0.0,-154357580458.45612,,,1.9352824430911528,,,,,,,,volume,93402431696.23166,154900000000.0,37536342470.514915,0.0,0.0,0.0,0.0,0.0,0.0,
opt_main_3_8,main,9.9 % biomass,9.9,1.35,3.8,min_surplus_loss,G5,biofuel_use_growth_constraint,2,2040.0,-0.2485641527526417,0.0,0.2485641527526417,False,0.0001,0.0,1e-10,-15.435758045845612,0.007696932960711481,0.011725801762112012,0.6564099510518363,0.0,True,Successive iterates of the objective function are closer than ftol_rel or ftol_abs. GEMSEO stopped the driver.,0.0,26,0.6597161678115807,False,24,0.0,-154357580458.45612,,,2.411714024837406,,,,,,,,volume,96037484925.7282,154900000000.0,38595311264.51912,0.0,0.0,0.0,0.0,0.0,0.0,
opt_main_3_8,main,9.9 % biomass,9.9,1.35,3.8,min_surplus_loss,G5,biofuel_use_growth_constraint,3,2045.0,-9.832389343931569e-10,0.0,9.832389343931569e-10,True,0.0001,0.040634714168525654,1e-10,-15.435758045845612,0.007696932960711481,0.011725801762112012,0.6564099510518363,0.0,True,Successive iterates of the objective function are closer than ftol_rel or ftol_abs. GEMSEO stopped the driver.,0.0,26,0.6597161678115807,False,24,406347141.68525654,-154357580458.45612,,,3.005434456537094,,,,,,,,rate,289328959902.33417,154900000000.0,116274819919.59807,2.623286905650462,0.0,3162470299.7385874,7.884116855624471,0.0,9504597206.609543,
opt_main_3_8,main,9.9 % biomass,9.9,1.35,3.8,min_surplus_loss,G5,biofuel_use_growth_constraint,4,2050.0,-0.2496143063145436,0.0,0.2496143063145436,False,0.0001,0.0,1e-10,-15.435758045845612,0.007696932960711481,0.011725801762112012,0.6564099510518363,0.0,True,Successive iterates of the objective function are closer than ftol_rel or ftol_abs. GEMSEO stopped the driver.,0.0,26,0.6597161678115807,False,24,0.0,-154357580458.45612,,,3.7453181345368614,,,,,,,,rate,719943027514.1466,154900000000.0,289328955887.5654,0.0,0.0,0.0,0.0,0.0,0.0,
opt_main_3_8,main,9.9 % biomass,9.9,1.35,3.8,min_surplus_loss,G6,electrofuel_use_growth_constraint,0,2030.0,-0.9999998788368545,0.0,0.9999998788368545,False,0.0001,0.0,1e-10,-15.435758045845612,0.007696932960711481,0.011725801762112012,0.6564099510518363,0.0,True,Successive iterates of the objective function are closer than ftol_rel or ftol_abs. GEMSEO stopped the driver.,0.0,26,0.6597161678115807,False,24,0.0,-154357580458.45612,,,1.552969421732896,,,,,,,,volume,0.0,154900000000.0,0.0,0.0,0.0,0.0,0.0,0.0,0.0,
opt_main_3_8,main,9.9 % biomass,9.9,1.35,3.8,min_surplus_loss,G6,electrofuel_use_growth_constraint,1,2035.0,-0.9999998754029217,0.0,0.9999998754029217,False,0.0001,0.0,1e-10,-15.435758045845612,0.007696932960711481,0.011725801762112012,0.6564099510518363,0.0,True,Successive iterates of the objective function are closer than ftol_rel or ftol_abs. GEMSEO stopped the driver.,0.0,26,0.6597161678115807,False,24,0.0,-154357580458.45612,,,1.9352824430911528,,,,,,,,volume,46701.21584570519,154900000000.0,18768.17123428868,0.0,0.0,0.0,0.0,0.0,0.0,
opt_main_3_8,main,9.9 % biomass,9.9,1.35,3.8,min_surplus_loss,G6,electrofuel_use_growth_constraint,2,2040.0,-0.999999874014863,0.0,0.999999874014863,False,0.0001,0.0,1e-10,-15.435758045845612,0.007696932960711481,0.011725801762112012,0.6564099510518363,0.0,True,Successive iterates of the objective function are closer than ftol_rel or ftol_abs. GEMSEO stopped the driver.,0.0,26,0.6597161678115807,False,24,0.0,-154357580458.45612,,,2.411714024837406,,,,,,,,volume,48023.155016911696,154900000000.0,19299.4289387666,0.0,0.0,0.0,0.0,0.0,0.0,
opt_main_3_8,main,9.9 % biomass,9.9,1.35,3.8,min_surplus_loss,G6,electrofuel_use_growth_constraint,3,2045.0,-0.999999871932692,0.0,0.999999871932692,False,0.0001,0.0,1e-10,-15.435758045845612,0.007696932960711481,0.011725801762112012,0.6564099510518363,0.0,True,Successive iterates of the objective function are closer than ftol_rel or ftol_abs. GEMSEO stopped the driver.,0.0,26,0.6597161678115807,False,24,0.0,-154357580458.45612,,,3.005434456537094,,,,,,,,volume,48543.35624688916,154900000000.0,19508.48614602992,0.0,0.0,0.0,0.0,0.0,0.0,
opt_main_3_8,main,9.9 % biomass,9.9,1.35,3.8,min_surplus_loss,G6,electrofuel_use_growth_constraint,4,2050.0,-0.9999998696163575,0.0,0.9999998696163575,False,0.0001,0.0,1e-10,-15.435758045845612,0.007696932960711481,0.011725801762112012,0.6564099510518363,0.0,True,Successive iterates of the objective function are closer than ftol_rel or ftol_abs. GEMSEO stopped the driver.,0.0,26,0.6597161678115807,False,24,0.0,-154357580458.45612,,,3.7453181345368614,,,,,,,,volume,49322.35046270411,154900000000.0,19821.5464500965,0.0,0.0,0.0,0.0,0.0,0.0,
opt_main_mincarb,main,9.9 % biomass,9.9,1.35,,min_co2,G2,blend_completeness_constraint,0,2030.0,-0.824125997214825,0.0,0.824125997214825,False,0.0001,0.0,10.0,-2.253277410311899,2.173602285337623e-17,2.897291134577169e-16,0.07502188024521184,0.0,True,Successive iterates of the objective function are closer than ftol_rel or ftol_abs. GEMSEO stopped the driver.,0.0,13,0.005526312643245928,False,12,,,,,1.552969421732896,,,,,,,,,,,,,,,,,,0.0
opt_main_mincarb,main,9.9 % biomass,9.9,1.35,,min_co2,G2,blend_completeness_constraint,1,2035.0,-0.5387324339260937,0.0,0.5387324339260937,False,0.0001,0.0,10.0,-2.253277410311899,2.173602285337623e-17,2.897291134577169e-16,0.07502188024521184,0.0,True,Successive iterates of the objective function are closer than ftol_rel or ftol_abs. GEMSEO stopped the driver.,0.0,13,0.005526312643245928,False,12,,,,,1.9352824430911528,,,,,,,,,,,,,,,,,,0.0
opt_main_mincarb,main,9.9 % biomass,9.9,1.35,,min_co2,G2,blend_completeness_constraint,2,2040.0,-0.06947082708470134,0.0,0.06947082708470134,False,0.0001,0.0,10.0,-2.253277410311899,2.173602285337623e-17,2.897291134577169e-16,0.07502188024521184,0.0,True,Successive iterates of the objective function are closer than ftol_rel or ftol_abs. GEMSEO stopped the driver.,0.0,13,0.005526312643245928,False,12,,,,,2.411714024837406,,,,,,,,,,,,,,,,,,0.0
opt_main_mincarb,main,9.9 % biomass,9.9,1.35,,min_co2,G2,blend_completeness_constraint,3,2045.0,-0.0236592110168165,0.0,0.0236592110168165,False,0.0001,0.0,10.0,-2.253277410311899,2.173602285337623e-17,2.897291134577169e-16,0.07502188024521184,0.0,True,Successive iterates of the objective function are closer than ftol_rel or ftol_abs. GEMSEO stopped the driver.,0.0,13,0.005526312643245928,False,12,,,,,3.005434456537094,,,,,,,,,,,,,,,,,,0.0
opt_main_mincarb,main,9.9 % biomass,9.9,1.35,,min_co2,G2,blend_completeness_constraint,4,2050.0,-0.005526312643245745,0.0,0.005526312643245745,False,0.0001,0.0,10.0,-2.253277410311899,2.173602285337623e-17,2.897291134577169e-16,0.07502188024521184,0.0,True,Successive iterates of the objective function are closer than ftol_rel or ftol_abs. GEMSEO stopped the driver.,0.0,13,0.005526312643245928,False,12,,,,,3.7453181345368614,,,,,,,,,,,,,,,,,,0.0
opt_main_mincarb,main,9.9 % biomass,9.9,1.35,,min_co2,G3,biomass_trajectory_constraint,0,2030.0,-0.7051856988759303,0.0,0.7051856988759303,False,0.0001,0.0,10.0,-2.253277410311899,2.173602285337623e-17,2.897291134577169e-16,0.07502188024521184,0.0,True,Successive iterates of the objective function are closer than ftol_rel or ftol_abs. GEMSEO stopped the driver.,0.0,13,0.005526312643245928,False,12,,,,,1.552969421732896,,1105660710000.0002,1.1056607100000002,,,,,,,,,,,,,,,0.0
opt_main_mincarb,main,9.9 % biomass,9.9,1.35,,min_co2,G3,biomass_trajectory_constraint,1,2035.0,-0.3773748507551788,0.0,0.3773748507551788,False,0.0001,0.0,10.0,-2.253277410311899,2.173602285337623e-17,2.897291134577169e-16,0.07502188024521184,0.0,True,Successive iterates of the objective function are closer than ftol_rel or ftol_abs. GEMSEO stopped the driver.,0.0,13,0.005526312643245928,False,12,,,,,1.9352824430911528,,1302716745000.0002,1.3027167450000003,,,,,,,,,,,,,,,0.0
opt_main_mincarb,main,9.9 % biomass,9.9,1.35,,min_co2,G3,biomass_trajectory_constraint,2,2040.0,-1.4210854715202004e-16,0.0,1.4210854715202004e-16,True,0.0001,1.1958249982191265,10.0,-2.253277410311899,2.173602285337623e-17,2.897291134577169e-16,0.07502188024521184,0.0,True,Successive iterates of the objective function are closer than ftol_rel or ftol_abs. GEMSEO stopped the driver.,0.0,13,0.005526312643245928,False,12,,,,,2.411714024837406,,1499772780000.0,1.49977278,,,,,,,,,,,,,,,0.29783733552128533
opt_main_mincarb,main,9.9 % biomass,9.9,1.35,,min_co2,G3,biomass_trajectory_constraint,3,2045.0,2.842170943040401e-16,0.0,2.842170943040401e-16,True,0.0001,1.1770825074329416,10.0,-2.253277410311899,2.173602285337623e-17,2.897291134577169e-16,0.07502188024521184,0.0,True,Successive iterates of the objective function are closer than ftol_rel or ftol_abs. GEMSEO stopped the driver.,0.0,13,0.005526312643245928,False,12,,,,,3.005434456537094,,1530442980000.0,1.53044298,,,,,,,,,,,,,,,0.29316924986903453
opt_main_mincarb,main,9.9 % biomass,9.9,1.35,,min_co2,G3,biomass_trajectory_constraint,4,2050.0,2.842170943040401e-16,0.0,2.842170943040401e-16,True,0.0001,0.7015591670599344,10.0,-2.253277410311899,2.173602285337623e-17,2.897291134577169e-16,0.07502188024521184,0.0,True,Successive iterates of the objective function are closer than ftol_rel or ftol_abs. GEMSEO stopped the driver.,0.0,13,0.005526312643245928,False,12,,,,,3.7453181345368614,,1561113180000.0,1.56111318,,,,,,,,,,,,,,,0.17473335424400824
opt_main_mincarb,main,9.9 % biomass,9.9,1.35,,min_co2,G4,electricity_trajectory_constraint,0,2030.0,-0.6669566077198017,0.0,0.6669566077198017,False,0.0001,0.0,10.0,-2.253277410311899,2.173602285337623e-17,2.897291134577169e-16,0.07502188024521184,0.0,True,Successive iterates of the objective function are closer than ftol_rel or ftol_abs. GEMSEO stopped the driver.,0.0,13,0.005526312643245928,False,12,,,,,1.552969421732896,,1065287574000.0001,1.065287574,,,,,,,,,,,,,,,0.0
opt_main_mincarb,main,9.9 % biomass,9.9,1.35,,min_co2,G4,electricity_trajectory_constraint,1,2035.0,-0.34929101210944663,0.0,0.34929101210944663,False,0.0001,0.0,10.0,-2.253277410311899,2.173602285337623e-17,2.897291134577169e-16,0.07502188024521184,0.0,True,Successive iterates of the objective function are closer than ftol_rel or ftol_abs. GEMSEO stopped the driver.,0.0,13,0.005526312643245928,False,12,,,,,1.9352824430911528,,1356710238000.0002,1.3567102380000002,,,,,,,,,,,,,,,0.0
opt_main_mincarb,main,9.9 % biomass,9.9,1.35,,min_co2,G4,electricity_trajectory_constraint,2,2040.0,-2.842170943040401e-16,0.0,2.842170943040401e-16,True,0.0001,1.5812068745189318,10.0,-2.253277410311899,2.173602285337623e-17,2.897291134577169e-16,0.07502188024521184,0.0,True,Successive iterates of the objective function are closer than ftol_rel or ftol_abs. GEMSEO stopped the driver.,0.0,13,0.005526312643245928,False,12,,,,,2.411714024837406,,1648132902000.0002,1.6481329020000002,,,,,,,,,,,,,,,0.39382220903226267
opt_main_mincarb,main,9.9 % biomass,9.9,1.35,,min_co2,G4,electricity_trajectory_constraint,3,2045.0,-2.842170943040401e-16,0.0,2.842170943040401e-16,True,0.0001,1.8149806401518802,10.0,-2.253277410311899,2.173602285337623e-17,2.897291134577169e-16,0.07502188024521184,0.0,True,Successive iterates of the objective function are closer than ftol_rel or ftol_abs. GEMSEO stopped the driver.,0.0,13,0.005526312643245928,False,12,,,,,3.005434456537094,,1895265009000.0002,1.8952650090000003,,,,,,,,,,,,,,,0.45204691212392384
opt_main_mincarb,main,9.9 % biomass,9.9,1.35,,min_co2,G4,electricity_trajectory_constraint,4,2050.0,0.0,0.0,0.0,True,0.0001,1.2050251977392368,10.0,-2.253277410311899,2.173602285337623e-17,2.897291134577169e-16,0.07502188024521184,0.0,True,Successive iterates of the objective function are closer than ftol_rel or ftol_abs. GEMSEO stopped the driver.,0.0,13,0.005526312643245928,False,12,,,,,3.7453181345368614,,2142397116000.0002,2.142397116,,,,,,,,,,,,,,,0.3001287769240112
opt_main_mincarb,main,9.9 % biomass,9.9,1.35,,min_co2,G5,biofuel_use_growth_constraint,0,2030.0,3.9402941413815366e-16,0.0,3.9402941413815366e-16,True,0.0001,0.9011280354408369,10.0,-2.253277410311899,2.173602285337623e-17,2.897291134577169e-16,0.07502188024521184,0.0,True,Successive iterates of the objective function are closer than ftol_rel or ftol_abs. GEMSEO stopped the driver.,0.0,13,0.005526312643245928,False,12,,,,,1.552969421732896,,,,,,,,volume,89799803521.1634,154900000000.0,36088527006.640396,,,0.0,,,0.0,0.22443883798961087
opt_main_mincarb,main,9.9 % biomass,9.9,1.35,,min_co2,G5,biofuel_use_growth_constraint,1,2035.0,1.337209348142955e-09,0.0,1.337209348142955e-09,True,0.0001,0.25679533822341427,10.0,-2.253277410311899,2.173602285337623e-17,2.897291134577169e-16,0.07502188024521184,0.0,True,Successive iterates of the objective function are closer than ftol_rel or ftol_abs. GEMSEO stopped the driver.,0.0,13,0.005526312643245928,False,12,,,,,1.9352824430911528,,,,,,,,rate,385440767999.9998,154900000000.0,154899999999.99997,,0.0,,,0.0,,0.06395855532761992
opt_main_mincarb,main,9.9 % biomass,9.9,1.35,,min_co2,G5,biofuel_use_growth_constraint,2,2040.0,-1.5907066565110783,0.0,1.5907066565110783,False,0.0001,0.0,10.0,-2.253277410311899,2.173602285337623e-17,2.897291134577169e-16,0.07502188024521184,0.0,True,Successive iterates of the objective function are closer than ftol_rel or ftol_abs. GEMSEO stopped the driver.,0.0,13,0.005526312643245928,False,12,,,,,2.411714024837406,,,,,,,,rate,959099971829.7601,154900000000.0,385440768000.0001,,0.0,,,0.0,,0.0
opt_main_mincarb,main,9.9 % biomass,9.9,1.35,,min_co2,G5,biofuel_use_growth_constraint,3,2045.0,-6.753714037792721,0.0,6.753714037792721,False,0.0001,0.0,10.0,-2.253277410311899,2.173602285337623e-17,2.897291134577169e-16,0.07502188024521184,0.0,True,Successive iterates of the objective function are closer than ftol_rel or ftol_abs. GEMSEO stopped the driver.,0.0,13,0.005526312643245928,False,12,,,,,3.005434456537094,,,,,,,,rate,1773424447837.6033,154900000000.0,712699511251.609,,0.0,,,0.0,,0.0
opt_main_mincarb,main,9.9 % biomass,9.9,1.35,,min_co2,G5,biofuel_use_growth_constraint,4,2050.0,-6.8937509422121686,0.0,6.8937509422121686,False,0.0001,0.0,10.0,-2.253277410311899,2.173602285337623e-17,2.897291134577169e-16,0.07502188024521184,0.0,True,Successive iterates of the objective function are closer than ftol_rel or ftol_abs. GEMSEO stopped the driver.,0.0,13,0.005526312643245928,False,12,,,,,3.7453181345368614,,,,,,,,rate,1809690796464.0554,154900000000.0,727274143383.5101,,0.0,,,0.0,,0.0
opt_main_mincarb,main,9.9 % biomass,9.9,1.35,,min_co2,G6,electrofuel_use_growth_constraint,0,2030.0,-2.561191191897999e-15,0.0,2.561191191897999e-15,True,0.0001,1.0074640702812423,10.0,-2.253277410311899,2.173602285337623e-17,2.897291134577169e-16,0.07502188024521184,0.0,True,Successive iterates of the objective function are closer than ftol_rel or ftol_abs. GEMSEO stopped the driver.,0.0,13,0.005526312643245928,False,12,,,,,1.552969421732896,,,,,,,,volume,0.0,154900000000.0,0.0,,,0.0,,,0.0,0.2509233497985549
opt_main_mincarb,main,9.9 % biomass,9.9,1.35,,min_co2,G6,electrofuel_use_growth_constraint,1,2035.0,-3.003537399065425e-08,0.0,3.003537399065425e-08,True,0.0001,0.30639803999529225,10.0,-2.253277410311899,2.173602285337623e-17,2.897291134577169e-16,0.07502188024521184,0.0,True,Successive iterates of the objective function are closer than ftol_rel or ftol_abs. GEMSEO stopped the driver.,0.0,13,0.005526312643245928,False,12,,,,,1.9352824430911528,,,,,,,,rate,385440768000.0004,154900000000.0,154900000000.0002,,0.0,,,0.0,,0.07631281832797068
opt_main_mincarb,main,9.9 % biomass,9.9,1.35,,min_co2,G6,electrofuel_use_growth_constraint,2,2040.0,-1.5463210406412442,0.0,1.5463210406412442,False,0.0001,0.0,10.0,-2.253277410311899,2.173602285337623e-17,2.897291134577169e-16,0.07502188024521184,0.0,True,Successive iterates of the objective function are closer than ftol_rel or ftol_abs. GEMSEO stopped the driver.,0.0,13,0.005526312643245928,False,12,,,,,2.411714024837406,,,,,,,,rate,959099971829.7545,154900000000.0,385440767999.99786,,0.0,,,0.0,,0.0
opt_main_mincarb,main,9.9 % biomass,9.9,1.35,,min_co2,G6,electrofuel_use_growth_constraint,3,2045.0,-6.217299765894819,0.0,6.217299765894819,False,0.0001,0.0,10.0,-2.253277410311899,2.173602285337623e-17,2.897291134577169e-16,0.07502188024521184,0.0,True,Successive iterates of the objective function are closer than ftol_rel or ftol_abs. GEMSEO stopped the driver.,0.0,13,0.005526312643245928,False,12,,,,,3.005434456537094,,,,,,,,rate,1790532443617.1748,154900000000.0,719574831057.571,,0.0,,,0.0,,0.0
opt_main_mincarb,main,9.9 % biomass,9.9,1.35,,min_co2,G6,electrofuel_use_growth_constraint,4,2050.0,-7.254011005463125,0.0,7.254011005463125,False,0.0001,0.0,10.0,-2.253277410311899,2.173602285337623e-17,2.897291134577169e-16,0.07502188024521184,0.0,True,Successive iterates of the objective function are closer than ftol_rel or ftol_abs. GEMSEO stopped the driver.,0.0,13,0.005526312643245928,False,12,,,,,3.7453181345368614,,,,,,,,rate,2059016893448.7664,154900000000.0,827472709880.0664,,0.0,,,0.0,,0.0
opt_pess_2_0,pess,Low efficiency,9.9,0.91,2.0,min_surplus_loss,G1,aviation_carbon_budget_constraint,0,,0.28302109779011736,0.0,0.28302109779011736,False,0.0001,71.32742670740004,1e-10,28.15168896220912,1.8463195827281384e-16,3.1126243289848496e-16,0.5931713523971255,0.2829210977980428,False,Positive directional derivative for linesearch,1.0658141036401503e-13,35,0.12323854060709234,False,7,713274267074.0004,281516889622.0912,1.7360277520259635,410.8657054828769,,,,,,,,,,,,,,,,,,,
opt_pess_2_0,pess,Low efficiency,9.9,0.91,2.0,min_surplus_loss,G2,blend_completeness_constraint,0,2030.0,-0.8317522210277999,0.0,0.8317522210277999,False,0.0001,0.0,1e-10,28.15168896220912,1.8463195827281384e-16,3.1126243289848496e-16,0.5931713523971255,0.2829210977980428,False,Positive directional derivative for linesearch,1.0658141036401503e-13,35,0.12323854060709234,False,7,0.0,281516889622.0912,,,1.552969421732896,,,,,,,,,,,,,,,,,,
opt_pess_2_0,pess,Low efficiency,9.9,0.91,2.0,min_surplus_loss,G2,blend_completeness_constraint,1,2035.0,-0.5678157023962328,0.0,0.5678157023962328,False,0.0001,0.0,1e-10,28.15168896220912,1.8463195827281384e-16,3.1126243289848496e-16,0.5931713523971255,0.2829210977980428,False,Positive directional derivative for linesearch,1.0658141036401503e-13,35,0.12323854060709234,False,7,0.0,281516889622.0912,,,1.9352824430911528,,,,,,,,,,,,,,,,,,
opt_pess_2_0,pess,Low efficiency,9.9,0.91,2.0,min_surplus_loss,G2,blend_completeness_constraint,2,2040.0,-0.14653585485846718,0.0,0.14653585485846718,False,0.0001,0.0,1e-10,28.15168896220912,1.8463195827281384e-16,3.1126243289848496e-16,0.5931713523971255,0.2829210977980428,False,Positive directional derivative for linesearch,1.0658141036401503e-13,35,0.12323854060709234,False,7,0.0,281516889622.0912,,,2.411714024837406,,,,,,,,,,,,,,,,,,
opt_pess_2_0,pess,Low efficiency,9.9,0.91,2.0,min_surplus_loss,G2,blend_completeness_constraint,3,2045.0,-0.12323854060709237,0.0,0.12323854060709237,False,0.0001,0.0,1e-10,28.15168896220912,1.8463195827281384e-16,3.1126243289848496e-16,0.5931713523971255,0.2829210977980428,False,Positive directional derivative for linesearch,1.0658141036401503e-13,35,0.12323854060709234,False,7,0.0,281516889622.0912,,,3.005434456537094,,,,,,,,,,,,,,,,,,
opt_pess_2_0,pess,Low efficiency,9.9,0.91,2.0,min_surplus_loss,G2,blend_completeness_constraint,4,2050.0,-0.12562654725075106,0.0,0.12562654725075106,False,0.0001,0.0,1e-10,28.15168896220912,1.8463195827281384e-16,3.1126243289848496e-16,0.5931713523971255,0.2829210977980428,False,Positive directional derivative for linesearch,1.0658141036401503e-13,35,0.12323854060709234,False,7,0.0,281516889622.0912,,,3.7453181345368614,,,,,,,,,,,,,,,,,,
opt_pess_2_0,pess,Low efficiency,9.9,0.91,2.0,min_surplus_loss,G3,biomass_trajectory_constraint,0,2030.0,-0.7051856709023194,0.0,0.7051856709023194,False,0.0001,0.0,1e-10,28.15168896220912,1.8463195827281384e-16,3.1126243289848496e-16,0.5931713523971255,0.2829210977980428,False,Positive directional derivative for linesearch,1.0658141036401503e-13,35,0.12323854060709234,False,7,0.0,281516889622.0912,,,1.552969421732896,,1105660710000.0002,1.1056607100000002,0.0,0.0,0.0,0.0,,,,,,,,,,,
opt_pess_2_0,pess,Low efficiency,9.9,0.91,2.0,min_surplus_loss,G3,biomass_trajectory_constraint,1,2035.0,-0.3773745080015424,0.0,0.3773745080015424,False,0.0001,0.0,1e-10,28.15168896220912,1.8463195827281384e-16,3.1126243289848496e-16,0.5931713523971255,0.2829210977980428,False,Positive directional derivative for linesearch,1.0658141036401503e-13,35,0.12323854060709234,False,7,0.0,281516889622.0912,,,1.9352824430911528,,1302716745000.0002,1.3027167450000003,0.0,0.0,0.0,0.0,,,,,,,,,,,
opt_pess_2_0,pess,Low efficiency,9.9,0.91,2.0,min_surplus_loss,G3,biomass_trajectory_constraint,2,2040.0,2.097793441180329e-09,0.0,2.097793441180329e-09,True,0.0001,8.460067638679961,1e-10,28.15168896220912,1.8463195827281384e-16,3.1126243289848496e-16,0.5931713523971255,0.2829210977980428,False,Positive directional derivative for linesearch,1.0658141036401503e-13,35,0.12323854060709234,False,7,84600676386.7996,281516889622.0912,,,2.411714024837406,,1499772780000.0,1.49977278,56.408995759210676,56408995759.21068,136.04236619948213,136042366199.48215,,,,,,,,,,,
opt_pess_2_0,pess,Low efficiency,9.9,0.91,2.0,min_surplus_loss,G3,biomass_trajectory_constraint,3,2045.0,7.531752999057062e-15,0.0,7.531752999057062e-15,True,0.0001,9.090706217286405,1e-10,28.15168896220912,1.8463195827281384e-16,3.1126243289848496e-16,0.5931713523971255,0.2829210977980428,False,Positive directional derivative for linesearch,1.0658141036401503e-13,35,0.12323854060709234,False,7,90907062172.86404,281516889622.0912,,,3.005434456537094,,1530442980000.0,1.53044298,59.399182694714995,59399182694.715,178.52035036083834,178520350360.83832,,,,,,,,,,,
opt_pess_2_0,pess,Low efficiency,9.9,0.91,2.0,min_surplus_loss,G3,biomass_trajectory_constraint,4,2050.0,2.842170943040401e-16,0.0,2.842170943040401e-16,True,0.0001,5.679762934208802,1e-10,28.15168896220912,1.8463195827281384e-16,3.1126243289848496e-16,0.5931713523971255,0.2829210977980428,False,Positive directional derivative for linesearch,1.0658141036401503e-13,35,0.12323854060709234,False,7,56797629342.08802,281516889622.0912,,,3.7453181345368614,,1561113180000.0,1.56111318,36.382774849218826,36382774849.21883,136.2650664275509,136265066427.55089,,,,,,,,,,,
opt_pess_2_0,pess,Low efficiency,9.9,0.91,2.0,min_surplus_loss,G4,electricity_trajectory_constraint,0,2030.0,-0.6669566077203446,0.0,0.6669566077203446,False,0.0001,0.0,1e-10,28.15168896220912,1.8463195827281384e-16,3.1126243289848496e-16,0.5931713523971255,0.2829210977980428,False,Positive directional derivative for linesearch,1.0658141036401503e-13,35,0.12323854060709234,False,7,0.0,281516889622.0912,,,1.552969421732896,,1065287574000.0001,1.065287574,0.0,0.0,0.0,0.0,,,,,,,,,,,
opt_pess_2_0,pess,Low efficiency,9.9,0.91,2.0,min_surplus_loss,G4,electricity_trajectory_constraint,1,2035.0,-0.3492910042563462,0.0,0.3492910042563462,False,0.0001,0.0,1e-10,28.15168896220912,1.8463195827281384e-16,3.1126243289848496e-16,0.5931713523971255,0.2829210977980428,False,Positive directional derivative for linesearch,1.0658141036401503e-13,35,0.12323854060709234,False,7,0.0,281516889622.0912,,,1.9352824430911528,,1356710238000.0002,1.3567102380000002,0.0,0.0,0.0,0.0,,,,,,,,,,,
opt_pess_2_0,pess,Low efficiency,9.9,0.91,2.0,min_surplus_loss,G4,electricity_trajectory_constraint,2,2040.0,3.836930773104541e-15,0.0,3.836930773104541e-15,True,0.0001,5.771745256076398,1e-10,28.15168896220912,1.8463195827281384e-16,3.1126243289848496e-16,0.5931713523971255,0.2829210977980428,False,Positive directional derivative for linesearch,1.0658141036401503e-13,35,0.12323854060709234,False,7,57717452560.763985,281516889622.0912,,,2.411714024837406,,1648132902000.0002,1.6481329020000002,35.01990190883525,35019901908.83525,84.45798858196821,84457988581.96822,,,,,,,,,,,
opt_pess_2_0,pess,Low efficiency,9.9,0.91,2.0,min_surplus_loss,G4,electricity_trajectory_constraint,3,2045.0,2.842170943040401e-15,0.0,2.842170943040401e-15,True,0.0001,9.78287699438415,1e-10,28.15168896220912,1.8463195827281384e-16,3.1126243289848496e-16,0.5931713523971255,0.2829210977980428,False,Positive directional derivative for linesearch,1.0658141036401503e-13,35,0.12323854060709234,False,7,97828769943.84149,281516889622.0912,,,3.005434456537094,,1895265009000.0002,1.8952650090000003,51.617462190925444,51617462190.925446,155.132899427608,155132899427.60803,,,,,,,,,,,
opt_pess_2_0,pess,Low efficiency,9.9,0.91,2.0,min_surplus_loss,G4,electricity_trajectory_constraint,4,2050.0,8.810729923425242e-15,0.0,8.810729923425242e-15,True,0.0001,7.739936214859191,1e-10,28.15168896220912,1.8463195827281384e-16,3.1126243289848496e-16,0.5931713523971255,0.2829210977980428,False,Positive directional derivative for linesearch,1.0658141036401503e-13,35,0.12323854060709234,False,7,77399362148.5919,281516889622.0912,,,3.7453181345368614,,2142397116000.0002,2.142397116,36.12745814982319,36127458149.82319,135.30882416325431,135308824163.25432,,,,,,,,,,,
opt_pess_2_0,pess,Low efficiency,9.9,0.91,2.0,min_surplus_loss,G5,biofuel_use_growth_constraint,0,2030.0,9.488716416084974e-08,0.0,9.488716416084974e-08,True,0.0001,5.721793439700876,1e-10,28.15168896220912,1.8463195827281384e-16,3.1126243289848496e-16,0.5931713523971255,0.2829210977980428,False,Positive directional derivative for linesearch,1.0658141036401503e-13,35,0.12323854060709234,False,7,57217934397.00875,281516889622.0912,,,1.552969421732896,,,,,,,,volume,91969067110.23645,154900000000.0,36960305390.88078,369.3862775791398,1846931387895.6987,0.0,573.6455938881437,2868227969440.7183,0.0,
opt_pess_2_0,pess,Low efficiency,9.9,0.91,2.0,min_surplus_loss,G5,biofuel_use_growth_constraint,1,2035.0,1.1350475829920513e-06,0.0,1.1350475829920513e-06,True,0.0001,1.6778040475949458,1e-10,28.15168896220912,1.8463195827281384e-16,3.1126243289848496e-16,0.5931713523971255,0.2829210977980428,False,Positive directional derivative for linesearch,1.0658141036401503e-13,35,0.12323854060709234,False,7,16778040475.949457,281516889622.0912,,,1.9352824430911528,,,,,,,,rate,385440804573.38116,154900000000.0,154900014698.02167,108.31530326629733,0.0,173954740160.7143,209.62070472935903,0.0,336651554525.51385,
opt_pess_2_0,pess,Low efficiency,9.9,0.91,2.0,min_surplus_loss,G5,biofuel_use_growth_constraint,2,2040.0,-1.590710055402903,0.0,1.590710055402903,False,0.0001,0.0,1e-10,28.15168896220912,1.8463195827281384e-16,3.1126243289848496e-16,0.5931713523971255,0.2829210977980428,False,Positive directional derivative for linesearch,1.0658141036401503e-13,35,0.12323854060709234,False,7,0.0,281516889622.0912,,,2.411714024837406,,,,,,,,rate,959100500329.6482,154900000000.0,385440980392.25195,0.0,0.0,0.0,0.0,0.0,0.0,
opt_pess_2_0,pess,Low efficiency,9.9,0.91,2.0,min_surplus_loss,G5,biofuel_use_growth_constraint,3,2045.0,-6.753714061817501,0.0,6.753714061817501,False,0.0001,0.0,1e-10,28.15168896220912,1.8463195827281384e-16,3.1126243289848496e-16,0.5931713523971255,0.2829210977980428,False,Positive directional derivative for linesearch,1.0658141036401503e-13,35,0.12323854060709234,False,7,0.0,281516889622.0912,,,3.005434456537094,,,,,,,,rate,1773424451560.4524,154900000000.0,712699512747.7385,0.0,0.0,0.0,0.0,0.0,0.0,
opt_pess_2_0,pess,Low efficiency,9.9,0.91,2.0,min_surplus_loss,G5,biofuel_use_growth_constraint,4,2050.0,-6.893750942221272,0.0,6.893750942221272,False,0.0001,0.0,1e-10,28.15168896220912,1.8463195827281384e-16,3.1126243289848496e-16,0.5931713523971255,0.2829210977980428,False,Positive directional derivative for linesearch,1.0658141036401503e-13,35,0.12323854060709234,False,7,0.0,281516889622.0912,,,3.7453181345368614,,,,,,,,rate,1809690796467.5674,154900000000.0,727274143384.9215,0.0,0.0,0.0,0.0,0.0,0.0,
opt_pess_2_0,pess,Low efficiency,9.9,0.91,2.0,min_surplus_loss,G6,electrofuel_use_growth_constraint,0,2030.0,2.1671617777598452e-15,0.0,2.1671617777598452e-15,True,0.0001,0.0,1e-10,28.15168896220912,1.8463195827281384e-16,3.1126243289848496e-16,0.5931713523971255,0.2829210977980428,False,Positive directional derivative for linesearch,1.0658141036401503e-13,35,0.12323854060709234,False,7,0.0,281516889622.0912,,,1.552969421732896,,,,,,,,volume,0.0,154900000000.0,0.0,0.0,0.0,0.0,0.0,0.0,0.0,
opt_pess_2_0,pess,Low efficiency,9.9,0.91,2.0,min_surplus_loss,G6,electrofuel_use_growth_constraint,1,2035.0,8.440110050839251e-13,0.0,8.440110050839251e-13,True,0.0001,0.42489865519069014,1e-10,28.15168896220912,1.8463195827281384e-16,3.1126243289848496e-16,0.5931713523971255,0.2829210977980428,False,Positive directional derivative for linesearch,1.0658141036401503e-13,35,0.12323854060709234,False,7,4248986551.9069014,281516889622.0912,,,1.9352824430911528,,,,,,,,rate,385440768000.0007,154900000000.0,154900000000.0003,27.430513569444166,0.0,44053492570.17084,53.085791315918925,0.0,85255950727.89816,
opt_pess_2_0,pess,Low efficiency,9.9,0.91,2.0,min_surplus_loss,G6,electrofuel_use_growth_constraint,2,2040.0,-1.546321115374242,0.0,1.546321115374242,False,0.0001,0.0,1e-10,28.15168896220912,1.8463195827281384e-16,3.1126243289848496e-16,0.5931713523971255,0.2829210977980428,False,Positive directional derivative for linesearch,1.0658141036401503e-13,35,0.12323854060709234,False,7,0.0,281516889622.0912,,,2.411714024837406,,,,,,,,rate,959099971830.0869,154900000000.0,385440768000.1315,0.0,0.0,0.0,0.0,0.0,0.0,
opt_pess_2_0,pess,Low efficiency,9.9,0.91,2.0,min_surplus_loss,G6,electrofuel_use_growth_constraint,3,2045.0,-6.2172997659012825,0.0,6.2172997659012825,False,0.0001,0.0,1e-10,28.15168896220912,1.8463195827281384e-16,3.1126243289848496e-16,0.5931713523971255,0.2829210977980428,False,Positive directional derivative for linesearch,1.0658141036401503e-13,35,0.12323854060709234,False,7,0.0,281516889622.0912,,,3.005434456537094,,,,,,,,rate,1790532443619.777,154900000000.0,719574831058.6168,0.0,0.0,0.0,0.0,0.0,0.0,
opt_pess_2_0,pess,Low efficiency,9.9,0.91,2.0,min_surplus_loss,G6,electrofuel_use_growth_constraint,4,2050.0,-7.254011005471709,0.0,7.254011005471709,False,0.0001,0.0,1e-10,28.15168896220912,1.8463195827281384e-16,3.1126243289848496e-16,0.5931713523971255,0.2829210977980428,False,Positive directional derivative for linesearch,1.0658141036401503e-13,35,0.12323854060709234,False,7,0.0,281516889622.0912,,,3.7453181345368614,,,,,,,,rate,2059016893452.7527,154900000000.0,827472709881.6685,0.0,0.0,0.0,0.0,0.0,0.0,
opt_pess_2_2,pess,Low efficiency,9.9,0.91,2.2,min_surplus_loss,G1,aviation_carbon_budget_constraint,0,,0.12287840574316525,0.0,0.12287840574316525,False,0.0001,81.50002155747859,1e-10,28.15168896209933,3.7354199826907715e-16,6.297370462839572e-16,0.5931713887142696,0.12277840575016502,False,Positive directional derivative for linesearch,0.0,37,0.1232385406070977,False,9,815000215574.7859,281516889620.9933,1.983616588238019,410.86579957406167,,,,,,,,,,,,,,,,,,,
opt_pess_2_2,pess,Low efficiency,9.9,0.91,2.2,min_surplus_loss,G2,blend_completeness_constraint,0,2030.0,-0.831752221028039,0.0,0.831752221028039,False,0.0001,0.0,1e-10,28.15168896209933,3.7354199826907715e-16,6.297370462839572e-16,0.5931713887142696,0.12277840575016502,False,Positive directional derivative for linesearch,0.0,37,0.1232385406070977,False,9,0.0,281516889620.9933,,,1.552969421732896,,,,,,,,,,,,,,,,,,
opt_pess_2_2,pess,Low efficiency,9.9,0.91,2.2,min_surplus_loss,G2,blend_completeness_constraint,1,2035.0,-0.567815702400312,0.0,0.567815702400312,False,0.0001,0.0,1e-10,28.15168896209933,3.7354199826907715e-16,6.297370462839572e-16,0.5931713887142696,0.12277840575016502,False,Positive directional derivative for linesearch,0.0,37,0.1232385406070977,False,9,0.0,281516889620.9933,,,1.9352824430911528,,,,,,,,,,,,,,,,,,
opt_pess_2_2,pess,Low efficiency,9.9,0.91,2.2,min_surplus_loss,G2,blend_completeness_constraint,2,2040.0,-0.14653585486639117,0.0,0.14653585486639117,False,0.0001,0.0,1e-10,28.15168896209933,3.7354199826907715e-16,6.297370462839572e-16,0.5931713887142696,0.12277840575016502,False,Positive directional derivative for linesearch,0.0,37,0.1232385406070977,False,9,0.0,281516889620.9933,,,2.411714024837406,,,,,,,,,,,,,,,,,,
opt_pess_2_2,pess,Low efficiency,9.9,0.91,2.2,min_surplus_loss,G2,blend_completeness_constraint,3,2045.0,-0.12323854060709777,0.0,0.12323854060709777,False,0.0001,0.0,1e-10,28.15168896209933,3.7354199826907715e-16,6.297370462839572e-16,0.5931713887142696,0.12277840575016502,False,Positive directional derivative for linesearch,0.0,37,0.1232385406070977,False,9,0.0,281516889620.9933,,,3.005434456537094,,,,,,,,,,,,,,,,,,
opt_pess_2_2,pess,Low efficiency,9.9,0.91,2.2,min_surplus_loss,G2,blend_completeness_constraint,4,2050.0,-0.1256265472507445,0.0,0.1256265472507445,False,0.0001,0.0,1e-10,28.15168896209933,3.7354199826907715e-16,6.297370462839572e-16,0.5931713887142696,0.12277840575016502,False,Positive directional derivative for linesearch,0.0,37,0.1232385406070977,False,9,0.0,281516889620.9933,,,3.7453181345368614,,,,,,,,,,,,,,,,,,
opt_pess_2_2,pess,Low efficiency,9.9,0.91,2.2,min_surplus_loss,G3,biomass_trajectory_constraint,0,2030.0,-0.7051856709032204,0.0,0.7051856709032204,False,0.0001,0.0,1e-10,28.15168896209933,3.7354199826907715e-16,6.297370462839572e-16,0.5931713887142696,0.12277840575016502,False,Positive directional derivative for linesearch,0.0,37,0.1232385406070977,False,9,0.0,281516889620.9933,,,1.552969421732896,,1105660710000.0002,1.1056607100000002,0.0,0.0,0.0,0.0,,,,,,,,,,,
opt_pess_2_2,pess,Low efficiency,9.9,0.91,2.2,min_surplus_loss,G3,biomass_trajectory_constraint,1,2035.0,-0.3773745080123925,0.0,0.3773745080123925,False,0.0001,0.0,1e-10,28.15168896209933,3.7354199826907715e-16,6.297370462839572e-16,0.5931713887142696,0.12277840575016502,False,Positive directional derivative for linesearch,0.0,37,0.1232385406070977,False,9,0.0,281516889620.9933,,,1.9352824430911528,,1302716745000.0002,1.3027167450000003,0.0,0.0,0.0,0.0,,,,,,,,,,,
opt_pess_2_2,pess,Low efficiency,9.9,0.91,2.2,min_surplus_loss,G3,biomass_trajectory_constraint,2,2040.0,2.081375782836403e-09,0.0,2.081375782836403e-09,True,0.0001,8.460069000887879,1e-10,28.15168896209933,3.7354199826907715e-16,6.297370462839572e-16,0.5931713887142696,0.12277840575016502,False,Positive directional derivative for linesearch,0.0,37,0.1232385406070977,False,9,84600690008.87878,281516889620.9933,,,2.411714024837406,,1499772780000.0,1.49977278,56.40900484197265,56409004841.97265,136.04238810450659,136042388104.50658,,,,,,,,,,,
opt_pess_2_2,pess,Low efficiency,9.9,0.91,2.2,min_surplus_loss,G3,biomass_trajectory_constraint,3,2045.0,9.947598300641402e-15,0.0,9.947598300641402e-15,True,0.0001,9.090705563313293,1e-10,28.15168896209933,3.7354199826907715e-16,6.297370462839572e-16,0.5931713887142696,0.12277840575016502,False,Positive directional derivative for linesearch,0.0,37,0.1232385406070977,False,9,90907055633.13292,281516889620.9933,,,3.005434456537094,,1530442980000.0,1.53044298,59.39917842161811,59399178421.61811,178.5203375183257,178520337518.3257,,,,,,,,,,,
opt_pess_2_2,pess,Low efficiency,9.9,0.91,2.2,min_surplus_loss,G3,biomass_trajectory_constraint,4,2050.0,1.5489831639570185e-14,0.0,1.5489831639570185e-14,True,0.0001,5.679762253346953,1e-10,28.15168896209933,3.7354199826907715e-16,6.297370462839572e-16,0.5931713887142696,0.12277840575016502,False,Positive directional derivative for linesearch,0.0,37,0.1232385406070977,False,9,56797622533.46953,281516889620.9933,,,3.7453181345368614,,1561113180000.0,1.56111318,36.382770487831976,36382770487.83198,136.26505009276963,136265050092.76964,,,,,,,,,,,
opt_pess_2_2,pess,Low efficiency,9.9,0.91,2.2,min_surplus_loss,G4,electricity_trajectory_constraint,0,2030.0,-0.6669566077202489,0.0,0.6669566077202489,False,0.0001,0.0,1e-10,28.15168896209933,3.7354199826907715e-16,6.297370462839572e-16,0.5931713887142696,0.12277840575016502,False,Positive directional derivative for linesearch,0.0,37,0.1232385406070977,False,9,0.0,281516889620.9933,,,1.552969421732896,,1065287574000.0001,1.065287574,0.0,0.0,0.0,0.0,,,,,,,,,,,
opt_pess_2_2,pess,Low efficiency,9.9,0.91,2.2,min_surplus_loss,G4,electricity_trajectory_constraint,1,2035.0,-0.34929100425637344,0.0,0.34929100425637344,False,0.0001,0.0,1e-10,28.15168896209933,3.7354199826907715e-16,6.297370462839572e-16,0.5931713887142696,0.12277840575016502,False,Positive directional derivative for linesearch,0.0,37,0.1232385406070977,False,9,0.0,281516889620.9933,,,1.9352824430911528,,1356710238000.0002,1.3567102380000002,0.0,0.0,0.0,0.0,,,,,,,,,,,
opt_pess_2_2,pess,Low efficiency,9.9,0.91,2.2,min_surplus_loss,G4,electricity_trajectory_constraint,2,2040.0,5.101696842757519e-14,0.0,5.101696842757519e-14,True,0.0001,5.771746880938234,1e-10,28.15168896209933,3.7354199826907715e-16,6.297370462839572e-16,0.5931713887142696,0.12277840575016502,False,Positive directional derivative for linesearch,0.0,37,0.1232385406070977,False,9,57717468809.38233,281516889620.9933,,,2.411714024837406,,1648132902000.0002,1.6481329020000002,35.0199117676387,35019911767.6387,84.45801235858276,84458012358.58276,,,,,,,,,,,
opt_pess_2_2,pess,Low efficiency,9.9,0.91,2.2,min_surplus_loss,G4,electricity_trajectory_constraint,3,2045.0,-7.389644451905042e-15,0.0,7.389644451905042e-15,True,0.0001,9.782880112078228,1e-10,28.15168896209933,3.7354199826907715e-16,6.297370462839572e-16,0.5931713887142696,0.12277840575016502,False,Positive directional derivative for linesearch,0.0,37,0.1232385406070977,False,9,97828801120.78227,281516889620.9933,,,3.005434456537094,,1895265009000.0002,1.8952650090000003,51.61747864083648,51617478640.83648,155.13294886673745,155132948866.73746,,,,,,,,,,,
opt_pess_2_2,pess,Low efficiency,9.9,0.91,2.2,min_surplus_loss,G4,electricity_trajectory_constraint,4,2050.0,7.958078640513123e-15,0.0,7.958078640513123e-15,True,0.0001,7.7399365209401045,1e-10,28.15168896209933,3.7354199826907715e-16,6.297370462839572e-16,0.5931713887142696,0.12277840575016502,False,Positive directional derivative for linesearch,0.0,37,0.1232385406070977,False,9,77399365209.40105,281516889620.9933,,,3.7453181345368614,,2142397116000.0002,2.142397116,36.1274595785075,36127459578.5075,135.30882951413156,135308829514.13158,,,,,,,,,,,
opt_pess_2_2,pess,Low efficiency,9.9,0.91,2.2,min_surplus_loss,G5,biofuel_use_growth_constraint,0,2030.0,9.488410747766956e-08,0.0,9.488410747766956e-08,True,0.0001,5.72179474459417,1e-10,28.15168896209933,3.7354199826907715e-16,6.297370462839572e-16,0.5931713887142696,0.12277840575016502,False,Positive directional derivative for linesearch,0.0,37,0.1232385406070977,False,9,57217947445.9417,281516889620.9933,,,1.552969421732896,,,,,,,,volume,91969067110.23645,154900000000.0,36960305390.88078,369.38636182015307,1846931809100.765,0.0,573.6457247118614,2868228623559.306,0.0,
opt_pess_2_2,pess,Low efficiency,9.9,0.91,2.2,min_surplus_loss,G5,biofuel_use_growth_constraint,1,2035.0,1.1350118260048065e-06,0.0,1.1350118260048065e-06,True,0.0001,1.677804407316986,1e-10,28.15168896209933,3.7354199826907715e-16,6.297370462839572e-16,0.5931713887142696,0.12277840575016502,False,Positive directional derivative for linesearch,0.0,37,0.1232385406070977,False,9,16778044073.169859,281516889620.9933,,,1.9352824430911528,,,,,,,,rate,385440804572.20325,154900000000.0,154900014697.54828,108.31532648915339,0.0,173954777456.16736,209.62074967214463,0.0,336651626702.7494,
opt_pess_2_2,pess,Low efficiency,9.9,0.91,2.2,min_surplus_loss,G5,biofuel_use_growth_constraint,2,2040.0,-1.590710055370539,0.0,1.590710055370539,False,0.0001,0.0,1e-10,28.15168896209933,3.7354199826907715e-16,6.297370462839572e-16,0.5931713887142696,0.12277840575016502,False,Positive directional derivative for linesearch,0.0,37,0.1232385406070977,False,9,0.0,281516889620.9933,,,2.411714024837406,,,,,,,,rate,959100500312.9331,154900000000.0,385440980385.53455,0.0,0.0,0.0,0.0,0.0,0.0,
opt_pess_2_2,pess,Low efficiency,9.9,0.91,2.2,min_surplus_loss,G5,biofuel_use_growth_constraint,3,2045.0,-6.753714061629528,0.0,6.753714061629528,False,0.0001,0.0,1e-10,28.15168896209933,3.7354199826907715e-16,6.297370462839572e-16,0.5931713887142696,0.12277840575016502,False,Positive directional derivative for linesearch,0.0,37,0.1232385406070977,False,9,0.0,281516889620.9933,,,3.005434456537094,,,,,,,,rate,1773424451531.3372,154900000000.0,712699512736.0378,0.0,0.0,0.0,0.0,0.0,0.0,
opt_pess_2_2,pess,Low efficiency,9.9,0.91,2.2,min_surplus_loss,G5,biofuel_use_growth_constraint,4,2050.0,-6.893750942221226,0.0,6.893750942221226,False,0.0001,0.0,1e-10,28.15168896209933,3.7354199826907715e-16,6.297370462839572e-16,0.5931713887142696,0.12277840575016502,False,Positive directional derivative for linesearch,0.0,37,0.1232385406070977,False,9,0.0,281516889620.9933,,,3.7453181345368614,,,,,,,,rate,1809690796467.5723,154900000000.0,727274143384.9235,0.0,0.0,0.0,0.0,0.0,0.0,
opt_pess_2_2,pess,Low efficiency,9.9,0.91,2.2,min_surplus_loss,G6,electrofuel_use_growth_constraint,0,2030.0,2.8941460468447386e-13,0.0,2.8941460468447386e-13,True,0.0001,0.0,1e-10,28.15168896209933,3.7354199826907715e-16,6.297370462839572e-16,0.5931713887142696,0.12277840575016502,False,Positive directional derivative for linesearch,0.0,37,0.1232385406070977,False,9,0.0,281516889620.9933,,,1.552969421732896,,,,,,,,volume,0.0,154900000000.0,0.0,0.0,0.0,0.0,0.0,0.0,0.0,
opt_pess_2_2,pess,Low efficiency,9.9,0.91,2.2,min_surplus_loss,G6,electrofuel_use_growth_constraint,1,2035.0,2.482385309070368e-14,0.0,2.482385309070368e-14,True,0.0001,0.4248985478619174,1e-10,28.15168896209933,3.7354199826907715e-16,6.297370462839572e-16,0.5931713887142696,0.12277840575016502,False,Positive directional derivative for linesearch,0.0,37,0.1232385406070977,False,9,4248985478.6191735,281516889620.9933,,,1.9352824430911528,,,,,,,,rate,385440768000.1109,154900000000.0,154900000000.04462,27.43050664053695,0.0,44053481442.33627,53.08577790652644,0.0,85255929192.39531,
opt_pess_2_2,pess,Low efficiency,9.9,0.91,2.2,min_surplus_loss,G6,electrofuel_use_growth_constraint,2,2040.0,-1.5463211153737622,0.0,1.5463211153737622,False,0.0001,0.0,1e-10,28.15168896209933,3.7354199826907715e-16,6.297370462839572e-16,0.5931713887142696,0.12277840575016502,False,Positive directional derivative for linesearch,0.0,37,0.1232385406070977,False,9,0.0,281516889620.9933,,,2.411714024837406,,,,,,,,rate,959099971830.0366,154900000000.0,385440768000.11127,0.0,0.0,0.0,0.0,0.0,0.0,
opt_pess_2_2,pess,Low efficiency,9.9,0.91,2.2,min_surplus_loss,G6,electrofuel_use_growth_constraint,3,2045.0,-6.217299765901885,0.0,6.217299765901885,False,0.0001,0.0,1e-10,28.15168896209933,3.7354199826907715e-16,6.297370462839572e-16,0.5931713887142696,0.12277840575016502,False,Positive directional derivative for linesearch,0.0,37,0.1232385406070977,False,9,0.0,281516889620.9933,,,3.005434456537094,,,,,,,,rate,1790532443619.8608,154900000000.0,719574831058.6505,0.0,0.0,0.0,0.0,0.0,0.0,
opt_pess_2_2,pess,Low efficiency,9.9,0.91,2.2,min_surplus_loss,G6,electrofuel_use_growth_constraint,4,2050.0,-7.2540110054715745,0.0,7.2540110054715745,False,0.0001,0.0,1e-10,28.15168896209933,3.7354199826907715e-16,6.297370462839572e-16,0.5931713887142696,0.12277840575016502,False,Positive directional derivative for linesearch,0.0,37,0.1232385406070977,False,9,0.0,281516889620.9933,,,3.7453181345368614,,,,,,,,rate,2059016893452.7324,154900000000.0,827472709881.6603,0.0,0.0,0.0,0.0,0.0,0.0,
opt_pess_2_4,pess,Low efficiency,9.9,0.91,2.4,min_surplus_loss,G1,aviation_carbon_budget_constraint,0,,9.228639579599038e-09,0.0,9.228639579599038e-09,True,0.0001,91.59196826731217,1e-10,27.993774552549972,1.0315407380583415e-16,1.7372723259115822e-16,0.5937703160712418,0.0,True,Successive iterates of the objective function are closer than ftol_rel or ftol_abs. GEMSEO stopped the driver.,0.0,8,0.12323854060908522,False,7,915919682673.1217,279937745525.4997,2.231205424449917,410.50441731465986,,,,,,,,,,,,,,,,,,,
opt_pess_2_4,pess,Low efficiency,9.9,0.91,2.4,min_surplus_loss,G2,blend_completeness_constraint,0,2030.0,-0.8331334613390691,0.0,0.8331334613390691,False,0.0001,0.0,1e-10,27.993774552549972,1.0315407380583415e-16,1.7372723259115822e-16,0.5937703160712418,0.0,True,Successive iterates of the objective function are closer than ftol_rel or ftol_abs. GEMSEO stopped the driver.,0.0,8,0.12323854060908522,False,7,0.0,279937745525.4997,,,1.552969421732896,,,,,,,,,,,,,,,,,,
opt_pess_2_4,pess,Low efficiency,9.9,0.91,2.4,min_surplus_loss,G2,blend_completeness_constraint,1,2035.0,-0.571761026172047,0.0,0.571761026172047,False,0.0001,0.0,1e-10,27.993774552549972,1.0315407380583415e-16,1.7372723259115822e-16,0.5937703160712418,0.0,True,Successive iterates of the objective function are closer than ftol_rel or ftol_abs. GEMSEO stopped the driver.,0.0,8,0.12323854060908522,False,7,0.0,279937745525.4997,,,1.9352824430911528,,,,,,,,,,,,,,,,,,
opt_pess_2_4,pess,Low efficiency,9.9,0.91,2.4,min_surplus_loss,G2,blend_completeness_constraint,2,2040.0,-0.1465358811412986,0.0,0.1465358811412986,False,0.0001,0.0,1e-10,27.993774552549972,1.0315407380583415e-16,1.7372723259115822e-16,0.5937703160712418,0.0,True,Successive iterates of the objective function are closer than ftol_rel or ftol_abs. GEMSEO stopped the driver.,0.0,8,0.12323854060908522,False,7,0.0,279937745525.4997,,,2.411714024837406,,,,,,,,,,,,,,,,,,
opt_pess_2_4,pess,Low efficiency,9.9,0.91,2.4,min_surplus_loss,G2,blend_completeness_constraint,3,2045.0,-0.1232385406090853,0.0,0.1232385406090853,False,0.0001,0.0,1e-10,27.993774552549972,1.0315407380583415e-16,1.7372723259115822e-16,0.5937703160712418,0.0,True,Successive iterates of the objective function are closer than ftol_rel or ftol_abs. GEMSEO stopped the driver.,0.0,8,0.12323854060908522,False,7,0.0,279937745525.4997,,,3.005434456537094,,,,,,,,,,,,,,,,,,
opt_pess_2_4,pess,Low efficiency,9.9,0.91,2.4,min_surplus_loss,G2,blend_completeness_constraint,4,2050.0,-0.12562654725360148,0.0,0.12562654725360148,False,0.0001,0.0,1e-10,27.993774552549972,1.0315407380583415e-16,1.7372723259115822e-16,0.5937703160712418,0.0,True,Successive iterates of the objective function are closer than ftol_rel or ftol_abs. GEMSEO stopped the driver.,0.0,8,0.12323854060908522,False,7,0.0,279937745525.4997,,,3.7453181345368614,,,,,,,,,,,,,,,,,,
opt_pess_2_4,pess,Low efficiency,9.9,0.91,2.4,min_surplus_loss,G3,biomass_trajectory_constraint,0,2030.0,-0.7051856988053126,0.0,0.7051856988053126,False,0.0001,0.0,1e-10,27.993774552549972,1.0315407380583415e-16,1.7372723259115822e-16,0.5937703160712418,0.0,True,Successive iterates of the objective function are closer than ftol_rel or ftol_abs. GEMSEO stopped the driver.,0.0,8,0.12323854060908522,False,7,0.0,279937745525.4997,,,1.552969421732896,,1105660710000.0002,1.1056607100000002,0.0,0.0,0.0,0.0,,,,,,,,,,,
opt_pess_2_4,pess,Low efficiency,9.9,0.91,2.4,min_surplus_loss,G3,biomass_trajectory_constraint,1,2035.0,-0.37737485023297684,0.0,0.37737485023297684,False,0.0001,0.0,1e-10,27.993774552549972,1.0315407380583415e-16,1.7372723259115822e-16,0.5937703160712418,0.0,True,Successive iterates of the objective function are closer than ftol_rel or ftol_abs. GEMSEO stopped the driver.,0.0,8,0.12323854060908522,False,7,0.0,279937745525.4997,,,1.9352824430911528,,1302716745000.0002,1.3027167450000003,0.0,0.0,0.0,0.0,,,,,,,,,,,
opt_pess_2_4,pess,Low efficiency,9.9,0.91,2.4,min_surplus_loss,G3,biomass_trajectory_constraint,2,2040.0,2.115186248374812e-09,0.0,2.115186248374812e-09,True,0.0001,8.452350360529513,1e-10,27.993774552549972,1.0315407380583415e-16,1.7372723259115822e-16,0.5937703160712418,0.0,True,Successive iterates of the objective function are closer than ftol_rel or ftol_abs. GEMSEO stopped the driver.,0.0,8,0.12323854060908522,False,7,84523503605.29512,279937745525.4997,,,2.411714024837406,,1499772780000.0,1.49977278,56.357539443605,56357539443.604996,135.91826828146947,135918268281.46945,,,,,,,,,,,
opt_pess_2_4,pess,Low efficiency,9.9,0.91,2.4,min_surplus_loss,G3,biomass_trajectory_constraint,3,2045.0,2.842170943040401e-16,0.0,2.842170943040401e-16,True,0.0001,9.079929323442224,1e-10,27.993774552549972,1.0315407380583415e-16,1.7372723259115822e-16,0.5937703160712418,0.0,True,Successive iterates of the objective function are closer than ftol_rel or ftol_abs. GEMSEO stopped the driver.,0.0,8,0.12323854060908522,False,7,90799293234.42224,279937745525.4997,,,3.005434456537094,,1530442980000.0,1.53044298,59.32876586778962,59328765867.78963,178.3087172028768,178308717202.8768,,,,,,,,,,,
opt_pess_2_4,pess,Low efficiency,9.9,0.91,2.4,min_surplus_loss,G3,biomass_trajectory_constraint,4,2050.0,2.842170943040401e-16,0.0,2.842170943040401e-16,True,0.0001,5.673365255626797,1e-10,27.993774552549972,1.0315407380583415e-16,1.7372723259115822e-16,0.5937703160712418,0.0,True,Successive iterates of the objective function are closer than ftol_rel or ftol_abs. GEMSEO stopped the driver.,0.0,8,0.12323854060908522,False,7,56733652556.26797,279937745525.4997,,,3.7453181345368614,,1561113180000.0,1.56111318,36.34179333254234,36341793332.542336,136.1115776099616,136111577609.96161,,,,,,,,,,,
opt_pess_2_4,pess,Low efficiency,9.9,0.91,2.4,min_surplus_loss,G4,electricity_trajectory_constraint,0,2030.0,-0.6719156625433886,0.0,0.6719156625433886,False,0.0001,0.0,1e-10,27.993774552549972,1.0315407380583415e-16,1.7372723259115822e-16,0.5937703160712418,0.0,True,Successive iterates of the objective function are closer than ftol_rel or ftol_abs. GEMSEO stopped the driver.,0.0,8,0.12323854060908522,False,7,0.0,279937745525.4997,,,1.552969421732896,,1065287574000.0001,1.065287574,0.0,0.0,0.0,0.0,,,,,,,,,,,
opt_pess_2_4,pess,Low efficiency,9.9,0.91,2.4,min_surplus_loss,G4,electricity_trajectory_constraint,1,2035.0,-0.35898015866415195,0.0,0.35898015866415195,False,0.0001,0.0,1e-10,27.993774552549972,1.0315407380583415e-16,1.7372723259115822e-16,0.5937703160712418,0.0,True,Successive iterates of the objective function are closer than ftol_rel or ftol_abs. GEMSEO stopped the driver.,0.0,8,0.12323854060908522,False,7,0.0,279937745525.4997,,,1.9352824430911528,,1356710238000.0002,1.3567102380000002,0.0,0.0,0.0,0.0,,,,,,,,,,,
opt_pess_2_4,pess,Low efficiency,9.9,0.91,2.4,min_surplus_loss,G4,electricity_trajectory_constraint,2,2040.0,-4.434284107901476e-08,0.0,4.434284107901476e-08,True,0.0001,5.761518886041296,1e-10,27.993774552549972,1.0315407380583415e-16,1.7372723259115822e-16,0.5937703160712418,0.0,True,Successive iterates of the objective function are closer than ftol_rel or ftol_abs. GEMSEO stopped the driver.,0.0,8,0.12323854060908522,False,7,57615188860.41296,279937745525.4997,,,2.411714024837406,,1648132902000.0002,1.6481329020000002,34.95785369644477,34957853696.44477,84.30834603793001,84308346037.93001,,,,,,,,,,,
opt_pess_2_4,pess,Low efficiency,9.9,0.91,2.4,min_surplus_loss,G4,electricity_trajectory_constraint,3,2045.0,-2.842170943040401e-16,0.0,2.842170943040401e-16,True,0.0001,9.766006898554899,1e-10,27.993774552549972,1.0315407380583415e-16,1.7372723259115822e-16,0.5937703160712418,0.0,True,Successive iterates of the objective function are closer than ftol_rel or ftol_abs. GEMSEO stopped the driver.,0.0,8,0.12323854060908522,False,7,97660068985.54898,279937745525.4997,,,3.005434456537094,,1895265009000.0002,1.8952650090000003,51.528450386512134,51528450386.51213,154.86538028358572,154865380283.5857,,,,,,,,,,,
opt_pess_2_4,pess,Low efficiency,9.9,0.91,2.4,min_surplus_loss,G4,electricity_trajectory_constraint,4,2050.0,-1.4210854715202004e-16,0.0,1.4210854715202004e-16,True,0.0001,7.7287854199779895,1e-10,27.993774552549972,1.0315407380583415e-16,1.7372723259115822e-16,0.5937703160712418,0.0,True,Successive iterates of the objective function are closer than ftol_rel or ftol_abs. GEMSEO stopped the driver.,0.0,8,0.12323854060908522,False,7,77287854199.77989,279937745525.4997,,,3.7453181345368614,,2142397116000.0002,2.142397116,36.075409933374786,36075409933.37479,135.11388703431982,135113887034.31981,,,,,,,,,,,
opt_pess_2_4,pess,Low efficiency,9.9,0.91,2.4,min_surplus_loss,G5,biofuel_use_growth_constraint,0,2030.0,2.4201917063428016e-10,0.0,2.4201917063428016e-10,True,0.0001,5.715253290735342,1e-10,27.993774552549972,1.0315407380583415e-16,1.7372723259115822e-16,0.5937703160712418,0.0,True,Successive iterates of the objective function are closer than ftol_rel or ftol_abs. GEMSEO stopped the driver.,0.0,8,0.12323854060908522,False,7,57152532907.35342,279937745525.4997,,,1.552969421732896,,,,,,,,volume,91969067110.32613,154900000000.0,36960305390.916824,368.9640600862067,1844820300431.0332,0.0,572.9899030322979,2864949515161.4893,0.0,
opt_pess_2_4,pess,Low efficiency,9.9,0.91,2.4,min_surplus_loss,G5,biofuel_use_growth_constraint,1,2035.0,2.825094756193512e-09,0.0,2.825094756193512e-09,True,0.0001,1.675742202239324,1e-10,27.993774552549972,1.0315407380583415e-16,1.7372723259115822e-16,0.5937703160712418,0.0,True,Successive iterates of the objective function are closer than ftol_rel or ftol_abs. GEMSEO stopped the driver.,0.0,8,0.12323854060908522,False,7,16757422022.39324,279937745525.4997,,,1.9352824430911528,,,,,,,,rate,385440768000.00037,154900000000.0,154900000000.00018,108.18219510905901,0.0,173740951528.1733,209.3631028496235,0.0,336237813138.4248,
opt_pess_2_4,pess,Low efficiency,9.9,0.91,2.4,min_surplus_loss,G5,biofuel_use_growth_constraint,2,2040.0,-1.5907066519778426,0.0,1.5907066519778426,False,0.0001,0.0,1e-10,27.993774552549972,1.0315407380583415e-16,1.7372723259115822e-16,0.5937703160712418,0.0,True,Successive iterates of the objective function are closer than ftol_rel or ftol_abs. GEMSEO stopped the driver.,0.0,8,0.12323854060908522,False,7,0.0,279937745525.4997,,,2.411714024837406,,,,,,,,rate,959099971829.7615,154900000000.0,385440768000.0007,0.0,0.0,0.0,0.0,0.0,0.0,
opt_pess_2_4,pess,Low efficiency,9.9,0.91,2.4,min_surplus_loss,G5,biofuel_use_growth_constraint,3,2045.0,-6.75371406201416,0.0,6.75371406201416,False,0.0001,0.0,1e-10,27.993774552549972,1.0315407380583415e-16,1.7372723259115822e-16,0.5937703160712418,0.0,True,Successive iterates of the objective function are closer than ftol_rel or ftol_abs. GEMSEO stopped the driver.,0.0,8,0.12323854060908522,False,7,0.0,279937745525.4997,,,3.005434456537094,,,,,,,,rate,1773424447838.4001,154900000000.0,712699511251.9292,0.0,0.0,0.0,0.0,0.0,0.0,
opt_pess_2_4,pess,Low efficiency,9.9,0.91,2.4,min_surplus_loss,G5,biofuel_use_growth_constraint,4,2050.0,-6.8937509422122325,0.0,6.8937509422122325,False,0.0001,0.0,1e-10,27.993774552549972,1.0315407380583415e-16,1.7372723259115822e-16,0.5937703160712418,0.0,True,Successive iterates of the objective function are closer than ftol_rel or ftol_abs. GEMSEO stopped the driver.,0.0,8,0.12323854060908522,False,7,0.0,279937745525.4997,,,3.7453181345368614,,,,,,,,rate,1809690796464.089,154900000000.0,727274143383.5237,0.0,0.0,0.0,0.0,0.0,0.0,
opt_pess_2_4,pess,Low efficiency,9.9,0.91,2.4,min_surplus_loss,G6,electrofuel_use_growth_constraint,0,2030.0,-0.014890116236264331,0.0,0.014890116236264331,False,0.0001,0.0,1e-10,27.993774552549972,1.0315407380583415e-16,1.7372723259115822e-16,0.5937703160712418,0.0,True,Successive iterates of the objective function are closer than ftol_rel or ftol_abs. GEMSEO stopped the driver.,0.0,8,0.12323854060908522,False,7,0.0,279937745525.4997,,,1.552969421732896,,,,,,,,volume,0.0,154900000000.0,0.0,0.0,0.0,0.0,0.0,0.0,0.0,
opt_pess_2_4,pess,Low efficiency,9.9,0.91,2.4,min_surplus_loss,G6,electrofuel_use_growth_constraint,1,2035.0,-8.346172256420472e-08,0.0,8.346172256420472e-08,True,0.0001,0.4247024792246883,1e-10,27.993774552549972,1.0315407380583415e-16,1.7372723259115822e-16,0.5937703160712418,0.0,True,Successive iterates of the objective function are closer than ftol_rel or ftol_abs. GEMSEO stopped the driver.,0.0,8,0.12323854060908522,False,7,4247024792.246883,279937745525.4997,,,1.9352824430911528,,,,,,,,rate,379701505563.3116,154900000000.0,152593519146.7784,27.41784888474424,0.0,43377493753.519806,53.061281573971876,0.0,83947702086.48303,
opt_pess_2_4,pess,Low efficiency,9.9,0.91,2.4,min_surplus_loss,G6,electrofuel_use_growth_constraint,2,2040.0,-1.4541254386544014,0.0,1.4541254386544014,False,0.0001,0.0,1e-10,27.993774552549972,1.0315407380583415e-16,1.7372723259115822e-16,0.5937703160712418,0.0,True,Successive iterates of the objective function are closer than ftol_rel or ftol_abs. GEMSEO stopped the driver.,0.0,8,0.12323854060908522,False,7,0.0,279937745525.4997,,,2.411714024837406,,,,,,,,rate,944818850323.2444,154900000000.0,379701505563.28955,0.0,0.0,0.0,0.0,0.0,0.0,
opt_pess_2_4,pess,Low efficiency,9.9,0.91,2.4,min_surplus_loss,G6,electrofuel_use_growth_constraint,3,2045.0,-6.217299253328572,0.0,6.217299253328572,False,0.0001,0.0,1e-10,27.993774552549972,1.0315407380583415e-16,1.7372723259115822e-16,0.5937703160712418,0.0,True,Successive iterates of the objective function are closer than ftol_rel or ftol_abs. GEMSEO stopped the driver.,0.0,8,0.12323854060908522,False,7,0.0,279937745525.4997,,,3.005434456537094,,,,,,,,rate,1790532443617.795,154900000000.0,719574831057.8203,0.0,0.0,0.0,0.0,0.0,0.0,
opt_pess_2_4,pess,Low efficiency,9.9,0.91,2.4,min_surplus_loss,G6,electrofuel_use_growth_constraint,4,2050.0,-7.254011005463183,0.0,7.254011005463183,False,0.0001,0.0,1e-10,27.993774552549972,1.0315407380583415e-16,1.7372723259115822e-16,0.5937703160712418,0.0,True,Successive iterates of the objective function are closer than ftol_rel or ftol_abs. GEMSEO stopped the driver.,0.0,8,0.12323854060908522,False,7,0.0,279937745525.4997,,,3.7453181345368614,,,,,,,,rate,2059016893448.8037,154900000000.0,827472709880.0814,0.0,0.0,0.0,0.0,0.0,0.0,
opt_pess_2_6,pess,Low efficiency,9.9,0.91,2.6,min_surplus_loss,G1,aviation_carbon_budget_constraint,0,,8.650508777873451e-09,0.0,8.650508777873451e-09,True,0.0001,75.29945897654315,1e-10,19.769668014989588,2.622130794118103e-16,4.2304920268874107e-16,0.6198169804960816,0.0,True,Successive iterates of the objective function are closer than ftol_rel or ftol_abs. GEMSEO stopped the driver.,0.0,17,0.12323854060881986,False,14,752994589765.4315,197696680149.89587,2.4787942606619717,303.77454140318264,,,,,,,,,,,,,,,,,,,
opt_pess_2_6,pess,Low efficiency,9.9,0.91,2.6,min_surplus_loss,G2,blend_completeness_constraint,0,2030.0,-0.8756010761400771,0.0,0.8756010761400771,False,0.0001,0.0,1e-10,19.769668014989588,2.622130794118103e-16,4.2304920268874107e-16,0.6198169804960816,0.0,True,Successive iterates of the objective function are closer than ftol_rel or ftol_abs. GEMSEO stopped the driver.,0.0,17,0.12323854060881986,False,14,0.0,197696680149.89587,,,1.552969421732896,,,,,,,,,,,,,,,,,,
opt_pess_2_6,pess,Low efficiency,9.9,0.91,2.6,min_surplus_loss,G2,blend_completeness_constraint,1,2035.0,-0.6897385823234472,0.0,0.6897385823234472,False,0.0001,0.0,1e-10,19.769668014989588,2.622130794118103e-16,4.2304920268874107e-16,0.6198169804960816,0.0,True,Successive iterates of the objective function are closer than ftol_rel or ftol_abs. GEMSEO stopped the driver.,0.0,17,0.12323854060881986,False,14,0.0,197696680149.89587,,,1.9352824430911528,,,,,,,,,,,,,,,,,,
opt_pess_2_6,pess,Low efficiency,9.9,0.91,2.6,min_surplus_loss,G2,blend_completeness_constraint,2,2040.0,-0.3218441029648493,0.0,0.3218441029648493,False,0.0001,0.0,1e-10,19.769668014989588,2.622130794118103e-16,4.2304920268874107e-16,0.6198169804960816,0.0,True,Successive iterates of the objective function are closer than ftol_rel or ftol_abs. GEMSEO stopped the driver.,0.0,17,0.12323854060881986,False,14,0.0,197696680149.89587,,,2.411714024837406,,,,,,,,,,,,,,,,,,
opt_pess_2_6,pess,Low efficiency,9.9,0.91,2.6,min_surplus_loss,G2,blend_completeness_constraint,3,2045.0,-0.12323854060881985,0.0,0.12323854060881985,False,0.0001,0.0,1e-10,19.769668014989588,2.622130794118103e-16,4.2304920268874107e-16,0.6198169804960816,0.0,True,Successive iterates of the objective function are closer than ftol_rel or ftol_abs. GEMSEO stopped the driver.,0.0,17,0.12323854060881986,False,14,0.0,197696680149.89587,,,3.005434456537094,,,,,,,,,,,,,,,,,,
opt_pess_2_6,pess,Low efficiency,9.9,0.91,2.6,min_surplus_loss,G2,blend_completeness_constraint,4,2050.0,-0.12562654725360148,0.0,0.12562654725360148,False,0.0001,0.0,1e-10,19.769668014989588,2.622130794118103e-16,4.2304920268874107e-16,0.6198169804960816,0.0,True,Successive iterates of the objective function are closer than ftol_rel or ftol_abs. GEMSEO stopped the driver.,0.0,17,0.12323854060881986,False,14,0.0,197696680149.89587,,,3.7453181345368614,,,,,,,,,,,,,,,,,,
opt_pess_2_6,pess,Low efficiency,9.9,0.91,2.6,min_surplus_loss,G3,biomass_trajectory_constraint,0,2030.0,-0.7051856988598086,0.0,0.7051856988598086,False,0.0001,0.0,1e-10,19.769668014989588,2.622130794118103e-16,4.2304920268874107e-16,0.6198169804960816,0.0,True,Successive iterates of the objective function are closer than ftol_rel or ftol_abs. GEMSEO stopped the driver.,0.0,17,0.12323854060881986,False,14,0.0,197696680149.89587,,,1.552969421732896,,1105660710000.0002,1.1056607100000002,0.0,0.0,0.0,0.0,,,,,,,,,,,
opt_pess_2_6,pess,Low efficiency,9.9,0.91,2.6,min_surplus_loss,G3,biomass_trajectory_constraint,1,2035.0,-0.37737484932823306,0.0,0.37737484932823306,False,0.0001,0.0,1e-10,19.769668014989588,2.622130794118103e-16,4.2304920268874107e-16,0.6198169804960816,0.0,True,Successive iterates of the objective function are closer than ftol_rel or ftol_abs. GEMSEO stopped the driver.,0.0,17,0.12323854060881986,False,14,0.0,197696680149.89587,,,1.9352824430911528,,1302716745000.0002,1.3027167450000003,0.0,0.0,0.0,0.0,,,,,,,,,,,
opt_pess_2_6,pess,Low efficiency,9.9,0.91,2.6,min_surplus_loss,G3,biomass_trajectory_constraint,2,2040.0,2.982653199978813e-09,0.0,2.982653199978813e-09,True,0.0001,5.310287845925455,1e-10,19.769668014989588,2.622130794118103e-16,4.2304920268874107e-16,0.6198169804960816,0.0,True,Successive iterates of the objective function are closer than ftol_rel or ftol_abs. GEMSEO stopped the driver.,0.0,17,0.12323854060881986,False,14,53102878459.25455,197696680149.89587,,,2.411714024837406,,1499772780000.0,1.49977278,35.407282467984615,35407282467.98461,85.39223970941809,85392239709.41808,,,,,,,,,,,
opt_pess_2_6,pess,Low efficiency,9.9,0.91,2.6,min_surplus_loss,G3,biomass_trajectory_constraint,3,2045.0,2.842170943040401e-16,0.0,2.842170943040401e-16,True,0.0001,5.979149877769075,1e-10,19.769668014989588,2.622130794118103e-16,4.2304920268874107e-16,0.6198169804960816,0.0,True,Successive iterates of the objective function are closer than ftol_rel or ftol_abs. GEMSEO stopped the driver.,0.0,17,0.12323854060881986,False,14,59791498777.69074,197696680149.89587,,,3.005434456537094,,1530442980000.0,1.53044298,39.06809960191444,39068099601.91444,117.41661269501678,117416612695.01677,,,,,,,,,,,
opt_pess_2_6,pess,Low efficiency,9.9,0.91,2.6,min_surplus_loss,G3,biomass_trajectory_constraint,4,2050.0,2.842170943040401e-16,0.0,2.842170943040401e-16,True,0.0001,3.7838512376220965,1e-10,19.769668014989588,2.622130794118103e-16,4.2304920268874107e-16,0.6198169804960816,0.0,True,Successive iterates of the objective function are closer than ftol_rel or ftol_abs. GEMSEO stopped the driver.,0.0,17,0.12323854060881986,False,14,37838512376.22096,197696680149.89587,,,3.7453181345368614,,1561113180000.0,1.56111318,24.23816085917676,24238160859.176758,90.77962341369627,90779623413.69626,,,,,,,,,,,
opt_pess_2_6,pess,Low efficiency,9.9,0.91,2.6,min_surplus_loss,G4,electricity_trajectory_constraint,0,2030.0,-0.8281631950906575,0.0,0.8281631950906575,False,0.0001,0.0,1e-10,19.769668014989588,2.622130794118103e-16,4.2304920268874107e-16,0.6198169804960816,0.0,True,Successive iterates of the objective function are closer than ftol_rel or ftol_abs. GEMSEO stopped the driver.,0.0,17,0.12323854060881986,False,14,0.0,197696680149.89587,,,1.552969421732896,,1065287574000.0001,1.065287574,0.0,0.0,0.0,0.0,,,,,,,,,,,
opt_pess_2_6,pess,Low efficiency,9.9,0.91,2.6,min_surplus_loss,G4,electricity_trajectory_constraint,1,2035.0,-0.6642607423401712,0.0,0.6642607423401712,False,0.0001,0.0,1e-10,19.769668014989588,2.622130794118103e-16,4.2304920268874107e-16,0.6198169804960816,0.0,True,Successive iterates of the objective function are closer than ftol_rel or ftol_abs. GEMSEO stopped the driver.,0.0,17,0.12323854060881986,False,14,0.0,197696680149.89587,,,1.9352824430911528,,1356710238000.0002,1.3567102380000002,0.0,0.0,0.0,0.0,,,,,,,,,,,
opt_pess_2_6,pess,Low efficiency,9.9,0.91,2.6,min_surplus_loss,G4,electricity_trajectory_constraint,2,2040.0,-0.3122932831609529,0.0,0.3122932831609529,False,0.0001,0.0,1e-10,19.769668014989588,2.622130794118103e-16,4.2304920268874107e-16,0.6198169804960816,0.0,True,Successive iterates of the objective function are closer than ftol_rel or ftol_abs. GEMSEO stopped the driver.,0.0,17,0.12323854060881986,False,14,0.0,197696680149.89587,,,2.411714024837406,,1648132902000.0002,1.6481329020000002,0.0,0.0,0.0,0.0,,,,,,,,,,,
opt_pess_2_6,pess,Low efficiency,9.9,0.91,2.6,min_surplus_loss,G4,electricity_trajectory_constraint,3,2045.0,-2.842170943040401e-16,0.0,2.842170943040401e-16,True,0.0001,4.910992127021529,1e-10,19.769668014989588,2.622130794118103e-16,4.2304920268874107e-16,0.6198169804960816,0.0,True,Successive iterates of the objective function are closer than ftol_rel or ftol_abs. GEMSEO stopped the driver.,0.0,17,0.12323854060881986,False,14,49109921270.21529,197696680149.89587,,,3.005434456537094,,1895265009000.0002,1.8952650090000003,25.911902049058135,25911902049.058132,77.87652325265346,77876523252.65344,,,,,,,,,,,
opt_pess_2_6,pess,Low efficiency,9.9,0.91,2.6,min_surplus_loss,G4,electricity_trajectory_constraint,4,2050.0,-1.4210854715202004e-16,0.0,1.4210854715202004e-16,True,0.0001,4.435056191979229,1e-10,19.769668014989588,2.622130794118103e-16,4.2304920268874107e-16,0.6198169804960816,0.0,True,Successive iterates of the objective function are closer than ftol_rel or ftol_abs. GEMSEO stopped the driver.,0.0,17,0.12323854060881986,False,14,44350561919.79229,197696680149.89587,,,3.7453181345368614,,2142397116000.0002,2.142397116,20.701373050108366,20701373050.108364,77.53322789438351,77533227894.38351,,,,,,,,,,,
opt_pess_2_6,pess,Low efficiency,9.9,0.91,2.6,min_surplus_loss,G5,biofuel_use_growth_constraint,0,2030.0,6.305790624747822e-11,0.0,6.305790624747822e-11,True,0.0001,3.4101587053373397,1e-10,19.769668014989588,2.622130794118103e-16,4.2304920268874107e-16,0.6198169804960816,0.0,True,Successive iterates of the objective function are closer than ftol_rel or ftol_abs. GEMSEO stopped the driver.,0.0,17,0.12323854060881986,False,14,34101587053.373394,197696680149.89587,,,1.552969421732896,,,,,,,,volume,91969067110.32613,154900000000.0,36960305390.916824,220.15227277839506,1100761363891.975,0.0,341.88974774984695,1709448738749.2344,0.0,
opt_pess_2_6,pess,Low efficiency,9.9,0.91,2.6,min_surplus_loss,G5,biofuel_use_growth_constraint,1,2035.0,6.889372616910103e-09,0.0,6.889372616910103e-09,True,0.0001,1.0211904178307694,1e-10,19.769668014989588,2.622130794118103e-16,4.2304920268874107e-16,0.6198169804960816,0.0,True,Successive iterates of the objective function are closer than ftol_rel or ftol_abs. GEMSEO stopped the driver.,0.0,17,0.12323854060881986,False,14,10211904178.307693,197696680149.89587,,,1.9352824430911528,,,,,,,,rate,385440767999.99994,154900000000.0,154900000000.0,65.92578552813231,0.0,105877022520.69415,127.58501527958727,0.0,204901942811.06598,
opt_pess_2_6,pess,Low efficiency,9.9,0.91,2.6,min_surplus_loss,G5,biofuel_use_growth_constraint,2,2040.0,-1.5907066569871968,0.0,1.5907066569871968,False,0.0001,0.0,1e-10,19.769668014989588,2.622130794118103e-16,4.2304920268874107e-16,0.6198169804960816,0.0,True,Successive iterates of the objective function are closer than ftol_rel or ftol_abs. GEMSEO stopped the driver.,0.0,17,0.12323854060881986,False,14,0.0,197696680149.89587,,,2.411714024837406,,,,,,,,rate,959099971829.7598,154900000000.0,385440768000.0,0.0,0.0,0.0,0.0,0.0,0.0,
opt_pess_2_6,pess,Low efficiency,9.9,0.91,2.6,min_surplus_loss,G5,biofuel_use_growth_constraint,3,2045.0,-6.753714071955761,0.0,6.753714071955761,False,0.0001,0.0,1e-10,19.769668014989588,2.622130794118103e-16,4.2304920268874107e-16,0.6198169804960816,0.0,True,Successive iterates of the objective function are closer than ftol_rel or ftol_abs. GEMSEO stopped the driver.,0.0,17,0.12323854060881986,False,14,0.0,197696680149.89587,,,3.005434456537094,,,,,,,,rate,1773424447840.147,154900000000.0,712699511252.6312,0.0,0.0,0.0,0.0,0.0,0.0,
opt_pess_2_6,pess,Low efficiency,9.9,0.91,2.6,min_surplus_loss,G5,biofuel_use_growth_constraint,4,2050.0,-6.89375094221522,0.0,6.89375094221522,False,0.0001,0.0,1e-10,19.769668014989588,2.622130794118103e-16,4.2304920268874107e-16,0.6198169804960816,0.0,True,Successive iterates of the objective function are closer than ftol_rel or ftol_abs. GEMSEO stopped the driver.,0.0,17,0.12323854060881986,False,14,0.0,197696680149.89587,,,3.7453181345368614,,,,,,,,rate,1809690796464.5515,154900000000.0,727274143383.7095,0.0,0.0,0.0,0.0,0.0,0.0,
opt_pess_2_6,pess,Low efficiency,9.9,0.91,2.6,min_surplus_loss,G6,electrofuel_use_growth_constraint,0,2030.0,-0.4840407919992295,0.0,0.4840407919992295,False,0.0001,0.0,1e-10,19.769668014989588,2.622130794118103e-16,4.2304920268874107e-16,0.6198169804960816,0.0,True,Successive iterates of the objective function are closer than ftol_rel or ftol_abs. GEMSEO stopped the driver.,0.0,17,0.12323854060881986,False,14,0.0,197696680149.89587,,,1.552969421732896,,,,,,,,volume,0.0,154900000000.0,0.0,0.0,0.0,0.0,0.0,0.0,0.0,
opt_pess_2_6,pess,Low efficiency,9.9,0.91,2.6,min_surplus_loss,G6,electrofuel_use_growth_constraint,1,2035.0,-1.545776116978822e-07,0.0,1.545776116978822e-07,True,0.0001,0.6632851585189733,1e-10,19.769668014989588,2.622130794118103e-16,4.2304920268874107e-16,0.6198169804960816,0.0,True,Successive iterates of the objective function are closer than ftol_rel or ftol_abs. GEMSEO stopped the driver.,0.0,17,0.12323854060881986,False,14,6632851585.189733,197696680149.89587,,,1.9352824430911528,,,,,,,,rate,198871713864.03323,154900000000.0,79922081510.43004,42.82021681852636,0.0,35482207944.70766,82.86921381825057,0.0,68668094077.502144,
opt_pess_2_6,pess,Low efficiency,9.9,0.91,2.6,min_surplus_loss,G6,electrofuel_use_growth_constraint,2,2040.0,2.731374631503692e-07,0.0,2.731374631503692e-07,True,0.0001,0.3870254499674425,1e-10,19.769668014989588,2.622130794118103e-16,4.2304920268874107e-16,0.6198169804960816,0.0,True,Successive iterates of the objective function are closer than ftol_rel or ftol_abs. GEMSEO stopped the driver.,0.0,17,0.12323854060881986,False,14,3870254499.6744246,197696680149.89587,,,2.411714024837406,,,,,,,,rate,494856463042.1511,154900000000.0,198871713864.03326,24.985503548576013,0.0,51517657972.39769,60.25788932572554,0.0,124245858258.8081,
opt_pess_2_6,pess,Low efficiency,9.9,0.91,2.6,min_surplus_loss,G6,electrofuel_use_growth_constraint,3,2045.0,-2.607414320950525,0.0,2.607414320950525,False,0.0001,0.0,1e-10,19.769668014989588,2.622130794118103e-16,4.2304920268874107e-16,0.6198169804960816,0.0,True,Successive iterates of the objective function are closer than ftol_rel or ftol_abs. GEMSEO stopped the driver.,0.0,17,0.12323854060881986,False,14,0.0,197696680149.89587,,,3.005434456537094,,,,,,,,rate,1231361234117.0452,154900000000.0,494856463042.15106,0.0,0.0,0.0,0.0,0.0,0.0,
opt_pess_2_6,pess,Low efficiency,9.9,0.91,2.6,min_surplus_loss,G6,electrofuel_use_growth_constraint,4,2050.0,-7.2540110054665785,0.0,7.2540110054665785,False,0.0001,0.0,1e-10,19.769668014989588,2.622130794118103e-16,4.2304920268874107e-16,0.6198169804960816,0.0,True,Successive iterates of the objective function are closer than ftol_rel or ftol_abs. GEMSEO stopped the driver.,0.0,17,0.12323854060881986,False,14,0.0,197696680149.89587,,,3.7453181345368614,,,,,,,,rate,2059016893449.33,154900000000.0,827472709880.293,0.0,0.0,0.0,0.0,0.0,0.0,
opt_pess_2_8,pess,Low efficiency,9.9,0.91,2.8,min_surplus_loss,G1,aviation_carbon_budget_constraint,0,,3.0421475510192883e-09,0.0,3.0421475510192883e-09,True,0.0001,60.934510671043014,1e-10,12.455680043169556,2.1588771306901906e-16,3.3636385809402725e-16,0.6418279130591663,0.0,True,Successive iterates of the objective function are closer than ftol_rel or ftol_abs. GEMSEO stopped the driver.,0.0,15,0.12562654725359929,False,14,609345106710.4302,124556800431.69556,2.7263830968740272,223.49944415701643,,,,,,,,,,,,,,,,,,,
opt_pess_2_8,pess,Low efficiency,9.9,0.91,2.8,min_surplus_loss,G2,blend_completeness_constraint,0,2030.0,-0.920048334321962,0.0,0.920048334321962,False,0.0001,0.0,1e-10,12.455680043169556,2.1588771306901906e-16,3.3636385809402725e-16,0.6418279130591663,0.0,True,Successive iterates of the objective function are closer than ftol_rel or ftol_abs. GEMSEO stopped the driver.,0.0,15,0.12562654725359929,False,14,0.0,124556800431.69556,,,1.552969421732896,,,,,,,,,,,,,,,,,,
opt_pess_2_8,pess,Low efficiency,9.9,0.91,2.8,min_surplus_loss,G2,blend_completeness_constraint,1,2035.0,-0.7393907646956426,0.0,0.7393907646956426,False,0.0001,0.0,1e-10,12.455680043169556,2.1588771306901906e-16,3.3636385809402725e-16,0.6418279130591663,0.0,True,Successive iterates of the objective function are closer than ftol_rel or ftol_abs. GEMSEO stopped the driver.,0.0,15,0.12562654725359929,False,14,0.0,124556800431.69556,,,1.9352824430911528,,,,,,,,,,,,,,,,,,
opt_pess_2_8,pess,Low efficiency,9.9,0.91,2.8,min_surplus_loss,G2,blend_completeness_constraint,2,2040.0,-0.46506027743516604,0.0,0.46506027743516604,False,0.0001,0.0,1e-10,12.455680043169556,2.1588771306901906e-16,3.3636385809402725e-16,0.6418279130591663,0.0,True,Successive iterates of the objective function are closer than ftol_rel or ftol_abs. GEMSEO stopped the driver.,0.0,15,0.12562654725359929,False,14,0.0,124556800431.69556,,,2.411714024837406,,,,,,,,,,,,,,,,,,
opt_pess_2_8,pess,Low efficiency,9.9,0.91,2.8,min_surplus_loss,G2,blend_completeness_constraint,3,2045.0,-0.2007565972136932,0.0,0.2007565972136932,False,0.0001,0.0,1e-10,12.455680043169556,2.1588771306901906e-16,3.3636385809402725e-16,0.6418279130591663,0.0,True,Successive iterates of the objective function are closer than ftol_rel or ftol_abs. GEMSEO stopped the driver.,0.0,15,0.12562654725359929,False,14,0.0,124556800431.69556,,,3.005434456537094,,,,,,,,,,,,,,,,,,
opt_pess_2_8,pess,Low efficiency,9.9,0.91,2.8,min_surplus_loss,G2,blend_completeness_constraint,4,2050.0,-0.1256265472535992,0.0,0.1256265472535992,False,0.0001,0.0,1e-10,12.455680043169556,2.1588771306901906e-16,3.3636385809402725e-16,0.6418279130591663,0.0,True,Successive iterates of the objective function are closer than ftol_rel or ftol_abs. GEMSEO stopped the driver.,0.0,15,0.12562654725359929,False,14,0.0,124556800431.69556,,,3.7453181345368614,,,,,,,,,,,,,,,,,,
opt_pess_2_8,pess,Low efficiency,9.9,0.91,2.8,min_surplus_loss,G3,biomass_trajectory_constraint,0,2030.0,-0.705185698875446,0.0,0.705185698875446,False,0.0001,0.0,1e-10,12.455680043169556,2.1588771306901906e-16,3.3636385809402725e-16,0.6418279130591663,0.0,True,Successive iterates of the objective function are closer than ftol_rel or ftol_abs. GEMSEO stopped the driver.,0.0,15,0.12562654725359929,False,14,0.0,124556800431.69556,,,1.552969421732896,,1105660710000.0002,1.1056607100000002,0.0,0.0,0.0,0.0,,,,,,,,,,,
opt_pess_2_8,pess,Low efficiency,9.9,0.91,2.8,min_surplus_loss,G3,biomass_trajectory_constraint,1,2035.0,-0.3773748510826116,0.0,0.3773748510826116,False,0.0001,0.0,1e-10,12.455680043169556,2.1588771306901906e-16,3.3636385809402725e-16,0.6418279130591663,0.0,True,Successive iterates of the objective function are closer than ftol_rel or ftol_abs. GEMSEO stopped the driver.,0.0,15,0.12562654725359929,False,14,0.0,124556800431.69556,,,1.9352824430911528,,1302716745000.0002,1.3027167450000003,0.0,0.0,0.0,0.0,,,,,,,,,,,
opt_pess_2_8,pess,Low efficiency,9.9,0.91,2.8,min_surplus_loss,G3,biomass_trajectory_constraint,2,2040.0,7.986609773524833e-10,0.0,7.986609773524833e-10,True,0.0001,3.007886030526883,1e-10,12.455680043169556,2.1588771306901906e-16,3.3636385809402725e-16,0.6418279130591663,0.0,True,Successive iterates of the objective function are closer than ftol_rel or ftol_abs. GEMSEO stopped the driver.,0.0,15,0.12562654725359929,False,14,30078860305.26883,124556800431.69556,,,2.411714024837406,,1499772780000.0,1.49977278,20.055611560885126,20055611560.885128,48.36839967807787,48368399678.07788,,,,,,,,,,,
opt_pess_2_8,pess,Low efficiency,9.9,0.91,2.8,min_surplus_loss,G3,biomass_trajectory_constraint,3,2045.0,1.3002048149246548e-09,0.0,1.3002048149246548e-09,True,0.0001,3.6079148401693786,1e-10,12.455680043169556,2.1588771306901906e-16,3.3636385809402725e-16,0.6418279130591663,0.0,True,Successive iterates of the objective function are closer than ftol_rel or ftol_abs. GEMSEO stopped the driver.,0.0,15,0.12562654725359929,False,14,36079148401.69379,124556800431.69556,,,3.005434456537094,,1530442980000.0,1.53044298,23.57431728798794,23574317287.98794,70.85106546665706,70851065466.65706,,,,,,,,,,,
opt_pess_2_8,pess,Low efficiency,9.9,0.91,2.8,min_surplus_loss,G3,biomass_trajectory_constraint,4,2050.0,2.842170943040401e-16,0.0,2.842170943040401e-16,True,0.0001,2.3863354678545416,1e-10,12.455680043169556,2.1588771306901906e-16,3.3636385809402725e-16,0.6418279130591663,0.0,True,Successive iterates of the objective function are closer than ftol_rel or ftol_abs. GEMSEO stopped the driver.,0.0,15,0.12562654725359929,False,14,23863354678.545414,124556800431.69556,,,3.7453181345368614,,1561113180000.0,1.56111318,15.286114411349352,15286114411.349352,57.25136151143199,57251361511.431984,,,,,,,,,,,
opt_pess_2_8,pess,Low efficiency,9.9,0.91,2.8,min_surplus_loss,G4,electricity_trajectory_constraint,0,2030.0,-0.9999999583444033,0.0,0.9999999583444033,False,0.0001,0.0,1e-10,12.455680043169556,2.1588771306901906e-16,3.3636385809402725e-16,0.6418279130591663,0.0,True,Successive iterates of the objective function are closer than ftol_rel or ftol_abs. GEMSEO stopped the driver.,0.0,15,0.12562654725359929,False,14,0.0,124556800431.69556,,,1.552969421732896,,1065287574000.0001,1.065287574,0.0,0.0,0.0,0.0,,,,,,,,,,,
opt_pess_2_8,pess,Low efficiency,9.9,0.91,2.8,min_surplus_loss,G4,electricity_trajectory_constraint,1,2035.0,-0.8025934692445628,0.0,0.8025934692445628,False,0.0001,0.0,1e-10,12.455680043169556,2.1588771306901906e-16,3.3636385809402725e-16,0.6418279130591663,0.0,True,Successive iterates of the objective function are closer than ftol_rel or ftol_abs. GEMSEO stopped the driver.,0.0,15,0.12562654725359929,False,14,0.0,124556800431.69556,,,1.9352824430911528,,1356710238000.0002,1.3567102380000002,0.0,0.0,0.0,0.0,,,,,,,,,,,
opt_pess_2_8,pess,Low efficiency,9.9,0.91,2.8,min_surplus_loss,G4,electricity_trajectory_constraint,2,2040.0,-0.5956451943852727,0.0,0.5956451943852727,False,0.0001,0.0,1e-10,12.455680043169556,2.1588771306901906e-16,3.3636385809402725e-16,0.6418279130591663,0.0,True,Successive iterates of the objective function are closer than ftol_rel or ftol_abs. GEMSEO stopped the driver.,0.0,15,0.12562654725359929,False,14,0.0,124556800431.69556,,,2.411714024837406,,1648132902000.0002,1.6481329020000002,0.0,0.0,0.0,0.0,,,,,,,,,,,
opt_pess_2_8,pess,Low efficiency,9.9,0.91,2.8,min_surplus_loss,G4,electricity_trajectory_constraint,3,2045.0,-0.12503409710834887,0.0,0.12503409710834887,False,0.0001,0.0,1e-10,12.455680043169556,2.1588771306901906e-16,3.3636385809402725e-16,0.6418279130591663,0.0,True,Successive iterates of the objective function are closer than ftol_rel or ftol_abs. GEMSEO stopped the driver.,0.0,15,0.12562654725359929,False,14,0.0,124556800431.69556,,,3.005434456537094,,1895265009000.0002,1.8952650090000003,0.0,0.0,0.0,0.0,,,,,,,,,,,
opt_pess_2_8,pess,Low efficiency,9.9,0.91,2.8,min_surplus_loss,G4,electricity_trajectory_constraint,4,2050.0,0.0,0.0,0.0,True,0.0001,1.9991255439504036,1e-10,12.455680043169556,2.1588771306901906e-16,3.3636385809402725e-16,0.6418279130591663,0.0,True,Successive iterates of the objective function are closer than ftol_rel or ftol_abs. GEMSEO stopped the driver.,0.0,15,0.12562654725359929,False,14,19991255439.504036,124556800431.69556,,,3.7453181345368614,,2142397116000.0002,2.142397116,9.331255764957831,9331255764.957832,34.9485214344982,34948521434.4982,,,,,,,,,,,
opt_pess_2_8,pess,Low efficiency,9.9,0.91,2.8,min_surplus_loss,G5,biofuel_use_growth_constraint,0,2030.0,-5.122382383795998e-15,0.0,5.122382383795998e-15,True,0.0001,1.6633071547568963,1e-10,12.455680043169556,2.1588771306901906e-16,3.3636385809402725e-16,0.6418279130591663,0.0,True,Successive iterates of the objective function are closer than ftol_rel or ftol_abs. GEMSEO stopped the driver.,0.0,15,0.12562654725359929,False,14,16633071547.568962,124556800431.69556,,,1.552969421732896,,,,,,,,volume,91969067110.32613,154900000000.0,36960305390.916824,107.37941605919278,536897080295.96387,0.0,166.75694966346066,833784748317.3032,0.0,
opt_pess_2_8,pess,Low efficiency,9.9,0.91,2.8,min_surplus_loss,G5,biofuel_use_growth_constraint,1,2035.0,3.458908406128954e-11,0.0,3.458908406128954e-11,True,0.0001,0.5240100176606541,1e-10,12.455680043169556,2.1588771306901906e-16,3.3636385809402725e-16,0.6418279130591663,0.0,True,Successive iterates of the objective function are closer than ftol_rel or ftol_abs. GEMSEO stopped the driver.,0.0,15,0.12562654725359929,False,14,5240100176.606542,124556800431.69556,,,1.9352824430911528,,,,,,,,rate,385440767999.9964,154900000000.0,154899999999.9986,33.828923025219765,0.0,54329358631.05612,65.46852079938986,0.0,105142653903.08571,
opt_pess_2_8,pess,Low efficiency,9.9,0.91,2.8,min_surplus_loss,G5,biofuel_use_growth_constraint,2,2040.0,-1.5907066495835842,0.0,1.5907066495835842,False,0.0001,0.0,1e-10,12.455680043169556,2.1588771306901906e-16,3.3636385809402725e-16,0.6418279130591663,0.0,True,Successive iterates of the objective function are closer than ftol_rel or ftol_abs. GEMSEO stopped the driver.,0.0,15,0.12562654725359929,False,14,0.0,124556800431.69556,,,2.411714024837406,,,,,,,,rate,959099971829.7596,154900000000.0,385440767999.99994,0.0,0.0,0.0,0.0,0.0,0.0,
opt_pess_2_8,pess,Low efficiency,9.9,0.91,2.8,min_surplus_loss,G5,biofuel_use_growth_constraint,3,2045.0,-6.753714040854806,0.0,6.753714040854806,False,0.0001,0.0,1e-10,12.455680043169556,2.1588771306901906e-16,3.3636385809402725e-16,0.6418279130591663,0.0,True,Successive iterates of the objective function are closer than ftol_rel or ftol_abs. GEMSEO stopped the driver.,0.0,15,0.12562654725359929,False,14,0.0,124556800431.69556,,,3.005434456537094,,,,,,,,rate,1773424447842.0247,154900000000.0,712699511253.3859,0.0,0.0,0.0,0.0,0.0,0.0,
opt_pess_2_8,pess,Low efficiency,9.9,0.91,2.8,min_surplus_loss,G5,biofuel_use_growth_constraint,4,2050.0,-6.8937509574160725,0.0,6.8937509574160725,False,0.0001,0.0,1e-10,12.455680043169556,2.1588771306901906e-16,3.3636385809402725e-16,0.6418279130591663,0.0,True,Successive iterates of the objective function are closer than ftol_rel or ftol_abs. GEMSEO stopped the driver.,0.0,15,0.12562654725359929,False,14,0.0,124556800431.69556,,,3.7453181345368614,,,,,,,,rate,1809690796466.2021,154900000000.0,727274143384.3728,0.0,0.0,0.0,0.0,0.0,0.0,
opt_pess_2_8,pess,Low efficiency,9.9,0.91,2.8,min_surplus_loss,G6,electrofuel_use_growth_constraint,0,2030.0,-0.9999998749244163,0.0,0.9999998749244163,False,0.0001,0.0,1e-10,12.455680043169556,2.1588771306901906e-16,3.3636385809402725e-16,0.6418279130591663,0.0,True,Successive iterates of the objective function are closer than ftol_rel or ftol_abs. GEMSEO stopped the driver.,0.0,15,0.12562654725359929,False,14,0.0,124556800431.69556,,,1.552969421732896,,,,,,,,volume,0.0,154900000000.0,0.0,0.0,0.0,0.0,0.0,0.0,0.0,
opt_pess_2_8,pess,Low efficiency,9.9,0.91,2.8,min_surplus_loss,G6,electrofuel_use_growth_constraint,1,2035.0,-0.24511475663836504,0.0,0.24511475663836504,False,0.0001,0.0,1e-10,12.455680043169556,2.1588771306901906e-16,3.3636385809402725e-16,0.6418279130591663,0.0,True,Successive iterates of the objective function are closer than ftol_rel or ftol_abs. GEMSEO stopped the driver.,0.0,15,0.12562654725359929,False,14,0.0,124556800431.69556,,,1.9352824430911528,,,,,,,,volume,48209.22903112245,154900000000.0,19374.207911812973,0.0,0.0,0.0,0.0,0.0,0.0,
opt_pess_2_8,pess,Low efficiency,9.9,0.91,2.8,min_surplus_loss,G6,electrofuel_use_growth_constraint,2,2040.0,-4.5286741903168376e-08,0.0,4.5286741903168376e-08,True,0.0001,0.35439313536708505,1e-10,12.455680043169556,2.1588771306901906e-16,3.3636385809402725e-16,0.6418279130591663,0.0,True,Successive iterates of the objective function are closer than ftol_rel or ftol_abs. GEMSEO stopped the driver.,0.0,15,0.12562654725359929,False,14,3543931353.6708503,124556800431.69556,,,2.411714024837406,,,,,,,,rate,290963547908.64557,154900000000.0,116931724178.82172,22.878833787416724,0.0,27737111044.995693,55.17720431703682,0.0,66893979715.68863,
opt_pess_2_8,pess,Low efficiency,9.9,0.91,2.8,min_surplus_loss,G6,electrofuel_use_growth_constraint,3,2045.0,5.507928423453639e-08,0.0,5.507928423453639e-08,True,0.0001,0.23506366454602062,1e-10,12.455680043169556,2.1588771306901906e-16,3.3636385809402725e-16,0.6418279130591663,0.0,True,Successive iterates of the objective function are closer than ftol_rel or ftol_abs. GEMSEO stopped the driver.,0.0,15,0.12562654725359929,False,14,2350636645.460206,124556800431.69556,,,3.005434456537094,,,,,,,,rate,724010415532.0343,154900000000.0,290963547908.64294,15.175188156618502,0.0,45779142846.042366,45.60803337033487,0.0,137586213300.22934,
opt_pess_2_8,pess,Low efficiency,9.9,0.91,2.8,min_surplus_loss,G6,electrofuel_use_growth_constraint,4,2050.0,-5.591988292738116,0.0,5.591988292738116,False,0.0001,0.0,1e-10,12.455680043169556,2.1588771306901906e-16,3.3636385809402725e-16,0.6418279130591663,0.0,True,Successive iterates of the objective function are closer than ftol_rel or ftol_abs. GEMSEO stopped the driver.,0.0,15,0.12562654725359929,False,14,0.0,124556800431.69556,,,3.7453181345368614,,,,,,,,rate,1801569597176.8083,154900000000.0,724010415532.0895,0.0,0.0,0.0,0.0,0.0,0.0,
opt_pess_3_0,pess,Low efficiency,9.9,0.91,3.0,min_surplus_loss,G1,aviation_carbon_budget_constraint,0,,7.068887110040092e-05,0.0,7.068887110040092e-05,True,0.0001,68.68395276942329,1e-10,6.992660689815284,0.07417170845503282,0.11355559682714267,0.653175277374826,0.0,True,Successive iterates of the objective function are closer than ftol_rel or ftol_abs. GEMSEO stopped the driver.,0.0,18,0.12562654725286956,False,17,686839527694.2328,69926606898.15283,2.9739719330860828,230.95023865322804,,,,,,,,,,,,,,,,,,,
opt_pess_3_0,pess,Low efficiency,9.9,0.91,3.0,min_surplus_loss,G2,blend_completeness_constraint,0,2030.0,-0.9200483343219542,0.0,0.9200483343219542,False,0.0001,0.0,1e-10,6.992660689815284,0.07417170845503282,0.11355559682714267,0.653175277374826,0.0,True,Successive iterates of the objective function are closer than ftol_rel or ftol_abs. GEMSEO stopped the driver.,0.0,18,0.12562654725286956,False,17,0.0,69926606898.15283,,,1.552969421732896,,,,,,,,,,,,,,,,,,
opt_pess_3_0,pess,Low efficiency,9.9,0.91,3.0,min_surplus_loss,G2,blend_completeness_constraint,1,2035.0,-0.7660362392186915,0.0,0.7660362392186915,False,0.0001,0.0,1e-10,6.992660689815284,0.07417170845503282,0.11355559682714267,0.653175277374826,0.0,True,Successive iterates of the objective function are closer than ftol_rel or ftol_abs. GEMSEO stopped the driver.,0.0,18,0.12562654725286956,False,17,0.0,69926606898.15283,,,1.9352824430911528,,,,,,,,,,,,,,,,,,
opt_pess_3_0,pess,Low efficiency,9.9,0.91,3.0,min_surplus_loss,G2,blend_completeness_constraint,2,2040.0,-0.538771504451361,0.0,0.538771504451361,False,0.0001,0.0,1e-10,6.992660689815284,0.07417170845503282,0.11355559682714267,0.653175277374826,0.0,True,Successive iterates of the objective function are closer than ftol_rel or ftol_abs. GEMSEO stopped the driver.,0.0,18,0.12562654725286956,False,17,0.0,69926606898.15283,,,2.411714024837406,,,,,,,,,,,,,,,,,,
opt_pess_3_0,pess,Low efficiency,9.9,0.91,3.0,min_surplus_loss,G2,blend_completeness_constraint,3,2045.0,-0.3956284970921344,0.0,0.3956284970921344,False,0.0001,0.0,1e-10,6.992660689815284,0.07417170845503282,0.11355559682714267,0.653175277374826,0.0,True,Successive iterates of the objective function are closer than ftol_rel or ftol_abs. GEMSEO stopped the driver.,0.0,18,0.12562654725286956,False,17,0.0,69926606898.15283,,,3.005434456537094,,,,,,,,,,,,,,,,,,
opt_pess_3_0,pess,Low efficiency,9.9,0.91,3.0,min_surplus_loss,G2,blend_completeness_constraint,4,2050.0,-0.12609169545482557,0.0,0.12609169545482557,False,0.0001,0.0,1e-10,6.992660689815284,0.07417170845503282,0.11355559682714267,0.653175277374826,0.0,True,Successive iterates of the objective function are closer than ftol_rel or ftol_abs. GEMSEO stopped the driver.,0.0,18,0.12562654725286956,False,17,0.0,69926606898.15283,,,3.7453181345368614,,,,,,,,,,,,,,,,,,
opt_pess_3_0,pess,Low efficiency,9.9,0.91,3.0,min_surplus_loss,G3,biomass_trajectory_constraint,0,2030.0,-0.7051856988754447,0.0,0.7051856988754447,False,0.0001,0.0,1e-10,6.992660689815284,0.07417170845503282,0.11355559682714267,0.653175277374826,0.0,True,Successive iterates of the objective function are closer than ftol_rel or ftol_abs. GEMSEO stopped the driver.,0.0,18,0.12562654725286956,False,17,0.0,69926606898.15283,,,1.552969421732896,,1105660710000.0002,1.1056607100000002,0.0,0.0,0.0,0.0,,,,,,,,,,,
opt_pess_3_0,pess,Low efficiency,9.9,0.91,3.0,min_surplus_loss,G3,biomass_trajectory_constraint,1,2035.0,-0.37737473655056986,0.0,0.37737473655056986,False,0.0001,0.0,1e-10,6.992660689815284,0.07417170845503282,0.11355559682714267,0.653175277374826,0.0,True,Successive iterates of the objective function are closer than ftol_rel or ftol_abs. GEMSEO stopped the driver.,0.0,18,0.12562654725286956,False,17,0.0,69926606898.15283,,,1.9352824430911528,,1302716745000.0002,1.3027167450000003,0.0,0.0,0.0,0.0,,,,,,,,,,,
opt_pess_3_0,pess,Low efficiency,9.9,0.91,3.0,min_surplus_loss,G3,biomass_trajectory_constraint,2,2040.0,1.0109971736937951e-06,0.0,1.0109971736937951e-06,True,0.0001,3.6483027972291753,1e-10,6.992660689815284,0.07417170845503282,0.11355559682714267,0.653175277374826,0.0,True,Successive iterates of the objective function are closer than ftol_rel or ftol_abs. GEMSEO stopped the driver.,0.0,18,0.12562654725286956,False,17,36483027972.29175,69926606898.15283,,,2.411714024837406,,1499772780000.0,1.49977278,24.325703505761552,24325703505.76155,58.66664030888159,58666640308.881584,,,,,,,,,,,
opt_pess_3_0,pess,Low efficiency,9.9,0.91,3.0,min_surplus_loss,G3,biomass_trajectory_constraint,3,2045.0,5.521006407889217e-06,0.0,5.521006407889217e-06,True,0.0001,3.5909162009671936,1e-10,6.992660689815284,0.07417170845503282,0.11355559682714267,0.653175277374826,0.0,True,Successive iterates of the objective function are closer than ftol_rel or ftol_abs. GEMSEO stopped the driver.,0.0,18,0.12562654725286956,False,17,35909162009.671936,69926606898.15283,,,3.005434456537094,,1530442980000.0,1.53044298,23.463247229029037,23463247229.029034,70.51725168437235,70517251684.37234,,,,,,,,,,,
opt_pess_3_0,pess,Low efficiency,9.9,0.91,3.0,min_surplus_loss,G3,biomass_trajectory_constraint,4,2050.0,2.8786519018098033e-05,0.0,2.8786519018098033e-05,True,0.0001,2.2748214303675702,1e-10,6.992660689815284,0.07417170845503282,0.11355559682714267,0.653175277374826,0.0,True,Successive iterates of the objective function are closer than ftol_rel or ftol_abs. GEMSEO stopped the driver.,0.0,18,0.12562654725286956,False,17,22748214303.6757,69926606898.15283,,,3.7453181345368614,,1561113180000.0,1.56111318,14.5717905627289,14571790562.728899,54.57599144726164,54575991447.26164,,,,,,,,,,,
opt_pess_3_0,pess,Low efficiency,9.9,0.91,3.0,min_surplus_loss,G4,electricity_trajectory_constraint,0,2030.0,-0.9999999583443747,0.0,0.9999999583443747,False,0.0001,0.0,1e-10,6.992660689815284,0.07417170845503282,0.11355559682714267,0.653175277374826,0.0,True,Successive iterates of the objective function are closer than ftol_rel or ftol_abs. GEMSEO stopped the driver.,0.0,18,0.12562654725286956,False,17,0.0,69926606898.15283,,,1.552969421732896,,1065287574000.0001,1.065287574,0.0,0.0,0.0,0.0,,,,,,,,,,,
opt_pess_3_0,pess,Low efficiency,9.9,0.91,3.0,min_surplus_loss,G4,electricity_trajectory_constraint,1,2035.0,-0.8794989990425047,0.0,0.8794989990425047,False,0.0001,0.0,1e-10,6.992660689815284,0.07417170845503282,0.11355559682714267,0.653175277374826,0.0,True,Successive iterates of the objective function are closer than ftol_rel or ftol_abs. GEMSEO stopped the driver.,0.0,18,0.12562654725286956,False,17,0.0,69926606898.15283,,,1.9352824430911528,,1356710238000.0002,1.3567102380000002,0.0,0.0,0.0,0.0,,,,,,,,,,,
opt_pess_3_0,pess,Low efficiency,9.9,0.91,3.0,min_surplus_loss,G4,electricity_trajectory_constraint,2,2040.0,-0.7531915249136298,0.0,0.7531915249136298,False,0.0001,0.0,1e-10,6.992660689815284,0.07417170845503282,0.11355559682714267,0.653175277374826,0.0,True,Successive iterates of the objective function are closer than ftol_rel or ftol_abs. GEMSEO stopped the driver.,0.0,18,0.12562654725286956,False,17,0.0,69926606898.15283,,,2.411714024837406,,1648132902000.0002,1.6481329020000002,0.0,0.0,0.0,0.0,,,,,,,,,,,
opt_pess_3_0,pess,Low efficiency,9.9,0.91,3.0,min_surplus_loss,G4,electricity_trajectory_constraint,3,2045.0,-0.4660269874080024,0.0,0.4660269874080024,False,0.0001,0.0,1e-10,6.992660689815284,0.07417170845503282,0.11355559682714267,0.653175277374826,0.0,True,Successive iterates of the objective function are closer than ftol_rel or ftol_abs. GEMSEO stopped the driver.,0.0,18,0.12562654725286956,False,17,0.0,69926606898.15283,,,3.005434456537094,,1895265009000.0002,1.8952650090000003,0.0,0.0,0.0,0.0,,,,,,,,,,,
opt_pess_3_0,pess,Low efficiency,9.9,0.91,3.0,min_surplus_loss,G4,electricity_trajectory_constraint,4,2050.0,-0.0007438524276089708,0.0,0.0007438524276089708,False,0.0001,0.0,1e-10,6.992660689815284,0.07417170845503282,0.11355559682714267,0.653175277374826,0.0,True,Successive iterates of the objective function are closer than ftol_rel or ftol_abs. GEMSEO stopped the driver.,0.0,18,0.12562654725286956,False,17,0.0,69926606898.15283,,,3.7453181345368614,,2142397116000.0002,2.142397116,0.0,0.0,0.0,0.0,,,,,,,,,,,
opt_pess_3_0,pess,Low efficiency,9.9,0.91,3.0,min_surplus_loss,G5,biofuel_use_growth_constraint,0,2030.0,-1.9701470706907683e-16,0.0,1.9701470706907683e-16,True,0.0001,1.9006783731424155,1e-10,6.992660689815284,0.07417170845503282,0.11355559682714267,0.653175277374826,0.0,True,Successive iterates of the objective function are closer than ftol_rel or ftol_abs. GEMSEO stopped the driver.,0.0,18,0.12562654725286956,False,17,19006783731.424156,69926606898.15283,,,1.552969421732896,,,,,,,,volume,91969067110.32613,154900000000.0,36960305390.916824,122.70357476710237,613517873835.5117,0.0,190.55489955062612,952774497753.1305,0.0,
opt_pess_3_0,pess,Low efficiency,9.9,0.91,3.0,min_surplus_loss,G5,biofuel_use_growth_constraint,1,2035.0,4.5777407779779796e-07,0.0,4.5777407779779796e-07,True,0.0001,0.5989064648924973,1e-10,6.992660689815284,0.07417170845503282,0.11355559682714267,0.653175277374826,0.0,True,Successive iterates of the objective function are closer than ftol_rel or ftol_abs. GEMSEO stopped the driver.,0.0,18,0.12562654725286956,False,17,5989064648.9249735,69926606898.15283,,,1.9352824430911528,,,,,,,,rate,385440767999.9972,154900000000.0,154899999999.9989,38.6640713294059,0.0,62094622280.05367,74.82589842222325,0.0,120170632308.9646,
opt_pess_3_0,pess,Low efficiency,9.9,0.91,3.0,min_surplus_loss,G5,biofuel_use_growth_constraint,2,2040.0,-1.5907031406317,0.0,1.5907031406317,False,0.0001,0.0,1e-10,6.992660689815284,0.07417170845503282,0.11355559682714267,0.653175277374826,0.0,True,Successive iterates of the objective function are closer than ftol_rel or ftol_abs. GEMSEO stopped the driver.,0.0,18,0.12562654725286956,False,17,0.0,69926606898.15283,,,2.411714024837406,,,,,,,,rate,959099971829.7599,154900000000.0,385440768000.00006,0.0,0.0,0.0,0.0,0.0,0.0,
opt_pess_3_0,pess,Low efficiency,9.9,0.91,3.0,min_surplus_loss,G5,biofuel_use_growth_constraint,3,2045.0,-6.753699690760374,0.0,6.753699690760374,False,0.0001,0.0,1e-10,6.992660689815284,0.07417170845503282,0.11355559682714267,0.653175277374826,0.0,True,Successive iterates of the objective function are closer than ftol_rel or ftol_abs. GEMSEO stopped the driver.,0.0,18,0.12562654725286956,False,17,0.0,69926606898.15283,,,3.005434456537094,,,,,,,,rate,1773424447842.33,154900000000.0,712699511253.5085,0.0,0.0,0.0,0.0,0.0,0.0,
opt_pess_3_0,pess,Low efficiency,9.9,0.91,3.0,min_surplus_loss,G5,biofuel_use_growth_constraint,4,2050.0,-6.8936775792345975,0.0,6.8936775792345975,False,0.0001,0.0,1e-10,6.992660689815284,0.07417170845503282,0.11355559682714267,0.653175277374826,0.0,True,Successive iterates of the objective function are closer than ftol_rel or ftol_abs. GEMSEO stopped the driver.,0.0,18,0.12562654725286956,False,17,0.0,69926606898.15283,,,3.7453181345368614,,,,,,,,rate,1809690796468.881,154900000000.0,727274143385.4495,0.0,0.0,0.0,0.0,0.0,0.0,
opt_pess_3_0,pess,Low efficiency,9.9,0.91,3.0,min_surplus_loss,G6,electrofuel_use_growth_constraint,0,2030.0,-0.9999998749243304,0.0,0.9999998749243304,False,0.0001,0.0,1e-10,6.992660689815284,0.07417170845503282,0.11355559682714267,0.653175277374826,0.0,True,Successive iterates of the objective function are closer than ftol_rel or ftol_abs. GEMSEO stopped the driver.,0.0,18,0.12562654725286956,False,17,0.0,69926606898.15283,,,1.552969421732896,,,,,,,,volume,0.0,154900000000.0,0.0,0.0,0.0,0.0,0.0,0.0,0.0,
opt_pess_3_0,pess,Low efficiency,9.9,0.91,3.0,min_surplus_loss,G6,electrofuel_use_growth_constraint,1,2035.0,-0.5392025426642613,0.0,0.5392025426642613,False,0.0001,0.0,1e-10,6.992660689815284,0.07417170845503282,0.11355559682714267,0.653175277374826,0.0,True,Successive iterates of the objective function are closer than ftol_rel or ftol_abs. GEMSEO stopped the driver.,0.0,18,0.12562654725286956,False,17,0.0,69926606898.15283,,,1.9352824430911528,,,,,,,,volume,48209.22903112245,154900000000.0,19374.207911812973,0.0,0.0,0.0,0.0,0.0,0.0,
opt_pess_3_0,pess,Low efficiency,9.9,0.91,3.0,min_surplus_loss,G6,electrofuel_use_growth_constraint,2,2040.0,-8.366096584470292e-05,0.0,8.366096584470292e-05,True,0.0001,0.2631505778706882,1e-10,6.992660689815284,0.07417170845503282,0.11355559682714267,0.653175277374826,0.0,True,Successive iterates of the objective function are closer than ftol_rel or ftol_abs. GEMSEO stopped the driver.,0.0,18,0.12562654725286956,False,17,2631505778.7068815,69926606898.15283,,,2.411714024837406,,,,,,,,rate,177569821683.0317,154900000000.0,71361328801.37271,16.988416905790068,0.0,12569292335.992268,40.971203311478796,0.0,30313538608.99387,
opt_pess_3_0,pess,Low efficiency,9.9,0.91,3.0,min_surplus_loss,G6,electrofuel_use_growth_constraint,3,2045.0,-0.00045504370241582584,0.0,0.00045504370241582584,False,0.0001,0.0,1e-10,6.992660689815284,0.07417170845503282,0.11355559682714267,0.653175277374826,0.0,True,Successive iterates of the objective function are closer than ftol_rel or ftol_abs. GEMSEO stopped the driver.,0.0,18,0.12562654725286956,False,17,0.0,69926606898.15283,,,3.005434456537094,,,,,,,,rate,441850538690.42633,154900000000.0,177569821683.07388,0.0,0.0,0.0,0.0,0.0,0.0,
opt_pess_3_0,pess,Low efficiency,9.9,0.91,3.0,min_surplus_loss,G6,electrofuel_use_growth_constraint,4,2050.0,-1.0638130571682423,0.0,1.0638130571682423,False,0.0001,0.0,1e-10,6.992660689815284,0.07417170845503282,0.11355559682714267,0.653175277374826,0.0,True,Successive iterates of the objective function are closer than ftol_rel or ftol_abs. GEMSEO stopped the driver.,0.0,18,0.12562654725286956,False,17,0.0,69926606898.15283,,,3.7453181345368614,,,,,,,,rate,1099465532434.1454,154900000000.0,441850538690.4199,0.0,0.0,0.0,0.0,0.0,0.0,
opt_pess_3_2,pess,Low efficiency,9.9,0.91,3.2,min_surplus_loss,G1,aviation_carbon_budget_constraint,0,,2.0584276624018466e-05,0.0,2.0584276624018466e-05,True,0.0001,65.8749306715256,1e-10,1.8962436026118317,0.05319932028201327,0.08011253323063978,0.6640573969725213,0.0,True,Successive iterates of the objective function are closer than ftol_rel or ftol_abs. GEMSEO stopped the driver.,0.0,20,0.2831638609117421,False,19,658749306715.256,18962436026.118317,3.2215607692981534,204.48141565206933,,,,,,,,,,,,,,,,,,,
opt_pess_3_2,pess,Low efficiency,9.9,0.91,3.2,min_surplus_loss,G2,blend_completeness_constraint,0,2030.0,-0.9200483343219511,0.0,0.9200483343219511,False,0.0001,0.0,1e-10,1.8962436026118317,0.05319932028201327,0.08011253323063978,0.6640573969725213,0.0,True,Successive iterates of the objective function are closer than ftol_rel or ftol_abs. GEMSEO stopped the driver.,0.0,20,0.2831638609117421,False,19,0.0,18962436026.118317,,,1.552969421732896,,,,,,,,,,,,,,,,,,
opt_pess_3_2,pess,Low efficiency,9.9,0.91,3.2,min_surplus_loss,G2,blend_completeness_constraint,1,2035.0,-0.8064695778831311,0.0,0.8064695778831311,False,0.0001,0.0,1e-10,1.8962436026118317,0.05319932028201327,0.08011253323063978,0.6640573969725213,0.0,True,Successive iterates of the objective function are closer than ftol_rel or ftol_abs. GEMSEO stopped the driver.,0.0,20,0.2831638609117421,False,19,0.0,18962436026.118317,,,1.9352824430911528,,,,,,,,,,,,,,,,,,
opt_pess_3_2,pess,Low efficiency,9.9,0.91,3.2,min_surplus_loss,G2,blend_completeness_constraint,2,2040.0,-0.5793619148820174,0.0,0.5793619148820174,False,0.0001,0.0,1e-10,1.8962436026118317,0.05319932028201327,0.08011253323063978,0.6640573969725213,0.0,True,Successive iterates of the objective function are closer than ftol_rel or ftol_abs. GEMSEO stopped the driver.,0.0,20,0.2831638609117421,False,19,0.0,18962436026.118317,,,2.411714024837406,,,,,,,,,,,,,,,,,,
opt_pess_3_2,pess,Low efficiency,9.9,0.91,3.2,min_surplus_loss,G2,blend_completeness_constraint,3,2045.0,-0.4975306499669215,0.0,0.4975306499669215,False,0.0001,0.0,1e-10,1.8962436026118317,0.05319932028201327,0.08011253323063978,0.6640573969725213,0.0,True,Successive iterates of the objective function are closer than ftol_rel or ftol_abs. GEMSEO stopped the driver.,0.0,20,0.2831638609117421,False,19,0.0,18962436026.118317,,,3.005434456537094,,,,,,,,,,,,,,,,,,
opt_pess_3_2,pess,Low efficiency,9.9,0.91,3.2,min_surplus_loss,G2,blend_completeness_constraint,4,2050.0,-0.28326065434362735,0.0,0.28326065434362735,False,0.0001,0.0,1e-10,1.8962436026118317,0.05319932028201327,0.08011253323063978,0.6640573969725213,0.0,True,Successive iterates of the objective function are closer than ftol_rel or ftol_abs. GEMSEO stopped the driver.,0.0,20,0.2831638609117421,False,19,0.0,18962436026.118317,,,3.7453181345368614,,,,,,,,,,,,,,,,,,
opt_pess_3_2,pess,Low efficiency,9.9,0.91,3.2,min_surplus_loss,G3,biomass_trajectory_constraint,0,2030.0,-0.7051856988749816,0.0,0.7051856988749816,False,0.0001,0.0,1e-10,1.8962436026118317,0.05319932028201327,0.08011253323063978,0.6640573969725213,0.0,True,Successive iterates of the objective function are closer than ftol_rel or ftol_abs. GEMSEO stopped the driver.,0.0,20,0.2831638609117421,False,19,0.0,18962436026.118317,,,1.552969421732896,,1105660710000.0002,1.1056607100000002,0.0,0.0,0.0,0.0,,,,,,,,,,,
opt_pess_3_2,pess,Low efficiency,9.9,0.91,3.2,min_surplus_loss,G3,biomass_trajectory_constraint,1,2035.0,-0.37737485108883695,0.0,0.37737485108883695,False,0.0001,0.0,1e-10,1.8962436026118317,0.05319932028201327,0.08011253323063978,0.6640573969725213,0.0,True,Successive iterates of the objective function are closer than ftol_rel or ftol_abs. GEMSEO stopped the driver.,0.0,20,0.2831638609117421,False,19,0.0,18962436026.118317,,,1.9352824430911528,,1302716745000.0002,1.3027167450000003,0.0,0.0,0.0,0.0,,,,,,,,,,,
opt_pess_3_2,pess,Low efficiency,9.9,0.91,3.2,min_surplus_loss,G3,biomass_trajectory_constraint,2,2040.0,3.5205910094759927e-07,0.0,3.5205910094759927e-07,True,0.0001,2.864024600913631,1e-10,1.8962436026118317,0.05319932028201327,0.08011253323063978,0.6640573969725213,0.0,True,Successive iterates of the objective function are closer than ftol_rel or ftol_abs. GEMSEO stopped the driver.,0.0,20,0.2831638609117421,False,19,28640246009.13631,18962436026.118317,,,2.411714024837406,,1499772780000.0,1.49977278,19.096390060590586,19096390060.590588,46.055031732891955,46055031732.89196,,,,,,,,,,,
opt_pess_3_2,pess,Low efficiency,9.9,0.91,3.2,min_surplus_loss,G3,biomass_trajectory_constraint,3,2045.0,1.770500717128698e-06,0.0,1.770500717128698e-06,True,0.0001,3.034944015989742,1e-10,1.8962436026118317,0.05319932028201327,0.08011253323063978,0.6640573969725213,0.0,True,Successive iterates of the objective function are closer than ftol_rel or ftol_abs. GEMSEO stopped the driver.,0.0,20,0.2831638609117421,False,19,30349440159.89742,18962436026.118317,,,3.005434456537094,,1530442980000.0,1.53044298,19.830493887395544,19830493887.395542,59.59924961932679,59599249619.32679,,,,,,,,,,,
opt_pess_3_2,pess,Low efficiency,9.9,0.91,3.2,min_surplus_loss,G3,biomass_trajectory_constraint,4,2050.0,7.983057808189641e-06,0.0,7.983057808189641e-06,True,0.0001,1.9410057218623518,1e-10,1.8962436026118317,0.05319932028201327,0.08011253323063978,0.6640573969725213,0.0,True,Successive iterates of the objective function are closer than ftol_rel or ftol_abs. GEMSEO stopped the driver.,0.0,20,0.2831638609117421,False,19,19410057218.623516,18962436026.118317,,,3.7453181345368614,,1561113180000.0,1.56111318,12.433472132125306,12433472132.125307,46.567308651707606,46567308651.7076,,,,,,,,,,,
opt_pess_3_2,pess,Low efficiency,9.9,0.91,3.2,min_surplus_loss,G4,electricity_trajectory_constraint,0,2030.0,-0.9999999583444033,0.0,0.9999999583444033,False,0.0001,0.0,1e-10,1.8962436026118317,0.05319932028201327,0.08011253323063978,0.6640573969725213,0.0,True,Successive iterates of the objective function are closer than ftol_rel or ftol_abs. GEMSEO stopped the driver.,0.0,20,0.2831638609117421,False,19,0.0,18962436026.118317,,,1.552969421732896,,1065287574000.0001,1.065287574,0.0,0.0,0.0,0.0,,,,,,,,,,,
opt_pess_3_2,pess,Low efficiency,9.9,0.91,3.2,min_surplus_loss,G4,electricity_trajectory_constraint,1,2035.0,-0.9999999663769127,0.0,0.9999999663769127,False,0.0001,0.0,1e-10,1.8962436026118317,0.05319932028201327,0.08011253323063978,0.6640573969725213,0.0,True,Successive iterates of the objective function are closer than ftol_rel or ftol_abs. GEMSEO stopped the driver.,0.0,20,0.2831638609117421,False,19,0.0,18962436026.118317,,,1.9352824430911528,,1356710238000.0002,1.3567102380000002,0.0,0.0,0.0,0.0,,,,,,,,,,,
opt_pess_3_2,pess,Low efficiency,9.9,0.91,3.2,min_surplus_loss,G4,electricity_trajectory_constraint,2,2040.0,-0.8437561797797183,0.0,0.8437561797797183,False,0.0001,0.0,1e-10,1.8962436026118317,0.05319932028201327,0.08011253323063978,0.6640573969725213,0.0,True,Successive iterates of the objective function are closer than ftol_rel or ftol_abs. GEMSEO stopped the driver.,0.0,20,0.2831638609117421,False,19,0.0,18962436026.118317,,,2.411714024837406,,1648132902000.0002,1.6481329020000002,0.0,0.0,0.0,0.0,,,,,,,,,,,
opt_pess_3_2,pess,Low efficiency,9.9,0.91,3.2,min_surplus_loss,G4,electricity_trajectory_constraint,3,2045.0,-0.6619415420432,0.0,0.6619415420432,False,0.0001,0.0,1e-10,1.8962436026118317,0.05319932028201327,0.08011253323063978,0.6640573969725213,0.0,True,Successive iterates of the objective function are closer than ftol_rel or ftol_abs. GEMSEO stopped the driver.,0.0,20,0.2831638609117421,False,19,0.0,18962436026.118317,,,3.005434456537094,,1895265009000.0002,1.8952650090000003,0.0,0.0,0.0,0.0,,,,,,,,,,,
opt_pess_3_2,pess,Low efficiency,9.9,0.91,3.2,min_surplus_loss,G4,electricity_trajectory_constraint,4,2050.0,-0.2559414239593532,0.0,0.2559414239593532,False,0.0001,0.0,1e-10,1.8962436026118317,0.05319932028201327,0.08011253323063978,0.6640573969725213,0.0,True,Successive iterates of the objective function are closer than ftol_rel or ftol_abs. GEMSEO stopped the driver.,0.0,20,0.2831638609117421,False,19,0.0,18962436026.118317,,,3.7453181345368614,,2142397116000.0002,2.142397116,0.0,0.0,0.0,0.0,,,,,,,,,,,
opt_pess_3_2,pess,Low efficiency,9.9,0.91,3.2,min_surplus_loss,G5,biofuel_use_growth_constraint,0,2030.0,-1.0244764767591995e-14,0.0,1.0244764767591995e-14,True,0.0001,1.285825179194874,1e-10,1.8962436026118317,0.05319932028201327,0.08011253323063978,0.6640573969725213,0.0,True,Successive iterates of the objective function are closer than ftol_rel or ftol_abs. GEMSEO stopped the driver.,0.0,20,0.2831638609117421,False,19,12858251791.94874,18962436026.118317,,,1.552969421732896,,,,,,,,volume,91969067110.31766,154900000000.0,36960305390.91342,83.01001802420103,415050090121.0051,0.0,128.91201968908075,644560098445.4037,0.0,
opt_pess_3_2,pess,Low efficiency,9.9,0.91,3.2,min_surplus_loss,G5,biofuel_use_growth_constraint,1,2035.0,-3.7038764928986445e-14,0.0,3.7038764928986445e-14,True,0.0001,0.4213574798158919,1e-10,1.8962436026118317,0.05319932028201327,0.08011253323063978,0.6640573969725213,0.0,True,Successive iterates of the objective function are closer than ftol_rel or ftol_abs. GEMSEO stopped the driver.,0.0,20,0.2831638609117421,False,19,4213574798.158919,18962436026.118317,,,1.9352824430911528,,,,,,,,rate,385440768000.00024,154900000000.0,154900000000.00012,27.20190315144557,0.0,43686343507.3117,52.643365587658515,0.0,84545413592.5495,
opt_pess_3_2,pess,Low efficiency,9.9,0.91,3.2,min_surplus_loss,G5,biofuel_use_growth_constraint,2,2040.0,-1.5907050333516615,0.0,1.5907050333516615,False,0.0001,0.0,1e-10,1.8962436026118317,0.05319932028201327,0.08011253323063978,0.6640573969725213,0.0,True,Successive iterates of the objective function are closer than ftol_rel or ftol_abs. GEMSEO stopped the driver.,0.0,20,0.2831638609117421,False,19,0.0,18962436026.118317,,,2.411714024837406,,,,,,,,rate,959099971829.7595,154900000000.0,385440767999.9999,0.0,0.0,0.0,0.0,0.0,0.0,
opt_pess_3_2,pess,Low efficiency,9.9,0.91,3.2,min_surplus_loss,G5,biofuel_use_growth_constraint,3,2045.0,-6.753709755739994,0.0,6.753709755739994,False,0.0001,0.0,1e-10,1.8962436026118317,0.05319932028201327,0.08011253323063978,0.6640573969725213,0.0,True,Successive iterates of the objective function are closer than ftol_rel or ftol_abs. GEMSEO stopped the driver.,0.0,20,0.2831638609117421,False,19,0.0,18962436026.118317,,,3.005434456537094,,,,,,,,rate,1773424447836.6194,154900000000.0,712699511251.2136,0.0,0.0,0.0,0.0,0.0,0.0,
opt_pess_3_2,pess,Low efficiency,9.9,0.91,3.2,min_surplus_loss,G5,biofuel_use_growth_constraint,4,2050.0,-6.8937333943536885,0.0,6.8937333943536885,False,0.0001,0.0,1e-10,1.8962436026118317,0.05319932028201327,0.08011253323063978,0.6640573969725213,0.0,True,Successive iterates of the objective function are closer than ftol_rel or ftol_abs. GEMSEO stopped the driver.,0.0,20,0.2831638609117421,False,19,0.0,18962436026.118317,,,3.7453181345368614,,,,,,,,rate,1809690796463.5808,154900000000.0,727274143383.3193,0.0,0.0,0.0,0.0,0.0,0.0,
opt_pess_3_2,pess,Low efficiency,9.9,0.91,3.2,min_surplus_loss,G6,electrofuel_use_growth_constraint,0,2030.0,-0.9999998749244163,0.0,0.9999998749244163,False,0.0001,0.0,1e-10,1.8962436026118317,0.05319932028201327,0.08011253323063978,0.6640573969725213,0.0,True,Successive iterates of the objective function are closer than ftol_rel or ftol_abs. GEMSEO stopped the driver.,0.0,20,0.2831638609117421,False,19,0.0,18962436026.118317,,,1.552969421732896,,,,,,,,volume,0.0,154900000000.0,0.0,0.0,0.0,0.0,0.0,0.0,0.0,
opt_pess_3_2,pess,Low efficiency,9.9,0.91,3.2,min_surplus_loss,G6,electrofuel_use_growth_constraint,1,2035.0,-0.9999998714248592,0.0,0.9999998714248592,False,0.0001,0.0,1e-10,1.8962436026118317,0.05319932028201327,0.08011253323063978,0.6640573969725213,0.0,True,Successive iterates of the objective function are closer than ftol_rel or ftol_abs. GEMSEO stopped the driver.,0.0,20,0.2831638609117421,False,19,0.0,18962436026.118317,,,1.9352824430911528,,,,,,,,volume,48209.27056834929,154900000000.0,19374.224604692845,0.0,0.0,0.0,0.0,0.0,0.0,
opt_pess_3_2,pess,Low efficiency,9.9,0.91,3.2,min_surplus_loss,G6,electrofuel_use_growth_constraint,2,2040.0,-0.27418256592165025,0.0,0.27418256592165025,False,0.0001,0.0,1e-10,1.8962436026118317,0.05319932028201327,0.08011253323063978,0.6640573969725213,0.0,True,Successive iterates of the objective function are closer than ftol_rel or ftol_abs. GEMSEO stopped the driver.,0.0,20,0.2831638609117421,False,19,0.0,18962436026.118317,,,2.411714024837406,,,,,,,,volume,49558.239172221896,154900000000.0,19916.344831943603,0.0,0.0,0.0,0.0,0.0,0.0,
opt_pess_3_2,pess,Low efficiency,9.9,0.91,3.2,min_surplus_loss,G6,electrofuel_use_growth_constraint,3,2045.0,-0.0001644991325501552,0.0,0.0001644991325501552,False,0.0001,0.0,1e-10,1.8962436026118317,0.05319932028201327,0.08011253323063978,0.6640573969725213,0.0,True,Successive iterates of the objective function are closer than ftol_rel or ftol_abs. GEMSEO stopped the driver.,0.0,20,0.2831638609117421,False,19,0.0,18962436026.118317,,,3.005434456537094,,,,,,,,rate,279758664412.2202,154900000000.0,112428732804.55098,0.0,0.0,0.0,0.0,0.0,0.0,
opt_pess_3_2,pess,Low efficiency,9.9,0.91,3.2,min_surplus_loss,G6,electrofuel_use_growth_constraint,4,2050.0,-0.0006298747953962864,0.0,0.0006298747953962864,False,0.0001,0.0,1e-10,1.8962436026118317,0.05319932028201327,0.08011253323063978,0.6640573969725213,0.0,True,Successive iterates of the objective function are closer than ftol_rel or ftol_abs. GEMSEO stopped the driver.,0.0,20,0.2831638609117421,False,19,0.0,18962436026.118317,,,3.7453181345368614,,,,,,,,rate,696129079830.1337,154900000000.0,279758664412.18726,0.0,0.0,0.0,0.0,0.0,0.0,
opt_pess_3_4,pess,Low efficiency,9.9,0.91,3.4,min_surplus_loss,G1,aviation_carbon_budget_constraint,0,,4.9332822494055585e-05,0.0,4.9332822494055585e-05,True,0.0001,59.63587128416671,1e-10,-2.621232103557953,0.01947669936230359,0.028986310201387578,0.6719275142984994,0.0,True,Successive iterates of the objective function are closer than ftol_rel or ftol_abs. GEMSEO stopped the driver.,0.0,22,0.47511474247811825,False,20,596358712841.6671,-26212321035.57953,3.469149605510208,171.90342898283873,,,,,,,,,,,,,,,,,,,
opt_pess_3_4,pess,Low efficiency,9.9,0.91,3.4,min_surplus_loss,G2,blend_completeness_constraint,0,2030.0,-0.9200483343219469,0.0,0.9200483343219469,False,0.0001,0.0,1e-10,-2.621232103557953,0.01947669936230359,0.028986310201387578,0.6719275142984994,0.0,True,Successive iterates of the objective function are closer than ftol_rel or ftol_abs. GEMSEO stopped the driver.,0.0,22,0.47511474247811825,False,20,0.0,-26212321035.57953,,,1.552969421732896,,,,,,,,,,,,,,,,,,
opt_pess_3_4,pess,Low efficiency,9.9,0.91,3.4,min_surplus_loss,G2,blend_completeness_constraint,1,2035.0,-0.8064695778831142,0.0,0.8064695778831142,False,0.0001,0.0,1e-10,-2.621232103557953,0.01947669936230359,0.028986310201387578,0.6719275142984994,0.0,True,Successive iterates of the objective function are closer than ftol_rel or ftol_abs. GEMSEO stopped the driver.,0.0,22,0.47511474247811825,False,20,0.0,-26212321035.57953,,,1.9352824430911528,,,,,,,,,,,,,,,,,,
opt_pess_3_4,pess,Low efficiency,9.9,0.91,3.4,min_surplus_loss,G2,blend_completeness_constraint,2,2040.0,-0.6464903041310902,0.0,0.6464903041310902,False,0.0001,0.0,1e-10,-2.621232103557953,0.01947669936230359,0.028986310201387578,0.6719275142984994,0.0,True,Successive iterates of the objective function are closer than ftol_rel or ftol_abs. GEMSEO stopped the driver.,0.0,22,0.47511474247811825,False,20,0.0,-26212321035.57953,,,2.411714024837406,,,,,,,,,,,,,,,,,,
opt_pess_3_4,pess,Low efficiency,9.9,0.91,3.4,min_surplus_loss,G2,blend_completeness_constraint,3,2045.0,-0.5740170159346744,0.0,0.5740170159346744,False,0.0001,0.0,1e-10,-2.621232103557953,0.01947669936230359,0.028986310201387578,0.6719275142984994,0.0,True,Successive iterates of the objective function are closer than ftol_rel or ftol_abs. GEMSEO stopped the driver.,0.0,22,0.47511474247811825,False,20,0.0,-26212321035.57953,,,3.005434456537094,,,,,,,,,,,,,,,,,,
opt_pess_3_4,pess,Low efficiency,9.9,0.91,3.4,min_surplus_loss,G2,blend_completeness_constraint,4,2050.0,-0.47530762140610383,0.0,0.47530762140610383,False,0.0001,0.0,1e-10,-2.621232103557953,0.01947669936230359,0.028986310201387578,0.6719275142984994,0.0,True,Successive iterates of the objective function are closer than ftol_rel or ftol_abs. GEMSEO stopped the driver.,0.0,22,0.47511474247811825,False,20,0.0,-26212321035.57953,,,3.7453181345368614,,,,,,,,,,,,,,,,,,
opt_pess_3_4,pess,Low efficiency,9.9,0.91,3.4,min_surplus_loss,G3,biomass_trajectory_constraint,0,2030.0,-0.7051856988748822,0.0,0.7051856988748822,False,0.0001,0.0,1e-10,-2.621232103557953,0.01947669936230359,0.028986310201387578,0.6719275142984994,0.0,True,Successive iterates of the objective function are closer than ftol_rel or ftol_abs. GEMSEO stopped the driver.,0.0,22,0.47511474247811825,False,20,0.0,-26212321035.57953,,,1.552969421732896,,1105660710000.0002,1.1056607100000002,0.0,0.0,0.0,0.0,,,,,,,,,,,
opt_pess_3_4,pess,Low efficiency,9.9,0.91,3.4,min_surplus_loss,G3,biomass_trajectory_constraint,1,2035.0,-0.37737485108842056,0.0,0.37737485108842056,False,0.0001,0.0,1e-10,-2.621232103557953,0.01947669936230359,0.028986310201387578,0.6719275142984994,0.0,True,Successive iterates of the objective function are closer than ftol_rel or ftol_abs. GEMSEO stopped the driver.,0.0,22,0.47511474247811825,False,20,0.0,-26212321035.57953,,,1.9352824430911528,,1302716745000.0002,1.3027167450000003,0.0,0.0,0.0,0.0,,,,,,,,,,,
opt_pess_3_4,pess,Low efficiency,9.9,0.91,3.4,min_surplus_loss,G3,biomass_trajectory_constraint,2,2040.0,9.953951495731417e-06,0.0,9.953951495731417e-06,True,0.0001,1.6842801962394436,1e-10,-2.621232103557953,0.01947669936230359,0.028986310201387578,0.6719275142984994,0.0,True,Successive iterates of the objective function are closer than ftol_rel or ftol_abs. GEMSEO stopped the driver.,0.0,22,0.47511474247811825,False,20,16842801962.394436,-26212321035.57953,,,2.411714024837406,,1499772780000.0,1.49977278,11.23023579771493,11230235797.71493,27.084117175580186,27084117175.58019,,,,,,,,,,,
opt_pess_3_4,pess,Low efficiency,9.9,0.91,3.4,min_surplus_loss,G3,biomass_trajectory_constraint,3,2045.0,1.22590596788541e-06,0.0,1.22590596788541e-06,True,0.0001,2.3408520623476576,1e-10,-2.621232103557953,0.01947669936230359,0.028986310201387578,0.6719275142984994,0.0,True,Successive iterates of the objective function are closer than ftol_rel or ftol_abs. GEMSEO stopped the driver.,0.0,22,0.47511474247811825,False,20,23408520623.476574,-26212321035.57953,,,3.005434456537094,,1530442980000.0,1.53044298,15.295258254885505,15295258254.885506,45.96889618086632,45968896180.866325,,,,,,,,,,,
opt_pess_3_4,pess,Low efficiency,9.9,0.91,3.4,min_surplus_loss,G3,biomass_trajectory_constraint,4,2050.0,5.716226345100494e-06,0.0,5.716226345100494e-06,True,0.0001,1.5098248774029543,1e-10,-2.621232103557953,0.01947669936230359,0.028986310201387578,0.6719275142984994,0.0,True,Successive iterates of the objective function are closer than ftol_rel or ftol_abs. GEMSEO stopped the driver.,0.0,22,0.47511474247811825,False,20,15098248774.029543,-26212321035.57953,,,3.7453181345368614,,1561113180000.0,1.56111318,9.67146326573807,9671463265.73807,36.22270675667589,36222706756.67589,,,,,,,,,,,
opt_pess_3_4,pess,Low efficiency,9.9,0.91,3.4,min_surplus_loss,G4,electricity_trajectory_constraint,0,2030.0,-0.9999999583443993,0.0,0.9999999583443993,False,0.0001,0.0,1e-10,-2.621232103557953,0.01947669936230359,0.028986310201387578,0.6719275142984994,0.0,True,Successive iterates of the objective function are closer than ftol_rel or ftol_abs. GEMSEO stopped the driver.,0.0,22,0.47511474247811825,False,20,0.0,-26212321035.57953,,,1.552969421732896,,1065287574000.0001,1.065287574,0.0,0.0,0.0,0.0,,,,,,,,,,,
opt_pess_3_4,pess,Low efficiency,9.9,0.91,3.4,min_surplus_loss,G4,electricity_trajectory_constraint,1,2035.0,-0.9999999663769095,0.0,0.9999999663769095,False,0.0001,0.0,1e-10,-2.621232103557953,0.01947669936230359,0.028986310201387578,0.6719275142984994,0.0,True,Successive iterates of the objective function are closer than ftol_rel or ftol_abs. GEMSEO stopped the driver.,0.0,22,0.47511474247811825,False,20,0.0,-26212321035.57953,,,1.9352824430911528,,1356710238000.0002,1.3567102380000002,0.0,0.0,0.0,0.0,,,,,,,,,,,
opt_pess_3_4,pess,Low efficiency,9.9,0.91,3.4,min_surplus_loss,G4,electricity_trajectory_constraint,2,2040.0,-0.999999971982223,0.0,0.999999971982223,False,0.0001,0.0,1e-10,-2.621232103557953,0.01947669936230359,0.028986310201387578,0.6719275142984994,0.0,True,Successive iterates of the objective function are closer than ftol_rel or ftol_abs. GEMSEO stopped the driver.,0.0,22,0.47511474247811825,False,20,0.0,-26212321035.57953,,,2.411714024837406,,1648132902000.0002,1.6481329020000002,0.0,0.0,0.0,0.0,,,,,,,,,,,
opt_pess_3_4,pess,Low efficiency,9.9,0.91,3.4,min_surplus_loss,G4,electricity_trajectory_constraint,3,2045.0,-0.8182273382696599,0.0,0.8182273382696599,False,0.0001,0.0,1e-10,-2.621232103557953,0.01947669936230359,0.028986310201387578,0.6719275142984994,0.0,True,Successive iterates of the objective function are closer than ftol_rel or ftol_abs. GEMSEO stopped the driver.,0.0,22,0.47511474247811825,False,20,0.0,-26212321035.57953,,,3.005434456537094,,1895265009000.0002,1.8952650090000003,0.0,0.0,0.0,0.0,,,,,,,,,,,
opt_pess_3_4,pess,Low efficiency,9.9,0.91,3.4,min_surplus_loss,G4,electricity_trajectory_constraint,4,2050.0,-0.5999718105489013,0.0,0.5999718105489013,False,0.0001,0.0,1e-10,-2.621232103557953,0.01947669936230359,0.028986310201387578,0.6719275142984994,0.0,True,Successive iterates of the objective function are closer than ftol_rel or ftol_abs. GEMSEO stopped the driver.,0.0,22,0.47511474247811825,False,20,0.0,-26212321035.57953,,,3.7453181345368614,,2142397116000.0002,2.142397116,0.0,0.0,0.0,0.0,,,,,,,,,,,
opt_pess_3_4,pess,Low efficiency,9.9,0.91,3.4,min_surplus_loss,G5,biofuel_use_growth_constraint,0,2030.0,5.910441212072305e-16,0.0,5.910441212072305e-16,True,0.0001,0.5478062291003587,1e-10,-2.621232103557953,0.01947669936230359,0.028986310201387578,0.6719275142984994,0.0,True,Successive iterates of the objective function are closer than ftol_rel or ftol_abs. GEMSEO stopped the driver.,0.0,22,0.47511474247811825,False,20,5478062291.003587,-26212321035.57953,,,1.552969421732896,,,,,,,,volume,91969067110.31766,154900000000.0,36960305390.91342,35.36515358943568,176825767947.17838,0.0,54.92100211928098,274605010596.40485,0.0,
opt_pess_3_4,pess,Low efficiency,9.9,0.91,3.4,min_surplus_loss,G5,biofuel_use_growth_constraint,1,2035.0,-6.698500040348612e-15,0.0,6.698500040348612e-15,True,0.0001,0.21180679671098318,1e-10,-2.621232103557953,0.01947669936230359,0.028986310201387578,0.6719275142984994,0.0,True,Successive iterates of the objective function are closer than ftol_rel or ftol_abs. GEMSEO stopped the driver.,0.0,22,0.47511474247811825,False,20,2118067967.1098318,-26212321035.57953,,,1.9352824430911528,,,,,,,,rate,385440768000.00006,154900000000.0,154900000000.00006,13.673776417752304,0.0,21960128682.994743,26.46261943202987,0.0,42499051488.22217,
opt_pess_3_4,pess,Low efficiency,9.9,0.91,3.4,min_surplus_loss,G5,biofuel_use_growth_constraint,2,2040.0,-1.5906608547562044,0.0,1.5906608547562044,False,0.0001,0.0,1e-10,-2.621232103557953,0.01947669936230359,0.028986310201387578,0.6719275142984994,0.0,True,Successive iterates of the objective function are closer than ftol_rel or ftol_abs. GEMSEO stopped the driver.,0.0,22,0.47511474247811825,False,20,0.0,-26212321035.57953,,,2.411714024837406,,,,,,,,rate,959099971829.7175,154900000000.0,385440767999.98303,0.0,0.0,0.0,0.0,0.0,0.0,
opt_pess_3_4,pess,Low efficiency,9.9,0.91,3.4,min_surplus_loss,G5,biofuel_use_growth_constraint,3,2045.0,-6.7538222431637145,0.0,6.7538222431637145,False,0.0001,0.0,1e-10,-2.621232103557953,0.01947669936230359,0.028986310201387578,0.6719275142984994,0.0,True,Successive iterates of the objective function are closer than ftol_rel or ftol_abs. GEMSEO stopped the driver.,0.0,22,0.47511474247811825,False,20,0.0,-26212321035.57953,,,3.005434456537094,,,,,,,,rate,1773424447837.7126,154900000000.0,712699511251.653,0.0,0.0,0.0,0.0,0.0,0.0,
opt_pess_3_4,pess,Low efficiency,9.9,0.91,3.4,min_surplus_loss,G5,biofuel_use_growth_constraint,4,2050.0,-6.8937378882042815,0.0,6.8937378882042815,False,0.0001,0.0,1e-10,-2.621232103557953,0.01947669936230359,0.028986310201387578,0.6719275142984994,0.0,True,Successive iterates of the objective function are closer than ftol_rel or ftol_abs. GEMSEO stopped the driver.,0.0,22,0.47511474247811825,False,20,0.0,-26212321035.57953,,,3.7453181345368614,,,,,,,,rate,1809690796462.588,154900000000.0,727274143382.9203,0.0,0.0,0.0,0.0,0.0,0.0,
opt_pess_3_4,pess,Low efficiency,9.9,0.91,3.4,min_surplus_loss,G6,electrofuel_use_growth_constraint,0,2030.0,-0.9999998749244041,0.0,0.9999998749244041,False,0.0001,0.0,1e-10,-2.621232103557953,0.01947669936230359,0.028986310201387578,0.6719275142984994,0.0,True,Successive iterates of the objective function are closer than ftol_rel or ftol_abs. GEMSEO stopped the driver.,0.0,22,0.47511474247811825,False,20,0.0,-26212321035.57953,,,1.552969421732896,,,,,,,,volume,0.0,154900000000.0,0.0,0.0,0.0,0.0,0.0,0.0,0.0,
opt_pess_3_4,pess,Low efficiency,9.9,0.91,3.4,min_surplus_loss,G6,electrofuel_use_growth_constraint,1,2035.0,-0.9999998714248466,0.0,0.9999998714248466,False,0.0001,0.0,1e-10,-2.621232103557953,0.01947669936230359,0.028986310201387578,0.6719275142984994,0.0,True,Successive iterates of the objective function are closer than ftol_rel or ftol_abs. GEMSEO stopped the driver.,0.0,22,0.47511474247811825,False,20,0.0,-26212321035.57953,,,1.9352824430911528,,,,,,,,volume,48209.2290311143,154900000000.0,19374.2079118097,0.0,0.0,0.0,0.0,0.0,0.0,
opt_pess_3_4,pess,Low efficiency,9.9,0.91,3.4,min_surplus_loss,G6,electrofuel_use_growth_constraint,2,2040.0,-0.9999998698457897,0.0,0.9999998698457897,False,0.0001,0.0,1e-10,-2.621232103557953,0.01947669936230359,0.028986310201387578,0.6719275142984994,0.0,True,Successive iterates of the objective function are closer than ftol_rel or ftol_abs. GEMSEO stopped the driver.,0.0,22,0.47511474247811825,False,20,0.0,-26212321035.57953,,,2.411714024837406,,,,,,,,volume,49558.36282278263,154900000000.0,19916.394524330728,0.0,0.0,0.0,0.0,0.0,0.0,
opt_pess_3_4,pess,Low efficiency,9.9,0.91,3.4,min_surplus_loss,G6,electrofuel_use_growth_constraint,3,2045.0,-0.02897406724346518,0.0,0.02897406724346518,False,0.0001,0.0,1e-10,-2.621232103557953,0.01947669936230359,0.028986310201387578,0.6719275142984994,0.0,True,Successive iterates of the objective function are closer than ftol_rel or ftol_abs. GEMSEO stopped the driver.,0.0,22,0.47511474247811825,False,20,0.0,-26212321035.57953,,,3.005434456537094,,,,,,,,volume,50170.20297764502,154900000000.0,20162.279360229004,0.0,0.0,0.0,0.0,0.0,0.0,
opt_pess_3_4,pess,Low efficiency,9.9,0.91,3.4,min_surplus_loss,G6,electrofuel_use_growth_constraint,4,2050.0,-0.0006351078461682374,0.0,0.0006351078461682374,False,0.0001,0.0,1e-10,-2.621232103557953,0.01947669936230359,0.028986310201387578,0.6719275142984994,0.0,True,Successive iterates of the objective function are closer than ftol_rel or ftol_abs. GEMSEO stopped the driver.,0.0,22,0.47511474247811825,False,20,0.0,-26212321035.57953,,,3.7453181345368614,,,,,,,,rate,374520416430.4783,154900000000.0,150511355625.6745,0.0,0.0,0.0,0.0,0.0,0.0,
opt_pess_3_6,pess,Low efficiency,9.9,0.91,3.6,min_surplus_loss,G1,aviation_carbon_budget_constraint,0,,1.2252754084576036e-07,0.0,1.2252754084576036e-07,True,0.0001,52.81068060740057,1e-10,-6.510732007785495,2.604628232417064e-16,3.83035475810651e-16,0.6799966052503791,0.0,True,Successive iterates of the objective function are closer than ftol_rel or ftol_abs. GEMSEO stopped the driver.,0.0,29,0.6354411385589511,False,27,528106806074.0057,-65107320077.85495,3.7167384417222635,142.08877335723722,,,,,,,,,,,,,,,,,,,
opt_pess_3_6,pess,Low efficiency,9.9,0.91,3.6,min_surplus_loss,G2,blend_completeness_constraint,0,2030.0,-0.9408398248195533,0.0,0.9408398248195533,False,0.0001,0.0,1e-10,-6.510732007785495,2.604628232417064e-16,3.83035475810651e-16,0.6799966052503791,0.0,True,Successive iterates of the objective function are closer than ftol_rel or ftol_abs. GEMSEO stopped the driver.,0.0,29,0.6354411385589511,False,27,0.0,-65107320077.85495,,,1.552969421732896,,,,,,,,,,,,,,,,,,
opt_pess_3_6,pess,Low efficiency,9.9,0.91,3.6,min_surplus_loss,G2,blend_completeness_constraint,1,2035.0,-0.8575602131044107,0.0,0.8575602131044107,False,0.0001,0.0,1e-10,-6.510732007785495,2.604628232417064e-16,3.83035475810651e-16,0.6799966052503791,0.0,True,Successive iterates of the objective function are closer than ftol_rel or ftol_abs. GEMSEO stopped the driver.,0.0,29,0.6354411385589511,False,27,0.0,-65107320077.85495,,,1.9352824430911528,,,,,,,,,,,,,,,,,,
opt_pess_3_6,pess,Low efficiency,9.9,0.91,3.6,min_surplus_loss,G2,blend_completeness_constraint,2,2040.0,-0.646494045217074,0.0,0.646494045217074,False,0.0001,0.0,1e-10,-6.510732007785495,2.604628232417064e-16,3.83035475810651e-16,0.6799966052503791,0.0,True,Successive iterates of the objective function are closer than ftol_rel or ftol_abs. GEMSEO stopped the driver.,0.0,29,0.6354411385589511,False,27,0.0,-65107320077.85495,,,2.411714024837406,,,,,,,,,,,,,,,,,,
opt_pess_3_6,pess,Low efficiency,9.9,0.91,3.6,min_surplus_loss,G2,blend_completeness_constraint,3,2045.0,-0.6579920048620406,0.0,0.6579920048620406,False,0.0001,0.0,1e-10,-6.510732007785495,2.604628232417064e-16,3.83035475810651e-16,0.6799966052503791,0.0,True,Successive iterates of the objective function are closer than ftol_rel or ftol_abs. GEMSEO stopped the driver.,0.0,29,0.6354411385589511,False,27,0.0,-65107320077.85495,,,3.005434456537094,,,,,,,,,,,,,,,,,,
opt_pess_3_6,pess,Low efficiency,9.9,0.91,3.6,min_surplus_loss,G2,blend_completeness_constraint,4,2050.0,-0.6354416341545075,0.0,0.6354416341545075,False,0.0001,0.0,1e-10,-6.510732007785495,2.604628232417064e-16,3.83035475810651e-16,0.6799966052503791,0.0,True,Successive iterates of the objective function are closer than ftol_rel or ftol_abs. GEMSEO stopped the driver.,0.0,29,0.6354411385589511,False,27,0.0,-65107320077.85495,,,3.7453181345368614,,,,,,,,,,,,,,,,,,
opt_pess_3_6,pess,Low efficiency,9.9,0.91,3.6,min_surplus_loss,G3,biomass_trajectory_constraint,0,2030.0,-0.7809259358228076,0.0,0.7809259358228076,False,0.0001,0.0,1e-10,-6.510732007785495,2.604628232417064e-16,3.83035475810651e-16,0.6799966052503791,0.0,True,Successive iterates of the objective function are closer than ftol_rel or ftol_abs. GEMSEO stopped the driver.,0.0,29,0.6354411385589511,False,27,0.0,-65107320077.85495,,,1.552969421732896,,1105660710000.0002,1.1056607100000002,0.0,0.0,0.0,0.0,,,,,,,,,,,
opt_pess_3_6,pess,Low efficiency,9.9,0.91,3.6,min_surplus_loss,G3,biomass_trajectory_constraint,1,2035.0,-0.5373326302566143,0.0,0.5373326302566143,False,0.0001,0.0,1e-10,-6.510732007785495,2.604628232417064e-16,3.83035475810651e-16,0.6799966052503791,0.0,True,Successive iterates of the objective function are closer than ftol_rel or ftol_abs. GEMSEO stopped the driver.,0.0,29,0.6354411385589511,False,27,0.0,-65107320077.85495,,,1.9352824430911528,,1302716745000.0002,1.3027167450000003,0.0,0.0,0.0,0.0,,,,,,,,,,,
opt_pess_3_6,pess,Low efficiency,9.9,0.91,3.6,min_surplus_loss,G3,biomass_trajectory_constraint,2,2040.0,9.36495325731812e-14,0.0,9.36495325731812e-14,True,0.0001,0.7197382996125249,1e-10,-6.510732007785495,2.604628232417064e-16,3.83035475810651e-16,0.6799966052503791,0.0,True,Successive iterates of the objective function are closer than ftol_rel or ftol_abs. GEMSEO stopped the driver.,0.0,29,0.6354411385589511,False,27,7197382996.125249,-65107320077.85495,,,2.411714024837406,,1499772780000.0,1.49977278,4.79898228058603,4798982280.586029,11.573772871035526,11573772871.035524,,,,,,,,,,,
opt_pess_3_6,pess,Low efficiency,9.9,0.91,3.6,min_surplus_loss,G3,biomass_trajectory_constraint,3,2045.0,-7.389644451905042e-15,0.0,7.389644451905042e-15,True,0.0001,1.452308623373877,1e-10,-6.510732007785495,2.604628232417064e-16,3.83035475810651e-16,0.6799966052503791,0.0,True,Successive iterates of the objective function are closer than ftol_rel or ftol_abs. GEMSEO stopped the driver.,0.0,29,0.6354411385589511,False,27,14523086233.738768,-65107320077.85495,,,3.005434456537094,,1530442980000.0,1.53044298,9.489465745230683,9489465745.230684,28.51996732484475,28519967324.844753,,,,,,,,,,,
opt_pess_3_6,pess,Low efficiency,9.9,0.91,3.6,min_surplus_loss,G3,biomass_trajectory_constraint,4,2050.0,3.370588814277653e-08,0.0,3.370588814277653e-08,True,0.0001,1.1079604047828928,1e-10,-6.510732007785495,2.604628232417064e-16,3.83035475810651e-16,0.6799966052503791,0.0,True,Successive iterates of the objective function are closer than ftol_rel or ftol_abs. GEMSEO stopped the driver.,0.0,29,0.6354411385589511,False,27,11079604047.828928,-65107320077.85495,,,3.7453181345368614,,1561113180000.0,1.56111318,7.0972458562094305,7097245856.209431,26.581443610527774,26581443610.527775,,,,,,,,,,,
opt_pess_3_6,pess,Low efficiency,9.9,0.91,3.6,min_surplus_loss,G4,electricity_trajectory_constraint,0,2030.0,-0.9999999581674959,0.0,0.9999999581674959,False,0.0001,0.0,1e-10,-6.510732007785495,2.604628232417064e-16,3.83035475810651e-16,0.6799966052503791,0.0,True,Successive iterates of the objective function are closer than ftol_rel or ftol_abs. GEMSEO stopped the driver.,0.0,29,0.6354411385589511,False,27,0.0,-65107320077.85495,,,1.552969421732896,,1065287574000.0001,1.065287574,0.0,0.0,0.0,0.0,,,,,,,,,,,
opt_pess_3_6,pess,Low efficiency,9.9,0.91,3.6,min_surplus_loss,G4,electricity_trajectory_constraint,1,2035.0,-0.9999999660532862,0.0,0.9999999660532862,False,0.0001,0.0,1e-10,-6.510732007785495,2.604628232417064e-16,3.83035475810651e-16,0.6799966052503791,0.0,True,Successive iterates of the objective function are closer than ftol_rel or ftol_abs. GEMSEO stopped the driver.,0.0,29,0.6354411385589511,False,27,0.0,-65107320077.85495,,,1.9352824430911528,,1356710238000.0002,1.3567102380000002,0.0,0.0,0.0,0.0,,,,,,,,,,,
opt_pess_3_6,pess,Low efficiency,9.9,0.91,3.6,min_surplus_loss,G4,electricity_trajectory_constraint,2,2040.0,-0.9999999719822165,0.0,0.9999999719822165,False,0.0001,0.0,1e-10,-6.510732007785495,2.604628232417064e-16,3.83035475810651e-16,0.6799966052503791,0.0,True,Successive iterates of the objective function are closer than ftol_rel or ftol_abs. GEMSEO stopped the driver.,0.0,29,0.6354411385589511,False,27,0.0,-65107320077.85495,,,2.411714024837406,,1648132902000.0002,1.6481329020000002,0.0,0.0,0.0,0.0,,,,,,,,,,,
opt_pess_3_6,pess,Low efficiency,9.9,0.91,3.6,min_surplus_loss,G4,electricity_trajectory_constraint,3,2045.0,-0.9999999743014736,0.0,0.9999999743014736,False,0.0001,0.0,1e-10,-6.510732007785495,2.604628232417064e-16,3.83035475810651e-16,0.6799966052503791,0.0,True,Successive iterates of the objective function are closer than ftol_rel or ftol_abs. GEMSEO stopped the driver.,0.0,29,0.6354411385589511,False,27,0.0,-65107320077.85495,,,3.005434456537094,,1895265009000.0002,1.8952650090000003,0.0,0.0,0.0,0.0,,,,,,,,,,,
opt_pess_3_6,pess,Low efficiency,9.9,0.91,3.6,min_surplus_loss,G4,electricity_trajectory_constraint,4,2050.0,-0.919399918764138,0.0,0.919399918764138,False,0.0001,0.0,1e-10,-6.510732007785495,2.604628232417064e-16,3.83035475810651e-16,0.6799966052503791,0.0,True,Successive iterates of the objective function are closer than ftol_rel or ftol_abs. GEMSEO stopped the driver.,0.0,29,0.6354411385589511,False,27,0.0,-65107320077.85495,,,3.7453181345368614,,2142397116000.0002,2.142397116,0.0,0.0,0.0,0.0,,,,,,,,,,,
opt_pess_3_6,pess,Low efficiency,9.9,0.91,3.6,min_surplus_loss,G5,biofuel_use_growth_constraint,0,2030.0,-0.25690828653482506,0.0,0.25690828653482506,False,0.0001,0.0,1e-10,-6.510732007785495,2.604628232417064e-16,3.83035475810651e-16,0.6799966052503791,0.0,True,Successive iterates of the objective function are closer than ftol_rel or ftol_abs. GEMSEO stopped the driver.,0.0,29,0.6354411385589511,False,27,0.0,-65107320077.85495,,,1.552969421732896,,,,,,,,volume,91969067110.31766,154900000000.0,36960305390.91342,0.0,0.0,0.0,0.0,0.0,0.0,
opt_pess_3_6,pess,Low efficiency,9.9,0.91,3.6,min_surplus_loss,G5,biofuel_use_growth_constraint,1,2035.0,-8.752653000045392e-07,0.0,8.752653000045392e-07,True,0.0001,0.06981962476157069,1e-10,-6.510732007785495,2.604628232417064e-16,3.83035475810651e-16,0.6799966052503791,0.0,True,Successive iterates of the objective function are closer than ftol_rel or ftol_abs. GEMSEO stopped the driver.,0.0,29,0.6354411385589511,False,27,698196247.6157069,-65107320077.85495,,,1.9352824430911528,,,,,,,,rate,286417949158.7184,154900000000.0,115104949989.8399,4.507399920049754,0.0,5379167671.411757,8.723091929262756,0.0,10410208752.926693,
opt_pess_3_6,pess,Low efficiency,9.9,0.91,3.6,min_surplus_loss,G5,biofuel_use_growth_constraint,2,2040.0,3.919704604816868e-06,0.0,3.919704604816868e-06,True,0.0001,0.01976478450736433,1e-10,-6.510732007785495,2.604628232417064e-16,3.83035475810651e-16,0.6799966052503791,0.0,True,Successive iterates of the objective function are closer than ftol_rel or ftol_abs. GEMSEO stopped the driver.,0.0,29,0.6354411385589511,False,27,197647845.0736433,-65107320077.85495,,,2.411714024837406,,,,,,,,rate,712699511250.6188,154900000000.0,286417949158.7171,1.2759705944069935,0.0,3789098412.516775,3.0772761778114672,0.0,9138221782.955856,
opt_pess_3_6,pess,Low efficiency,9.9,0.91,3.6,min_surplus_loss,G5,biofuel_use_growth_constraint,3,2045.0,-6.75371403777794,0.0,6.75371403777794,False,0.0001,0.0,1e-10,-6.510732007785495,2.604628232417064e-16,3.83035475810651e-16,0.6799966052503791,0.0,True,Successive iterates of the objective function are closer than ftol_rel or ftol_abs. GEMSEO stopped the driver.,0.0,29,0.6354411385589511,False,27,0.0,-65107320077.85495,,,3.005434456537094,,,,,,,,rate,1773424447835.1975,154900000000.0,712699511250.6422,0.0,0.0,0.0,0.0,0.0,0.0,
opt_pess_3_6,pess,Low efficiency,9.9,0.91,3.6,min_surplus_loss,G5,biofuel_use_growth_constraint,4,2050.0,-6.893750780790597,0.0,6.893750780790597,False,0.0001,0.0,1e-10,-6.510732007785495,2.604628232417064e-16,3.83035475810651e-16,0.6799966052503791,0.0,True,Successive iterates of the objective function are closer than ftol_rel or ftol_abs. GEMSEO stopped the driver.,0.0,29,0.6354411385589511,False,27,0.0,-65107320077.85495,,,3.7453181345368614,,,,,,,,rate,1809690796464.0789,154900000000.0,727274143383.5195,0.0,0.0,0.0,0.0,0.0,0.0,
opt_pess_3_6,pess,Low efficiency,9.9,0.91,3.6,min_surplus_loss,G6,electrofuel_use_growth_constraint,0,2030.0,-0.9999998743932321,0.0,0.9999998743932321,False,0.0001,0.0,1e-10,-6.510732007785495,2.604628232417064e-16,3.83035475810651e-16,0.6799966052503791,0.0,True,Successive iterates of the objective function are closer than ftol_rel or ftol_abs. GEMSEO stopped the driver.,0.0,29,0.6354411385589511,False,27,0.0,-65107320077.85495,,,1.552969421732896,,,,,,,,volume,0.0,154900000000.0,0.0,0.0,0.0,0.0,0.0,0.0,0.0,
opt_pess_3_6,pess,Low efficiency,9.9,0.91,3.6,min_surplus_loss,G6,electrofuel_use_growth_constraint,1,2035.0,-0.9999998701873074,0.0,0.9999998701873074,False,0.0001,0.0,1e-10,-6.510732007785495,2.604628232417064e-16,3.83035475810651e-16,0.6799966052503791,0.0,True,Successive iterates of the objective function are closer than ftol_rel or ftol_abs. GEMSEO stopped the driver.,0.0,29,0.6354411385589511,False,27,0.0,-65107320077.85495,,,1.9352824430911528,,,,,,,,volume,48413.96884741589,154900000000.0,19456.48825208008,0.0,0.0,0.0,0.0,0.0,0.0,
opt_pess_3_6,pess,Low efficiency,9.9,0.91,3.6,min_surplus_loss,G6,electrofuel_use_growth_constraint,2,2040.0,-0.9999998698457597,0.0,0.9999998698457597,False,0.0001,0.0,1e-10,-6.510732007785495,2.604628232417064e-16,3.83035475810651e-16,0.6799966052503791,0.0,True,Successive iterates of the objective function are closer than ftol_rel or ftol_abs. GEMSEO stopped the driver.,0.0,29,0.6354411385589511,False,27,0.0,-65107320077.85495,,,2.411714024837406,,,,,,,,volume,50035.10275403068,154900000000.0,20107.985610383992,0.0,0.0,0.0,0.0,0.0,0.0,
opt_pess_3_6,pess,Low efficiency,9.9,0.91,3.6,min_surplus_loss,G6,electrofuel_use_growth_constraint,3,2045.0,-0.9999998627189842,0.0,0.9999998627189842,False,0.0001,0.0,1e-10,-6.510732007785495,2.604628232417064e-16,3.83035475810651e-16,0.6799966052503791,0.0,True,Successive iterates of the objective function are closer than ftol_rel or ftol_abs. GEMSEO stopped the driver.,0.0,29,0.6354411385589511,False,27,0.0,-65107320077.85495,,,3.005434456537094,,,,,,,,volume,50166.7503477011,154900000000.0,20160.89182569007,0.0,0.0,0.0,0.0,0.0,0.0,
opt_pess_3_6,pess,Low efficiency,9.9,0.91,3.6,min_surplus_loss,G6,electrofuel_use_growth_constraint,4,2050.0,-0.5132927989992687,0.0,0.5132927989992687,False,0.0001,0.0,1e-10,-6.510732007785495,2.604628232417064e-16,3.83035475810651e-16,0.6799966052503791,0.0,True,Successive iterates of the objective function are closer than ftol_rel or ftol_abs. GEMSEO stopped the driver.,0.0,29,0.6354411385589511,False,27,0.0,-65107320077.85495,,,3.7453181345368614,,,,,,,,volume,52913.700121185,154900000000.0,21264.829331108947,0.0,0.0,0.0,0.0,0.0,0.0,
opt_pess_3_8,pess,Low efficiency,9.9,0.91,3.8,min_surplus_loss,G1,aviation_carbon_budget_constraint,0,,8.170835729622684e-13,0.0,8.170835729622684e-13,True,0.0001,55.974455436257024,1e-10,-9.707847899185928,6.189244428350049e-16,8.965344327194254e-16,0.6903521161564802,0.0,True,Successive iterates of the objective function are closer than ftol_rel or ftol_abs. GEMSEO stopped the driver.,0.0,32,0.657992004858572,False,31,559744554362.5702,-97078478991.85928,3.964327277934319,141.19534415792097,,,,,,,,,,,,,,,,,,,
opt_pess_3_8,pess,Low efficiency,9.9,0.91,3.8,min_surplus_loss,G2,blend_completeness_constraint,0,2030.0,-0.97999999,0.0,0.97999999,False,0.0001,0.0,1e-10,-9.707847899185928,6.189244428350049e-16,8.965344327194254e-16,0.6903521161564802,0.0,True,Successive iterates of the objective function are closer than ftol_rel or ftol_abs. GEMSEO stopped the driver.,0.0,32,0.657992004858572,False,31,0.0,-97078478991.85928,,,1.552969421732896,,,,,,,,,,,,,,,,,,
opt_pess_3_8,pess,Low efficiency,9.9,0.91,3.8,min_surplus_loss,G2,blend_completeness_constraint,1,2035.0,-0.9239320900858796,0.0,0.9239320900858796,False,0.0001,0.0,1e-10,-9.707847899185928,6.189244428350049e-16,8.965344327194254e-16,0.6903521161564802,0.0,True,Successive iterates of the objective function are closer than ftol_rel or ftol_abs. GEMSEO stopped the driver.,0.0,32,0.657992004858572,False,31,0.0,-97078478991.85928,,,1.9352824430911528,,,,,,,,,,,,,,,,,,
opt_pess_3_8,pess,Low efficiency,9.9,0.91,3.8,min_surplus_loss,G2,blend_completeness_constraint,2,2040.0,-0.8142303636016313,0.0,0.8142303636016313,False,0.0001,0.0,1e-10,-9.707847899185928,6.189244428350049e-16,8.965344327194254e-16,0.6903521161564802,0.0,True,Successive iterates of the objective function are closer than ftol_rel or ftol_abs. GEMSEO stopped the driver.,0.0,32,0.657992004858572,False,31,0.0,-97078478991.85928,,,2.411714024837406,,,,,,,,,,,,,,,,,,
opt_pess_3_8,pess,Low efficiency,9.9,0.91,3.8,min_surplus_loss,G2,blend_completeness_constraint,3,2045.0,-0.6579920048579436,0.0,0.6579920048579436,False,0.0001,0.0,1e-10,-9.707847899185928,6.189244428350049e-16,8.965344327194254e-16,0.6903521161564802,0.0,True,Successive iterates of the objective function are closer than ftol_rel or ftol_abs. GEMSEO stopped the driver.,0.0,32,0.657992004858572,False,31,0.0,-97078478991.85928,,,3.005434456537094,,,,,,,,,,,,,,,,,,
opt_pess_3_8,pess,Low efficiency,9.9,0.91,3.8,min_surplus_loss,G2,blend_completeness_constraint,4,2050.0,-0.6670903907115908,0.0,0.6670903907115908,False,0.0001,0.0,1e-10,-9.707847899185928,6.189244428350049e-16,8.965344327194254e-16,0.6903521161564802,0.0,True,Successive iterates of the objective function are closer than ftol_rel or ftol_abs. GEMSEO stopped the driver.,0.0,32,0.657992004858572,False,31,0.0,-97078478991.85928,,,3.7453181345368614,,,,,,,,,,,,,,,,,,
opt_pess_3_8,pess,Low efficiency,9.9,0.91,3.8,min_surplus_loss,G3,biomass_trajectory_constraint,0,2030.0,-0.9253404738716778,0.0,0.9253404738716778,False,0.0001,0.0,1e-10,-9.707847899185928,6.189244428350049e-16,8.965344327194254e-16,0.6903521161564802,0.0,True,Successive iterates of the objective function are closer than ftol_rel or ftol_abs. GEMSEO stopped the driver.,0.0,32,0.657992004858572,False,31,0.0,-97078478991.85928,,,1.552969421732896,,1105660710000.0002,1.1056607100000002,0.0,0.0,0.0,0.0,,,,,,,,,,,
opt_pess_3_8,pess,Low efficiency,9.9,0.91,3.8,min_surplus_loss,G3,biomass_trajectory_constraint,1,2035.0,-0.7497809168809898,0.0,0.7497809168809898,False,0.0001,0.0,1e-10,-9.707847899185928,6.189244428350049e-16,8.965344327194254e-16,0.6903521161564802,0.0,True,Successive iterates of the objective function are closer than ftol_rel or ftol_abs. GEMSEO stopped the driver.,0.0,32,0.657992004858572,False,31,0.0,-97078478991.85928,,,1.9352824430911528,,1302716745000.0002,1.3027167450000003,0.0,0.0,0.0,0.0,,,,,,,,,,,
opt_pess_3_8,pess,Low efficiency,9.9,0.91,3.8,min_surplus_loss,G3,biomass_trajectory_constraint,2,2040.0,-0.4591819386559786,0.0,0.4591819386559786,False,0.0001,0.0,1e-10,-9.707847899185928,6.189244428350049e-16,8.965344327194254e-16,0.6903521161564802,0.0,True,Successive iterates of the objective function are closer than ftol_rel or ftol_abs. GEMSEO stopped the driver.,0.0,32,0.657992004858572,False,31,0.0,-97078478991.85928,,,2.411714024837406,,1499772780000.0,1.49977278,0.0,0.0,0.0,0.0,,,,,,,,,,,
opt_pess_3_8,pess,Low efficiency,9.9,0.91,3.8,min_surplus_loss,G3,biomass_trajectory_constraint,3,2045.0,1.7368506632919889e-12,0.0,1.7368506632919889e-12,True,0.0001,1.4515270577447503,1e-10,-9.707847899185928,6.189244428350049e-16,8.965344327194254e-16,0.6903521161564802,0.0,True,Successive iterates of the objective function are closer than ftol_rel or ftol_abs. GEMSEO stopped the driver.,0.0,32,0.657992004858572,False,31,14515270577.447502,-97078478991.85928,,,3.005434456537094,,1530442980000.0,1.53044298,9.484358951711812,9484358951.711811,28.504619191640714,28504619191.64071,,,,,,,,,,,
opt_pess_3_8,pess,Low efficiency,9.9,0.91,3.8,min_surplus_loss,G3,biomass_trajectory_constraint,4,2050.0,2.137808650104489e-09,0.0,2.137808650104489e-09,True,0.0001,1.0980444438066996,1e-10,-9.707847899185928,6.189244428350049e-16,8.965344327194254e-16,0.6903521161564802,0.0,True,Successive iterates of the objective function are closer than ftol_rel or ftol_abs. GEMSEO stopped the driver.,0.0,32,0.657992004858572,False,31,10980444438.066996,-97078478991.85928,,,3.7453181345368614,,1561113180000.0,1.56111318,7.033727329153031,7033727329.153031,26.34354651926437,26343546519.26437,,,,,,,,,,,
opt_pess_3_8,pess,Low efficiency,9.9,0.91,3.8,min_surplus_loss,G4,electricity_trajectory_constraint,0,2030.0,-0.9999999578296206,0.0,0.9999999578296206,False,0.0001,0.0,1e-10,-9.707847899185928,6.189244428350049e-16,8.965344327194254e-16,0.6903521161564802,0.0,True,Successive iterates of the objective function are closer than ftol_rel or ftol_abs. GEMSEO stopped the driver.,0.0,32,0.657992004858572,False,31,0.0,-97078478991.85928,,,1.552969421732896,,1065287574000.0001,1.065287574,0.0,0.0,0.0,0.0,,,,,,,,,,,
opt_pess_3_8,pess,Low efficiency,9.9,0.91,3.8,min_surplus_loss,G4,electricity_trajectory_constraint,1,2035.0,-0.999999965622115,0.0,0.999999965622115,False,0.0001,0.0,1e-10,-9.707847899185928,6.189244428350049e-16,8.965344327194254e-16,0.6903521161564802,0.0,True,Successive iterates of the objective function are closer than ftol_rel or ftol_abs. GEMSEO stopped the driver.,0.0,32,0.657992004858572,False,31,0.0,-97078478991.85928,,,1.9352824430911528,,1356710238000.0002,1.3567102380000002,0.0,0.0,0.0,0.0,,,,,,,,,,,
opt_pess_3_8,pess,Low efficiency,9.9,0.91,3.8,min_surplus_loss,G4,electricity_trajectory_constraint,2,2040.0,-0.9999999711658617,0.0,0.9999999711658617,False,0.0001,0.0,1e-10,-9.707847899185928,6.189244428350049e-16,8.965344327194254e-16,0.6903521161564802,0.0,True,Successive iterates of the objective function are closer than ftol_rel or ftol_abs. GEMSEO stopped the driver.,0.0,32,0.657992004858572,False,31,0.0,-97078478991.85928,,,2.411714024837406,,1648132902000.0002,1.6481329020000002,0.0,0.0,0.0,0.0,,,,,,,,,,,
opt_pess_3_8,pess,Low efficiency,9.9,0.91,3.8,min_surplus_loss,G4,electricity_trajectory_constraint,3,2045.0,-0.9999999743014736,0.0,0.9999999743014736,False,0.0001,0.0,1e-10,-9.707847899185928,6.189244428350049e-16,8.965344327194254e-16,0.6903521161564802,0.0,True,Successive iterates of the objective function are closer than ftol_rel or ftol_abs. GEMSEO stopped the driver.,0.0,32,0.657992004858572,False,31,0.0,-97078478991.85928,,,3.005434456537094,,1895265009000.0002,1.8952650090000003,0.0,0.0,0.0,0.0,,,,,,,,,,,
opt_pess_3_8,pess,Low efficiency,9.9,0.91,3.8,min_surplus_loss,G4,electricity_trajectory_constraint,4,2050.0,-0.9865749415823396,0.0,0.9865749415823396,False,0.0001,0.0,1e-10,-9.707847899185928,6.189244428350049e-16,8.965344327194254e-16,0.6903521161564802,0.0,True,Successive iterates of the objective function are closer than ftol_rel or ftol_abs. GEMSEO stopped the driver.,0.0,32,0.657992004858572,False,31,0.0,-97078478991.85928,,,3.7453181345368614,,2142397116000.0002,2.142397116,0.0,0.0,0.0,0.0,,,,,,,,,,,
opt_pess_3_8,pess,Low efficiency,9.9,0.91,3.8,min_surplus_loss,G5,biofuel_use_growth_constraint,0,2030.0,-0.7467574475067605,0.0,0.7467574475067605,False,0.0001,0.0,1e-10,-9.707847899185928,6.189244428350049e-16,8.965344327194254e-16,0.6903521161564802,0.0,True,Successive iterates of the objective function are closer than ftol_rel or ftol_abs. GEMSEO stopped the driver.,0.0,32,0.657992004858572,False,31,0.0,-97078478991.85928,,,1.552969421732896,,,,,,,,volume,91969067110.31766,154900000000.0,36960305390.91342,0.0,0.0,0.0,0.0,0.0,0.0,
opt_pess_3_8,pess,Low efficiency,9.9,0.91,3.8,min_surplus_loss,G5,biofuel_use_growth_constraint,1,2035.0,-1.146231565727889e-12,0.0,1.146231565727889e-12,True,0.0001,0.47056886675212617,1e-10,-9.707847899185928,6.189244428350049e-16,8.965344327194254e-16,0.6903521161564802,0.0,True,Successive iterates of the objective function are closer than ftol_rel or ftol_abs. GEMSEO stopped the driver.,0.0,32,0.657992004858572,False,31,4705688667.521261,-97078478991.85928,,,1.9352824430911528,,,,,,,,volume,97610003923.27452,154900000000.0,39227271381.2028,30.378881004010726,151894405020.0536,0.0,58.79171504781729,293958575239.08636,0.0,
opt_pess_3_8,pess,Low efficiency,9.9,0.91,3.8,min_surplus_loss,G5,biofuel_use_growth_constraint,2,2040.0,1.0559988298902519e-12,0.0,1.0559988298902519e-12,True,0.0001,0.1791803803466379,1e-10,-9.707847899185928,6.189244428350049e-16,8.965344327194254e-16,0.6903521161564802,0.0,True,Successive iterates of the objective function are closer than ftol_rel or ftol_abs. GEMSEO stopped the driver.,0.0,32,0.657992004858572,False,31,1791803803.4663792,-97078478991.85928,,,2.411714024837406,,,,,,,,rate,385440767999.99976,154900000000.0,154899999999.99994,11.567487433611229,0.0,18577421834.33941,27.89747167577065,0.0,44803428783.197,
opt_pess_3_8,pess,Low efficiency,9.9,0.91,3.8,min_surplus_loss,G5,biofuel_use_growth_constraint,3,2045.0,-1.496616064794401,0.0,1.496616064794401,False,0.0001,0.0,1e-10,-9.707847899185928,6.189244428350049e-16,8.965344327194254e-16,0.6903521161564802,0.0,True,Successive iterates of the objective function are closer than ftol_rel or ftol_abs. GEMSEO stopped the driver.,0.0,32,0.657992004858572,False,31,0.0,-97078478991.85928,,,3.005434456537094,,,,,,,,rate,959099971829.7598,154900000000.0,385440768000.0,0.0,0.0,0.0,0.0,0.0,0.0,
opt_pess_3_8,pess,Low efficiency,9.9,0.91,3.8,min_surplus_loss,G5,biofuel_use_growth_constraint,4,2050.0,-6.893750932044035,0.0,6.893750932044035,False,0.0001,0.0,1e-10,-9.707847899185928,6.189244428350049e-16,8.965344327194254e-16,0.6903521161564802,0.0,True,Successive iterates of the objective function are closer than ftol_rel or ftol_abs. GEMSEO stopped the driver.,0.0,32,0.657992004858572,False,31,0.0,-97078478991.85928,,,3.7453181345368614,,,,,,,,rate,1809690796483.0693,154900000000.0,727274143391.1514,0.0,0.0,0.0,0.0,0.0,0.0,
opt_pess_3_8,pess,Low efficiency,9.9,0.91,3.8,min_surplus_loss,G6,electrofuel_use_growth_constraint,0,2030.0,-0.9999998733787239,0.0,0.9999998733787239,False,0.0001,0.0,1e-10,-9.707847899185928,6.189244428350049e-16,8.965344327194254e-16,0.6903521161564802,0.0,True,Successive iterates of the objective function are closer than ftol_rel or ftol_abs. GEMSEO stopped the driver.,0.0,32,0.657992004858572,False,31,0.0,-97078478991.85928,,,1.552969421732896,,,,,,,,volume,0.0,154900000000.0,0.0,0.0,0.0,0.0,0.0,0.0,0.0,
opt_pess_3_8,pess,Low efficiency,9.9,0.91,3.8,min_surplus_loss,G6,electrofuel_use_growth_constraint,1,2035.0,-0.999999868538503,0.0,0.999999868538503,False,0.0001,0.0,1e-10,-9.707847899185928,6.189244428350049e-16,8.965344327194254e-16,0.6903521161564802,0.0,True,Successive iterates of the objective function are closer than ftol_rel or ftol_abs. GEMSEO stopped the driver.,0.0,32,0.657992004858572,False,31,0.0,-97078478991.85928,,,1.9352824430911528,,,,,,,,volume,48805.00196163727,154900000000.0,19613.6356906014,0.0,0.0,0.0,0.0,0.0,0.0,
opt_pess_3_8,pess,Low efficiency,9.9,0.91,3.8,min_surplus_loss,G6,electrofuel_use_growth_constraint,2,2040.0,-0.999999866053453,0.0,0.999999866053453,False,0.0001,0.0,1e-10,-9.707847899185928,6.189244428350049e-16,8.965344327194254e-16,0.6903521161564802,0.0,True,Successive iterates of the objective function are closer than ftol_rel or ftol_abs. GEMSEO stopped the driver.,0.0,32,0.657992004858572,False,31,0.0,-97078478991.85928,,,2.411714024837406,,,,,,,,volume,50670.62038732561,154900000000.0,20363.385893826206,0.0,0.0,0.0,0.0,0.0,0.0,
opt_pess_3_8,pess,Low efficiency,9.9,0.91,3.8,min_surplus_loss,G6,electrofuel_use_growth_constraint,3,2045.0,-0.9999998627189842,0.0,0.9999998627189842,False,0.0001,0.0,1e-10,-9.707847899185928,6.189244428350049e-16,8.965344327194254e-16,0.6903521161564802,0.0,True,Successive iterates of the objective function are closer than ftol_rel or ftol_abs. GEMSEO stopped the driver.,0.0,32,0.657992004858572,False,31,0.0,-97078478991.85928,,,3.005434456537094,,,,,,,,volume,51628.459959989785,154900000000.0,20748.32013566977,0.0,0.0,0.0,0.0,0.0,0.0,
opt_pess_3_8,pess,Low efficiency,9.9,0.91,3.8,min_surplus_loss,G6,electrofuel_use_growth_constraint,4,2050.0,-0.9189321833719589,0.0,0.9189321833719589,False,0.0001,0.0,1e-10,-9.707847899185928,6.189244428350049e-16,8.965344327194254e-16,0.6903521161564802,0.0,True,Successive iterates of the objective function are closer than ftol_rel or ftol_abs. GEMSEO stopped the driver.,0.0,32,0.657992004858572,False,31,0.0,-97078478991.85928,,,3.7453181345368614,,,,,,,,volume,52913.70012120392,154900000000.0,21264.829331116547,0.0,0.0,0.0,0.0,0.0,0.0,
opt_pess_mincarb,pess,Low efficiency,9.9,0.91,,min_co2,G2,blend_completeness_constraint,0,2030.0,-0.8317522292832517,0.0,0.8317522292832517,False,0.0001,0.0,10.0,-1.014339660293825,9.627324580257784e-17,1.1534197798785051e-15,0.08346765633993093,0.0,True,Successive iterates of the objective function are closer than ftol_rel or ftol_abs. GEMSEO stopped the driver.,0.0,7,0.12323854060709835,False,6,,,,,1.552969421732896,,,,,,,,,,,,,,,,,,0.0
opt_pess_mincarb,pess,Low efficiency,9.9,0.91,,min_co2,G2,blend_completeness_constraint,1,2035.0,-0.567815831025569,0.0,0.567815831025569,False,0.0001,0.0,10.0,-1.014339660293825,9.627324580257784e-17,1.1534197798785051e-15,0.08346765633993093,0.0,True,Successive iterates of the objective function are closer than ftol_rel or ftol_abs. GEMSEO stopped the driver.,0.0,7,0.12323854060709835,False,6,,,,,1.9352824430911528,,,,,,,,,,,,,,,,,,0.0
opt_pess_mincarb,pess,Low efficiency,9.9,0.91,,min_co2,G2,blend_completeness_constraint,2,2040.0,-0.14653585587456378,0.0,0.14653585587456378,False,0.0001,0.0,10.0,-1.014339660293825,9.627324580257784e-17,1.1534197798785051e-15,0.08346765633993093,0.0,True,Successive iterates of the objective function are closer than ftol_rel or ftol_abs. GEMSEO stopped the driver.,0.0,7,0.12323854060709835,False,6,,,,,2.411714024837406,,,,,,,,,,,,,,,,,,0.0
opt_pess_mincarb,pess,Low efficiency,9.9,0.91,,min_co2,G2,blend_completeness_constraint,3,2045.0,-0.12323854060709806,0.0,0.12323854060709806,False,0.0001,0.0,10.0,-1.014339660293825,9.627324580257784e-17,1.1534197798785051e-15,0.08346765633993093,0.0,True,Successive iterates of the objective function are closer than ftol_rel or ftol_abs. GEMSEO stopped the driver.,0.0,7,0.12323854060709835,False,6,,,,,3.005434456537094,,,,,,,,,,,,,,,,,,0.0
opt_pess_mincarb,pess,Low efficiency,9.9,0.91,,min_co2,G2,blend_completeness_constraint,4,2050.0,-0.12562654725075675,0.0,0.12562654725075675,False,0.0001,0.0,10.0,-1.014339660293825,9.627324580257784e-17,1.1534197798785051e-15,0.08346765633993093,0.0,True,Successive iterates of the objective function are closer than ftol_rel or ftol_abs. GEMSEO stopped the driver.,0.0,7,0.12323854060709835,False,6,,,,,3.7453181345368614,,,,,,,,,,,,,,,,,,0.0
opt_pess_mincarb,pess,Low efficiency,9.9,0.91,,min_co2,G3,biomass_trajectory_constraint,0,2030.0,-0.7051856988764122,0.0,0.7051856988764122,False,0.0001,0.0,10.0,-1.014339660293825,9.627324580257784e-17,1.1534197798785051e-15,0.08346765633993093,0.0,True,Successive iterates of the objective function are closer than ftol_rel or ftol_abs. GEMSEO stopped the driver.,0.0,7,0.12323854060709835,False,6,,,,,1.552969421732896,,1105660710000.0002,1.1056607100000002,,,,,,,,,,,,,,,0.0
opt_pess_mincarb,pess,Low efficiency,9.9,0.91,,min_co2,G3,biomass_trajectory_constraint,1,2035.0,-0.37737485109123514,0.0,0.37737485109123514,False,0.0001,0.0,10.0,-1.014339660293825,9.627324580257784e-17,1.1534197798785051e-15,0.08346765633993093,0.0,True,Successive iterates of the objective function are closer than ftol_rel or ftol_abs. GEMSEO stopped the driver.,0.0,7,0.12323854060709835,False,6,,,,,1.9352824430911528,,1302716745000.0002,1.3027167450000003,,,,,,,,,,,,,,,0.0
opt_pess_mincarb,pess,Low efficiency,9.9,0.91,,min_co2,G3,biomass_trajectory_constraint,2,2040.0,2.842170943040401e-16,0.0,2.842170943040401e-16,True,0.0001,1.2188742705884845,10.0,-1.014339660293825,9.627324580257784e-17,1.1534197798785051e-15,0.08346765633993093,0.0,True,Successive iterates of the objective function are closer than ftol_rel or ftol_abs. GEMSEO stopped the driver.,0.0,7,0.12323854060709835,False,6,,,,,2.411714024837406,,1499772780000.0,1.49977278,,,,,,,,,,,,,,,0.3021338546403474
opt_pess_mincarb,pess,Low efficiency,9.9,0.91,,min_co2,G3,biomass_trajectory_constraint,3,2045.0,2.842170943040401e-16,0.0,2.842170943040401e-16,True,0.0001,1.2029311018963382,10.0,-1.014339660293825,9.627324580257784e-17,1.1534197798785051e-15,0.08346765633993093,0.0,True,Successive iterates of the objective function are closer than ftol_rel or ftol_abs. GEMSEO stopped the driver.,0.0,7,0.12323854060709835,False,6,,,,,3.005434456537094,,1530442980000.0,1.53044298,,,,,,,,,,,,,,,0.29818187113526134
opt_pess_mincarb,pess,Low efficiency,9.9,0.91,,min_co2,G3,biomass_trajectory_constraint,4,2050.0,-2.842170943040401e-16,0.0,2.842170943040401e-16,True,0.0001,0.7142066806828893,10.0,-1.014339660293825,9.627324580257784e-17,1.1534197798785051e-15,0.08346765633993093,0.0,True,Successive iterates of the objective function are closer than ftol_rel or ftol_abs. GEMSEO stopped the driver.,0.0,7,0.12323854060709835,False,6,,,,,3.7453181345368614,,1561113180000.0,1.56111318,,,,,,,,,,,,,,,0.17703714210032956
opt_pess_mincarb,pess,Low efficiency,9.9,0.91,,min_co2,G4,electricity_trajectory_constraint,0,2030.0,-0.6669566077203453,0.0,0.6669566077203453,False,0.0001,0.0,10.0,-1.014339660293825,9.627324580257784e-17,1.1534197798785051e-15,0.08346765633993093,0.0,True,Successive iterates of the objective function are closer than ftol_rel or ftol_abs. GEMSEO stopped the driver.,0.0,7,0.12323854060709835,False,6,,,,,1.552969421732896,,1065287574000.0001,1.065287574,,,,,,,,,,,,,,,0.0
opt_pess_mincarb,pess,Low efficiency,9.9,0.91,,min_co2,G4,electricity_trajectory_constraint,1,2035.0,-0.34929100425698906,0.0,0.34929100425698906,False,0.0001,0.0,10.0,-1.014339660293825,9.627324580257784e-17,1.1534197798785051e-15,0.08346765633993093,0.0,True,Successive iterates of the objective function are closer than ftol_rel or ftol_abs. GEMSEO stopped the driver.,0.0,7,0.12323854060709835,False,6,,,,,1.9352824430911528,,1356710238000.0002,1.3567102380000002,,,,,,,,,,,,,,,0.0
opt_pess_mincarb,pess,Low efficiency,9.9,0.91,,min_co2,G4,electricity_trajectory_constraint,2,2040.0,0.0,0.0,0.0,True,0.0001,1.6366641514348759,10.0,-1.014339660293825,9.627324580257784e-17,1.1534197798785051e-15,0.08346765633993093,0.0,True,Successive iterates of the objective function are closer than ftol_rel or ftol_abs. GEMSEO stopped the driver.,0.0,7,0.12323854060709835,False,6,,,,,2.411714024837406,,1648132902000.0002,1.6481329020000002,,,,,,,,,,,,,,,0.4056953705208224
opt_pess_mincarb,pess,Low efficiency,9.9,0.91,,min_co2,G4,electricity_trajectory_constraint,3,2045.0,2.842170943040401e-16,0.0,2.842170943040401e-16,True,0.0001,1.8835412714796635,10.0,-1.014339660293825,9.627324580257784e-17,1.1534197798785051e-15,0.08346765633993093,0.0,True,Successive iterates of the objective function are closer than ftol_rel or ftol_abs. GEMSEO stopped the driver.,0.0,7,0.12323854060709835,False,6,,,,,3.005434456537094,,1895265009000.0002,1.8952650090000003,,,,,,,,,,,,,,,0.46689112934640387
opt_pess_mincarb,pess,Low efficiency,9.9,0.91,,min_co2,G4,electricity_trajectory_constraint,4,2050.0,0.0,0.0,0.0,True,0.0001,1.2449772892602424,10.0,-1.014339660293825,9.627324580257784e-17,1.1534197798785051e-15,0.08346765633993093,0.0,True,Successive iterates of the objective function are closer than ftol_rel or ftol_abs. GEMSEO stopped the driver.,0.0,7,0.12323854060709835,False,6,,,,,3.7453181345368614,,2142397116000.0002,2.142397116,,,,,,,,,,,,,,,0.3086042559272984
opt_pess_mincarb,pess,Low efficiency,9.9,0.91,,min_co2,G5,biofuel_use_growth_constraint,0,2030.0,0.0,0.0,0.0,True,0.0001,0.9154871106895994,10.0,-1.014339660293825,9.627324580257784e-17,1.1534197798785051e-15,0.08346765633993093,0.0,True,Successive iterates of the objective function are closer than ftol_rel or ftol_abs. GEMSEO stopped the driver.,0.0,7,0.12323854060709835,False,6,,,,,1.552969421732896,,,,,,,,volume,91969067110.23645,154900000000.0,36960305390.88078,,,0.0,,,0.0,0.2269304195687534
opt_pess_mincarb,pess,Low efficiency,9.9,0.91,,min_co2,G5,biofuel_use_growth_constraint,1,2035.0,2.8764147232085213e-14,0.0,2.8764147232085213e-14,True,0.0001,0.2611187149874208,10.0,-1.014339660293825,9.627324580257784e-17,1.1534197798785051e-15,0.08346765633993093,0.0,True,Successive iterates of the objective function are closer than ftol_rel or ftol_abs. GEMSEO stopped the driver.,0.0,7,0.12323854060709835,False,6,,,,,1.9352824430911528,,,,,,,,rate,385440767999.99994,154900000000.0,154900000000.0,,0.0,,,0.0,,0.06472595720622888
opt_pess_mincarb,pess,Low efficiency,9.9,0.91,,min_co2,G5,biofuel_use_growth_constraint,2,2040.0,-1.5907066531770726,0.0,1.5907066531770726,False,0.0001,0.0,10.0,-1.014339660293825,9.627324580257784e-17,1.1534197798785051e-15,0.08346765633993093,0.0,True,Successive iterates of the objective function are closer than ftol_rel or ftol_abs. GEMSEO stopped the driver.,0.0,7,0.12323854060709835,False,6,,,,,2.411714024837406,,,,,,,,rate,959099971829.7596,154900000000.0,385440767999.99994,,0.0,,,0.0,,0.0
opt_pess_mincarb,pess,Low efficiency,9.9,0.91,,min_co2,G5,biofuel_use_growth_constraint,3,2045.0,-6.753714037800247,0.0,6.753714037800247,False,0.0001,0.0,10.0,-1.014339660293825,9.627324580257784e-17,1.1534197798785051e-15,0.08346765633993093,0.0,True,Successive iterates of the objective function are closer than ftol_rel or ftol_abs. GEMSEO stopped the driver.,0.0,7,0.12323854060709835,False,6,,,,,3.005434456537094,,,,,,,,rate,1773424447840.1736,154900000000.0,712699511252.642,,0.0,,,0.0,,0.0
opt_pess_mincarb,pess,Low efficiency,9.9,0.91,,min_co2,G5,biofuel_use_growth_constraint,4,2050.0,-6.8937509422211845,0.0,6.8937509422211845,False,0.0001,0.0,10.0,-1.014339660293825,9.627324580257784e-17,1.1534197798785051e-15,0.08346765633993093,0.0,True,Successive iterates of the objective function are closer than ftol_rel or ftol_abs. GEMSEO stopped the driver.,0.0,7,0.12323854060709835,False,6,,,,,3.7453181345368614,,,,,,,,rate,1809690796467.5532,154900000000.0,727274143384.9158,,0.0,,,0.0,,0.0
opt_pess_mincarb,pess,Low efficiency,9.9,0.91,,min_co2,G6,electrofuel_use_growth_constraint,0,2030.0,1.9701470706907683e-16,0.0,1.9701470706907683e-16,True,0.0001,1.0419330316803457,10.0,-1.014339660293825,9.627324580257784e-17,1.1534197798785051e-15,0.08346765633993093,0.0,True,Successive iterates of the objective function are closer than ftol_rel or ftol_abs. GEMSEO stopped the driver.,0.0,7,0.12323854060709835,False,6,,,,,1.552969421732896,,,,,,,,volume,0.0,154900000000.0,0.0,,,0.0,,,0.0,0.2582737618923533
opt_pess_mincarb,pess,Low efficiency,9.9,0.91,,min_co2,G6,electrofuel_use_growth_constraint,1,2035.0,-1.6107922449967721e-12,0.0,1.6107922449967721e-12,True,0.0001,0.31677106037117075,10.0,-1.014339660293825,9.627324580257784e-17,1.1534197798785051e-15,0.08346765633993093,0.0,True,Successive iterates of the objective function are closer than ftol_rel or ftol_abs. GEMSEO stopped the driver.,0.0,7,0.12323854060709835,False,6,,,,,1.9352824430911528,,,,,,,,rate,385440768000.0,154900000000.0,154900000000.00003,,0.0,,,0.0,,0.07852102863919148
opt_pess_mincarb,pess,Low efficiency,9.9,0.91,,min_co2,G6,electrofuel_use_growth_constraint,2,2040.0,-1.5463211153681409,0.0,1.5463211153681409,False,0.0001,0.0,10.0,-1.014339660293825,9.627324580257784e-17,1.1534197798785051e-15,0.08346765633993093,0.0,True,Successive iterates of the objective function are closer than ftol_rel or ftol_abs. GEMSEO stopped the driver.,0.0,7,0.12323854060709835,False,6,,,,,2.411714024837406,,,,,,,,rate,959099971829.7595,154900000000.0,385440767999.9999,,0.0,,,0.0,,0.0
opt_pess_mincarb,pess,Low efficiency,9.9,0.91,,min_co2,G6,electrofuel_use_growth_constraint,3,2045.0,-6.217299765901252,0.0,6.217299765901252,False,0.0001,0.0,10.0,-1.014339660293825,9.627324580257784e-17,1.1534197798785051e-15,0.08346765633993093,0.0,True,Successive iterates of the objective function are closer than ftol_rel or ftol_abs. GEMSEO stopped the driver.,0.0,7,0.12323854060709835,False,6,,,,,3.005434456537094,,,,,,,,rate,1790532443619.7698,154900000000.0,719574831058.6139,,0.0,,,0.0,,0.0
opt_pess_mincarb,pess,Low efficiency,9.9,0.91,,min_co2,G6,electrofuel_use_growth_constraint,4,2050.0,-7.254011005471717,0.0,7.254011005471717,False,0.0001,0.0,10.0,-1.014339660293825,9.627324580257784e-17,1.1534197798785051e-15,0.08346765633993093,0.0,True,Successive iterates of the objective function are closer than ftol_rel or ftol_abs. GEMSEO stopped the driver.,0.0,7,0.12323854060709835,False,6,,,,,3.7453181345368614,,,,,,,,rate,2059016893452.7456,154900000000.0,827472709881.6655,,0.0,,,0.0,,0.0
