{
    "other_float_data": {
        "short_range_energy_share_2019": 48.23360256065555,
        "medium_range_energy_share_2019": 36.76639743934445,
        "long_range_energy_share_2019": 0.0,
        "freight_energy_share_2019": 15.0,
        "short_range_rpk_share_2019": 50.795170290181005,
        "medium_range_rpk_share_2019": 49.20482970981901,
        "long_range_rpk_share_2019": 0.0,
        "commercial_aviation_coefficient": 1
    },
    "other_vector_data": {
        "years": [
            2000,
            2001,
            2002,
            2003,
            2004,
            2005,
            2006,
            2007,
            2008,
            2009,
            2010,
            2011,
            2012,
            2013,
            2014,
            2015,
            2016,
            2017,
            2018,
            2019
        ],
        "rpk_init": [
            39492780182.86859,
            38348898542.032524,
            39337150912.11606,
            40701279825.01126,
            46919039737.45765,
            50883230602.32371,
            54149104998.341125,
            58677565733.77193,
            59917529271.92305,
            59305673509.04802,
            64101187312.253006,
            68317739425.68271,
            71972231942.2342,
            75925501454.76678,
            80463583381.539,
            86496980465.30779,
            92890002079.48717,
            100327443018.60814,
            107637468180.50482,
            112927693241.19803
        ],
        "ask_init": [
            55727500442.73187,
            55541057356.46694,
            55211466544.97349,
            56933919827.28722,
            63930086125.69467,
            67896227232.04887,
            71422653890.88004,
            76398370007.58795,
            78824470418.8179,
            77340076614.15486,
            82002063883.47275,
            87579364491.21825,
            91263240646.19086,
            95525298394.34352,
            100934618201.91168,
            107799728272.31699,
            115699506460.22328,
            123135127173.95534,
            131634799643.60947,
            137048670014.6499
        ],
        "rtk_init": [
            1535230099.453544,
            1440578379.229782,
            1647238968.9216356,
            1747143339.5534196,
            1956508264.1088092,
            1998321441.6142514,
            2137308651.6680994,
            2247250265.1587768,
            2225342552.4421506,
            2025897856.2563665,
            2450127386.363664,
            2457473295.968942,
            2431847122.814954,
            2441520320.5960636,
            2555180394.524103,
            2587983456.3543987,
            2680606925.4305086,
            2927533501.0472236,
            3013123099.1561556,
            2925375233.8003626
        ],
        "pax_init": [
            3738.4475233387943,
            3666.898288442358,
            3722.796128205199,
            3944.1515736660485,
            4424.87299562648,
            4782.619170108661,
            5046.45697378927,
            5504.819259844564,
            5589.783976284083,
            5562.953013197919,
            6054.854003110918,
            6423.7797455456675,
            6723.392166674495,
            7023.004587803322,
            7423.2331205052615,
            7959.852382228534,
            8491.999816770778,
            9091.224659028432,
            9683.741760514546,
            10030.308367044157
        ],
        "freight_init": [
            395248.9415937308,
            374446.3657203766,
            426452.80540376226,
            436854.0933404394,
            470658.27913464,
            474558.76211089396,
            504462.46492884064,
            538266.6507230413,
            518764.23584177176,
            520064.39683385636,
            624077.2762006276,
            637078.8861214741,
            629277.9201689662,
            643579.6910818972,
            664382.2669552515,
            666982.5889394208,
            691685.6477890289,
            741091.7654882453,
            764494.6633457689,
            748892.7314407532
        ],
        "energy_consumption_init": [
            103009877712.00462,
            100730888810.97343,
            101642509113.42152,
            100730888810.97343,
            107567855514.06703,
            111669961309.81633,
            113037329908.39941,
            116227939111.87872,
            114860570513.29562,
            108479352106.33704,
            114404698506.98251,
            117595307710.46182,
            118962676309.04492,
            122153285512.52422,
            125799643012.13852,
            132637104555.94453,
            139473328997.96948,
            148589532022.4505,
            155425756464.47546,
            157249244489.7279
        ],
        "total_aircraft_distance_init": [
            337807828.9634314,
            340083110.6995795,
            331632064.2510294,
            345322759.4976806,
            391634494.03573555,
            414192287.248404,
            431380415.56376296,
            454211242.5847693,
            465054585.2587552,
            453340134.72007257,
            498819766.2231933,
            525798106.8089496,
            538968737.658767,
            555688808.0169755,
            578051577.0808313,
            607227189.7432107,
            639731214.5453267,
            670727052.5966245,
            705714384.8936223,
            730677475.9416473
        ]
    },
    "climate_data": {
        "years": [
            1940.0,
            1941.0,
            1942.0,
            1943.0,
            1944.0,
            1945.0,
            1946.0,
            1947.0,
            1948.0,
            1949.0,
            1950.0,
            1951.0,
            1952.0,
            1953.0,
            1954.0,
            1955.0,
            1956.0,
            1957.0,
            1958.0,
            1959.0,
            1960.0,
            1961.0,
            1962.0,
            1963.0,
            1964.0,
            1965.0,
            1966.0,
            1967.0,
            1968.0,
            1969.0,
            1970.0,
            1971.0,
            1972.0,
            1973.0,
            1974.0,
            1975.0,
            1976.0,
            1977.0,
            1978.0,
            1979.0,
            1980.0,
            1981.0,
            1982.0,
            1983.0,
            1984.0,
            1985.0,
            1986.0,
            1987.0,
            1988.0,
            1989.0,
            1990.0,
            1991.0,
            1992.0,
            1993.0,
            1994.0,
            1995.0,
            1996.0,
            1997.0,
            1998.0,
            1999.0,
            2000.0
        ],