{
    "other_float_data": {
        "short_range_energy_share_last_historical_year": 35.91128320156048,
        "medium_range_energy_share_last_historical_year": 32.41724105043868,
        "long_range_energy_share_last_historical_year": 16.671475748000844,
        "short_range_rpk_share_last_historical_year": 38.079257806425396,
        "medium_range_rpk_share_last_historical_year": 41.17431749622395,
        "long_range_rpk_share_last_historical_year": 20.746424697350665,
        "freight_energy_share_last_historical_year": 15.0,
        "commercial_aviation_coefficient": 1
    },
    "other_vector_data": {
        "years": [
            2000,
            2001,
            2002,
            2003,
            2004,
            2005,
            2006,
            2007,
            2008,
            2009,
            2010,
            2011,
            2012,
            2013,
            2014,
            2015,
            2016,
            2017,
            2018,
            2019
        ],
        "rpk_init": [
            36375665733.43948,
            35322069202.30135,
            36232320081.27168,
            37488780049.98062,
            43215780153.25623,
            46867082521.340065,
            49875185643.14715,
            54046220785.17274,
            55188315592.79542,
            54624752819.94521,
            59041762873.87779,
            62925507941.09088,
            66291556053.98364,
            69932799078.05571,
            74112696023.13928,
            79669884819.1685,
            85558313443.01402,
            92408726715.0333,
            99141780973.58188,
            104014455360.4288
        ],
        "ask_init": [
            51329000361.039505,
            51157272988.267044,
            50853696356.48309,
            52440198612.05459,
            58884166484.35997,
            62537265163.87448,
            65785355492.81965,
            70368344722.94652,
            72602956142.70528,
            71235723635.77142,
            75529746233.7505,
            80666837663.19269,
            84059950201.64096,
            87985609202.23645,
            92967978340.44989,
            99291234084.61397,
            106567492919.79842,
            113416229634.4824,
            121245033865.74225,
            126231594397.29395
        ],
        "rtk_init": [
            1414056358.2267616,
            1326875376.7913716,
            1517224511.3951516,
            1609243558.2838242,
            1802083578.071473,
            1840596495.1451285,
            1968613623.1045127,
            2069877686.1563883,
            2049699121.0851476,
            1865996338.774862,
            2256741976.5846605,
            2263508082.9735336,
            2239904550.7744737,
            2248814255.4706182,
            2353503285.650313,
            2383717243.9142537,
            2469030061.4617424,
            2696467039.4041767,
            2775301160.3917,
            2694479121.420897
        ],
        "freight_init": [
            364052.4499499792,
            344891.79468945396,
            392793.4328407671,
            402373.7604710297,
            433509.82526938315,
            437102.4481307316,
            464645.89006773656,
            495781.9548660901,
            477818.8405593477,
            479016.3815131305,
            574819.6578157566,
            586795.0673535849,
            579609.8216308879,
            592782.7721224991,
            611943.4273830242,
            614338.50929059,
            637091.7874124636,
            682598.343656211,
            704154.0808243018,
            689783.5893789079
        ],
        "total_aircraft_distance_init": [
            311145090.61185396,
            313240787.2809739,
            305456771.0813855,
            318066877.32471865,
            360723286.098463,
            381500621.646595,
            397332113.0556039,
            418360932.2040304,
            428348423.7585792,
            417558579.7649959,
            459448562.3283192,
            484297537.1193128,
            496428626.9811328,
            511829003.64677995,
            532426708.05184454,
            559299527.0547312,
            589238050.8993019,
            617787427.2374845,
            650013254.3037803,
            673006040.6164106
        ],
        "pax_init": [
            2478.8503000258042,
            2431.4081890205257,
            2468.4723382433995,
            2615.24636916598,
            2933.998052482695,
            3171.208607509088,
            3346.151391841053,
            3650.0774154686183,
            3706.4149222873866,
            3688.6241306604074,
            4014.7886438216974,
            4259.412028692665,
            4458.0758685272685,
            4656.7397083618725,
            4922.119016797649,
            5277.934849337239,
            5630.785549938998,
            6028.113229608206,
            6420.993211370669,
            6650.7909365524865
        ],
        "energy_consumption_init": [
            96343409963.50201,
            94211909889.22581,
            95064533059.74701,
            94211909889.22581,
            100606410112.05441,
            104443040823.31943,
            105721917727.07445,
            108706040971.87184,
            107427164068.11682,
            101458917578.52205,
            107000794630.82945,
            109984917875.62683,
            111263794779.38185,
            114247918024.17924,
            117658295002.21043,
            124053258041.25319,
            130447064039.76053,
            138973295744.9724,
            145367101743.47974,
            147072579492.6292
        ]
    },
    "climate_data": {
        "years": [
            1940.0,
            1941.0,
            1942.0,
            1943.0,
            1944.0,
            1945.0,
            1946.0,
            1947.0,
            1948.0,
            1949.0,
            1950.0,
            1951.0,
            1952.0,
            1953.0,
            1954.0,
            1955.0,
            1956.0,
            1957.0,
            1958.0,
            1959.0,
            1960.0,
            1961.0,
            1962.0,
            1963.0,
            1964.0,
            1965.0,
            1966.0,
            1967.0,
            1968.0,
            1969.0,
            1970.0,
            1971.0,
            1972.0,
            1973.0,
            1974.0,
            1975.0,
            1976.0,
            1977.0,
            1978.0,
            1979.0,
            1980.0,
            1981.0,
            1982.0,
            1983.0,
            1984.0,
            1985.0,
            1986.0,
            1987.0,
            1988.0,
            1989.0,
            1990.0,
            1991.0,
            1992.0,
            1993.0,
            1994.0,
            1995.0,
            1996.0,
            1997.0,
            1998.0,
            1999.0,
            2000.0
        ],