{
    "other_float_data": {
        "short_range_energy_share_2019": 35.91128320156048,
        "medium_range_energy_share_2019": 32.417241050438676,
        "long_range_energy_share_2019": 16.67147574800084,
        "freight_energy_share_2019": 15.0,
        "short_range_rpk_share_2019": 38.07925780642538,
        "medium_range_rpk_share_2019": 41.17431749622394,
        "long_range_rpk_share_2019": 20.74642469735066,
        "commercial_aviation_coefficient": 1
    },
    "other_vector_data": {
        "years": [
            2000,
            2001,
            2002,
            2003,
            2004,
            2005,
            2006,
            2007,
            2008,
            2009,
            2010,
            2011,
            2012,
            2013,
            2014,
            2015,
            2016,
            2017,
            2018,
            2019
        ],
        "rpk_init": [
            36375665733.43949,
            35322069202.30136,
            36232320081.27168,
            37488780049.98063,
            43215780153.25624,
            46867082521.34008,
            49875185643.147156,
            54046220785.172745,
            55188315592.79543,
            54624752819.94522,
            59041762873.8778,
            62925507941.09089,
            66291556053.983665,
            69932799078.05573,
            74112696023.1393,
            79669884819.1685,
            85558313443.01404,
            92408726715.03333,
            99141780973.5819,
            104014455360.42883
        ],
        "ask_init": [
            51329000361.03951,
            51157272988.26705,
            50853696356.48311,
            52440198612.054596,
            58884166484.35999,
            62537265163.874504,
            65785355492.81966,
            70368344722.94653,
            72602956142.70529,
            71235723635.77144,
            75529746233.75052,
            80666837663.1927,
            84059950201.64096,
            87985609202.23645,
            92967978340.4499,
            99291234084.61398,
            106567492919.79843,
            113416229634.48242,
            121245033865.74226,
            126231594397.29396
        ],
        "rtk_init": [
            1414056358.2267616,
            1326875376.7913718,
            1517224511.395152,
            1609243558.2838244,
            1802083578.0714731,
            1840596495.1451287,
            1968613623.104513,
            2069877686.1563888,
            2049699121.085148,
            1865996338.7748623,
            2256741976.584661,
            2263508082.973534,
            2239904550.7744746,
            2248814255.4706187,
            2353503285.6503134,
            2383717243.914254,
            2469030061.4617424,
            2696467039.4041767,
            2775301160.3917003,
            2694479121.4208975
        ],
        "pax_init": [
            2478.8503000258042,
            2431.4081890205257,
            2468.4723382433995,
            2615.24636916598,
            2933.998052482695,
            3171.208607509088,
            3346.151391841053,
            3650.0774154686183,
            3706.4149222873866,
            3688.6241306604074,
            4014.7886438216974,
            4259.412028692665,
            4458.0758685272685,
            4656.7397083618725,
            4922.119016797649,
            5277.934849337239,
            5630.785549938998,
            6028.113229608206,
            6420.993211370669,
            6650.7909365524865
        ],
        "freight_init": [
            364052.44994997926,
            344891.7946894541,
            392793.43284076714,
            402373.76047102973,
            433509.8252693832,
            437102.44813073165,
            464645.89006773673,
            495781.9548660902,
            477818.84055934777,
            479016.3815131306,
            574819.6578157567,
            586795.067353585,
            579609.821630888,
            592782.7721224991,
            611943.4273830244,
            614338.50929059,
            637091.7874124637,
            682598.3436562112,
            704154.080824302,
            689783.5893789082
        ],
        "energy_consumption_init": [
            96343409963.50201,
            94211909889.22581,
            95064533059.74701,
            94211909889.22581,
            100606410112.05441,
            104443040823.31943,
            105721917727.07445,
            108706040971.87184,
            107427164068.11682,
            101458917578.52205,
            107000794630.82945,
            109984917875.62683,
            111263794779.38185,
            114247918024.17924,
            117658295002.21043,
            124053258041.25319,
            130447064039.76053,
            138973295744.9724,
            145367101743.47974,
            147072579492.6292
        ],
        "total_aircraft_distance_init": [
            311145090.61185396,
            313240787.2809739,
            305456771.08138555,
            318066877.3247187,
            360723286.098463,
            381500621.64659506,
            397332113.05560404,
            418360932.20403045,
            428348423.75857925,
            417558579.76499593,
            459448562.32831925,
            484297537.1193129,
            496428626.98113286,
            511829003.6467801,
            532426708.0518447,
            559299527.0547312,
            589238050.899302,
            617787427.2374846,
            650013254.3037804,
            673006040.6164107
        ]
    },
    "climate_data": {
        "years": [
            1940.0,
            1941.0,
            1942.0,
            1943.0,
            1944.0,
            1945.0,
            1946.0,
            1947.0,
            1948.0,
            1949.0,
            1950.0,
            1951.0,
            1952.0,
            1953.0,
            1954.0,
            1955.0,
            1956.0,
            1957.0,
            1958.0,
            1959.0,
            1960.0,
            1961.0,
            1962.0,
            1963.0,
            1964.0,
            1965.0,
            1966.0,
            1967.0,
            1968.0,
            1969.0,
            1970.0,
            1971.0,
            1972.0,
            1973.0,
            1974.0,
            1975.0,
            1976.0,
            1977.0,
            1978.0,
            1979.0,
            1980.0,
            1981.0,
            1982.0,
            1983.0,
            1984.0,
            1985.0,
            1986.0,
            1987.0,
            1988.0,
            1989.0,
            1990.0,
            1991.0,
            1992.0,
            1993.0,
            1994.0,
            1995.0,
            1996.0,
            1997.0,
            1998.0,
            1999.0,
            2000.0
        ],