{
    "other_float_data": {
        "short_range_energy_share_last_historical_year": 0.2937300725034458,
        "medium_range_energy_share_last_historical_year": 6.890543050851994,
        "long_range_energy_share_last_historical_year": 77.81572687664458,
        "short_range_rpk_share_last_historical_year": 0.2384762940973166,
        "medium_range_rpk_share_last_historical_year": 9.697074911438127,
        "long_range_rpk_share_last_historical_year": 90.06444879446455,
        "freight_energy_share_last_historical_year": 15.0,
        "commercial_aviation_coefficient": 1
    },
    "other_vector_data": {
        "years": [
            2000,
            2001,
            2002,
            2003,
            2004,
            2005,
            2006,
            2007,
            2008,
            2009,
            2010,
            2011,
            2012,
            2013,
            2014,
            2015,
            2016,
            2017,
            2018,
            2019
        ],
        "rpk_init": [
            83887884860.3092,
            81458129068.59357,
            83557307719.74503,
            86454897827.3468,
            99662241681.31555,
            108082707024.5083,
            115019855891.53549,
            124638905019.22992,
            127272751459.96555,
            125973088950.78008,
            136159394090.77094,
            145115908080.44244,
            152878533199.05383,
            161275800146.41754,
            170915285956.1519,
            183731018794.81567,
            197310641667.56512,
            213108749227.15836,
            228636208835.41254,
            239873346072.18427
        ],
        "ask_init": [
            118372576431.5932,
            117976546674.2256,
            117276452228.66988,
            120935170656.56813,
            135795952556.11559,
            144220560469.9921,
            151711156780.3698,
            162280235451.54028,
            167433593382.1397,
            164280544749.03928,
            174183221882.88193,
            186030145524.30334,
            193855185374.5501,
            202908359346.84274,
            214398469566.70282,
            228980870716.30148,
            245761043699.32516,
            261555284859.61356,
            279609712584.9623,
            291109488803.0845
        ],
        "rtk_init": [
            3261031642.257134,
            3059978878.4052367,
            3498953285.194508,
            3711163372.754669,
            4155882144.225423,
            4244698859.6852717,
            4539926063.748015,
            4773456581.760603,
            4726921704.413013,
            4303274809.153661,
            5204394401.423376,
            5219998084.3322115,
            5165564705.547585,
            5186111856.139042,
            5427540875.588668,
            5497218914.489538,
            5693963404.830322,
            6218468087.670324,
            6400271706.411676,
            6213883642.780295
        ],
        "freight_init": [
            839560.9919090181,
            795373.5712822276,
            905842.1228492038,
            927935.8331625989,
            999740.3916811333,
            1008025.5330486565,
            1071544.9501996678,
            1143349.5087182024,
            1101923.8018805862,
            1104685.5156697608,
            1325622.6188037128,
            1353239.7566954568,
            1336669.4739604103,
            1367048.3256413287,
            1411235.7462681192,
            1416759.173846468,
            1469231.7358407816,
            1574176.8598294088,
            1623887.7080345482,
            1590747.1425644553
        ],
        "total_aircraft_distance_init": [
            717548476.703293,
            722381475.8343483,
            704430336.2047147,
            733511182.404721,
            831883427.5751132,
            879799161.8172891,
            916309018.1101747,
            964804712.2480773,
            987837405.2497917,
            962954364.0093304,
            1059559112.3546509,
            1116864673.4800198,
            1144840834.1643565,
            1180356473.4931393,
            1227857950.666939,
            1289830808.0960126,
            1358873652.8253727,
            1424712909.5592904,
            1499030627.6259735,
            1552055532.3781219
        ],
        "pax_init": [
            1510.1447300502318,
            1481.2424385660167,
            1503.82235378806,
            1593.2388180673497,
            1787.4260889769191,
            1931.9375463979939,
            2038.5147462460366,
            2223.670051066789,
            2257.9915222042937,
            2247.153162897713,
            2445.8564168516914,
            2594.8838573171747,
            2715.9122029073246,
            2836.940548497475,
            2998.612741487302,
            3215.3799276189147,
            3430.3407205327635,
            3672.3974117130633,
            3911.744513066719,
            4051.739987443385
        ],
        "energy_consumption_init": [
            228714267055.86316,
            223654196238.33362,
            225678279500.43195,
            223654196238.33362,
            238834408690.92215,
            247942371357.2158,
            250978358912.647,
            258062512992.27478,
            255026525436.8436,
            240858217277.58798,
            254014346468.07816,
            261098500547.70596,
            264134488103.13718,
            271218642182.765,
            279314700555.7257,
            294496011710.0442,
            309674576110.0377,
            329915408731.02075,
            345093973131.0143,
            349142689006.0759
        ]
    },
    "climate_data": {
        "years": [
            1940.0,
            1941.0,
            1942.0,
            1943.0,
            1944.0,
            1945.0,
            1946.0,
            1947.0,
            1948.0,
            1949.0,
            1950.0,
            1951.0,
            1952.0,
            1953.0,
            1954.0,
            1955.0,
            1956.0,
            1957.0,
            1958.0,
            1959.0,
            1960.0,
            1961.0,
            1962.0,
            1963.0,
            1964.0,
            1965.0,
            1966.0,
            1967.0,
            1968.0,
            1969.0,
            1970.0,
            1971.0,
            1972.0,
            1973.0,
            1974.0,
            1975.0,
            1976.0,
            1977.0,
            1978.0,
            1979.0,
            1980.0,
            1981.0,
            1982.0,
            1983.0,
            1984.0,
            1985.0,
            1986.0,
            1987.0,
            1988.0,
            1989.0,
            1990.0,
            1991.0,
            1992.0,
            1993.0,
            1994.0,
            1995.0,
            1996.0,
            1997.0,
            1998.0,
            1999.0,
            2000.0
        ],