{
    "rpk_init": [
        476139331930.49054,
        462348278534.065,
        474263322302.7522,
        490708659708.74445,
        565672549773.2976,
        613467218185.3292,
        652841161563.7623,
        707437462141.335,
        722386913862.375,
        715011255355.1914,
        772827244916.1987,
        823663061622.6614,
        867723580523.3306,
        915384852863.0691,
        970097463529.5272,
        1042839235238.2299,
        1119915360407.5437,
        1209584482356.9055,
        1297716806312.4216,
        1361496901347.7095
    ],
    "ask_init": [
        671871028276.4182,
        669623202569.3855,
        665648752025.3258,
        686415745968.4792,
        770763916479.5409,
        818581157199.9276,
        861096883747.542,
        921085771492.0142,
        950336034573.1669,
        932440583107.4982,
        988647041681.0708,
        1055888851006.0457,
        1100302845985.4707,
        1151687608690.959,
        1216903710093.2014,
        1299671975771.5444,
        1394915674123.9194,
        1484561753508.5022,
        1587030158055.936,
        1652315857408.9397
    ],
    "rtk_init": [
        18509292851.215405,
        17368137262.149956,
        19859712548.989967,
        21064196003.162895,
        23588375735.40478,
        24092490622.002926,
        25768171013.089413,
        27093667120.38851,
        26829539762.205093,
        24424961913.817184,
        29539627534.094173,
        29628192493.959835,
        29319234023.348843,
        29435857616.51707,
        30806184836.24374,
        31201670488.882767,
        32318372743.896816,
        35295409412.51371,
        36327308759.05463,
        35269388557.04875
    ],
    "pax_init": [
        27843.388788422788,
        27310.50096472092,
        27726.819576988008,
        29375.44128156567,
        32955.78134706262,
        35620.220465571976,
        37585.244315472635,
        40999.05693606275,
        41631.861226708716,
        41432.02829282051,
        45095.63208077088,
        47843.334921733665,
        50074.80268348524,
        52306.270445236834,
        55287.111709069184,
        59283.77038683321,
        63247.123575615886,
        67710.05909911905,
        72123.03638915018,
        74704.21178520612
    ],
    "freight_init": [
        4765265.097196378,
        4514461.671028147,
        5141470.236448723,
        5266871.949532839,
        5674427.517056213,
        5721453.159462756,
        6081983.084579587,
        6489538.652102961,
        6254410.440070245,
        6270085.65420576,
        7524102.785046913,
        7680854.926402057,
        7586803.641588969,
        7759230.997079628,
        8010034.423247858,
        8041384.851518887,
        8339213.92009366,
        8934872.057243207,
        9217025.911682468,
        9028923.342056295
    ],
    "energy_consumption_init": [
        1262777240733.9705,
        1234839691160.21,
        1246014710989.714,
        1234839691160.21,
        1318652339881.4912,
        1368939929114.26,
        1385702458858.5164,
        1424815028261.781,
        1408052498517.5247,
        1329827359710.9954,
        1402464988602.7725,
        1441577558006.037,
        1458340087750.2935,
        1497452657153.5579,
        1542152736471.5747,
        1625965385192.8557,
        1709778033914.1372,
        1821528232209.1787,
        1905340880930.46,
        1927690920589.468
    ],
    "total_aircraft_distance_init": [
        4072734136.689351,
        4100165761.4265013,
        3998276869.545658,
        4163336874.3926244,
        4721688001.899648,
        4993652967.150822,
        5200879298.022323,
        5476136058.241956,
        5606867344.132146,
        5465633664.771161,
        6013952655.231455,
        6339213348.543379,
        6498003267.736139,
        6699586521.518855,
        6969200204.649702,
        7320952009.850646,
        7712832363.238506,
        8086529468.229169,
        8508349480.615862,
        8809313592.017738
    ],
    "short_range_energy_share_2019": 25.832954245116106,
    "medium_range_energy_share_2019": 21.321084899875796,
    "long_range_energy_share_2019": 37.84596085500812,
    "freight_energy_share_2019": 15.0,
    "short_range_rpk_share_2019": 27.380608351307966,
    "medium_range_rpk_share_2019": 28.859963797638244,
    "long_range_rpk_share_2019": 43.759427851053786,
    "commercial_aviation_coefficient": 1,
    "historic_start_year": 2000,
    "prospection_start_year": 2020,
    "cagr_passenger_short_range_reference_periods": [],
    "cagr_passenger_short_range_reference_periods_values": [
        2.2
    ],
    "cagr_passenger_medium_range_reference_periods": [],
    "cagr_passenger_medium_range_reference_periods_values": [
        2.2
    ],
    "cagr_passenger_long_range_reference_periods": [],
    "cagr_passenger_long_range_reference_periods_values": [
        2.2
    ],
    "cagr_freight_reference_periods": [],
    "cagr_freight_reference_periods_values": [
        2.2
    ],
    "energy_per_ask_short_range_dropin_fuel_gain_reference_years": [],
    "energy_per_ask_short_range_dropin_fuel_gain_reference_years_values": [
        1.35
    ],
    "energy_per_ask_medium_range_dropin_fuel_gain_reference_years": [],
    "energy_per_ask_medium_range_dropin_fuel_gain_reference_years_values": [
        1.35
    ],
    "energy_per_ask_long_range_dropin_fuel_gain_reference_years": [],
    "energy_per_ask_long_range_dropin_fuel_gain_reference_years_values": [
        1.35
    ],
    "load_factor_end_year": 89.0,
    "operations_final_gain": 8.0,
    "operations_start_year": 2025,
    "operations_duration": 25.0,
    "biofuel_share_reference_years": [
        2030,
        2035,
        2040,
        2045,
        2050
    ],
    "electrofuel_share_reference_years": [
        2030,
        2035,
        2040,
        2045,
        2050
    ],
    "biofuel_hefa_fog_share_reference_years": [],
    "biofuel_hefa_fog_share_reference_years_values": [
        0.6
    ],
    "biofuel_hefa_others_share_reference_years": [],
    "biofuel_hefa_others_share_reference_years_values": [
        12.5
    ],
    "biofuel_ft_others_share_reference_years": [],
    "biofuel_ft_others_share_reference_years_values": [
        68.9
    ],
    "biofuel_ft_msw_share_reference_years": [],
    "biofuel_ft_msw_share_reference_years_values": [
        6.6
    ],
    "biofuel_hefa_fog_mfsp_simple_reference_years": [],
    "biofuel_hefa_fog_mfsp_simple_reference_years_values": [
        0.815488
    ],
    "biofuel_hefa_others_mfsp_simple_reference_years": [],
    "biofuel_hefa_others_mfsp_simple_reference_years_values": [
        1.052703
    ],
    "biofuel_ft_others_mfsp_simple_reference_years": [],
    "biofuel_ft_others_mfsp_simple_reference_years_values": [
        1.378082
    ],
    "biofuel_ft_msw_mfsp_simple_reference_years": [],
    "biofuel_ft_msw_mfsp_simple_reference_years_values": [
        1.142423
    ],
    "biofuel_atj_mfsp_simple_reference_years": [],
    "biofuel_atj_mfsp_simple_reference_years_values": [
        1.38668
    ],
    "electrofuel_mfsp_simple_reference_years": [
        2020,
        2021,
        2022,
        2023,
        2024,
        2025,
        2026,
        2027,
        2028,
        2029,
        2030,
        2031,
        2032,
        2033,
        2034,
        2035,
        2036,
        2037,
        2038,
        2039,
        2040,
        2041,
        2042,
        2043,
        2044,
        2045,
        2046,
        2047,
        2048,
        2049,
        2050
    ],